[{"Name":"Sportshop Bittner","Address":"Weißestr. 26","City":"Leipzig","Province/State":"Sachsen","Country":"DE","Postal/Zip Code":4299,"Phone":"+49 (0)341 59097850","Email":" steffen@sportshop-bittner.de","Website":"https://sportshop-bittner.de/","Hours":"Open:\nMonday - Friday 10:00 - 18:00\nThursday 10:00 - 19:00\nSaturday 09:00 - 13:00\n\n(+49)34159097850\n------------------------------------------------","Dealer (Y/N)":"Y","Rental Station (Y/N)":"N","Service Center (Y/N)":"N"},{"Name":"Hepha Factory","Address":"Lise-Meitner-Str. 7a","City":"Maisach","Province/State":"Bayern","Country":"DE","Postal/Zip Code":82216,"Phone":"+49 (0) 8142 2844480","Email":"service@hepha.com","Website":"https://hepha.com/","Hours":"Service time:  Mo.-Fr.: 09:00-15:00\n------------------------------------------------\nThis is our factory. No access without booking\n","Dealer (Y/N)":"N","Rental Station (Y/N)":"N","Service Center (Y/N)":"N"},{"Name":"Haslinger Hof - Fahrradverleih Arwin Krämer","Address":"Ed 1","City":"Kirchham ","Province/State":"Bayern","Country":"DE","Postal/Zip Code":94148,"Phone":" +49 8531 2954941","Email":"info@haslinger-hof.de","Dealer (Y/N)":"N","Rental Station (Y/N)":"Y","Service Center (Y/N)":"N"},{"Name":" HANN-BIKES","Address":"Roseneck 1","City":"Hüllhorst","Province/State":"Nordrhein-Westfalen","Country":"DE","Postal/Zip Code":32609,"Phone":"+49 57412506301","Email":"service@e-bike-schrauber.de","Dealer (Y/N)":"Y","Rental Station (Y/N)":"N","Service Center (Y/N)":"N"},{"Name":"Radl-ladl","Address":"Frabertshamerstr.9a","City":"Amerang","Province/State":"Bayern","Country":"DE","Postal/Zip Code":83123,"Phone":"08075 1698","Email":" service@radl-ladl.de","Website":"https://www.radl-ladl.de/","Hours":"Montag, Dienstag, Donnerstag & Freitag: 9:00 - 12.00 Uhr & 13:00 - 18:00 Uhr\nMittwoch & Samstag: 9:00 - 12:00 Uhr","Dealer (Y/N)":"Y","Rental Station (Y/N)":"N","Service Center (Y/N)":"N"},{"Name":"Switchbike Bornemann OHG","Address":"Katharinengasse 14","City":"Gießen","Province/State":"Hessen","Country":"DE","Postal/Zip Code":35390,"Phone":"+49 (0)641-34393","Email":"info@switchbike.de","Website":"https://www.switchbike.de/","Hours":"Montag, Dienstag, Mittwoch & Freitag: 10:00 - 18:00 Uhr\nDonnerstag: geschlossen\nSamstag: 10:00 - 16:00 Uhr","Dealer (Y/N)":"Y","Rental Station (Y/N)":"N","Service Center (Y/N)":"N"},{"Name":"Pott GmbH","Address":"Heideweg, 12","City":"Bad Laer","Country":"DE","Postal/Zip Code":49196,"Phone":"+49 (0)05424 - 22 170","Email":"info@pott-gmbh.de","Dealer (Y/N)":"Y","Rental Station (Y/N)":"N","Service Center (Y/N)":"N"},{"Name":"Fahrwerk Timmer Lingen","Address":"Meppener Str. 104","City":"Lingen","Country":"DE","Postal/Zip Code":49808,"Phone":"+49 (0)591 32 17 44-23","Email":"lingen@fahrwerk.me","Website":"https://fahrwerk.me/","Hours":"Montag - Freitag: 9:30 - 13:00 Uhr & 14:00 - 18:30 Uhr\nSamstag: 9:30 - 14:00 Uhr\n","Dealer (Y/N)":"Y","Rental Station (Y/N)":"N","Service Center (Y/N)":"N"},{"Name":"Mr.Bike","Address":"Rechenauerstraße 20B","City":"Rosenheim","Country":"DE","Postal/Zip Code":83022,"Phone":"+49 (0)173 1588506","Email":"info@mr-bike.com","Dealer (Y/N)":"Y","Rental Station (Y/N)":"N","Service Center (Y/N)":"N"},{"Name":"Schnellrad by Zweirad Schnell UG","Address":"Koblenzer Str. 38a","City":"Hachenburg","Country":"DE","Postal/Zip Code":57627,"Phone":"+49 (0)2662/9319770","Email":"info@schnellrad.de","Hours":"Montag, Dienstag, Donnerstag & Freitag: 13.00 - 18:30 Uhr\nSamstag: 9:00 - 13:00 Uhr","Dealer (Y/N)":"Y","Rental Station (Y/N)":"N","Service Center (Y/N)":"N"},{"Name":"Hupfer GmbH","Address":"Bundesstr. 14","City":"Lauchringen ","Country":"DE","Phone":"+49 (0)7741/3289","Email":"afathi@hupfer-fahrradladen.de","Dealer (Y/N)":"Y","Rental Station (Y/N)":"N","Service Center (Y/N)":"N"},{"Name":"Zwoo GmbH/Fahrradladen Essen","Address":"Huyssenallee 95","City":"Essen","Province/State":"North Rhine-Westphalia","Country":"DE","Postal/Zip Code":45128,"Phone":"+49 (0)201/36036960","Email":"info@fahrradladen-essen.de","Website":"https://fahrradladen-essen.de","Hours":"\"Montag - Freitag: 10:00 - 18:00 Uhr\nSamstag: 10:00 - 16:00 Uhr\"\n","Dealer (Y/N)":"Y","Rental Station (Y/N)":"N","Service Center (Y/N)":"N"},{"Name":"Bikes for friends GmbH","Address":"Dorfstraße. 20","City":"Geiersthal","Country":"DE","Postal/Zip Code":94244,"Phone":"+49 (0)1707475196","Email":"bikesforfriends@posteo.de","Dealer (Y/N)":"Y","Rental Station (Y/N)":"N","Service Center (Y/N)":"N"},{"Name":"OLEK'S RADSPORT GMBH","Address":"Mathildenstrasse 54","City":"Einhausen","Country":"DE","Postal/Zip Code":64683,"Phone":"+49 (0)625/153039","Email":"info@oleks-radsport.de","Website":"https://www.oleks-radsport.de/","Hours":"Montag, Dienstag, Donnerstag & Freitag: 9:00 - 12:30 Uhr & 14:30 Uhr - 18:00 Uhr\nMittwoch: 9:00 - 12:30 Uhr\nSamstag: 9:00 - 13:00 Uhr","Dealer (Y/N)":"Y","Rental Station (Y/N)":"N","Service Center (Y/N)":"N"},{"Name":"Total Normal Bikes GmbH","Address":"Kaiserstraße 331","City":"Sankt Ingbert","Province/State":"Saarland","Country":"DE","Postal/Zip Code":66386,"Phone":"+49 (0) 6894 - 87530","Email":"info@total-normal.com","Website":"https://total-normal.com/","Hours":"Montag, Mittwoch & Donnerstag: 13:30 – 18:00 Uhr\nDienstag & Freitag: 10:00 – 12:00 & 13:30 – 18:00 Uhr\nSamstag: 9:30 – 13:00 Uhr","Dealer (Y/N)":"Y","Rental Station (Y/N)":"N","Service Center (Y/N)":"N"},{"Name":"ebike-saar GmbH","Address":"Mainzer Straße 269","City":"Saarbrücken","Country":"DE","Postal/Zip Code":66121,"Phone":"0681 96868911","Email":"info@ebike-saar.com","Website":"https://www.ebike-saar.com/","Hours":"Montag - Freitag: 14:00 - 18:00 Uhr\nSamstag: 10:00 - 14:00 Uhr\n","Dealer (Y/N)":"Y","Rental Station (Y/N)":"N","Service Center (Y/N)":"N"},{"Name":"Pulssport Blieskastel","Address":"Von-der-Leyen-Straße 7","City":"Blieskastel","Country":"DE","Postal/Zip Code":66440,"Phone":"+49 6842 946533","Email":"info@puls-sport.de","Website":"https://www.puls-sport.com/","Hours":"Montag, Dienstag, Donnerstag & Freitag: 13:00 - 18:00 Uhr\nSamstag: 9:00 - 12:00 Uhr","Dealer (Y/N)":"Y","Rental Station (Y/N)":"N","Service Center (Y/N)":"N"},{"Name":"Zweirad Service Dorfrad","Address":"Grünstrasse 1","City":"Kabelsketal-Naundorf","Country":"DE","Postal/Zip Code":6184,"Phone":"+49 179 2938403","Email":"enrico-hartmann@web.de","Website":"https://www.dorfrad.de","Hours":"Montag - Freitag: 12.00 - 19:00 Uhr \nund nach Vereinbarung","Dealer (Y/N)":"Y","Rental Station (Y/N)":"N","Service Center (Y/N)":"Y"},{"Name":"Karls Bike Shop","Address":"Kaigartenallee 12","City":"Waghäusel","Country":"DE","Postal/Zip Code":68753,"Phone":"+49 (0)72549583180","Email":"info@karls-bike-shop.de","Dealer (Y/N)":"Y","Rental Station (Y/N)":"N","Service Center (Y/N)":"N"},{"Name":"Vineyard-bikes","Address":"Weinberggasse 25","City":"Balzheim","Country":"DE","Postal/Zip Code":88481,"Phone":"+49 7347 920698","Email":"vineyard-bikes@t-online.de","Website":"http://vineyard-bikes.de ","Dealer (Y/N)":"Y","Rental Station (Y/N)":"N","Service Center (Y/N)":"Y"},{"Name":"Matti's Bike Shop","Address":"Bahnhofstraße 62","City":"Bönen","Country":"DE","Postal/Zip Code":59199,"Phone":4923839535500,"Email":"info@mattis-bike-shop.de","Website":"https://mattis-bike-shop.de","Hours":"\"Montag: geschlossen\nDienstag & Donnerstag: 10:00 - 18:00 Uhr\nMittwoch & Freitag: 08:00 - 16:00 Uhr\nSamstag: 09:00 - 13:00 Uhr\"","Dealer (Y/N)":"Y","Rental Station (Y/N)":"N","Service Center (Y/N)":"N"},{"Name":"Otto Achilles 2-Radgeschäft","Address":"Bahnhofstr. 30","City":"Winsen","Country":"DE","Postal/Zip Code":29308,"Phone":4951432265,"Email":"ottoachilles@dg-email.de","Hours":"Montag, Mittwoch & Freitag: 10:00 - 12:30 Uhr & 14:30 - 18:00 Uhr\nDienstag & Donnerstag: 14:30 - 18:00 Uhr\nSamstag: 10:00 . 13:00 Uhr\"","Dealer (Y/N)":"Y","Rental Station (Y/N)":"N","Service Center (Y/N)":"Y"},{"Name":"Bavarian Finest E-Bikes","Address":"Fischerei 43","City":"Dießen","Country":"DE","Postal/Zip Code":86911,"Phone":"+49 8807 4391051","Email":"info@bavarian-finest-e.bike","Website":"http://www.bavarian-finest-e.bike","Dealer (Y/N)":"Y","Rental Station (Y/N)":"N","Service Center (Y/N)":"N"},{"Name":"Location Vélo Dunkerque","Address":"1 bis Digue de Mer","City":"Dunkerque","Country":"FR","Postal/Zip Code":59140,"Phone":"+33(0）659346353","Email":"lvdknord@gmail.com","Website":"https://www.location-velo-dunkerque.fr","Dealer (Y/N)":"Y","Rental Station (Y/N)":"N","Service Center (Y/N)":"N"},{"Name":"We Like Bikes","Address":"Münchener Strasse 23","City":"Haar","Country":"DE","Postal/Zip Code":85540,"Phone":8920072791,"Email":"info@welikebikes.de","Dealer (Y/N)":"Y","Rental Station (Y/N)":"N","Service Center (Y/N)":"N"},{"Name":"Reyhle GmbH & Co. KG ","Address":"Lichtensteinstraße 2","City":"Dornstadt","Country":"DE","Postal/Zip Code":89160,"Phone":"07348 9673232","Email":"info@radsport-reyhle.de","Website":"http://radsport-Reyhle.de","Hours":"Winter-Öffnungszeiten ab 14.10.2024:\nMontag - Freitag: 10:00 - 18:00 Uhr\nSamstag: 9:00 - 14:00 Uhr\"","Dealer (Y/N)":"Y","Rental Station (Y/N)":"N","Service Center (Y/N)":"N"},{"Name":"cap.velo.creuse","Address":"2 Place du 19 Mars 1962","City":"Champsanglard","Country":"FR","Postal/Zip Code":23220,"Phone":641350368,"Email":"cap.velo.creuse@gmail.com","Dealer (Y/N)":"Y","Rental Station (Y/N)":"N","Service Center (Y/N)":"N"},{"Name":"Miriquidi Bike Store GmbH","Address":"Lohngasse  3","City":"Wolkenstein","Country":"DE","Postal/Zip Code":"09429","Phone":"+49(0)37369-274601","Email":"miriquidi.wolkenstein@gmail.com","Website":"https://miriquidi-bikestore.de","Hours":"Montag, Mittwoch & Freitag: 09:00–12:00 & 13:00–16:00 Uhr\nDienstag & Donnerstag: 09:00–12:00 & 13:00–18:00 Uhr\nSamstag nach Vereinbarung","Dealer (Y/N)":"Y","Rental Station (Y/N)":"N","Service Center (Y/N)":"Y"},{"Name":"Paddock shop","Address":10,"City":"Vesoul","Country":"FR","Postal/Zip Code":70000,"Phone":"+33 0685107074","Email":"contact@paddockshop.fr","Dealer (Y/N)":"Y","Rental Station (Y/N)":"N","Service Center (Y/N)":"Y"},{"Name":"ATV CYCLES","Address":"ROUTE DES TROIS VILLAGES","City":"PLATEAU DES PETITES ROCHES","Country":"FR","Postal/Zip Code":38660,"Phone":"+33 4 58 00 59 32","Email":"contact@atv-cycles.fr","Dealer (Y/N)":"Y","Rental Station (Y/N)":"N","Service Center (Y/N)":"Y"},{"Name":"Les Hauts Vélos","Address":"rue Sainte-Cécile","City":"Paris","Country":"FR","Postal/Zip Code":75009,"Phone":"+33 9 73 88 90 96","Email":"contact@lhv.store","Website":"http://www.leshautsvelos.fr","Dealer (Y/N)":"N","Rental Station (Y/N)":"N","Service Center (Y/N)":"Y"},{"Name":"BauerBikes E-Bike Store Graz","Address":"Puntigamer Straße 124","City":"Graz","Country":"AT","Postal/Zip Code":8055,"Phone":"+43 316 292 671","Email":"info.graz@bauerbikes.com","Website":"http://www.bauerbikes.com","Hours":"Montag - Freitag: 10:00 - 13:00 Uhr & 14:00 - 17:00 Uhr\nSamstag: 10:00 - 13:00 Uhr","Dealer (Y/N)":"Y","Rental Station (Y/N)":"N","Service Center (Y/N)":"Y"},{"Name":"BauerBikes E-Bike Store St. Margarethen/Raab","Address":"St. Margarethen 10b","City":"St. Margarethen/Raab","Country":"AT","Postal/Zip Code":8323,"Phone":"+43 311 594 171","Email":"info.gleisdorf@bauerbikes.com","Website":"http://www.bauerbikes.com","Hours":"Montag, Donnerstag & Freitag: 14:00 - 17:00 Uhr\nSamstag: 10:00 - 13:00 Uhr\n","Dealer (Y/N)":"Y","Rental Station (Y/N)":"N","Service Center (Y/N)":"Y"},{"Name":"Arndt Fahrradhandel","Address":"An der Bärenhecke 33","City":"Nennslingen","Country":"DE","Postal/Zip Code":91790,"Phone":"+49 91477599005","Email":"arndt-fahrradladen@gmx.de","Dealer (Y/N)":"Y","Rental Station (Y/N)":"N","Service Center (Y/N)":"N"},{"Name":"Pfalz-Bikes e. K.","Address":"Flörsheimer Ring 5a","City":"Trippstadt","Province/State":"Rheinland-Pfalz","Country":"DE","Postal/Zip Code":67705,"Phone":"06306 701948","Email":"info@pfalz-bikes.de","Website":"https://pfalz-bikes.de/","Hours":"Montag: 08:00–12:00 / 13:00–17:00\nDienstag: 08:00–12:00 / 13:00–17:00\nMittwoch: 08:00–12:00 / 13:00–17:00\nDonnerstag: 08:00–12:00 / 13:00–17:00\nFreitag: 08:00–12:00 / 13:00–17:00\nSamstag: Geschlossen\nSonntag: Geschlossen","Dealer (Y/N)":"Y","Rental Station (Y/N)":"N","Service Center (Y/N)":"N"},{"Name":"Olek's Radsport","Address":"Hafenstraße 3","City":"Raunheim","Province/State":"Hessen","Country":"DE","Postal/Zip Code":65479,"Phone":"+49 (0)6142 833 869 1","Email":" info@biketeam-raunheim.de","Website":"https://www.oleks-radsport.de/","Hours":"Montag: geschlossen\nDienstag - Freitag: 10:00 - 13:00 Uhr & 14:30 - 19:00 Uhr\nSamstag: 10:00 - 16:00 Uhr","Dealer (Y/N)":"Y","Rental Station (Y/N)":"N","Service Center (Y/N)":"N"},{"Name":"VELOLAND FUNCYCLES","Address":"13 AVENUE DE BEL AIR // ZC DE LA CLAIRCIERE","City":"SAINT PIERRE D'OLERON","Province/State":"Poitou-Charentes","Country":"FR","Postal/Zip Code":17310,"Phone":"546369197 / 23911875","Email":"funcyclesio@gmail.com","Website":"https://www.veloland-funcycles.fr/","Dealer (Y/N)":"Y","Rental Station (Y/N)":"N","Service Center (Y/N)":"N"},{"Name":"Citibike Bordeaux","Address":"avenue descartes 32","City":"St médard en jalles","Province/State":"Aquitaine","Country":"FR","Postal/Zip Code":33160,"Phone":"985020687 / 49915034","Email":"bordeaux@citibike.fr","Dealer (Y/N)":"Y","Rental Station (Y/N)":"N","Service Center (Y/N)":"N"},{"Name":"LES VELOS DE LEON","Address":"RUE DUQUESNE 5","City":"DIEPPE","Province/State":"Haute-Normandie","Country":"FR","Postal/Zip Code":76200,"Phone":235828490,"Email":"lesvelosdeleon@gmail.com","Website":"https://lesvelosdeleon.fr/","Dealer (Y/N)":"Y","Rental Station (Y/N)":"N","Service Center (Y/N)":"N"},{"Name":"ARMOR CYCLES","Address":"ZA DE LANJOUAN","City":"LAMBALLE","Province/State":"Bretagne","Country":"FR","Postal/Zip Code":22400,"Phone":"296310423 / 84498525","Email":"serviceclient@armorcycles.fr","Dealer (Y/N)":"Y","Rental Station (Y/N)":"N","Service Center (Y/N)":"N"},{"Name":"CITIBIKE LE HAVRE","Address":"RUE JULES SIEGFRIED 9","City":"LE HAVRE","Province/State":"Haute-Normandie","Country":"FR","Postal/Zip Code":76600,"Phone":954709102,"Email":"lehavre@citibike.fr","Dealer (Y/N)":"Y","Rental Station (Y/N)":"N","Service Center (Y/N)":"N"},{"Name":"CITIBIKE CHERBOURG","Address":"Rue Albert Mahieu 11","City":"CHERBOURG EN COTENTIN","Province/State":"Basse Normandie","Country":"FR","Postal/Zip Code":50100,"Phone":950737004,"Email":"cherbourg@citibike.fr","Dealer (Y/N)":"Y","Rental Station (Y/N)":"N","Service Center (Y/N)":"N"},{"Name":"CITIBIKE CAEN","Address":"Rue de Bernières 1","City":"CAEN","Province/State":"Basse Normandie","Country":"FR","Postal/Zip Code":14000,"Phone":952312014,"Email":"caen@citibike.fr","Website":"http://www.citibike.fr","Dealer (Y/N)":"Y","Rental Station (Y/N)":"N","Service Center (Y/N)":"N"},{"Name":"FG BIKE STORE","Address":"QUAI DE BREST 11","City":"REDON","Province/State":"Bretagne","Country":"FR","Postal/Zip Code":35600,"Phone":"299722238 / 86743001","Email":"fg.bikestore@gmail.com","Website":"http://fgbikestore.fr","Dealer (Y/N)":"Y","Rental Station (Y/N)":"N","Service Center (Y/N)":"N"},{"Name":"VELOVOLT","Address":"AVENUE DU COMMANDANT LYSIACK 8","City":"AYTRE","Province/State":"Poitou-Charentes","Country":"FR","Postal/Zip Code":17440,"Phone":546561378,"Email":"larochelle@velovolt.fr","Dealer (Y/N)":"Y","Rental Station (Y/N)":"N","Service Center (Y/N)":"N"},{"Name":"Citibike Biganos","Address":"ZAC de la cassadotte en face de la cour des materiaux de Leroy Merlin","City":"Biganos","Province/State":"Aquitaine","Country":"FR","Postal/Zip Code":33180,"Phone":"985235882 / 85935026","Email":"biganos@citibike.fr","Dealer (Y/N)":"Y","Rental Station (Y/N)":"N","Service Center (Y/N)":"N"},{"Name":"Citibike Anglet","Address":"21 r Loustalot","City":"Anglet","Province/State":"Aquitaine","Country":"FR","Postal/Zip Code":64600,"Phone":"05 59 20 81 11","Website":"http://www.citibike.fr","Dealer (Y/N)":"Y","Rental Station (Y/N)":"N","Service Center (Y/N)":"N"},{"Name":"Fahrwerk Bocholt","Address":"An der Königsmühle 16","City":"Bocholt","Country":"DE","Postal/Zip Code":46395,"Phone":"028713543540","Email":"bocholt@fahrwerk.me","Website":"http://www.fahrwerk.me","Hours":"Montag - Freitag: 9:30 - 13:00 Uhr & 14:00 - 18:30 Uhr\nSamstag: 9:30 - 14:00 Uhr","Dealer (Y/N)":"Y","Rental Station (Y/N)":"N","Service Center (Y/N)":"N"},{"Name":"Fahrwerk Stadtlohn","Address":"Gutenbergstr. 13 ","City":"Stadtlohn","Country":"DE","Postal/Zip Code":48703,"Phone":"+49 25636261","Email":"stadtlohn@fahrwerk.me","Website":"http://www.fahrwerk.me","Hours":"Montag - Freitag: 9:30 - 13:00 Uhr & 14:00 - 18:30 Uhr\nSamstag: 9:30 - 14:00 Uhr","Dealer (Y/N)":"Y","Rental Station (Y/N)":"N","Service Center (Y/N)":"N"},{"Name":"Cycles Clemer","Address":"18 rue Bernard Palissy","City":"Beauvais","Country":"FR","Postal/Zip Code":60000,"Phone":"+33 3 44 45 54 73","Email":"cyclesclemer@outlook.com","Website":"http://www.cyclesclemer.fr","Hours":"Monday: 14h30-19h00\nTuesday: 9h30-13h00// 14h00-19h00\nWednesday: 9h30-13h00// 14h00-19h00\nThursday: 9h30-13h00// 14h00-19h00\nFriday: 9h30-13h00// 14h00-19h00\nSaturday: 9h30-13h00// 14h00-19h00","Dealer (Y/N)":"Y","Rental Station (Y/N)":"N","Service Center (Y/N)":"Y"},{"Name":"Cycles Passion","Address":"18 PLACE LOUIS LUMIERE","City":"Boulogne Sur Mer","Country":"FR","Postal/Zip Code":62200,"Phone":"+33 3 21 31 34 41 ","Email":"cyclespassion.bike@gmail.com ","Website":"http:// www.cyclespassion.bike ","Hours":"Monday: closed\nTuesday:  9h00-12h00 // 14h00-19h00\nWednesday:  9h00-12h00 // 14h00-19h00\nThursday:  9h00-12h00 // 14h00-19h00\nFriday:  9h00-12h00 // 14h00-19h00\nSaturday: ","Dealer (Y/N)":"Y","Rental Station (Y/N)":"N","Service Center (Y/N)":"Y"},{"Name":"Citibike La Rochelle","Address":"12, Rue saint Nicolas","City":"La Rochelle","Country":"FR","Postal/Zip Code":17000,"Phone":"+33 9 54 57 65 68","Email":"larochelle@citibike.fr","Website":"http://www.citibike.fr","Hours":"Monday: 14h00-19h00\nTuesday: 10h00-19h00\nWednesday: 10h00-19h00\nThursday: 10h00-19h00\nFriday: 10h00-19h00\nSaturday: 10h00-19h00","Dealer (Y/N)":"Y","Rental Station (Y/N)":"N","Service Center (Y/N)":"Y"},{"Name":"Cycles Expert City","Address":"1 Rue Chicogné","City":"RENNES","Province/State":"Bretagne","Country":"FR","Postal/Zip Code":35000,"Phone":"+33 2 99 69 59 82","Email":" contact@cyclexperts-ecity.com","Website":"https://www.cyclexperts-ecity.com/","Hours":"Monday: 10h00-13h00 // 14h00-19h00\nTuesday: 10h00-13h00 // 14h00-19h00\nWednesday: 10h00-13h00 // 14h00-19h00\nThursday: 10h00-13h00 // 14h00-19h00\nFriday: 10h00-13h00 // 14h00-19h00\nSaturday: 10h00-18h00","Dealer (Y/N)":"Y","Rental Station (Y/N)":"N","Service Center (Y/N)":"Y"},{"Name":"2RADFABRIK Fürth GmbH & Co. KG","Address":"Gründlacherstraße 303","City":"Fürth","Province/State":"Bavaria","Country":"DE","Postal/Zip Code":90765,"Phone":"+49 911 30088033","Email":"fuerth@2radfabrik.de","Website":"http://www.2radfabrik.de","Hours":"Montag - Samstag: 10 - 19 Uhr\n\nAchtung: November bis Februar abweichende Öffnungszeiten:\nMontag geschlossen\nDienstag - Freitag: 10 - 19 Uhr\nSamstag: 10 - 16 Uhr\n","Dealer (Y/N)":"Y","Rental Station (Y/N)":"N","Service Center (Y/N)":"Y"},{"Name":"Rabl GmbH & Co. KG","Address":"Gewerbestr. 22","City":"Markt Indersdorf","Province/State":"Bavaria","Country":"DE","Postal/Zip Code":85229,"Phone":"+49 8136 89 32 03","Email":"mail@rabl-gmbh.de","Website":"https://rabl-gmbh.de/","Hours":"Montag: 13:00 - 18:00 Uhr\nDienstag - Freitag: 9:00 - 18:00 Uhr\nSamstag: 9:00 - 13:00 Uhr","Dealer (Y/N)":"Y","Rental Station (Y/N)":"N","Service Center (Y/N)":"Y"},{"Name":"Radsport Riedmann","Address":"Marktheidenfelder Str. 19","City":"Karbach","Province/State":"Bavaria","Country":"DE","Postal/Zip Code":97842,"Phone":"+49 9391 5121","Email":"robert@radsport-riedmann.de","Website":"https://www.radsport-riedmann.de/","Hours":"Montag: 15.00 – 18.30 Uhr\nDienstag: 15.00 – 18.30 Uhr\nMittwoch: geschlossen\nDonnerstag: 9.00 - 13.00* und 15.00 – 18.30 Uhr\nFreitag: 9.00 - 13.00* und 15.00 – 18.30 Uhr\nSamstag: 9.00 – 13.00 Uhr\n\n*März bis Oktober Vormittags geöffnet","Dealer (Y/N)":"Y","Rental Station (Y/N)":"N","Service Center (Y/N)":"Y"},{"Name":"Carle Zweiradfachgeschäft GmbH","Address":"Berliner Str. 16","City":"Öhringen","Province/State":"Baden-Wuerttemberg","Country":"DE","Postal/Zip Code":74613,"Phone":"+49 7941 91760","Email":"info@zweirad-carle.de","Website":"https://www.zweirad-carle.de/","Hours":"Montag bis Freitag: 9:00 - 12:30 Uhr & 13:30 - 18:30 Uhr\nSamstag: 9:00 - 14:00 Uhr\"\n","Dealer (Y/N)":"Y","Rental Station (Y/N)":"N","Service Center (Y/N)":"Y"},{"Name":"zweiRAD Botenheim","Address":"Wiesenbachstraße 2","City":"Brackenheim","Province/State":"Baden-Wuerttemberg","Country":"DE","Postal/Zip Code":74336,"Phone":"+49 7135 12274","Email":"info@zweirad-botenheim.de","Website":"https://www.zweirad-botenheim.de","Hours":"Montag: geschlossen\nDienstag - Freitag: 9:00 - 12:30 Uhr und 14:00 - 18:00 Uhr\nDonnerstag: 9:00 - 12:30 Uhr und 14:00 - 20:00 Uhr\nSamstag: 9:00 - 13:00 Uhr","Dealer (Y/N)":"Y","Rental Station (Y/N)":"N","Service Center (Y/N)":"Y"},{"Name":"Toa's Bikes GmbH","Address":"Bahnhofstraße 19","City":"Groß-Bieberau","Province/State":"Hessen","Country":"DE","Postal/Zip Code":64401,"Phone":"+49 6162 81640","Email":"service@toas-bikes.de","Website":"https://toas-bikes.de/","Hours":"Montag bis Freitag\n09:00 bis 18.00 Uhr\n\nSamstag\n09:00 bis 13:00 Uhr","Dealer (Y/N)":"Y","Rental Station (Y/N)":"N","Service Center (Y/N)":"Y"},{"Name":"Zweirad Stellwag GmbH","Address":"Neckarstraße 24","City":"Erbach","Province/State":"Hessen","Country":"DE","Postal/Zip Code":64711,"Phone":"+49 6062 3163","Email":"Stellwag2-Rad@t-online.de","Website":"https://www.zweirad-stellwag.de/","Hours":"Montag bis Freitag: 9:00 - 12:30 Uhr und 14:00 - 18:00 Uhr\nMittwoch 9:00 - 12:30 Uhr \nSamstag: 9:00 - 13:00 Uhr","Dealer (Y/N)":"Y","Rental Station (Y/N)":"N","Service Center (Y/N)":"Y"},{"Name":"Radwerk Würzburg","Address":"Ringstraße 1","City":"Güntersleben","Province/State":"Bavaria","Country":"DE","Postal/Zip Code":97261,"Phone":"+49 151 128 66 2 45","Email":"sw@radwerk-wuerzburg.de","Website":"https://www.radwerk-wuerzburg.de/","Hours":"1. Oktober bis 28. Februar\nFreitags 14.00 Uhr-16.30 Uhr\n\noder gerne ganzjährig nach vorheriger\ntelefonischer Terminvereinbarung unter 0175 11 64 667\n(erreichbar Mo-Fr 16 Uhr bis 18 Uhr)","Dealer (Y/N)":"Y","Rental Station (Y/N)":"N","Service Center (Y/N)":"Y"},{"Name":"Sport Café","Address":"Kesselweg 9","City":"Hardheim-Gerichtstetten","Province/State":"Baden-Wuerttemberg","Country":"DE","Postal/Zip Code":74736,"Phone":"+49 151 27101041","Hours":"Freitag: nur nach Absprache  \nTermine bitte telefonisch oder per Whats App vereinbaren, täglich von 17-19 Uhr \nSamstag: 10 bis 14 Uhr","Dealer (Y/N)":"Y","Rental Station (Y/N)":"N","Service Center (Y/N)":"Y"},{"Name":"57 Bikestore","Address":"Blaufelder Straße 6","City":"Crailsheim","Province/State":"Baden-Wuerttemberg","Country":"DE","Postal/Zip Code":74564,"Phone":"+49 7951 472 100 5","Email":"info@fahrrad-outlet-crailsheim.de","Website":"https://fahrrad-outlet-crailsheim.de/","Hours":"Sommer (April-September) \nMontag - Freitag: 09:30 - 19:00 Uhr \nSamstag: 09:30 - 16:00 Uhr\n\nWinter (Oktober-März) \nMontag - Freitag: 9:30  -18:00 Uhr\nSamstag: 09:30 - 16:00 Uhr","Dealer (Y/N)":"Y","Rental Station (Y/N)":"N","Service Center (Y/N)":"Y"},{"Name":"Zweiradsport Geyer ","Address":"Gartenstraße 30","City":"Bad Wurzach","Province/State":"Baden-Wuerttemberg","Country":"DE","Postal/Zip Code":88410,"Phone":"+49 7564 85893  0","Email":"info@zweiradsport-geyer.de","Website":"https://www.zweiradsport-geyer.de/","Hours":"Montag - Mittwoch, Freitag\n09:00 - 12:30 Uhr\n14:00 - 18:00 Uhr\n\nDonnerstag\n09:00 - 12:30\n14:00 - 19:00\n\nSamstag\n08:30 - 13:00 Uhr","Dealer (Y/N)":"Y","Rental Station (Y/N)":"N","Service Center (Y/N)":"Y"},{"Name":"Radsport Baier","Address":"Kirchplatz 5","City":"Mistendorf","Province/State":"Bayern","Country":"DE","Postal/Zip Code":96129,"Phone":"+49 95 05 80 47 90","Email":"info@radsport-baier.de","Website":"https://www.radsport-baier.de/","Hours":"Montag: geschlossen\nDienstag - Freitag: 10:00 - 18:00 Uhr\nDonnerstag: 10 :00- 19:00 Uhr\nSamstag: 9:00 - 13:00 Uhr","Dealer (Y/N)":"Y","Rental Station (Y/N)":"N","Service Center (Y/N)":"Y"},{"Name":"Motorrad Welink","Address":"Am Schleifweg 2","City":"Oberschwarzach","Province/State":"Bayern","Country":"DE","Postal/Zip Code":97516,"Phone":"+49 9382 3191071","Email":"info@motorrad-welink.de","Website":"https://www.motorrad-welink.de/","Hours":"Montag: 09:00 - 12:30 und 14:00 - 18:00 Uhr\nDienstag: 09:00 - 12:30 und 14:00 - 18:00 Uhr\nMittwoch: 09:00 - 12:30 Uhr\nDonnerstag: 09:00 - 12:30 und 14:00 - 18:00 Uhr\nFreitag: 09:00 - 12:30 und 14:00 - 18:00 Uhr\nSamstag: 09:00 - 12:00 Uhr","Dealer (Y/N)":"Y","Rental Station (Y/N)":"N","Service Center (Y/N)":"Y"},{"Name":"Amends Fahrradladen","Address":"Am Setzen 109","City":"Gochsheim","Province/State":"Bayern","Country":"DE","Postal/Zip Code":97469,"Phone":"+49 9721 4771498","Email":"info@amends-fahrradladen.de","Website":"http://www.amends-fahrradladen.de","Hours":"Montag: 12:30 - 18:00 Uhr\nDienstag: geschlossen \nMittwoch - Freitag: 12:30 - 18:00 Uhr\nSamstag: 9:00 - 13:00 Uhr","Dealer (Y/N)":"Y","Rental Station (Y/N)":"N","Service Center (Y/N)":"Y"},{"Name":"Tip-Top-Bikes","Address":"Martin-Ofner-Straße 5","City":"Burgkirchen an der Alz","Province/State":"Bayern","Country":"DE","Postal/Zip Code":84508,"Phone":"+49 8679 3069497","Email":"kontakt@tip-top-bikes.de","Website":"https://www.tip-top-bikes.de/","Hours":"Dienstag - Freitag: 09:00 Uhr - 12:00 Uhr und 14:00 Uhr - 17:00 Uhr\nSamstag: 09:00 Uhr - 12:00 Uhr","Dealer (Y/N)":"Y","Rental Station (Y/N)":"N","Service Center (Y/N)":"Y"},{"Name":"Bike & Tools","Address":"Am Moosrain 5","City":"Pliening","Province/State":"Bayern","Country":"DE","Postal/Zip Code":85652,"Phone":"+49 89 23076378","Email":"info@bike-and-tools.com","Website":"https://bike-and-tools.com/","Hours":"März - Oktober\nDienstag - Freitag: 09:00 Uhr - 12:00 Uhr und 13:00 Uhr - 19:00 Uhr\nSamstag: 09:00 Uhr - 16:00 Uhr\n\nNovember - Februar\nDienstag - Freitag: 10:00 Uhr - 12:00 Uhr und 13:00 Uhr - 18:00 Uhr\nSamstag: 09:00 Uhr - 16:00 Uhr","Dealer (Y/N)":"Y","Rental Station (Y/N)":"N","Service Center (Y/N)":"Y"},{"Name":"Fahrrad Riemey - Fa. Hans Schüssler e.K","Address":"Hauptstraße 2","City":"Zeitlofs","Province/State":"Bayern","Country":"DE","Postal/Zip Code":97799,"Phone":"+49 160/99263515","Email":"info@fahrrad-riemey.de","Website":"https://www.fahrrad-riemey.de/","Hours":"Montag: geschlossen\nDienstag - Freitag: 10:00 - 18:00 Uhr\nSamstag: 9:00 - 13:00 Uhr","Dealer (Y/N)":"Y","Rental Station (Y/N)":"N","Service Center (Y/N)":"Y"},{"Name":"Radsport Hungerhuber","Address":"Schwarzauer Str. 66","City":"Trostberg","Province/State":"Bayern","Country":"DE","Postal/Zip Code":83308,"Phone":"+49 8621 90242 0","Email":"info@hungerhuber.de","Website":"https://www.hungerhuber.de/","Hours":"Montag, Dienstag Donnerstag & Freitag: 9:00 – 12:00 Uhr & 13:00 – 18:00 Uhr\nMittwoch: 13:00 – 18:00 Uhr \nSamstag: 9:00 – 12:00 Uhr","Dealer (Y/N)":"Y","Rental Station (Y/N)":"N","Service Center (Y/N)":"Y"},{"Name":"Rad & Sportservice Wall","Address":"Hauptstraße 19","City":"Wenzenbach","Province/State":"Bayern","Country":"DE","Postal/Zip Code":93173,"Phone":"+49 9407 5529127","Email":"info@rad-sportservice.de","Website":"https://www.rad-sportservice.de/","Hours":"Montag: geschlossen\nDienstag - Freitag: 9:00 – 18:00 Uhr\nSamstag: 9:00 – 13:00 Uhr\n","Dealer (Y/N)":"Y","Rental Station (Y/N)":"N","Service Center (Y/N)":"Y"},{"Name":"Sport Cycling Meindl","Address":"Konrad-Mayer-Str. 31","City":"Sulzbach-Rosenberg","Province/State":"Bayern","Country":"DE","Postal/Zip Code":92237,"Phone":"+49 9661 3048833","Email":"info@sportcycling.de","Website":"https://www.sportcycling.de","Hours":"Montag: geschlossen\nDienstag - Freitag: 14:00 - 18:00 Uhr\nSamstag: 09:00 - 13:00 Uhr","Dealer (Y/N)":"Y","Rental Station (Y/N)":"N","Service Center (Y/N)":"Y"},{"Name":"MD Bikes","Address":"Am Marktplatz 9","City":"Ebermannstadt","Province/State":"Bayern","Country":"DE","Postal/Zip Code":91320,"Phone":"+49 9194 5956","Email":" info@md-bikes.de","Website":"https://www.md-bikes.de/","Hours":"Montag: geschlossen\nDienstag: nur nach Vereinbarung!\nMittwoch: 10:00 Uhr - 17:00 Uhr\nDonnerstag & Freitag: 10:00 Uhr - 18:00 Uhr\nSamstag: 10:00 Uhr - 13:00 Uhr","Dealer (Y/N)":"Y","Rental Station (Y/N)":"N","Service Center (Y/N)":"Y"},{"Name":"2Rad Jessen","Address":"Schäfflerstraße 12","City":"Kelheim","Province/State":"Bayern","Country":"DE","Postal/Zip Code":93309,"Phone":"+49 9441 504 850","Email":"info@my2rad.de","Website":"https://www.my2rad.de","Hours":"Montag - Freitag: 9:00 - 18:30 Uhr\nSamstag: 9:00 - 14:00 Uhr","Dealer (Y/N)":"Y","Rental Station (Y/N)":"N","Service Center (Y/N)":"Y"},{"Name":"Inn-Bike GmbH","Address":"Klinkstraße 21","City":"Kufstein","Province/State":"Tirol","Country":"AT","Postal/Zip Code":6330,"Phone":"+43 5372 63547","Email":"info@inn-bike.at","Website":"https://www.e-bikes4you.at","Hours":"Montag, Dienstag, Donnerstag und Freitag: 9:00 - 18:00 Uhr\nMittwoch: geschlossen, telefonisch 10:00 - 18:00 Uhr\nSamstag: 9:00 - 13:00 Uhr","Dealer (Y/N)":"Y","Rental Station (Y/N)":"N","Service Center (Y/N)":"Y"},{"Name":"Beim Felix","Address":"Nürnberger Straße 14","City":"Veitsbronn","Province/State":"Bayern","Country":"DE","Postal/Zip Code":90587,"Phone":"+49 911 6336 9701","Email":"info@beimfelix.de","Hours":"Montag bis Freitag: 9:00 - 12:00 Uhr & 13:00 - 16:30 Uhr\nSamstag: nach Absprache","Dealer (Y/N)":"N","Rental Station (Y/N)":"N","Service Center (Y/N)":"Y"},{"Name":"Fahrrad Wappler","Address":"Königsstraße 52","City":"Werdau","Province/State":"Sachsen","Country":"DE","Postal/Zip Code":"08412","Phone":"+49 3761 82540","Email":"fahrrad.wappler@t-online.de","Website":"https://www.fahrrad-wappler.de","Hours":"Montag - Mittwoch: 9:30 - 12:00 Uhr & 13:30 - 18:00 Uhr\nDonnerstag: geschlossen\nFreitag: 9:30 - 12:00 Uhr & 13:30 - 18:00 Uhr\nSamstag: 9:30 - 12:00 Uhr","Dealer (Y/N)":"Y","Rental Station (Y/N)":"N","Service Center (Y/N)":"Y"},{"Name":"E-Bike Bavaria","Address":"Frauenberg 21","City":"Grafenau","Province/State":"Bayern","Country":"DE","Postal/Zip Code":94481,"Phone":"+49 8552 7769267","Email":"info@e-bike-bavaria.de","Website":"https://www.e-bike-bavaria.de","Hours":"Montag, Dienstag, Donnerstag und Freitag: 10:00 - 18:00 Uhr\nMittwoch und Samstag: 9:00 - 13:00 Uhr","Dealer (Y/N)":"Y","Rental Station (Y/N)":"N","Service Center (Y/N)":"Y"},{"Name":"Zweirad-Center Durach","Address":"Achenerweg 11","City":"Isny","Province/State":"Bayern","Country":"DE","Postal/Zip Code":88316,"Phone":"+49 7562 245 6","Email":"info@fahrrad-durach.de","Website":"https://www.zweirad-center-durach.de/","Hours":"Montag - Freitag: 09:00 - 12:30 Uhr & 14:00 - 18:00 Uhr\nMittwoch: Nachmittag: geschlossen\nSamstag: 09:00 - 13:00 Uhr","Dealer (Y/N)":"Y","Rental Station (Y/N)":"N","Service Center (Y/N)":"Y"},{"Name":"Leichter fahren Elektrorad-Zentrum","Address":"Dietzhölzstraße 6","City":"Eschenburg","Province/State":"Hessen","Country":"DE","Postal/Zip Code":35713,"Phone":"+49 2774  917 917 0","Email":"info@leichter-fahren.de","Website":"https://leichter-fahren.de/","Hours":"Von März bis Oktober:\nMontag - Freitag: 9:30 - 18:00 Uhr\nSamstag: 9:30 - 13:00 Uhr\n\nVon November bis Februar:\nMontag: geschlossen\nDienstag - Freitag: 14:00 - 18:00 Uhr\nSamstag: 10:00 - 13:00 Uhr","Dealer (Y/N)":"Y","Rental Station (Y/N)":"N","Service Center (Y/N)":"Y"},{"Name":"Intersport Harms - House of Bike","Address":"Marktstraße 521","City":"Neukirchen","Province/State":"Tyrol","Country":"AT","Postal/Zip Code":5741,"Phone":"+43 656 521664","Email":"bikeshop@harms.at","Website":"https://www.intersport-harms.at/de/shops/Bikeshop-Neukirchen_sl_794","Hours":"Öffnungszeiten Sommer 13.03.2024 - 09.11.2024\n\nMontag - Freitag: 08:30 - 12:00 Uhr und 14:30 - 18:00 Uhr\nSamstag: 08:30 - 12:00 Uhr","Dealer (Y/N)":"Y","Rental Station (Y/N)":"N","Service Center (Y/N)":"Y"},{"Name":"Citibike Dunkerque","Address":"60, Route de Furnes ","City":"Coudekerque Branche","Country":"FR","Postal/Zip Code":59210,"Phone":"+33 3 28 61 39 75 ","Email":"cote-dopale@citibike.fr","Website":"https://www.citibike.fr/fr/","Hours":"Dienstag - Freitag: 10:00 - 13:00 & 14:30 - 19:00 Uhr\nSamstag: 10:00 - 19:00 Uhr","Dealer (Y/N)":"Y","Rental Station (Y/N)":"N","Service Center (Y/N)":"Y"},{"Name":"KW-Bikes","Address":"Bürgermeister-Graf-Ring 21","City":"Geretsried","Province/State":"Bayern","Country":"DE","Postal/Zip Code":82538,"Phone":"+49 8171 6399220","Website":"http://www.kw-bikes.de","Hours":"Montag, Dienstag, Donnerstag & Freitag: 09:30 - 13:00 Uhr & 14:00 - 18:30 Uhr\nSamstag: 09:30 - 14:00 Uhr\nMittwoch: geschlossen","Dealer (Y/N)":"Y","Rental Station (Y/N)":"N","Service Center (Y/N)":"Y"},{"Name":"Hennecke Zweirad Meisterbetrieb","Address":"Zwinger 15","City":"Öttingen","Province/State":"Bayern","Country":"DE","Postal/Zip Code":86732,"Phone":"+49 91082 4468","Email":"robert.hennecke@t-online.de","Hours":"Montag - Freitag: 9:00 - 12:15 Uhr & 14:00 - 18:00 Uhr\nSamstag: 9:00 - 12:00 Uhr\n","Dealer (Y/N)":"N","Rental Station (Y/N)":"N","Service Center (Y/N)":"Y"},{"Name":"Schölzhorn Sport GmbH","Address":"Fuggerstraße 3","City":"Sterzing","Province/State":"Trentino-Alto Adige","Country":"IT","Postal/Zip Code":39049,"Phone":"+39 472 671 376","Email":"info@skiprofi.it","Website":"https://www.rentandgo-shop.it","Hours":"Montag - Freitag: 10:00 - 17:00 Uhr","Dealer (Y/N)":"Y","Rental Station (Y/N)":"N","Service Center (Y/N)":"Y"},{"Name":"Bikehouse Bühler","Address":"Hauptstraße 98","City":"Mosbach","Province/State":"Baden-Wuerttemberg","Country":"DE","Postal/Zip Code":74821,"Phone":"+49 6261 899 376","Email":"mail@bikehouse-buehler.de","Website":"https://www.bikehouse-buehler.de","Hours":"Montag bis Freitag: 9:00 - 13:00 Uhr & 14:00 - 18:00 Uhr\nSamstag: 9:30 - 14:00 Uhr","Dealer (Y/N)":"Y","Rental Station (Y/N)":"N","Service Center (Y/N)":"Y"},{"Name":"SKITOP BADIA","Address":"Str. San Linert 3","City":"Badia","Province/State":"Trentino-Alto Adige","Country":"IT","Postal/Zip Code":39036,"Phone":"+39 471 839685","Email":"info@skitop.it","Website":"https://biketop.skitop.it/de/","Hours":"Montag - Sonntag: 8:30 - 12:00 Uhr & 15:00 - 19:00 Uhr","Dealer (Y/N)":"Y","Rental Station (Y/N)":"N","Service Center (Y/N)":"Y"},{"Name":"REVEN EUROPE GmbH","Address":"Am Umspannwerk 6","City":"Baindt/Schachen","Province/State":"Baden-Wuerttemberg","Country":"DE","Postal/Zip Code":88255,"Phone":"+49 7502 9421898","Email":"info@revenbikes.com","Website":"https://revenbikes.de/","Hours":"Montag: 13:00 – 19:00 Uhr\nDienstag - Freitag: 13:00 – 18:00 Uhr\nSamstag: 9:00 – 13:00 Uhr\nMittwoch geschlossen","Dealer (Y/N)":"Y","Rental Station (Y/N)":"N","Service Center (Y/N)":"Y"},{"Name":"Sport Edoardo","Address":"Via Pecei 12","City":"Corvara ","Province/State":"Trentino-Alto Adige","Country":"IT","Postal/Zip Code":39033,"Email":"info@sportedoardo.it","Website":"https://www.sportedoardo.it/","Hours":"Monday - Saturday: 08:30 - 12:00 & 15:00 - 19:00","Dealer (Y/N)":"Y","Rental Station (Y/N)":"N","Service Center (Y/N)":"Y"},{"Name":"Bader Rad-Kraftwerk","Address":"Dieselstraße 6","City":"Leinfelden-Echterdingen","Province/State":"Baden-Wuerttemberg","Country":"DE","Postal/Zip Code":70771,"Phone":"+49 711 220 918 16","Email":"stephan.bader@rad-kraftwerk.de","Website":"https://rad-kraftwerk.de/","Hours":"Dienstag - Freitag: 10:00 - 18:30 Uhr\nSamstag: 10:00 - 13:30 Uhr","Dealer (Y/N)":"Y","Rental Station (Y/N)":"N","Service Center (Y/N)":"Y"},{"Name":"Zweirad Högerl","Address":"Bogenroither Straße 4","City":"Wiesenfelden","Province/State":"Bayern","Country":"DE","Postal/Zip Code":94344,"Phone":"+49 9966 1201","Email":"info@zweirad-hoegerl.de","Website":"https://www.zweirad-hoegerl.de/","Hours":"Montag - Freitag: 08:00 - 12:00 Uhr & 13:00 - 18:00 Uhr\nSamstag: 08:30 - 12:00 Uhr","Dealer (Y/N)":"Y","Rental Station (Y/N)":"N","Service Center (Y/N)":"Y"},{"Name":"Bike Monkey ","Address":"Bgm.-Neumeyr-Straße 7","City":"Allershausen","Province/State":"Bayern","Country":"DE","Postal/Zip Code":85391,"Phone":"+49 8166 9889258","Email":"info@bike-monkey.de","Website":"https://bike-monkey.de/","Hours":"Montag - Donnerstag: 17:00 - 20:00 Uhr\nFreitag: 9:30 - 17:00 Uhr\nSamstag: 10:00 -16:00 Uhr","Dealer (Y/N)":"Y","Rental Station (Y/N)":"N","Service Center (Y/N)":"Y"},{"Name":"Wunderlich GmbH","Address":"Dieselstraße 2","City":"Marktleuthen","Province/State":"Bayern","Country":"DE","Postal/Zip Code":95168,"Email":"info@wunderlich-umwelt.de","Website":"http://www.wunderlich-umwelt.de/","Hours":"Montag - Freitag: 8:00 - 18:00 Uhr\nSamstag: 8:00 - 12:00 Uhr","Dealer (Y/N)":"Y","Rental Station (Y/N)":"N","Service Center (Y/N)":"Y"},{"Name":"Fahrrad Hoffmann","Address":"Horster Landstraße 117","City":"Seevetal","Country":"DE","Postal/Zip Code":21220,"Phone":"+49 4105 84005","Email":"info@fahrradhoffmann.de","Website":"https://fahrradhoffmann.de/","Hours":"Montag - Freitag: 9:00 - 13:00 Uhr & 14:00 - 18:00 Uhr\nSamstag: 9:00 - 14:00 Uhr","Dealer (Y/N)":"Y","Rental Station (Y/N)":"N","Service Center (Y/N)":"N"},{"Name":"Ebike Riviera Tour ","Address":"8 boulevard Lech WALESA","City":"Nice","Country":"FR","Postal/Zip Code":"06300","Phone":"+33 6 65 27 52 79","Hours":"Monday: closed\nTuesday - Friday: 9 am - 12 pm & 2 - 7 pm\nSaturday: 9:30 am - 12 pm & 1:30 - 6 pm","Dealer (Y/N)":"Y","Rental Station (Y/N)":"N","Service Center (Y/N)":"N"},{"Name":"1000 Räder Hamburg","Address":"Krausestraße 116a","City":"Hamburg","Country":"DE","Postal/Zip Code":22049,"Phone":"+49 40 6525 217","Email":"info@1000raeder.de","Website":"https://www.1000raeder.de/","Hours":"Montag - Freitag: 10:00 - 19:00 Uhr\nSamstag: 10:00 - 16:00 Uhr","Dealer (Y/N)":"Y","Rental Station (Y/N)":"N","Service Center (Y/N)":"N"},{"Name":"Nicklas Kleingerätewelt","Address":"Bürgermeister-Kleinlein-Straße 2","City":"Thurnau","Country":"DE","Postal/Zip Code":95349,"Phone":"+49 92289974151","Email":"info@kleingeraetewelt.de","Website":"https://www.kleingeraetewelt.de/","Hours":"Montag - Freitag: 9:00 - 18:00 Uhr\nSamstag: 8:00 - 13:00 Uhr","Dealer (Y/N)":"Y","Rental Station (Y/N)":"N","Service Center (Y/N)":"Y"},{"Name":"FanVelo ","Address":"426 rue Jenny Vetillard Lieu dit Le Chassagnon ","City":"Mazeyrat d'Allier","Country":"FR","Postal/Zip Code":43300,"Phone":"+33 6 33 33 37 66 ","Email":"contact@fanvelo.fr","Website":"http://fanvelo.fr/","Hours":"Tuesday - Thursday: 5 - 9 pm\nFriday: 2 - 7 pm\nSaturday: 9 am - 2 pm","Dealer (Y/N)":"Y","Rental Station (Y/N)":"N","Service Center (Y/N)":"N"}]