{
  "sections": {
    "main": {
      "type": "main-article",
      "custom_css": [],
      "settings": {
        "show_date": true,
        "show_author": false,
        "show_article_tags": true,
        "show_sharing_icons": true,
        "show_twitter": true,
        "show_facebook": true,
        "show_pinterest": true,
        "show_featured_image": false,
        "full_width_image": false,
        "featured_image_height": "natural",
        "enable_title_overlay": false,
        "overlay_style": "shadow"
      }
    }
  },
  "order": ["main"]
}
