{
  "sections": {
    "main": {
      "type": "main-collection",
      "settings": {
        "show_title": true,
        "show_image_behind_heading": true,
        "heading_image_height": "large",
        "overlay_style": "full image-overlay--bg-shadow",
        "coll_desc_pos": "above",
        "coll_num_per_page_int": 24,
        "grid": 4,
        "show_vendor": false,
        "show_total": true,
        "enable_filtering": true,
        "collapse_tag_sidebar_by_default": true,
        "collapse_filters_method": "none",
        "show_filter_counts": true,
        "filter_two_columns": true,
        "auto_apply_hide_unavailable": false,
        "enable_sticky_filter": true,
        "show_sort": true,
        "sort_show_featured": false,
        "sort_show_best": true,
        "sort_show_alpha": true,
        "sort_show_price": true,
        "sort_show_date": true,
        "related_collections": [],
        "related_collections_style": "buttons",
        "rel_coll_gall_aspect_ratio": "2",
        "image_position": "center center",
        "rel_coll_gall_enable_margin": true,
        "rel_coll_gall_full_width": false,
        "rel_coll_gall_overlay_style": "full image-overlay--bg-shadow",
        "rel_coll_gall_text_alignment": "bottom left",
        "rel_coll_grid_mobile": "2"
      }
    },
    "b1aceabf-899d-44ba-bffa-eb5ff10d977c": {
      "type": "testimonials",
      "blocks": {
        "template--20584682389527__b1aceabf-899d-44ba-bffa-eb5ff10d977c-testimonial-1": {
          "type": "testimonial",
          "settings": { "star_rating": 5, "image_caption": "", "link": "" }
        },
        "template--20584682389527__b1aceabf-899d-44ba-bffa-eb5ff10d977c-testimonial-2": {
          "type": "testimonial",
          "settings": { "star_rating": 5, "image_caption": "", "link": "" }
        }
      },
      "block_order": [
        "template--20584682389527__b1aceabf-899d-44ba-bffa-eb5ff10d977c-testimonial-1",
        "template--20584682389527__b1aceabf-899d-44ba-bffa-eb5ff10d977c-testimonial-2"
      ],
      "settings": {
        "layout": "no-image",
        "text_caps": false,
        "quote_text_size": 34,
        "quote_text_size_mobile": 20,
        "image_shape": "square",
        "color_scheme": "2",
        "autoplay": true,
        "autoplay_speed": 7
      }
    },
    "4357caea-ebf4-4bbf-8a42-7d1b728c0c58": {
      "type": "featured-product",
      "blocks": {
        "template--20584682389527__4357caea-ebf4-4bbf-8a42-7d1b728c0c58-title-1": {
          "type": "title",
          "settings": {}
        },
        "template--20584682389527__4357caea-ebf4-4bbf-8a42-7d1b728c0c58-price-1": {
          "type": "price",
          "settings": {
            "show_tax_and_shipping": false,
            "enable_product_reviews_by_price": true
          }
        },
        "template--20584682389527__4357caea-ebf4-4bbf-8a42-7d1b728c0c58-vendor-1": {
          "type": "vendor",
          "settings": {}
        },
        "template--20584682389527__4357caea-ebf4-4bbf-8a42-7d1b728c0c58-divider-1": {
          "type": "divider",
          "settings": {}
        },
        "template--20584682389527__4357caea-ebf4-4bbf-8a42-7d1b728c0c58-variant-picker-1": {
          "type": "variant-picker",
          "settings": {
            "show_single": false,
            "selector_style": "listed",
            "enable_size_chart": false,
            "size_chart_variant": "Size",
            "size_chart_page": ""
          }
        },
        "template--20584682389527__4357caea-ebf4-4bbf-8a42-7d1b728c0c58-buy-buttons-1": {
          "type": "buy-buttons",
          "settings": {
            "show_quantity_selector": true,
            "enable_payment_button": true,
            "show_backorder_text": false,
            "show_gift_card_recipient": false
          }
        },
        "template--20584682389527__4357caea-ebf4-4bbf-8a42-7d1b728c0c58-description-1": {
          "type": "description",
          "settings": { "show_in_tab": false, "open_tab": false, "icon": "" }
        }
      },
      "block_order": [
        "template--20584682389527__4357caea-ebf4-4bbf-8a42-7d1b728c0c58-title-1",
        "template--20584682389527__4357caea-ebf4-4bbf-8a42-7d1b728c0c58-price-1",
        "template--20584682389527__4357caea-ebf4-4bbf-8a42-7d1b728c0c58-vendor-1",
        "template--20584682389527__4357caea-ebf4-4bbf-8a42-7d1b728c0c58-divider-1",
        "template--20584682389527__4357caea-ebf4-4bbf-8a42-7d1b728c0c58-variant-picker-1",
        "template--20584682389527__4357caea-ebf4-4bbf-8a42-7d1b728c0c58-buy-buttons-1",
        "template--20584682389527__4357caea-ebf4-4bbf-8a42-7d1b728c0c58-description-1"
      ],
      "settings": {
        "inventory_transfers_enable": true,
        "enable_sticky_columns": true,
        "gallery_size": "medium",
        "gallery_layout": "carousel-under",
        "enable_zoom": true,
        "show_alt_text": false,
        "alt_text_icon": "",
        "enable_video_autoplay": true,
        "enable_video_looping": true,
        "enable_media_grouping": true,
        "media_grouping_option": "Color,Colour,Couleur,Farbe"
      }
    },
    "63ceb9af-372a-4c9e-a7b5-aadf12f810f5": {
      "type": "gallery",
      "blocks": {
        "template--20584682389527__63ceb9af-372a-4c9e-a7b5-aadf12f810f5-media-1": {
          "type": "media",
          "settings": {
            "image": "",
            "enlarge_media": false,
            "subheading": "",
            "title": "",
            "button_label": "",
            "link": "",
            "text_alignment": "center center"
          }
        },
        "template--20584682389527__63ceb9af-372a-4c9e-a7b5-aadf12f810f5-media-2": {
          "type": "media",
          "settings": {
            "image": "",
            "enlarge_media": false,
            "subheading": "",
            "title": "",
            "button_label": "",
            "link": "",
            "text_alignment": "bottom left"
          }
        },
        "template--20584682389527__63ceb9af-372a-4c9e-a7b5-aadf12f810f5-media-3": {
          "type": "media",
          "settings": {
            "image": "",
            "enlarge_media": false,
            "subheading": "",
            "title": "",
            "button_label": "",
            "link": "",
            "text_alignment": "bottom left"
          }
        },
        "template--20584682389527__63ceb9af-372a-4c9e-a7b5-aadf12f810f5-media-4": {
          "type": "media",
          "settings": {
            "image": "",
            "enlarge_media": false,
            "subheading": "",
            "title": "",
            "button_label": "",
            "link": "",
            "text_alignment": "bottom left"
          }
        }
      },
      "block_order": [
        "template--20584682389527__63ceb9af-372a-4c9e-a7b5-aadf12f810f5-media-1",
        "template--20584682389527__63ceb9af-372a-4c9e-a7b5-aadf12f810f5-media-2",
        "template--20584682389527__63ceb9af-372a-4c9e-a7b5-aadf12f810f5-media-3",
        "template--20584682389527__63ceb9af-372a-4c9e-a7b5-aadf12f810f5-media-4"
      ],
      "settings": {
        "grid_desktop": 4,
        "grid_mobile": "1",
        "height": "adapt",
        "desktop_image_height": 400,
        "mobile_image_height": 400,
        "title_size": 30,
        "title_size_mobile": 30,
        "enable_margin": false,
        "enable_row_spacing": false,
        "full_width": true,
        "color_scheme": "default",
        "enable_carousel": true,
        "overlay_style": "full image-overlay--bg-shadow",
        "button_style": "primary"
      }
    }
  },
  "order": [
    "main",
    "b1aceabf-899d-44ba-bffa-eb5ff10d977c",
    "4357caea-ebf4-4bbf-8a42-7d1b728c0c58",
    "63ceb9af-372a-4c9e-a7b5-aadf12f810f5"
  ]
}
