{
  "sections": {
    "4062590b-8a4b-4bf1-a5cc-525eb3d0f86c": {
      "type": "image-with-text-overlay",
      "blocks": {
        "template--15244363104304__4062590b-8a4b-4bf1-a5cc-525eb3d0f86c-subheading-1": {
          "type": "subheading",
          "settings": {}
        },
        "template--15244363104304__4062590b-8a4b-4bf1-a5cc-525eb3d0f86c-heading-1": {
          "type": "heading",
          "settings": {
            "title": "Sale now on!",
            "heading_max_width": 15,
            "title_size": 72,
            "title_size_mobile": 34,
            "use_h1": true
          }
        },
        "5668b4ea-05bf-4da7-8abf-700140741dfb": {
          "type": "text",
          "settings": { "enlarge_text": true }
        }
      },
      "block_order": [
        "template--15244363104304__4062590b-8a4b-4bf1-a5cc-525eb3d0f86c-subheading-1",
        "template--15244363104304__4062590b-8a4b-4bf1-a5cc-525eb3d0f86c-heading-1",
        "5668b4ea-05bf-4da7-8abf-700140741dfb"
      ],
      "settings": {
        "image": "",
        "height": "fixed",
        "height_desktop": 560,
        "height_mobile": 320,
        "image_link": "",
        "full_width": true,
        "text_alignment": "center center",
        "mobile_overlay_under": false,
        "overlay_style": "shadow"
      }
    },
    "scrolling_banner_7mNnb6": {
      "type": "scrolling-banner",
      "blocks": { "text_dBUpAq": { "type": "text", "settings": {} } },
      "block_order": ["text_dBUpAq"],
      "settings": {}
    },
    "main": {
      "type": "main-collection",
      "settings": {
        "show_title": false,
        "show_image_behind_heading": false,
        "heading_image_height": "large",
        "overlay_style": "shadow",
        "coll_desc_pos": "below",
        "coll_num_per_page_int": 24,
        "grid": 3,
        "show_vendor": false,
        "show_total": true,
        "enable_filtering": true,
        "collapse_tag_sidebar_by_default": false,
        "collapse_filters_method": "over-18",
        "show_filter_counts": false,
        "filter_two_columns": false,
        "auto_apply_hide_unavailable": false,
        "enable_sticky_filter": true,
        "show_sort": true,
        "sort_show_featured": false,
        "sort_show_best": true,
        "sort_show_alpha": true,
        "sort_show_price": true,
        "sort_show_date": true,
        "related_collections": [],
        "related_collections_style": "buttons",
        "rel_coll_gall_aspect_ratio": "1",
        "image_position": "center center",
        "rel_coll_gall_enable_margin": true,
        "rel_coll_gall_full_width": false,
        "rel_coll_gall_overlay_style": "shadow",
        "rel_coll_gall_text_alignment": "center center",
        "rel_coll_grid_mobile": "2"
      }
    },
    "cc876185-7a78-4562-bad9-83b80a1117bf": {
      "type": "gallery",
      "blocks": {
        "template--15243877580848__cc876185-7a78-4562-bad9-83b80a1117bf-media-1": {
          "type": "media",
          "settings": {}
        },
        "template--15243877580848__cc876185-7a78-4562-bad9-83b80a1117bf-media-2": {
          "type": "media",
          "settings": {}
        }
      },
      "block_order": [
        "template--15243877580848__cc876185-7a78-4562-bad9-83b80a1117bf-media-1",
        "template--15243877580848__cc876185-7a78-4562-bad9-83b80a1117bf-media-2"
      ],
      "settings": {}
    }
  },
  "order": [
    "4062590b-8a4b-4bf1-a5cc-525eb3d0f86c",
    "scrolling_banner_7mNnb6",
    "main",
    "cc876185-7a78-4562-bad9-83b80a1117bf"
  ]
}
