{
  "sections": {
    "main": {
      "type": "main-collection",
      "custom_css": [],
      "settings": {
        "show_title": true,
        "show_image_behind_heading": true,
        "heading_image_height": "huge",
        "overlay_style": "no_background",
        "coll_desc_pos": "above",
        "coll_num_per_page_int": 24,
        "grid": 3,
        "show_vendor": false,
        "show_total": true,
        "enable_filtering": true,
        "collapse_tag_sidebar_by_default": false,
        "collapse_filters_method": "over-12",
        "show_filter_counts": true,
        "filter_two_columns": false,
        "button_grid_filter_name": "",
        "auto_apply_hide_unavailable": false,
        "enable_sticky_filter": true,
        "show_sort": true,
        "sort_show_featured": true,
        "sort_show_best": true,
        "sort_show_alpha": true,
        "sort_show_price": true,
        "sort_show_date": true,
        "related_collections": [],
        "related_collections_style": "buttons",
        "rel_coll_gall_aspect_ratio": "1",
        "image_position": "center center",
        "rel_coll_gall_enable_margin": true,
        "rel_coll_gall_full_width": false,
        "rel_coll_gall_overlay_style": "shadow",
        "rel_coll_gall_text_alignment": "center center",
        "rel_coll_grid_mobile": "2"
      }
    },
    "rich_text_yMWpHT": {
      "type": "rich-text",
      "blocks": {
        "heading_R4R36g": {
          "type": "heading",
          "settings": { "title": "Rich text", "use_h1": false }
        },
        "text_RpDq9L": {
          "type": "text",
          "settings": {
            "text": "<p>Use this text to share information about your store with your customers. Describe products, share announcements, or welcome customers to your store.</p>",
            "enlarge_text": true
          }
        }
      },
      "block_order": ["heading_R4R36g", "text_RpDq9L"],
      "settings": {
        "height": "medium",
        "text_alignment": "center",
        "full_width": false,
        "color_scheme": "default"
      }
    }
  },
  "order": ["main", "rich_text_yMWpHT"]
}
