{
  "sections": {
    "main": {
      "type": "main-collection",
      "custom_css": [
        ".container.container--reading-width,.container .shopify-policy__container {max-width: 70%; box-sizing: content-box;}"
      ],
      "settings": {
        "show_title": true,
        "show_image_behind_heading": true,
        "show_description": false,
        "heading_image_height": "large",
        "overlay_style": "no_background",
        "coll_desc_pos": "below",
        "coll_num_per_page_int": 24,
        "grid": 2,
        "show_vendor": false,
        "show_total": true,
        "enable_filtering": true,
        "collapse_tag_sidebar_by_default": false,
        "collapse_filters_method": "over-12",
        "show_filter_counts": true,
        "filter_two_columns": false,
        "button_grid_filter_name": "",
        "auto_apply_hide_unavailable": false,
        "enable_sticky_filter": true,
        "show_sort": true,
        "sort_show_featured": true,
        "sort_show_best": true,
        "sort_show_alpha": true,
        "sort_show_price": true,
        "sort_show_date": false,
        "related_collections": [],
        "related_collections_style": "buttons",
        "rel_coll_gall_aspect_ratio": "1",
        "image_position": "center center",
        "rel_coll_gall_enable_margin": true,
        "rel_coll_gall_full_width": false,
        "rel_coll_gall_overlay_style": "shadow",
        "rel_coll_gall_text_alignment": "center center",
        "rel_coll_grid_mobile": "2"
      }
    }
  },
  "order": ["main"]
}
