{
  "sections": {
    "countdown_timer_VWqJ9K": {
      "type": "countdown-timer",
      "blocks": {
        "heading_hHbLQk": {
          "type": "heading",
          "settings": { "title": "End of Season Sale!", "use_h1": true }
        },
        "text_WeBhr7": {
          "type": "text",
          "settings": {
            "text": "<p>These offers will not be around for long</p>",
            "enlarge_text": true
          }
        },
        "countdown_4zLR6d": {
          "type": "countdown",
          "settings": {
            "end_date": "",
            "end_time": "",
            "end_text": "",
            "hide_on_end": false,
            "number_size": 60,
            "number_font": "base",
            "divider_type": "line",
            "show_timer_labels": true
          }
        }
      },
      "block_order": ["heading_hHbLQk", "text_WeBhr7", "countdown_4zLR6d"],
      "settings": {
        "show_image": true,
        "image": "",
        "image_link": "",
        "show_image_space": false,
        "image_position": "left",
        "text_alignment": "center",
        "color_scheme": "1"
      }
    },
    "main": {
      "type": "main-collection",
      "settings": {
        "show_title": false,
        "show_image_behind_heading": false,
        "heading_image_height": "huge",
        "overlay_style": "full image-overlay--bg-shadow",
        "coll_desc_pos": "below",
        "coll_num_per_page_int": 24,
        "grid": 3,
        "show_vendor": false,
        "show_total": true,
        "enable_filtering": true,
        "collapse_tag_sidebar_by_default": true,
        "collapse_filters_method": "none",
        "show_filter_counts": false,
        "filter_two_columns": true,
        "auto_apply_hide_unavailable": false,
        "enable_sticky_filter": true,
        "show_sort": true,
        "sort_show_featured": false,
        "sort_show_best": true,
        "sort_show_alpha": true,
        "sort_show_price": true,
        "sort_show_date": true,
        "related_collections": [],
        "related_collections_style": "gallery",
        "rel_coll_gall_aspect_ratio": "2",
        "image_position": "center center",
        "rel_coll_gall_enable_margin": true,
        "rel_coll_gall_full_width": false,
        "rel_coll_gall_overlay_style": "full image-overlay--bg-shadow",
        "rel_coll_gall_text_alignment": "bottom left",
        "rel_coll_grid_mobile": "1"
      }
    },
    "scrolling_banner_C9JkRD": {
      "type": "scrolling-banner",
      "blocks": { "text_dBUpAq": { "type": "text", "settings": {} } },
      "block_order": ["text_dBUpAq"],
      "settings": {}
    },
    "featured_product_aWceA7": {
      "type": "featured-product",
      "blocks": {
        "title_BJwiqR": { "type": "title", "settings": {} },
        "price_Byf8GC": {
          "type": "price",
          "settings": {
            "show_tax_and_shipping": false,
            "enable_product_reviews_by_price": true
          }
        },
        "vendor_tmpEjK": { "type": "vendor", "settings": {} },
        "divider_3Thp6M": { "type": "divider", "settings": {} },
        "variant_picker_QXnMCb": {
          "type": "variant-picker",
          "settings": {
            "show_single": false,
            "selector_style": "dropdown",
            "enable_size_chart": false,
            "size_chart_variant": "Size",
            "size_chart_page": ""
          }
        },
        "buy_buttons_3PF8cD": {
          "type": "buy-buttons",
          "settings": {
            "show_quantity_selector": true,
            "enable_payment_button": true,
            "show_backorder_text": false,
            "show_gift_card_recipient": false
          }
        },
        "description_fiAtyn": {
          "type": "description",
          "settings": { "show_in_tab": true, "open_tab": false, "icon": "" }
        }
      },
      "block_order": [
        "title_BJwiqR",
        "price_Byf8GC",
        "vendor_tmpEjK",
        "divider_3Thp6M",
        "variant_picker_QXnMCb",
        "buy_buttons_3PF8cD",
        "description_fiAtyn"
      ],
      "settings": {
        "inventory_transfers_enable": true,
        "enable_sticky_columns": false,
        "gallery_size": "medium",
        "gallery_layout": "carousel-under",
        "enable_zoom": true,
        "show_alt_text": false,
        "alt_text_icon": "",
        "enable_video_autoplay": false,
        "enable_video_looping": false,
        "enable_media_grouping": false,
        "media_grouping_option": "Color,Colour,Couleur,Farbe"
      }
    },
    "collection_list_jyq9hx": {
      "type": "collection-list",
      "blocks": {
        "collection_gjWKDf": {
          "type": "collection",
          "settings": { "subheading": "", "button_label": "" }
        },
        "collection_cFPdjC": {
          "type": "collection",
          "settings": { "subheading": "", "button_label": "" }
        },
        "collection_kMyAge": {
          "type": "collection",
          "settings": { "subheading": "", "button_label": "" }
        },
        "collection_FpTUJE": {
          "type": "collection",
          "settings": { "subheading": "", "button_label": "" }
        }
      },
      "block_order": [
        "collection_gjWKDf",
        "collection_cFPdjC",
        "collection_kMyAge",
        "collection_FpTUJE"
      ],
      "settings": {
        "title": "Our Other Collections",
        "enable_carousel": false,
        "grid": 4,
        "color_scheme": "default",
        "full_width": true,
        "coll_grid_image_shape": "square",
        "coll_grid_image_position": "center center",
        "coll_thumb_mob_per_row": "2",
        "coll_grid_show_count": false,
        "coll_text_position": "below",
        "coll_text_position_under_mobile": false,
        "coll_thumb_text_align_x": "center",
        "coll_thumb_text_align_y": "center",
        "coll_button_style": "primary"
      }
    },
    "rich_text_C7cjUF": {
      "type": "rich-text",
      "blocks": {
        "heading_ckjQeK": {
          "type": "heading",
          "settings": { "use_h1": false }
        },
        "text_QwrpYq": { "type": "text", "settings": {} }
      },
      "block_order": ["heading_ckjQeK", "text_QwrpYq"],
      "settings": {
        "height": "medium",
        "text_alignment": "center",
        "full_width": false,
        "color_scheme": "default"
      }
    }
  },
  "order": [
    "countdown_timer_VWqJ9K",
    "main",
    "scrolling_banner_C9JkRD",
    "featured_product_aWceA7",
    "collection_list_jyq9hx",
    "rich_text_C7cjUF"
  ]
}
