{
  "sections": {
    "rich_text_DFn7EV": {
      "type": "rich-text",
      "blocks": {
        "heading_G4inFP": {
          "type": "heading",
          "settings": {
            "title": "All Our Products",
            "use_h1": true
          }
        },
        "text_8EUpN7": {
          "type": "text",
          "settings": {
            "enlarge_text": false
          }
        }
      },
      "block_order": ["heading_G4inFP", "text_8EUpN7"],
      "settings": {
        "height": "small",
        "text_alignment": "center",
        "full_width": false,
        "color_scheme": "default"
      }
    },
    "gallery_MDeCy4": {
      "type": "gallery",
      "blocks": {
        "media_JWdRdW": {
          "type": "media",
          "settings": {
            "enlarge_media": true,
            "subheading": "",
            "title": "Collection 1",
            "button_label": "Shop Collection",
            "link": "shopify://collections/all",
            "text_alignment": "bottom left"
          }
        },
        "media_hUJzfL": {
          "type": "media",
          "settings": {
            "enlarge_media": false,
            "subheading": "",
            "title": "Collection 2",
            "button_label": "Shop Collection",
            "link": "shopify://collections/all",
            "text_alignment": "bottom left"
          }
        },
        "media_mk8fgW": {
          "type": "media",
          "settings": {
            "enlarge_media": false,
            "subheading": "",
            "title": "Collection 3",
            "button_label": "Shop collection",
            "link": "shopify://collections/all",
            "text_alignment": "bottom left"
          }
        },
        "media_6XHxwK": {
          "type": "media",
          "settings": {
            "enlarge_media": true,
            "subheading": "",
            "title": "Collection 4",
            "button_label": "Shop Collection",
            "link": "shopify://collections/all",
            "text_alignment": "bottom left"
          }
        }
      },
      "block_order": [
        "media_JWdRdW",
        "media_hUJzfL",
        "media_mk8fgW",
        "media_6XHxwK"
      ],
      "settings": {
        "grid_desktop": 2,
        "grid_mobile": "1",
        "height": "fixed",
        "desktop_image_height": 400,
        "mobile_image_height": 400,
        "title_size": 48,
        "title_size_mobile": 22,
        "enable_margin": true,
        "enable_row_spacing": false,
        "full_width": false,
        "color_scheme": "default",
        "enable_carousel": true,
        "overlay_style": "full",
        "button_style": "secondary"
      }
    },
    "main": {
      "type": "main-collection",
      "settings": {
        "show_title": false,
        "show_image_behind_heading": false,
        "heading_image_height": "huge",
        "overlay_style": "no_background",
        "coll_desc_pos": "above",
        "coll_num_per_page_int": 24,
        "grid": 3,
        "show_vendor": false,
        "show_total": true,
        "enable_filtering": true,
        "collapse_tag_sidebar_by_default": true,
        "collapse_filters_method": "none",
        "show_filter_counts": true,
        "auto_apply_hide_unavailable": false,
        "enable_sticky_filter": true,
        "filter_two_columns": true,
        "show_sort": true,
        "sort_show_featured": false,
        "sort_show_best": true,
        "sort_show_alpha": true,
        "sort_show_price": true,
        "sort_show_date": true,
        "related_collections": [],
        "related_collections_style": "gallery",
        "rel_coll_gall_aspect_ratio": "2",
        "image_position": "center center",
        "rel_coll_gall_enable_margin": true,
        "rel_coll_gall_full_width": true,
        "rel_coll_gall_overlay_style": "full image-overlay--bg-shadow",
        "rel_coll_gall_text_alignment": "bottom left",
        "rel_coll_grid_mobile": "2"
      }
    },
    "scrolling_banner_GAMDCY": {
      "type": "scrolling-banner",
      "blocks": {
        "image_CqJ8gC": {
          "type": "image",
          "settings": {
            "image_width": 130,
            "link": ""
          }
        },
        "image_FWmyPb": {
          "type": "image",
          "settings": {
            "image_width": 130,
            "link": ""
          }
        },
        "image_aBccxR": {
          "type": "image",
          "settings": {
            "image_width": 130,
            "link": ""
          }
        },
        "image_kfgH6G": {
          "type": "image",
          "settings": {
            "image_width": 130,
            "link": ""
          }
        }
      },
      "block_order": [
        "image_CqJ8gC",
        "image_FWmyPb",
        "image_aBccxR",
        "image_kfgH6G"
      ],
      "settings": {
        "full_width": true,
        "color_scheme": "default",
        "text_size": 50,
        "vertical_padding": 64,
        "speed": 20,
        "direction": "left",
        "font": "heading",
        "space": 140
      }
    },
    "image_with_text_overlay_KaDxfM": {
      "type": "image-with-text-overlay",
      "blocks": {
        "subheading_9hbrtY": {
          "type": "subheading",
          "settings": {}
        },
        "heading_bcDpbD": {
          "type": "heading",
          "settings": {
            "heading_max_width": 15,
            "title_size": 84,
            "title_size_mobile": 32,
            "use_h1": false
          }
        },
        "text_TTBRFg": {
          "type": "text",
          "settings": {
            "enlarge_text": false
          }
        },
        "button_q7kjEM": {
          "type": "button",
          "settings": {
            "button_style": "secondary"
          }
        }
      },
      "block_order": [
        "subheading_9hbrtY",
        "heading_bcDpbD",
        "text_TTBRFg",
        "button_q7kjEM"
      ],
      "settings": {
        "height": "fixed",
        "height_desktop": 600,
        "height_mobile": 460,
        "image_link": "",
        "full_width": true,
        "text_alignment": "center center",
        "mobile_overlay_under": false,
        "overlay_style": "shadow"
      }
    },
    "collection_list_8PPgT6": {
      "type": "collection-list",
      "blocks": {
        "collection_9yg96G": {
          "type": "collection",
          "settings": {}
        },
        "collection_Ew4WQG": {
          "type": "collection",
          "settings": {}
        },
        "collection_HiHMUW": {
          "type": "collection",
          "settings": {}
        },
        "collection_RKLYz9": {
          "type": "collection",
          "settings": {}
        },
        "collection_W67MwX": {
          "type": "collection",
          "settings": {}
        },
        "collection_UetyWw": {
          "type": "collection",
          "settings": {}
        }
      },
      "block_order": [
        "collection_9yg96G",
        "collection_Ew4WQG",
        "collection_HiHMUW",
        "collection_RKLYz9",
        "collection_W67MwX",
        "collection_UetyWw"
      ],
      "settings": {
        "enable_carousel": true,
        "grid": 4,
        "color_scheme": "default",
        "full_width": true,
        "coll_grid_image_shape": "portrait-23",
        "coll_grid_image_position": "center center",
        "coll_thumb_mob_per_row": "2",
        "coll_grid_show_count": false,
        "coll_text_position": "over-full image-overlay--bg-shadow",
        "coll_text_position_under_mobile": false,
        "coll_thumb_text_align_x": "center",
        "coll_thumb_text_align_y": "center",
        "coll_button_style": "primary"
      }
    }
  },
  "order": [
    "rich_text_DFn7EV",
    "gallery_MDeCy4",
    "main",
    "scrolling_banner_GAMDCY",
    "image_with_text_overlay_KaDxfM",
    "collection_list_8PPgT6"
  ]
}
