{
  "sections": {
    "custom_firework_video_BdqkkG": {
      "type": "custom_firework_video",
      "custom_css": [".videoblock {padding: 0;}"],
      "settings": {
        "mode": "pinned",
        "source": "manual",
        "manual_playlist_id": "g4Y9BM"
      }
    },
    "custom_responsive_banner_V9XweL": {
      "type": "custom_responsive_banner",
      "custom_css": [],
      "settings": {
        "left_image": "shopify://shop_images/trekking_7_se_95137093-753c-4781-ad06-8db62df71a07.jpg",
        "left_bg_size": "cover",
        "left_bg_position": "center",
        "left_tag": "Summer Sale",
        "left_tag_de": "Summer Sale",
        "left_tag_fr": "Soldes d'été",
        "left_tag_fi": "Kesäkampanja",
        "left_title": "Save up to €685",
        "left_title_de": "Sparen Sie bis zu €685",
        "left_title_fr": "Économisez jusqu'à €500",
        "left_title_fi": "Säästä jopa €500",
        "left_button": "Learn more",
        "left_button_de": "Mehr erfahren",
        "left_button_fr": "En savoir plus",
        "left_button_fi": "Lue lisää",
        "left_button_url": "shopify://pages/promotion",
        "left_button_color": "#e34a38",
        "left_button_text_color": "#ffffff",
        "left_background_color": "#ffffff",
        "right_image_1": "shopify://shop_images/20250612-155546_3ec7b967-3c3f-4095-b317-b4dffe75d772.jpg",
        "right1_bg_size": "cover",
        "right1_bg_position": "center",
        "right1_tag": "New",
        "right1_tag_de": "Neu",
        "right1_tag_fr": "Nouveau",
        "right1_tag_fi": "Uutuus",
        "right1_title": "City 7",
        "right1_title_de": "City 7",
        "right1_title_fr": "City 7",
        "right1_title_fi": "City 7",
        "right1_button": "Discover the City 7",
        "right1_button_de": "Entdecken Sie das City 7",
        "right1_button_fr": "Découvrez la City 7",
        "right1_button_fi": "Tutustu City 7:ään",
        "right1_button_url": "shopify://pages/city-collection",
        "right1_button_color": "#2b7dde",
        "right1_button_text_color": "#ffffff",
        "right1_background_color": "#ffffff",
        "right_image_2": "shopify://shop_images/Icon_d1466828-3948-4fdf-a8c2-41c2b141f3a2.png",
        "right2_bg_size": "60%",
        "right2_bg_position": "center",
        "right2_title": "Discover Hepha’s motor technology",
        "right2_title_de": "Entdecken Sie Hephas Motorentechnologie",
        "right2_title_fr": "Découvrez la technologie des moteurs Hepha",
        "right2_title_fi": "Tutustu Hepha’n moottoriteknologiaan",
        "right2_button": "Learn more",
        "right2_button_de": "Mehr erfahren",
        "right2_button_fr": "En savoir plus",
        "right2_button_fi": "Lue lisää",
        "right2_button_url": "shopify://pages/a-motor-to-overtake-the-bike-market",
        "right2_button_color": "#8cbff0",
        "right2_button_text_color": "#3077c9",
        "right2_background_color": "#2b7dde",
        "right_image_3": "shopify://shop_images/Icon_acfc53b2-7046-4b91-ba8d-0122d0a03745.png",
        "right3_bg_size": "60%",
        "right3_bg_position": "center",
        "right3_title": "Get all the latest information",
        "right3_title_de": "Erfahren Sie was es Neues gibt",
        "right3_title_fr": "Obtenir toutes les informations les plus récentes",
        "right3_title_fi": "Viimeisimmät uutiset ja tarinat",
        "right3_button": "News",
        "right3_button_de": "Neuigkeiten",
        "right3_button_fr": "Actualités",
        "right3_button_fi": "Uutiset",
        "right3_button_url": "shopify://blogs/news",
        "right3_button_color": "#8ce09d",
        "right3_button_text_color": "#66ad78",
        "right3_background_color": "#66ad78"
      }
    },
    "custom_two_colum_banner_4ViDU4": {
      "type": "custom-two-colum-banner",
      "blocks": {
        "slide_hF8U79": {
          "type": "slide",
          "settings": {
            "image": "shopify://shop_images/20250624-150245.jpg",
            "background_color": "#ffffff",
            "liquid_content4": "",
            "background_size": "cover",
            "background_position": "center",
            "background_align_items": "center",
            "background_padding_top": 0,
            "background_padding_left": 0,
            "background_padding_right": 0,
            "background_padding_bottom": 0,
            "liquid_content": "",
            "subheading_image_title_link": "",
            "subheading_image_title_position": "",
            "title_1": "",
            "title_1_de": "",
            "title_1_fr": "",
            "title_1_fi": "",
            "heading_color_1": "#000000",
            "heading_size_1": 24,
            "subheading_1": "",
            "subheading_1_de": "",
            "subheading_1_fr": "",
            "subheading_1_fi": "",
            "subheading_color_1": "#000000",
            "subheading_size_1": 16,
            "liquid_content3": "",
            "subheading_image_1_link": "",
            "subheading_image_1_position": "",
            "subheading_image_1b_position": "",
            "subheading_image_1b_link": "",
            "title_2": "",
            "title_2_de": "",
            "title_2_fr": "",
            "title_2_fi": "",
            "heading_color_2": "#000000",
            "heading_size_2": 24,
            "subheading_2": "",
            "subheading_2_de": "",
            "subheading_2_fr": "",
            "subheading_2_fi": "",
            "subheading_color_2": "#000000",
            "subheading_size_2": 16,
            "subheading_image_2_position": "",
            "subheading_image_2_link": "",
            "collection": "",
            "buttongroup_label": "",
            "buttongroup_label_de": "",
            "buttongroup_label_fr": "",
            "buttongroup_label_fi": "",
            "button_label": "",
            "button_label_de": "",
            "button_label_fr": "",
            "button_label_fi": "",
            "link": "",
            "button_color": "#007bff",
            "button2_label": "",
            "button2_label_de": "",
            "button2_label_fr": "",
            "button2_label_fi": "",
            "link2": "",
            "link2_de": "",
            "link2_fr": "",
            "link2_fi": "",
            "button2_color": "#007bff",
            "button_text_color": "#ffffff",
            "column_1title": "",
            "column_1title_de": "",
            "column_1title_fr": "",
            "column_1title_fi": "",
            "column_1description": "",
            "column_1description_de": "",
            "column_1description_fr": "",
            "column_1description_fi": "",
            "column_2title": "",
            "column_2title_de": "",
            "column_2title_fr": "",
            "column_2title_fi": "",
            "column_2description": "",
            "column_2description_de": "",
            "column_2description_fr": "",
            "column_2description_fi": "",
            "column_3title": "",
            "column_3title_de": "",
            "column_3title_fr": "",
            "column_3title_fi": "",
            "column_3description": "",
            "column_3description_de": "",
            "column_3description_fr": "",
            "column_3description_fi": "",
            "column_4title": "",
            "column_4title_de": "",
            "column_4title_fr": "",
            "column_4title_fi": "",
            "column_4description": "",
            "column_4description_de": "",
            "column_4description_fr": "",
            "column_4description_fi": "",
            "liquid_content2": "",
            "liquid_content5": ""
          }
        },
        "slide_DyCNy8": {
          "type": "slide",
          "settings": {
            "background_color": "#e391a6",
            "liquid_content4": "",
            "background_size": "cover",
            "background_position": "center",
            "background_align_items": "center",
            "background_padding_top": 0,
            "background_padding_left": 0,
            "background_padding_right": 0,
            "background_padding_bottom": 20,
            "liquid_content": "",
            "subheading_image_title_link": "",
            "subheading_image_title_position": "",
            "title_1": "<p>Visit us at Eurobike 2025 – </p><p>test, ride, celebrate!</p>",
            "title_1_de": "<p>Besuche uns auf der EUROBIKE 2025 –</p><p> Test, Ride, Celebrate!</p>",
            "title_1_fr": "",
            "title_1_fi": "",
            "heading_color_1": "#ffffff",
            "heading_size_1": 40,
            "subheading_1": "<p>Halle 12.0/A21, Frankfurt Messe, Jun 27-29, 2025</p><p><strong>Livestream: </strong>Friday, June 27, at 4 pm</p>",
            "subheading_1_de": "<p>Halle 12.0/A21, Frankfurt Messe, Jun 27-29, 2025</p><p><strong>Livestream: </strong>Freitag, 27. Juni, um 16 Uhr</p>",
            "subheading_1_fr": "",
            "subheading_1_fi": "",
            "subheading_color_1": "#ffffff",
            "subheading_size_1": 20,
            "liquid_content3": "",
            "subheading_image_1_link": "",
            "subheading_image_1_position": "",
            "subheading_image_1b_position": "",
            "subheading_image_1b_link": "",
            "title_2": "",
            "title_2_de": "",
            "title_2_fr": "",
            "title_2_fi": "",
            "heading_color_2": "#000000",
            "heading_size_2": 24,
            "subheading_2": "",
            "subheading_2_de": "",
            "subheading_2_fr": "",
            "subheading_2_fi": "",
            "subheading_color_2": "#ffffff",
            "subheading_size_2": 18,
            "subheading_image_2_position": "",
            "subheading_image_2_link": "",
            "collection": "",
            "buttongroup_label": "",
            "buttongroup_label_de": "",
            "buttongroup_label_fr": "",
            "buttongroup_label_fi": "",
            "button_label": "Learn more",
            "button_label_de": "Mehr erfahren",
            "button_label_fr": "",
            "button_label_fi": "",
            "link": "shopify://pages/events-eurobike-2025",
            "button_color": "#ffe0e8",
            "button2_label": "",
            "button2_label_de": "",
            "button2_label_fr": "",
            "button2_label_fi": "",
            "link2": "",
            "link2_de": "",
            "link2_fr": "",
            "link2_fi": "",
            "button2_color": "#007bff",
            "button_text_color": "#e391a6",
            "column_1title": "",
            "column_1title_de": "",
            "column_1title_fr": "",
            "column_1title_fi": "",
            "column_1description": "",
            "column_1description_de": "",
            "column_1description_fr": "",
            "column_1description_fi": "",
            "column_2title": "",
            "column_2title_de": "",
            "column_2title_fr": "",
            "column_2title_fi": "",
            "column_2description": "",
            "column_2description_de": "",
            "column_2description_fr": "",
            "column_2description_fi": "",
            "column_3title": "",
            "column_3title_de": "",
            "column_3title_fr": "",
            "column_3title_fi": "",
            "column_3description": "",
            "column_3description_de": "",
            "column_3description_fr": "",
            "column_3description_fi": "",
            "column_4title": "",
            "column_4title_de": "",
            "column_4title_fr": "",
            "column_4title_fi": "",
            "column_4description": "",
            "column_4description_de": "",
            "column_4description_fr": "",
            "column_4description_fi": "",
            "liquid_content2": "",
            "liquid_content5": ""
          }
        }
      },
      "block_order": ["slide_hF8U79", "slide_DyCNy8"],
      "custom_css": [
        ".two-column-slide__heading p,.two-column-slide__text p {margin: 0 !important; text-align: left !important;}",
        "@media (max-width: 768px) {.two-column-slide {min-height: 500px !important; } .two-column-slide__heading {font-size: 34px !important; line-height: 40px !important; } .two-column-slide__text {font-size: 16px !important; line-height: 24px !important; } .two-column-slide {background-size: cover !important; }}"
      ],
      "settings": {
        "section_id": "",
        "mobile_font_size_heading": 30,
        "mobile_line_height_heading": 36,
        "mobile_font_size_text": 16,
        "mobile_line_height_text": 24,
        "mobile_slide_padding_top": 60
      }
    },
    "custom_liquid_97nN63": {
      "type": "custom-liquid",
      "settings": {
        "full_width": true,
        "show_space": false,
        "code": "<style>\n#shopify-section-template--23819169005836__custom_responsive_banner_V9XweL .custom-banner-left .custom-banner-module {\n  justify-content: flex-start;\n}\n\n@media (max-width: 768px) {\n\n.custom-module-title {\n        white-space: nowrap;\n    }\n  #shopify-section-template--23819169005836__custom_responsive_banner_V9XweL .custom-banner-left,\n  #shopify-section-template--23819169005836__custom_responsive_banner_V9XweL .custom-banner-right {\n    height: 670px !important;\n  }\n\n  #shopify-section-template--23819169005836__custom_responsive_banner_V9XweL .custom-banner-left .custom-banner-module {\n    background-image: url(https://cdn.shopify.com/s/files/1/0560/0080/6985/files/20250613-095356_6b280023-d77a-4285-a80d-4781d1a6ab48.jpg?v=1749780472) !important;\n        justify-content: flex-end;\n  }\n\n  #shopify-section-template--23819169005836__custom_responsive_banner_V9XweL .custom-banner-right-row .custom-banner-module:first-of-type {\n    background-image: url(https://cdn.shopify.com/s/files/1/0560/0080/6985/files/20250612-155546_a0e66c3e-216e-4e8a-8e36-f95bbcb6883b.jpg?v=1749779468) !important;\n  }\n}\n</style>"
      }
    },
    "custom_bikeslideshow_T9e6pt": {
      "type": "custom-bikeslideshow",
      "blocks": {
        "bikeslide_fwMPfd": {
          "type": "bikeslide",
          "settings": {
            "image": "shopify://shop_images/HEPHA_MY24_Trekking7_Performance_HighStep_3_7ac05b7a-b405-4c23-9b42-af07e87b0806.webp",
            "title": "Trekking 7",
            "title_de": "Trekking 7",
            "title_fr": "Trekking 7",
            "title_fi": "Trekking 7",
            "description": "When design conquers the city.",
            "description_de": "Wenn das Design die Stadt erobert.",
            "description_fr": "Quand le design conquiert la ville.",
            "description_fi": "Kun tyyli valloittaa kaupungin.",
            "salestag_1": "",
            "salestag_1_de": "",
            "salestag_1_fr": "",
            "salestag_1_fi": "",
            "salestag_2": "",
            "salestag_2_de": "",
            "salestag_2_fr": "",
            "salestag_2_fi": "",
            "salestag_3": "",
            "salestag_3_de": "",
            "salestag_3_fr": "",
            "salestag_3_fi": "",
            "background_color": "#e8e1d1",
            "link": "shopify://pages/trekking-7-new",
            "btntext": "Discover the Trekking 7",
            "btntext_de": "Entdecken Sie das Trekking 7",
            "btntext_fr": "Découvrez le Trekking 7",
            "btntext_fi": "Tutustu Trekking 7-malliin",
            "btn_text_color": "#ffffff",
            "btn_background_color": "#f2a112"
          }
        },
        "bikeslide_tU7jeC": {
          "type": "bikeslide",
          "settings": {
            "image": "shopify://shop_images/HEPHA_MY24_Mountain-7_Ultra_Blue-Grey_Hardtail_01_Focus.png",
            "title": "Mountain 7",
            "title_de": "Mountain 7",
            "title_fr": "Mountain 7",
            "title_fi": "Mountain 7",
            "description": "The sporty hardtail to reconnect with nature.",
            "description_de": "Das sportliche Hardtail, um mit der Natur in Kontakt zu kommen.",
            "description_fr": "Le hardtail sportif pour renouer avec la nature.",
            "description_fi": "Urheilullinen hardtail-pyörä, joka johdattaa sinut takaisin luonnon ääreen.",
            "salestag_1": "",
            "salestag_1_de": "",
            "salestag_1_fr": "",
            "salestag_1_fi": "",
            "salestag_2": "",
            "salestag_2_de": "",
            "salestag_2_fr": "",
            "salestag_2_fi": "",
            "salestag_3": "",
            "salestag_3_de": "",
            "salestag_3_fr": "",
            "salestag_3_fi": "",
            "background_color": "#c4dae3",
            "link": "shopify://pages/mountain-7",
            "btntext": "Discover the Mountain 7",
            "btntext_de": "Entdecken Sie das Mountain 7",
            "btntext_fr": "Découvrez le Mountain 7",
            "btntext_fi": "Tutustu Mountain 7-malliin",
            "btn_text_color": "#ffffff",
            "btn_background_color": "#f2a112"
          }
        },
        "bikeslide_U3UBrz": {
          "type": "bikeslide",
          "settings": {
            "image": "shopify://shop_images/Frame_161.png",
            "title": "Mountain 7 Carbon",
            "title_de": "Mountain 7 Carbon",
            "title_fr": "Mountain 7 Carbon",
            "title_fi": "Mountain 7 Carbon",
            "description": "Pure dynamics for touring, trail & co. Up to 100 Nm and 804 Wh at just 22.4 kg - and at a price where others are just starting out.",
            "description_de": "Pure Dynamik für Touring, Trail & Co. Bis zu 100 Nm und 804 Wh bei nur 22,4 kg - und das zu einem Preis, bei dem andere gerade erst anfangen.",
            "description_fr": "La dynamique à l'état pur pour le touring, le trail & co. Jusqu'à 100 Nm et 804 Wh pour seulement 22,4 kg - et à un prix où d'autres commencent à peine.",
            "description_fi": "Puhdasta dynamiikkaa ja keveyttä metsäpolkujen valloitukseen sekä muuhun. Vain 22,4 kg painoa, jopa 100 Nm vääntöä ja 804 Wh akkukapasitettia - ja hintaan, josta muut vasta lähtevät liikkeelle.",
            "salestag_1": "",
            "salestag_1_de": "",
            "salestag_1_fr": "",
            "salestag_1_fi": "",
            "salestag_2": "",
            "salestag_2_de": "",
            "salestag_2_fr": "",
            "salestag_2_fi": "",
            "salestag_3": "",
            "salestag_3_de": "",
            "salestag_3_fr": "",
            "salestag_3_fi": "",
            "background_color": "#c2d0e3",
            "link": "shopify://pages/mountain-7-carbon",
            "btntext": "Discover the Mountain 7 Carbon",
            "btntext_de": "Entdecken Sie das Mountain 7 Carbon",
            "btntext_fr": "Découvrez le Mountain 7 Carbon",
            "btntext_fi": "Tutustu Mountain 7 Carbon-malliin",
            "btn_text_color": "#ffffff",
            "btn_background_color": "#698aa8"
          }
        }
      },
      "block_order": [
        "bikeslide_fwMPfd",
        "bikeslide_tU7jeC",
        "bikeslide_U3UBrz"
      ],
      "settings": {}
    },
    "custom_two_colum_banner_yjTCPV": {
      "type": "custom-two-colum-banner",
      "blocks": {
        "slide_xdAeGt": {
          "type": "slide",
          "settings": {
            "background_color": "#e391a6",
            "liquid_content4": "",
            "background_size": "cover",
            "background_position": "center",
            "background_align_items": "center",
            "background_padding_top": 0,
            "background_padding_left": 0,
            "background_padding_right": 0,
            "background_padding_bottom": 0,
            "liquid_content": "",
            "subheading_image_title_link": "",
            "subheading_image_title_position": "",
            "title_1": "<p>Monitor your E-Bike using Hepha’s App</p>",
            "title_1_de": "<p>Überwachen Sie Ihr E-Bike mit der Hepha-App</p>",
            "title_1_fr": "<p>Surveillez votre vélo électrique à l'aide de l'application Hepha</p>",
            "title_1_fi": "<p>HEPHA-sovellus – Älykäs kumppani sähköpyörällesi</p>",
            "heading_color_1": "#ffffff",
            "heading_size_1": 46,
            "subheading_1": "<p>Experience the full potential of your HEPHA E-Bike with the free app: record rides, configure your pedelec and get help with questions.</p>",
            "subheading_1_de": "<p>Erleben Sie das volle Potenzial Ihres HEPHA E-Bikes mit der kostenlosen App: Fahrten aufzeichnen, Ihr Pedelec konfigurieren und Hilfe bei Fragen erhalten.</p>",
            "subheading_1_fr": "<p>Découvrez tout le potentiel de votre vélo électrique HEPHA grâce à l'application gratuite : enregistrez vos trajets, configurez votre vélo et obtenez de l'aide en cas de questions.</p>",
            "subheading_1_fi": "<p>Ota HEPHA-sähköpyöräsi koko potentiaali käyttöön ilmaisella mobiilisovelluksella: tallenna ajosi, konfiguroi moottorin avustustasot ja löydä apua tukipalvelusta.</p>",
            "subheading_color_1": "#ffffff",
            "subheading_size_1": 18,
            "liquid_content3": "",
            "subheading_image_1_link": "",
            "subheading_image_1_position": "",
            "subheading_image_1b_position": "",
            "subheading_image_1b_link": "",
            "title_2": "",
            "title_2_de": "",
            "title_2_fr": "",
            "title_2_fi": "",
            "heading_color_2": "#000000",
            "heading_size_2": 24,
            "subheading_2": "",
            "subheading_2_de": "",
            "subheading_2_fr": "",
            "subheading_2_fi": "",
            "subheading_color_2": "#000000",
            "subheading_size_2": 16,
            "subheading_image_2_position": "",
            "subheading_image_2_link": "",
            "collection": "",
            "buttongroup_label": "",
            "buttongroup_label_de": "",
            "buttongroup_label_fr": "",
            "buttongroup_label_fi": "",
            "button_label": "Discover Hepha’s App",
            "button_label_de": "Entdecken Sie die Hepha-App",
            "button_label_fr": "Découvrez l'application Hepha",
            "button_label_fi": "Tutustu Hephan sovellukseen",
            "link": "shopify://pages/app",
            "button_color": "#ffe0e8",
            "button2_label": "",
            "button2_label_de": "",
            "button2_label_fr": "",
            "button2_label_fi": "",
            "link2": "",
            "link2_de": "",
            "link2_fr": "",
            "link2_fi": "",
            "button2_color": "#007bff",
            "button_text_color": "#e391a6",
            "column_1title": "",
            "column_1title_de": "",
            "column_1title_fr": "",
            "column_1title_fi": "",
            "column_1description": "",
            "column_1description_de": "",
            "column_1description_fr": "",
            "column_1description_fi": "",
            "column_2title": "",
            "column_2title_de": "",
            "column_2title_fr": "",
            "column_2title_fi": "",
            "column_2description": "",
            "column_2description_de": "",
            "column_2description_fr": "",
            "column_2description_fi": "",
            "column_3title": "",
            "column_3title_de": "",
            "column_3title_fr": "",
            "column_3title_fi": "",
            "column_3description": "",
            "column_3description_de": "",
            "column_3description_fr": "",
            "column_3description_fi": "",
            "column_4title": "",
            "column_4title_de": "",
            "column_4title_fr": "",
            "column_4title_fi": "",
            "column_4description": "",
            "column_4description_de": "",
            "column_4description_fr": "",
            "column_4description_fi": "",
            "liquid_content2": "",
            "liquid_content5": ""
          }
        },
        "slide_F8EC8H": {
          "type": "slide",
          "settings": {
            "image": "shopify://shop_images/Frame_22_978f0b89-d324-4376-87f4-2da68cf00e93.png",
            "background_color": "#e5e5e5",
            "liquid_content4": "",
            "background_size": "cover",
            "background_position": "top",
            "background_align_items": "center",
            "background_padding_top": 0,
            "background_padding_left": 0,
            "background_padding_right": 0,
            "background_padding_bottom": 0,
            "liquid_content": "",
            "subheading_image_title_link": "",
            "subheading_image_title_position": "",
            "title_1": "",
            "title_1_de": "",
            "title_1_fr": "",
            "title_1_fi": "",
            "heading_color_1": "#000000",
            "heading_size_1": 24,
            "subheading_1": "",
            "subheading_1_de": "",
            "subheading_1_fr": "",
            "subheading_1_fi": "",
            "subheading_color_1": "#000000",
            "subheading_size_1": 16,
            "liquid_content3": "",
            "subheading_image_1_link": "",
            "subheading_image_1_position": "",
            "subheading_image_1b_position": "",
            "subheading_image_1b_link": "",
            "title_2": "",
            "title_2_de": "",
            "title_2_fr": "",
            "title_2_fi": "",
            "heading_color_2": "#000000",
            "heading_size_2": 24,
            "subheading_2": "",
            "subheading_2_de": "",
            "subheading_2_fr": "",
            "subheading_2_fi": "",
            "subheading_color_2": "#000000",
            "subheading_size_2": 16,
            "subheading_image_2_position": "",
            "subheading_image_2_link": "",
            "collection": "",
            "buttongroup_label": "",
            "buttongroup_label_de": "",
            "buttongroup_label_fr": "",
            "buttongroup_label_fi": "",
            "button_label": "",
            "button_label_de": "",
            "button_label_fr": "",
            "button_label_fi": "",
            "link": "",
            "button_color": "#007bff",
            "button2_label": "",
            "button2_label_de": "",
            "button2_label_fr": "",
            "button2_label_fi": "",
            "link2": "",
            "link2_de": "",
            "link2_fr": "",
            "link2_fi": "",
            "button2_color": "#007bff",
            "button_text_color": "#ffffff",
            "column_1title": "",
            "column_1title_de": "",
            "column_1title_fr": "",
            "column_1title_fi": "",
            "column_1description": "",
            "column_1description_de": "",
            "column_1description_fr": "",
            "column_1description_fi": "",
            "column_2title": "",
            "column_2title_de": "",
            "column_2title_fr": "",
            "column_2title_fi": "",
            "column_2description": "",
            "column_2description_de": "",
            "column_2description_fr": "",
            "column_2description_fi": "",
            "column_3title": "",
            "column_3title_de": "",
            "column_3title_fr": "",
            "column_3title_fi": "",
            "column_3description": "",
            "column_3description_de": "",
            "column_3description_fr": "",
            "column_3description_fi": "",
            "column_4title": "",
            "column_4title_de": "",
            "column_4title_fr": "",
            "column_4title_fi": "",
            "column_4description": "",
            "column_4description_de": "",
            "column_4description_fr": "",
            "column_4description_fi": "",
            "liquid_content2": "",
            "liquid_content5": ""
          }
        }
      },
      "block_order": ["slide_xdAeGt", "slide_F8EC8H"],
      "custom_css": [
        ".two-column-slide__heading p,.two-column-slide__text p {margin: 0 !important; text-align: left !important;}",
        "@media (max-width: 768px) {.two-column-slide {min-height: 500px !important; } .two-column-slide__heading {font-size: 34px !important; line-height: 40px !important; } .two-column-slide__text {font-size: 16px !important; line-height: 24px !important; } .two-column-slide {background-size: cover !important; }}"
      ],
      "settings": {
        "section_id": "",
        "mobile_font_size_heading": 30,
        "mobile_line_height_heading": 42,
        "mobile_font_size_text": 16,
        "mobile_line_height_text": 24,
        "mobile_slide_padding_top": 30
      }
    },
    "custom_two_colum_banner_zUCAWm": {
      "type": "custom-two-colum-banner",
      "blocks": {
        "slide_zhJjQj": {
          "type": "slide",
          "settings": {
            "image": "shopify://shop_images/P101C_839cdcff-314d-4c5c-90fa-2a4130915aab.png",
            "background_color": "#ffffff",
            "liquid_content4": "",
            "background_size": "cover",
            "background_position": "center",
            "background_align_items": "center",
            "background_padding_top": 0,
            "background_padding_left": 0,
            "background_padding_right": 0,
            "background_padding_bottom": 0,
            "liquid_content": "",
            "subheading_image_title_link": "",
            "subheading_image_title_position": "",
            "title_1": "",
            "title_1_de": "",
            "title_1_fr": "",
            "title_1_fi": "",
            "heading_color_1": "#000000",
            "heading_size_1": 24,
            "subheading_1": "",
            "subheading_1_de": "",
            "subheading_1_fr": "",
            "subheading_1_fi": "",
            "subheading_color_1": "#000000",
            "subheading_size_1": 16,
            "liquid_content3": "",
            "subheading_image_1_link": "",
            "subheading_image_1_position": "",
            "subheading_image_1b_position": "",
            "subheading_image_1b_link": "",
            "title_2": "",
            "title_2_de": "",
            "title_2_fr": "",
            "title_2_fi": "",
            "heading_color_2": "#000000",
            "heading_size_2": 24,
            "subheading_2": "",
            "subheading_2_de": "",
            "subheading_2_fr": "",
            "subheading_2_fi": "",
            "subheading_color_2": "#000000",
            "subheading_size_2": 16,
            "subheading_image_2_position": "",
            "subheading_image_2_link": "",
            "collection": "",
            "buttongroup_label": "",
            "buttongroup_label_de": "",
            "buttongroup_label_fr": "",
            "buttongroup_label_fi": "",
            "button_label": "",
            "button_label_de": "",
            "button_label_fr": "",
            "button_label_fi": "",
            "link": "",
            "button_color": "#007bff",
            "button2_label": "",
            "button2_label_de": "",
            "button2_label_fr": "",
            "button2_label_fi": "",
            "link2": "",
            "link2_de": "",
            "link2_fr": "",
            "link2_fi": "",
            "button2_color": "#007bff",
            "button_text_color": "#ffffff",
            "column_1title": "",
            "column_1title_de": "",
            "column_1title_fr": "",
            "column_1title_fi": "",
            "column_1description": "",
            "column_1description_de": "",
            "column_1description_fr": "",
            "column_1description_fi": "",
            "column_2title": "",
            "column_2title_de": "",
            "column_2title_fr": "",
            "column_2title_fi": "",
            "column_2description": "",
            "column_2description_de": "",
            "column_2description_fr": "",
            "column_2description_fi": "",
            "column_3title": "",
            "column_3title_de": "",
            "column_3title_fr": "",
            "column_3title_fi": "",
            "column_3description": "",
            "column_3description_de": "",
            "column_3description_fr": "",
            "column_3description_fi": "",
            "column_4title": "",
            "column_4title_de": "",
            "column_4title_fr": "",
            "column_4title_fi": "",
            "column_4description": "",
            "column_4description_de": "",
            "column_4description_fr": "",
            "column_4description_fi": "",
            "liquid_content2": "",
            "liquid_content5": ""
          }
        },
        "slide_cFCT6r": {
          "type": "slide",
          "settings": {
            "background_color": "#ffc43d",
            "liquid_content4": "",
            "background_size": "cover",
            "background_position": "center",
            "background_align_items": "center",
            "background_padding_top": 0,
            "background_padding_left": 0,
            "background_padding_right": 0,
            "background_padding_bottom": 20,
            "liquid_content": "",
            "subheading_image_title_link": "",
            "subheading_image_title_position": "",
            "title_1": "<p>We mastered the master component.</p>",
            "title_1_de": "<p>Wir haben die Master-Komponente gemeistert.</p>",
            "title_1_fr": "<p>Nous avons maîtrisé le composant principal.</p>",
            "title_1_fi": "<p>Pääkomponenttimme on jopa entistäkin parempi.</p>",
            "heading_color_1": "#f2a112",
            "heading_size_1": 46,
            "subheading_1": "<p>The new version of our drive unit, the P101, is now even better than last year's drive unit. The crank mount now complies with international standards and the software language is also more compatible. There is also the option of coupling more assistance systems and a new design.</p>",
            "subheading_1_de": "<p>Die neue Version unserer Antriebseinheit, die P101, ist jetzt noch besser als die Antriebseinheit des letzten Jahres. Die Kurbelaufhängung entspricht jetzt den internationalen Standards und auch die Software-Sprache ist kompatibler. Außerdem gibt es die Möglichkeit, mehr Assistenzsysteme zu koppeln und ein neues Design.</p>",
            "subheading_1_fr": "<p>La nouvelle version de notre unité d'entraînement, le P101, est encore plus performante que celle de l'année dernière. Le support de manivelle est désormais conforme aux normes internationales et le langage logiciel est également plus compatible. Il est également possible de coupler davantage de systèmes d'assistance et le design a été revu.</p><p></p><p></p>",
            "subheading_1_fi": "<p>Yhtenä harvoista sähköpyörävalmistajista käytämme mallistossamme itse kehittämäämme moottorijärjestelmää, joka on lähes viiden vuoden kehitystyön, ja noin 100:n insinöörin suunnittelutyön lopputulos. Uusin versio, P101, on nyt entistäkin parempi, ja sisältää lukuisia innovatiivisia ominaisuuksia.</p>",
            "subheading_color_1": "#ffffff",
            "subheading_size_1": 18,
            "liquid_content3": "",
            "subheading_image_1_link": "",
            "subheading_image_1_position": "",
            "subheading_image_1b_position": "",
            "subheading_image_1b_link": "",
            "title_2": "",
            "title_2_de": "",
            "title_2_fr": "",
            "title_2_fi": "",
            "heading_color_2": "#000000",
            "heading_size_2": 24,
            "subheading_2": "<p>The 2.8 kg motor is available in three power levels with a maximum of 80, 90 and an incredible 100 Nm.</p>",
            "subheading_2_de": "<p>Der 2,8 kg schwere Motor ist in drei Leistungsstufen mit einem Maximum von 80, 90 und unglaublichen 100 Nm erhältlich.</p>",
            "subheading_2_fr": "<p>Le moteur de 2,8 kg est disponible en trois niveaux de puissance avec un maximum de 80, 90 et un incroyable 100 Nm.</p>",
            "subheading_2_fi": "<p>Vain 2.8 kg painava moottoriyksikkö on saatavilla kolmella eri moottorin tehotasolla, 80 Nm, 90 Nm ja jopa uskomattomat 100 Nm.</p>",
            "subheading_color_2": "#ffffff",
            "subheading_size_2": 18,
            "subheading_image_2_position": "",
            "subheading_image_2_link": "",
            "collection": "",
            "buttongroup_label": "",
            "buttongroup_label_de": "",
            "buttongroup_label_fr": "",
            "buttongroup_label_fi": "",
            "button_label": "Discover Hepha’s motor",
            "button_label_de": "Entdecken Sie Hephas Motor",
            "button_label_fr": "Découvrez le moteur Hepha",
            "button_label_fi": "Tutustu lisää Hephan moottoriin",
            "link": "shopify://pages/a-motor-to-overtake-the-bike-market",
            "button_color": "#f2a112",
            "button2_label": "",
            "button2_label_de": "",
            "button2_label_fr": "",
            "button2_label_fi": "",
            "link2": "",
            "link2_de": "",
            "link2_fr": "",
            "link2_fi": "",
            "button2_color": "#007bff",
            "button_text_color": "#ffffff",
            "column_1title": "",
            "column_1title_de": "",
            "column_1title_fr": "",
            "column_1title_fi": "",
            "column_1description": "",
            "column_1description_de": "",
            "column_1description_fr": "",
            "column_1description_fi": "",
            "column_2title": "",
            "column_2title_de": "",
            "column_2title_fr": "",
            "column_2title_fi": "",
            "column_2description": "",
            "column_2description_de": "",
            "column_2description_fr": "",
            "column_2description_fi": "",
            "column_3title": "",
            "column_3title_de": "",
            "column_3title_fr": "",
            "column_3title_fi": "",
            "column_3description": "",
            "column_3description_de": "",
            "column_3description_fr": "",
            "column_3description_fi": "",
            "column_4title": "",
            "column_4title_de": "",
            "column_4title_fr": "",
            "column_4title_fi": "",
            "column_4description": "",
            "column_4description_de": "",
            "column_4description_fr": "",
            "column_4description_fi": "",
            "liquid_content2": "",
            "liquid_content5": ""
          }
        }
      },
      "block_order": ["slide_zhJjQj", "slide_cFCT6r"],
      "custom_css": [
        ".two-column-slide__heading p,.two-column-slide__text p {margin: 0 !important; text-align: left !important;}",
        "@media (max-width: 768px) {.two-column-slide__heading {font-size: 34px !important; line-height: 40px !important; } .two-column-slide__text {font-size: 16px !important; line-height: 24px !important; } .two-column-slide__content {padding: 40px 0; } .two-column-slides {flex-direction: column-reverse !important; }}"
      ],
      "settings": {
        "section_id": "",
        "mobile_font_size_heading": 30,
        "mobile_line_height_heading": 36,
        "mobile_font_size_text": 16,
        "mobile_line_height_text": 24,
        "mobile_slide_padding_top": 60
      }
    },
    "custom_product_tab_test_m9aDPj": {
      "type": "custom-product-tab-new",
      "custom_css": [
        "@media (max-width: 768px) {.explore-title {margin-left: 0; padding: 20px; }}"
      ],
      "settings": {
        "title": "Explore more HEPHA E-Bikes",
        "title_de": "Entdecken Sie mehr HEPHA E-Bikes",
        "title_fr": "Découvrez d'autres vélos électriques HEPHA",
        "title_fi": "Tutustu lisää HEPHA E-Bike-malleihin",
        "image": "shopify://shop_images/HEPHA-Trekking7_01_grey_7ff138ad-9f41-4981-b752-1bd80fee72c0.jpg",
        "background_color": "#ffffff",
        "background_position": "center center",
        "background_size": "cover",
        "background_align_items": "flex-start",
        "background_padding_top": 20,
        "background_padding_right": 20,
        "background_padding_bottom": 20,
        "background_padding_left": 20,
        "ad_link": "shopify://collections/hepha-ebikes",
        "ad_button_color": "#000000",
        "ad_button_text_color": "#ffffff",
        "title_1": "<p>Not sure which E-Bike is right for you? Discover and compare our full range of E-Bikes to find the perfect model for your adventures.</p>",
        "title_1_de": "<p>Nicht sicher, welches E-Bike das richtige für Sie ist? Entdecken und vergleichen Sie unser gesamtes Sortiment an E-Bikes, um das perfekte Modell für Ihre Abenteuer zu finden.</p>",
        "title_1_fr": "<p>Vous n’êtes pas sûr de quel vélo électrique est fait pour vous ? Découvrez et comparez notre gamme complète de vélos électriques pour trouver le modèle parfait pour vos aventures.</p>",
        "title_1_fi": "<p>Etkö ole varma, mikä sähköpyörämalli sopii sinulle? Tutustu ja vertaa koko valikoimaamme löytääksesi täydellisen pyörän omaan käyttötarkoitukseesi.</p>",
        "heading_color_1": "#ffffff",
        "heading_size_1": 18,
        "button_label": "Explore all E-Bikes!",
        "button_label_de": "Entdecke alle E-Bikes!",
        "button_label_fr": "Découvrez tous modèles !",
        "button_label_fi": "Tutki koko mallistoa!",
        "product_source_trekking7ltd": "collection",
        "trekking7ltd_collection": "trekking-7-my23",
        "trekking7ltd_products": [],
        "product_source_trekking7": "collection",
        "trekking7_collection": "new-bike-2024",
        "trekking7_products": [],
        "product_source_mountain7": "collection",
        "mountain7_collection": "mountain-7-2024",
        "mountain7_products": [],
        "product_source_mountain7carbon": "collection",
        "mountain7carbon_collection": "mountain-7-carbon",
        "mountain7carbon_products": [],
        "product_source_city7": "collection",
        "city7_collection": "city-e-bike",
        "city7_products": [],
        "show_description": true
      }
    },
    "news_sildeshow_HVwpi3": {
      "type": "news_sildeshow",
      "blocks": {
        "customslide_Riy6wi": {
          "type": "customslide",
          "disabled": true,
          "settings": {
            "image": "shopify://shop_images/Frame_159_f8d7b33d-0770-404c-a46b-753968c558fa.jpg",
            "title": "Get Ready to Roll: HEPHA E-Bike's April Events!",
            "title_de": "Mach dich bereit zum Fahren: HEPHA E-Bike's April-Events!",
            "title_fr": "Préparez-vous à rouler : Les événements d'avril de HEPHA E-Bike !",
            "title_fi": "",
            "description": "HEPHA E-Bike is gearing up for an exhilarating April, packed with three incredible events across Germany and Austria. We’re excited to showcase our latest e-bike models and connect with dealers and riders alike. Join us at the trade fair for exclusive offers, test our latest models, and receive expert consultation to find your perfect e-bike!",
            "description_de": "HEPHA E-Bike bereitet sich auf einen aufregenden April vor, der mit drei unglaublichen Veranstaltungen in Deutschland und Österreich gefüllt ist. Wir freuen uns, unsere neuesten E-Bike-Modelle zu präsentieren und mit Händlern sowie Fahrern in Kontakt zu treten. Besuchen Sie uns auf der Messe für exklusive Angebote, testen Sie unsere neuesten Modelle und erhalten Sie eine fachkundige Beratung, um Ihr perfektes E-Bike zu finden!",
            "description_fr": "HEPHA E-Bike se prépare pour un mois d'avril palpitant, avec trois événements incroyables à travers l'Allemagne et l'Autriche. Nous sommes ravis de présenter nos derniers modèles de vélos électriques et de nous connecter avec les revendeurs et les cyclistes. Rejoignez-nous lors de la foire commerciale pour des offres exclusives, testez nos derniers modèles et bénéficiez de conseils d'experts pour trouver votre vélo électrique parfait !",
            "description_fi": "",
            "description_richtext": "<p>March 28, 2025</p>",
            "description_richtext_de": "<p>28. März 2025</p>",
            "description_richtext_fr": "<p>28 mars 2025</p>",
            "description_richtext_fi": "",
            "link": "shopify://blogs/news/get-ready-to-roll-hepha-e-bikes-april-events"
          }
        },
        "customslide_3XW9QA": {
          "type": "customslide",
          "disabled": true,
          "settings": {
            "image": "shopify://shop_images/Frame_30.png",
            "title": "Test an E-Bike: Meet HEPHA at the most exciting fairs in March!",
            "title_de": "E-Bike testen: Treffen Sie HEPHA auf den spannendsten Messen im März!",
            "title_fr": "Testez un vélo électrique : Rencontrez HEPHA lors des foires les plus passionnantes en mars !",
            "title_fi": "",
            "description": "Test an E-Bike: Meet HEPHA at the most exciting fairs in March!\nSpring is calling, and we’re answering with full power! HEPHA is on the road at the biggest E-Bike fairs in Germany and Austria. Perfect for anyone who wants to test an E-Bike and experience our latest models live. Visit us, enjoy test rides, and grab exclusive fair discounts!",
            "description_de": "E-Bike testen: Treffen Sie HEPHA auf den spannendsten Messen im März!\nDer Frühling ruft, und wir antworten mit voller Power! HEPHA ist auf den größten E-Bike-Messen in Deutschland und Österreich unterwegs. Perfekt für alle, die ein E-Bike testen und unsere neuesten Modelle live erleben wollen. Besuchen Sie uns, genießen Sie Probefahrten und sichern Sie sich exklusive Messe-Angebote!.",
            "description_fr": "Tester un E-Bike : Rencontrez HEPHA lors des foires les plus passionnantes en mars !\n\nLe printemps appelle, et nous répondons avec toute notre puissance ! HEPHA est sur la route lors des plus grandes foires de l'E-Bike en Allemagne et en Autriche. Parfait pour tous ceux qui souhaitent tester un E-Bike et découvrir nos derniers modèles en direct. Venez nous rendre visite, profitez des essais et bénéficiez de remises exclusives lors des foires !",
            "description_fi": "",
            "description_richtext": "<p>March 14, 2025</p>",
            "description_richtext_de": "<p>14. März 2025</p>",
            "description_richtext_fr": "<p>14 mars 2025</p>",
            "description_richtext_fi": "",
            "link": "shopify://blogs/news/e-bike-fairs-march-2025"
          }
        },
        "customslide_ErJpXr": {
          "type": "customslide",
          "settings": {
            "image": "shopify://shop_images/Frame_179_a6521abf-7383-46a9-8002-cfcad6163cd3.jpg",
            "title": "Eurobike Award: P100 combines power and impressive range with lightness and compact size",
            "title_de": "Eurobike Award: P100 vereint Leistungsstärke und eindrückliche Reichweite mit Leichtigkeit und kompakter Größe",
            "title_fr": "Eurobike Award : Le P100 combine la puissance et l'autonomie impressionnante avec la légèreté et la taille compacte.",
            "title_fi": "Eurobike-palkinto: P100-moottorissa yhdistyvät voima ja vaikuttava kilometrikantama, sekä keveys ja kompakti koko",
            "description": "An excellent product with high market potential that convinces with its innovative performance, technically high level and clean aesthetics.",
            "description_de": "Ein hervorragendes Produkt mit hohem Marktpotenzial, das mit seiner Innovationsleistung, dem technisch hohen Niveau und seiner cleanen Ästhetik überzeugt.",
            "description_fr": "Il s'agit d'un excellent produit à fort potentiel commercial qui convainc par ses performances innovantes, son niveau technique élevé et son esthétique soignée.",
            "description_fi": "Erinomainen tuote korkealla markkinapotentiaalilla, joka vakuuttaa innovatiivisuudellaan ja suorituskyvyllään, sekä korkealla teknisellä tasollaan ja estetiikallaan.",
            "description_richtext": "<p>June 29, 2023</p>",
            "description_richtext_de": "<p>29. Juni 2023</p>",
            "description_richtext_fr": "<p>29 juin 2023</p>",
            "description_richtext_fi": "<p>29. kesäkuuta 2023</p>",
            "link": "shopify://blogs/news/hepha-p100-drive-system-wins-the-eurobike-award-2023"
          }
        },
        "customslide_U79wGy": {
          "type": "customslide",
          "settings": {
            "image": "shopify://shop_images/Frame_167_458ef575-8f39-4dd5-9215-8e6e9d3af34d.jpg",
            "title": "HEPHA Mountain 7 Carbon wins the iF Design Award 2025",
            "title_de": "HEPHA Mountain 7 Carbon gewinnt den iF Design Award 2025",
            "title_fr": "HEPHA Mountain 7 Carbon wins the iF Design Award 2025",
            "title_fi": "HEPHA Mountain 7 Carbon voittaa iF Design Award 2025-palkinnon",
            "description": "The HEPHA Mountain 7 Carbon wins the iF Design Award 2025! Discover why this high-performance carbon e-MTB impressed the jury.",
            "description_de": "Das HEPHA Mountain 7 Carbon gewinnt den iF Design Award 2025! Erfahre, warum das leistungsstarke E-MTB mit Carbonrahmen die Jury überzeugt hat.",
            "description_fr": "The HEPHA Mountain 7 Carbon wins the iF Design Award 2025! Discover why this high-performance carbon e-MTB impressed the jury.",
            "description_fi": "HEPHA Mountain 7 Carbon voittaa iF Design Award 2025-palkinnon! Tutustu, miksi tämä huipputehokas hiilikuiturunkoinen e-MTB teki vaikutuksen tuomaristoon.",
            "description_richtext": "<p>February 28, 2025</p>",
            "description_richtext_de": "<p>28. Februar 2025</p>",
            "description_richtext_fr": "<p>28 février 2025</p>",
            "description_richtext_fi": "<p>28. helmikuuta 2025</p>",
            "link": "shopify://blogs/news/hepha-mountain-7-carbon-wins-the-if-design-award-2025"
          }
        },
        "customslide_LewMfQ": {
          "type": "customslide",
          "settings": {
            "image": "shopify://shop_images/Frame_173.jpg",
            "title": "ElektroRad: Best value for price for the Trekking 7 Ultra",
            "title_de": "ElektroRad: Preisleistungssieg für das Trekking 7 Ultra",
            "title_fr": "ElektroRad : Meilleur rapport qualité-prix pour le Trekking 7 Ultra.",
            "title_fi": "ElektroRad: Paras hinta-laatusuhdepalkinto Trekking 7 Ultralle",
            "description": "ElektroRad awards the HEPHA Trekking 7 with \"Best value for money\" once again with an overall score of 1.8 and full marks for the drive system.",
            "description_de": "ElektroRad zeichnet das HEPHA Trekking 7 erneut als \"Preis-Leistungs-Sieger\" aus. Mit einer Gesamtwertung von 1.8 und voller Punktzahl beim Antrieb konnte es überzeugen.",
            "description_fr": "Nous l'avons encore fait - notre HEPHA Trekking 7 a remporté pour la deuxième fois consécutive le test méga d'ElektroRad pour le rapport qualité-prix.",
            "description_fi": "ElektroRad palkitsi HEPHA Trekking 7:n jälleen parhaasta hinta-laatusuhteesta sähköpyörien megatestissä, ja antoi myös täydet pisteet sähkömoottorijärjestelmälle.",
            "description_richtext": "<p>February 26, 2023</p>",
            "description_richtext_de": "<p>26. Februar 2023</p>",
            "description_richtext_fr": "<p>26 février 2023</p>",
            "description_richtext_fi": "<p>26. helmikuuta 2023</p>",
            "link": "shopify://blogs/news/elektrorad-preisleistungssieg"
          }
        },
        "customslide_eGGx7Y": {
          "type": "customslide",
          "settings": {
            "image": "shopify://shop_images/Frame_174.jpg",
            "title": "Trekking 7 is strongly recommended in ElektroRad mega test!",
            "title_de": "Sehr gut! Das Trekking 7 ist im ElektroRad mega test sehr empfehlenswert!",
            "title_fr": "Très bien ! Le Trekking 7 est fortement recommandé dans le Mega Test d'ElektroRad !",
            "title_fi": "",
            "description": "In the ElektroRad mega test 2023, our trekking 7 achieved a high score of 90 points and got the grade \"very good\".",
            "description_de": "Im ElektroRad mega test 2023 hat unser Trekking 7 Ebike 90 Punkte erreicht und die Note \"sehr gut\" erhalten.",
            "description_fr": "Lors du méga-test ElektroRad 2023, notre trekking 7 a obtenu un score élevé de 90 points et la mention \"très bien\".",
            "description_fi": "",
            "description_richtext": "<p>February 23, 2023</p>",
            "description_richtext_de": "<p>23. Februar 2023</p>",
            "description_richtext_fr": "<p>23 février 2023</p>",
            "description_richtext_fi": "",
            "link": "shopify://blogs/news/trekking-7-is-strongly-recommended-in-elektrorad-mega-test"
          }
        },
        "customslide_g7DrKc": {
          "type": "customslide",
          "settings": {
            "image": "shopify://shop_images/Frame_176.jpg",
            "title": "Hepha Trekking 7 Wins German Design Award",
            "title_de": "Hepha Trekking 7 hat den German Design Award gewonnen",
            "title_fr": "Hepha Trekking 7 remporte le prix de German Design Award",
            "title_fi": "",
            "description": "The Trekking 7 from Hepha convinced the international expert jury of the German Design Awards! The e-trekking bike received a “Winner” award in the “Excellent Product Design” category.",
            "description_de": "Überzeugt hat das Trekking 7 von HEPHA die internationale Fachjury des German Design Awards! Das E-Trekkingbike fährt eine »Winner«-Auszeichnung in der Kategorie „Excellent Product Design” ein.",
            "description_fr": "Le Trekking 7 d'Hepha a convaincu le jury international d'experts des German Design Awards ! Le vélo d'e-trekking a reçu le prix \"Winner\" dans la catégorie \"Excellent Product Design\".",
            "description_fi": "",
            "description_richtext": "<p>February 2, 2023</p>",
            "description_richtext_de": "<p>2. Februar 2023</p>",
            "description_richtext_fr": "<p>2 février 2023</p>",
            "description_richtext_fi": "",
            "link": "shopify://blogs/news/hepha-trekking-7-wins-german-design-award"
          }
        },
        "customslide_eywPWb": {
          "type": "customslide",
          "settings": {
            "image": "shopify://shop_images/Frame_177.jpg",
            "title": "Hepha wins Design & Innovation Award",
            "title_de": "Hepha gewinnt den Design & Innovation Award",
            "title_fr": "Hepha Trekking 7 obtient le prix du design et de l'innovation 2023 !",
            "title_fi": "",
            "description": "Time to celebrate! Our Trekking 7 is awarded by the international jury with the Design & Innovation Award 2023!",
            "description_de": "Zeit zu feiern! Unser Trekking 7 wird von der internationalen Jury mit dem Design & Innovation Award 2023 ausgezeichnet!",
            "description_fr": "Il est temps de célébrer ! Notre Trekking 7 a été récompensé par le jury international avec le prix Design & Innovation Award 2023 !",
            "description_fi": "",
            "description_richtext": "<p>February 9, 2022</p>",
            "description_richtext_de": "<p>9. Februar 2022</p>",
            "description_richtext_fr": "<p>9 février 2022</p>",
            "description_richtext_fi": "",
            "link": "shopify://blogs/news/hepha-trekking-7-wins-the-design-innovation-award"
          }
        },
        "customslide_fmwUpT": {
          "type": "customslide",
          "settings": {
            "image": "shopify://shop_images/Frame_178_b816952a-3460-43a8-8fad-84c6532bcdae.jpg",
            "title": "Eurobike News: HEPHA presents the new products for the 2025/2026 model year",
            "title_de": "Eurobike News: HEPHA stellt die Neuheiten fürs Modelljahr 2025/2026 vor",
            "title_fr": "Actualités Eurobike : HEPHA présente les nouveaux produits pour l'année modèle 2025/2026.",
            "title_fi": "",
            "description": "Quality, design and performance combined with amazing prices: HEPHA is transferring this recipe for success to other categories in model year 2025/2026. The newcomer from Maisach near Munich has become one of the most successful brands in just under two years. All new models can be seen at Eurobike in Hall 12.0 I Stand A10.",
            "description_de": "Qualität, Design und Performance kombiniert mit erstaunlichen Preisen: Dieses Erfolgsrezept überträgt HEPHA im Modelljahr 2025/2026 auf weitere Kategorien. Der Newcomer aus Maisach bei München ist in knapp zwei Jahren zu einer der erfolgreichsten Marken avanciert. Alle neuen Modelle gibt es auf der Eurobike in Halle 12.0 I Stand A10 zu sehen.",
            "description_fr": "Qualité, design et performance combinés à des prix incroyables : HEPHA applique cette recette du succès à d'autres catégories pour l'année modèle 2025/2026. Le nouvel arrivant de Maisach, près de Munich, est devenu l'une des marques les plus performantes en à peine deux ans. Tous les nouveaux modèles peuvent être vus à Eurobike dans le Hall 12.0, Stand A10.",
            "description_fi": "",
            "description_richtext": "<p>December 28, 2024</p>",
            "description_richtext_de": "<p>28. Dezember 2024</p>",
            "description_richtext_fr": "<p>28 décembre 2024</p>",
            "description_richtext_fi": "",
            "link": "shopify://blogs/news/eurobike-news-hepha-presents-the-new-products-for-the-2025-model-year"
          }
        }
      },
      "block_order": [
        "customslide_Riy6wi",
        "customslide_3XW9QA",
        "customslide_ErJpXr",
        "customslide_U79wGy",
        "customslide_LewMfQ",
        "customslide_eGGx7Y",
        "customslide_g7DrKc",
        "customslide_eywPWb",
        "customslide_fmwUpT"
      ],
      "settings": {}
    },
    "17415882502d62e51b": {
      "type": "apps",
      "blocks": {
        "loox_reviews_loox_card_carousel_section_3HRVwE": {
          "type": "shopify://apps/loox-reviews/blocks/loox-card-carousel-section/5c3b337f-fd14-4df5-b1d6-80ec13e6e28e",
          "settings": {
            "maxWidth": 1600,
            "borderRadius": 8,
            "itemsPerView": 5,
            "mobileItemsPerView": 1,
            "maxNumberOfCharacters": 100,
            "imageRatio": "0.72",
            "reviewerNameColor": "#000000",
            "textColor": "#000000",
            "itemBackgroundColor": "#ffffff",
            "starsColor": "",
            "starsBackgroundColor": "#ffffff",
            "arrows_backgroundColor": "#ffffff",
            "arrows_iconColor": "#9a9a9a",
            "shadow": "offset-dark",
            "border_active": false,
            "border_width": 2,
            "border_color": "#000000",
            "productIds": ""
          }
        }
      },
      "block_order": ["loox_reviews_loox_card_carousel_section_3HRVwE"],
      "custom_css": [
        ".fully-spaced-row--medium {margin-bottom: 100px;}",
        ".loox-v2-carousel-app .loox-v2-carousel-container.has-round-arrows {padding-left: 0; padding-right: 0;}"
      ],
      "settings": {
        "full_width": false,
        "show_space": true,
        "title": "Customer reviews",
        "title_de": "Kundenrezensionen",
        "title_fr": "Commentaires client"
      }
    }
  },
  "order": [
    "custom_firework_video_BdqkkG",
    "custom_responsive_banner_V9XweL",
    "custom_two_colum_banner_4ViDU4",
    "custom_liquid_97nN63",
    "custom_bikeslideshow_T9e6pt",
    "custom_two_colum_banner_yjTCPV",
    "custom_two_colum_banner_zUCAWm",
    "custom_product_tab_test_m9aDPj",
    "news_sildeshow_HVwpi3",
    "17415882502d62e51b"
  ]
}
