{
  "sections": {
    "main": {
      "type": "main-page",
      "disabled": true,
      "settings": { "show_page_title": false, "full_width": false }
    },
    "custom_two_colum_banner_bTefqW": {
      "type": "custom-two-colum-banner",
      "blocks": {
        "slide_XXakWH": {
          "type": "slide",
          "settings": {
            "background_color": "rgba(0,0,0,0)",
            "liquid_content4": "<video loop muted playsinline autoplay style=\"position: absolute; top: 0; left: 0; width: 100%; height: 100%; object-fit: cover; z-index: -1;height:700px;\">\n<source src=\"https://cdn.shopify.com/videos/c/o/v/4e543c5cd4cb4bc3bf13a4d74c6d8f48.mp4\" type=\"video/mp4\">\nYour browser does not support the video tag.\n</video>\n<style>\n#shopify-section-template--23987293290764__custom_two_colum_banner_bTefqW .two-column-slide__text h3 {\n    font-size: 24px;\n    color: #ffffff;\n    text-align: center;\n}\n#shopify-section-template--23987293290764__custom_two_colum_banner_bTefqW .two-column-slide__text h4 {\n    color: #ffffff;\n    text-align: center;\n}\n#shopify-section-template--23987293290764__custom_two_colum_banner_bTefqW .custom-button {\n    color: #FCC300 !important;\n}\n.button-row .button-row__btn {\n    border-radius: 50px;\n}\n\n@media (max-width: 768px) {\n    #shopify-section-template--23987293290764__custom_two_colum_banner_bTefqW .two-column-slide__text h3 {\n        font-size: 20px;\n    }\n</style>",
            "background_size": "cover",
            "background_position": "center",
            "background_align_items": "center",
            "background_padding_top": 0,
            "background_padding_left": 40,
            "background_padding_right": 40,
            "background_padding_bottom": 40,
            "liquid_content": "",
            "subheading_image_title_link": "",
            "subheading_image_title_width": 200,
            "subheading_image_title_position": "",
            "title_1": "<p><strong>Thank you for participating in the Demo Ride Survey</strong></p>",
            "title_1_de": "<p><strong>Vielen Dank für Deine Teilnahme an der Demo Ride Umfrage</strong></p>",
            "title_1_fr": "<p><strong>Merci d'avoir participé à l'enquête sur les démonstrations de conduite.</strong></p>",
            "title_1_fi": "",
            "heading_color_1": "#ffffff",
            "heading_size_1": 55,
            "subheading_1": "<p>Submit your e-mail as a last step, receive your discount code and with a little luck win some HEPHA merch.</p>",
            "subheading_1_de": "<p>Jetzt nur noch die E-Mail Adresse eingeben, den Rabatt-Code erhalten und mit etwas Glück HEPHA Merch gewinnen.</p>",
            "subheading_1_fr": "<p>Soumettez votre e-mail en dernière étape, recevez votre code de réduction et, avec un peu de chance, gagnez des produits HEPHA.</p>",
            "subheading_1_fi": "",
            "subheading_color_1": "#dfe3e8",
            "subheading_size_1": 20,
            "liquid_content3": "<div class=\"signup-form\" style=\"margin-top:50px;\">\n      {% form 'customer', id: 'home_newsletter_signup' %}\n        {% if form.posted_successfully? %}\n          <div class=\"signup-form__response signup-form__response--success\">\n            <h4>{{ 'newsletter.success' | t }}</h4>\n          </div>\n        {% else %}\n          {%- assign form_errors_id = section.id | append: '-error' -%}\n          {%- render 'form-errors', form: form, id: form_errors_id, class: 'inline-block' -%}\n          <input type=\"hidden\" name=\"contact[tags]\" value=\"Eurobike2025,newsletter\"/>\n          <div>\n            <div class=\"signup-form__inline-container\">\n              <input type=\"email\"\n                placeholder=\"{{ 'newsletter.placeholder' | t }}\"\n                class=\"signup-form__email\"\n                value=\"\"\n                name=\"contact[email]\"\n                aria-label=\"{{ 'newsletter.label' | t }}\"\n                {% if form.errors %}\n                  autofocus\n                  aria-invalid=\"true\"\n                  aria-describedby=\"{{ form_errors_id }}\"\n                {%- endif %}\n                required />\n              <button class=\"btn signup-form__button\" type=\"submit\">\n                {{- 'newsletter.button_label' | t -}}\n              </button>\n            </div>\n          </div>\n        {% endif %}\n      {% endform %}\n    </div>\n<style>\n@media (max-width: 767.98px) {\n #shopify-section-template--23987293290764__custom_two_colum_banner_bTefqW .signup-form__inline-container input {\n        margin-bottom: 0;\n    }\n #shopify-section-template--23987293290764__custom_two_colum_banner_bTefqW .signup-form__inline-container {\n        display: inline-flex;\n        align-items: center;\n        justify-content: center;\n    }\n}\n</style>",
            "subheading_image_1_link": "",
            "subheading_image_1_width": 0,
            "subheading_image_1_position": "",
            "subheading_image_1b_position": "",
            "subheading_image_1b_link": "",
            "title_2": "",
            "title_2_de": "",
            "title_2_fr": "",
            "title_2_fi": "",
            "heading_color_2": "#ffffff",
            "heading_size_2": 20,
            "subheading_2": "",
            "subheading_2_de": "",
            "subheading_2_fr": "",
            "subheading_2_fi": "",
            "subheading_color_2": "#000000",
            "subheading_size_2": 16,
            "subheading_image_2_position": "",
            "subheading_image_2_link": "",
            "collection": "",
            "buttongroup_label": "",
            "buttongroup_label_de": "",
            "buttongroup_label_fr": "",
            "buttongroup_label_fi": "",
            "button_label": "",
            "button_label_de": "",
            "button_label_fr": "",
            "button_label_fi": "",
            "link": "",
            "button_color": "#e20e7e",
            "button2_label": "",
            "button2_label_de": "",
            "button2_label_fr": "",
            "button2_label_fi": "",
            "link2": "",
            "link2_de": "",
            "link2_fr": "",
            "link2_fi": "",
            "button2_color": "#e20e7e",
            "button_text_color": "#fcc300",
            "column_1title": "",
            "column_1title_de": "",
            "column_1title_fr": "",
            "column_1title_fi": "",
            "column_1description": "",
            "column_1description_de": "",
            "column_1description_fr": "",
            "column_1description_fi": "",
            "column_2title": "",
            "column_2title_de": "",
            "column_2title_fr": "",
            "column_2title_fi": "",
            "column_2description": "",
            "column_2description_de": "",
            "column_2description_fr": "",
            "column_2description_fi": "",
            "column_3title": "",
            "column_3title_de": "",
            "column_3title_fr": "",
            "column_3title_fi": "",
            "column_3description": "",
            "column_3description_de": "",
            "column_3description_fr": "",
            "column_3description_fi": "",
            "column_4title": "",
            "column_4title_de": "",
            "column_4title_fr": "",
            "column_4title_fi": "",
            "column_4description": "",
            "column_4description_de": "",
            "column_4description_fr": "",
            "column_4description_fi": "",
            "liquid_content2": "",
            "liquid_content5": "<p style=\"color:#ffffff;margin-top:10px;\">\n{% if request.locale.iso_code == 'de' %}\n    (Newsletter & Veranstaltungen)\n {% else %}\n  {% endif %}\n</p>"
          }
        }
      },
      "block_order": ["slide_XXakWH"],
      "custom_css": [
        ".two-column-slide__content {max-width: 1000px; align-items: center;}",
        ".two-column-slide__heading p,.two-column-slide__text p {margin: 0; text-align: center;}",
        ".two-column-slide__heading,.two-column-slide__text {margin: 0 0 10px 0;}",
        "@media (max-width: 768px) {.two-column-slides {height: 700px !important; } .two-column-slide__heading {font-size: 30px !important; line-height: 1.2 !important; } .two-column-slide__text {font-size: 18px !important; line-height: 1.2 !important; }}"
      ],
      "settings": {
        "section_id": "",
        "mobile_font_size_heading": 40,
        "mobile_line_height_heading": 42,
        "mobile_font_size_text": 20,
        "mobile_line_height_text": 24,
        "mobile_slide_padding_top": 30
      }
    }
  },
  "order": ["main", "custom_two_colum_banner_bTefqW"]
}
