{
  "parent": "page.testride.json",
  "context": { "market": "france" },
  "sections": {
    "custom_two_colum_banner_mqnQfe": {
      "settings": {},
      "blocks": {
        "slide_J3pbxz": {
          "settings": {
            "title_1": "<p>Paris:<br/>Les Hauts Vélos</p>",
            "subheading_1": "<p><strong>Add:</strong><br/>14 rue Sainte-Cécile 75009 Paris<br/><br/><strong>Tel:<br/></strong>0033 09 73 88 90 96<br/><br/><strong>Mail:<br/></strong><a href=\"mailto:contact%40lhv.store?subject=&body=\">contact@lhv.store</a></p>",
            "link": "https://calendly.com/contact-yne/hepha"
          }
        }
      }
    },
    "custom_textarea_G9GMVg": {
      "disabled": true,
      "settings": {},
      "blocks": {}
    },
    "custom_liquid_KwKFND": { "disabled": true, "settings": {}, "blocks": {} }
  }
}
