{
  "parent": "page.promotion-2024-05.json",
  "context": { "market": "55f1a620-11fa-47e5-a7b3-0611f12cc0d4" },
  "sections": {
    "custom_two_colum_banner_dgzec": {
      "type": "custom-two-colum-banner",
      "disabled": false,
      "custom_css": [
        "ul,ol {margin: 0; padding: 0; list-style: disc;}",
        ".two-column-slide__content {align-items: flex-start !important;}",
        "@media (max-width: 768px) {.two-column-slide__heading p:nth-of-type(1) {font-size: 24px !important; line-height: 26px !important; padding: 30px 0 0 0; } .two-column-slide__text p {font-size: 14px !important; line-height: 20px !important; } .custom-button {font-size: 16px !important; }}"
      ],
      "settings": {
        "section_id": "",
        "mobile_font_size_heading": 40,
        "mobile_line_height_heading": 42,
        "mobile_font_size_text": 20,
        "mobile_line_height_text": 24,
        "mobile_slide_padding_top": 30
      },
      "blocks": {
        "slide_kDq3L": {
          "type": "slide",
          "disabled": false,
          "settings": {
            "image": null,
            "background_color": "#fee0c6",
            "background_size": "cover",
            "background_position": "center",
            "background_align_items": "center",
            "background_padding_top": 40,
            "background_padding_left": 40,
            "background_padding_right": 40,
            "background_padding_bottom": 40,
            "liquid_content": "",
            "subheading_image_title": null,
            "subheading_image_title_link": "",
            "subheading_image_title_width": null,
            "subheading_image_title_position": "",
            "subheading_image_title_top": null,
            "subheading_image_title_left": null,
            "subheading_image_title_zindex": null,
            "title_1": "<p><strong>Click&Collect Service</strong></p>",
            "title_1_de": "<p>Click&Collect Service</p>",
            "title_1_fr": "",
            "heading_color_1": "#000000",
            "heading_size_1": 30,
            "subheading_1": "<p>Free Shipping | Professional After-Sales Service</p><p>Order your HEPHA E-bike online and pick it up at a nearby dealer!</p><p>*How to use the Click & Collect Service: Add the E-bike to your cart, select \"Pickup in Store\" as the delivery option, choose your local dealer at checkout, and complete your order!<br/><br/></p>",
            "subheading_1_de": "<p>Kostenloser Versand | Professioneller After-Sales-Service</p><p>Bestellen Sie Ihr HEPHA E-Bike online und holen Sie es bei einem nahegelegenen Händler ab!</p><p>*So nutzen Sie den Click & Collect Service: Fügen Sie das E-Bike Ihrem Warenkorb hinzu, wählen Sie \"Abholung im Geschäft\" als Lieferoption, wählen Sie Ihren lokalen Händler an der Kasse aus und schließen Sie Ihre Bestellung ab!<br/><br/></p>",
            "subheading_1_fr": "",
            "subheading_color_1": "#000000",
            "subheading_size_1": 16,
            "liquid_content3": "",
            "subheading_image_1": null,
            "subheading_image_1_link": "",
            "subheading_image_1_width": null,
            "subheading_image_1_position": "",
            "subheading_image_1_top": null,
            "subheading_image_1_left": null,
            "subheading_image_1_zindex": null,
            "subheading_image_1b": null,
            "subheading_image_1b_position": "",
            "subheading_image_1b_top": null,
            "subheading_image_1b_left": null,
            "subheading_image_1b_zindex": null,
            "subheading_image_1b_link": "",
            "subheading_image_1b_width": null,
            "title_2": "",
            "title_2_de": "",
            "title_2_fr": "",
            "heading_color_2": "#000000",
            "heading_size_2": 24,
            "subheading_2": "",
            "subheading_2_de": "",
            "subheading_2_fr": "",
            "subheading_color_2": "#000000",
            "subheading_size_2": 16,
            "subheading_image_2": null,
            "subheading_image_2_position": "",
            "subheading_image_2_top": null,
            "subheading_image_2_left": null,
            "subheading_image_2_zindex": null,
            "subheading_image_2_link": "",
            "subheading_image_2_width": null,
            "collection": "",
            "buttongroup_label": "",
            "buttongroup_label_de": "",
            "buttongroup_label_fr": "",
            "button_label": "Learn more",
            "button_label_de": "Mehr entdecken",
            "button_label_fr": "",
            "link": "shopify://pages/click-collect-at-your-local-dealer",
            "button_color": "#000000",
            "button2_label": "",
            "button2_label_de": "",
            "button2_label_fr": "",
            "link2": "",
            "link2_de": "",
            "link2_fr": "",
            "button2_color": "#007bff",
            "button_text_color": "#ffffff",
            "column_1title": "",
            "column_1title_de": "",
            "column_1title_fr": "",
            "column_1description": "",
            "column_1description_de": "",
            "column_1description_fr": "",
            "column_2title": "",
            "column_2title_de": "",
            "column_2title_fr": "",
            "column_2description": "",
            "column_2description_de": "",
            "column_2description_fr": "",
            "column_3title": "",
            "column_3title_de": "",
            "column_3title_fr": "",
            "column_3description": "",
            "column_3description_de": "",
            "column_3description_fr": "",
            "column_4title": "",
            "column_4title_de": "",
            "column_4title_fr": "",
            "column_4description": "",
            "column_4description_de": "",
            "column_4description_fr": "",
            "liquid_content2": ""
          }
        },
        "slide_AdfHJ": {
          "type": "slide",
          "disabled": false,
          "settings": {
            "image": "shopify://shop_images/image_2_3.png",
            "background_color": "rgba(0,0,0,0)",
            "background_size": "cover",
            "background_position": "center",
            "background_align_items": "center",
            "background_padding_top": 40,
            "background_padding_left": 40,
            "background_padding_right": 40,
            "background_padding_bottom": 40,
            "liquid_content": "",
            "subheading_image_title": null,
            "subheading_image_title_link": "",
            "subheading_image_title_width": null,
            "subheading_image_title_position": "",
            "subheading_image_title_top": null,
            "subheading_image_title_left": null,
            "subheading_image_title_zindex": null,
            "title_1": "",
            "title_1_de": "",
            "title_1_fr": "",
            "heading_color_1": "#000000",
            "heading_size_1": 24,
            "subheading_1": "",
            "subheading_1_de": "",
            "subheading_1_fr": "",
            "subheading_color_1": "#000000",
            "subheading_size_1": 16,
            "liquid_content3": "",
            "subheading_image_1": null,
            "subheading_image_1_link": "",
            "subheading_image_1_width": null,
            "subheading_image_1_position": "",
            "subheading_image_1_top": null,
            "subheading_image_1_left": null,
            "subheading_image_1_zindex": null,
            "subheading_image_1b": null,
            "subheading_image_1b_position": "",
            "subheading_image_1b_top": null,
            "subheading_image_1b_left": null,
            "subheading_image_1b_zindex": null,
            "subheading_image_1b_link": "",
            "subheading_image_1b_width": null,
            "title_2": "",
            "title_2_de": "",
            "title_2_fr": "",
            "heading_color_2": "#000000",
            "heading_size_2": 24,
            "subheading_2": "",
            "subheading_2_de": "",
            "subheading_2_fr": "",
            "subheading_color_2": "#000000",
            "subheading_size_2": 16,
            "subheading_image_2": null,
            "subheading_image_2_position": "",
            "subheading_image_2_top": null,
            "subheading_image_2_left": null,
            "subheading_image_2_zindex": null,
            "subheading_image_2_link": "",
            "subheading_image_2_width": null,
            "collection": "",
            "buttongroup_label": "",
            "buttongroup_label_de": "",
            "buttongroup_label_fr": "",
            "button_label": "",
            "button_label_de": "",
            "button_label_fr": "",
            "link": "",
            "button_color": "#007bff",
            "button2_label": "",
            "button2_label_de": "",
            "button2_label_fr": "",
            "link2": "",
            "link2_de": "",
            "link2_fr": "",
            "button2_color": "#007bff",
            "button_text_color": "#ffffff",
            "column_1title": "",
            "column_1title_de": "",
            "column_1title_fr": "",
            "column_1description": "",
            "column_1description_de": "",
            "column_1description_fr": "",
            "column_2title": "",
            "column_2title_de": "",
            "column_2title_fr": "",
            "column_2description": "",
            "column_2description_de": "",
            "column_2description_fr": "",
            "column_3title": "",
            "column_3title_de": "",
            "column_3title_fr": "",
            "column_3description": "",
            "column_3description_de": "",
            "column_3description_fr": "",
            "column_4title": "",
            "column_4title_de": "",
            "column_4title_fr": "",
            "column_4description": "",
            "column_4description_de": "",
            "column_4description_fr": "",
            "liquid_content2": ""
          }
        }
      },
      "block_order": ["slide_kDq3L", "slide_AdfHJ"],
      "name": "Two Column Slideshow"
    },
    "collapsible_tabs_qETzUn": {
      "settings": {},
      "blocks": {
        "question_3GyJL": {
          "type": "question",
          "disabled": false,
          "settings": {
            "title": "Q: What are the benefits of the Click & Collect (C&C) ?",
            "title_de": "F: Was sind die Vorteile des Click & Collect (C&C) ?",
            "title_fr": "",
            "answer": "<p>A:</p><p>1. You can pick up your order directly from the dealer's store, saving the €39 shipping fee.</p><p>2. Professional dealers can assist with the professional assembly and adjustment of your E-Bike.</p><p>3. Worry-free after-sales service: for any after-sales issues, you can contact your nearest dealer for assistance.</p>",
            "answer_de": "<p>A:</p><p>1. Sie können Ihre Bestellung direkt im Geschäft des Händlers abholen und sparen die 39 € Versandkosten.   </p><p>2. Professionelle Händler können Ihnen bei der fachgerechten Montage und Einstellung Ihres E-Bikes helfen. </p><p>3. Sorgenfreier After-Sales-Service: Bei allen Nachverkaufsproblemen können Sie sich an den nächstgelegenen Händler wenden.</p>",
            "answer_fr": "",
            "liquid_content": "",
            "liquid_content_de": "",
            "liquid_content_fr": "",
            "image": null,
            "answer_2": "",
            "answer_2_de": "",
            "answer_2_fr": "",
            "image_2": null
          }
        },
        "question_DBbFT": {
          "type": "question",
          "disabled": false,
          "settings": {
            "title": "Q: How many dealers currently support Click & Collect (C&C)?",
            "title_de": "F: Wie viele Händler unterstützen derzeit Click & Collect (C&C)?",
            "title_fr": "",
            "answer": "<p>A: Currently, there are 60 dealers in Germany that support the C&C model. However, they are mainly concentrated in Bavaria, North Rhine-Westphalia, and Lower Saxony. There are also a few in other cities.</p>",
            "answer_de": "<p>A: Derzeit gibt es in Deutschland 60 Händler, die das C&C-Modell unterstützen. Sie sind jedoch hauptsächlich in Bayern, Nordrhein-Westfalen und Niedersachsen konzentriert. Es gibt auch einige wenige in anderen Städten.</p>",
            "answer_fr": "",
            "liquid_content": "",
            "liquid_content_de": "",
            "liquid_content_fr": "",
            "image": null,
            "answer_2": "",
            "answer_2_de": "",
            "answer_2_fr": "",
            "image_2": null
          }
        },
        "question_fLVnp": {
          "type": "question",
          "disabled": false,
          "settings": {
            "title": "Q：How to use Click & Collect",
            "title_de": "F: Wie benutzt man Click & Collect",
            "title_fr": "",
            "answer": "<p> A： </p><p>Step 1 - Add the E-Bike you like to the cart and then click the \"Checkout\" to enter the checkout page. </p><p>Step 2 - Select the ‘Pickup in store’ delivery option and choose the local dealer you want to pick your bike up from.</p><p>Step 3 - Enter your information and complete your order.</p><p>Step 4 - We will send you the order confirmation. As soon as your bike’s ready to collect, the dealer will contact you.</p>",
            "answer_de": "<p>A:</p><p>Schritt 1 - Fügen Sie das gewünschte E-Bike dem Warenkorb hinzu und klicken Sie dann auf \"Jetzt kaufen\" um zur Kasse-Seite zu gelangen.</p><p>Schritt 2 - Wählen Sie die Lieferoption \"Abholung im Shop\" und wählen Sie den lokalen Händler aus, bei dem Sie Ihr Fahrrad abholen möchten.</p><p>Schritt 3 - Geben Sie Ihre Informationen ein und schließen Sie Ihre Bestellung ab.</p><p>Schritt 4 - Wir senden Ihnen die Bestellbestätigung. Sobald Ihr Fahrrad abholbereit ist, wird der Händler Sie kontaktieren.<br/><br/></p>",
            "answer_fr": "",
            "liquid_content": "",
            "liquid_content_de": "",
            "liquid_content_fr": "",
            "image": null,
            "answer_2": "",
            "answer_2_de": "",
            "answer_2_fr": "",
            "image_2": null
          }
        },
        "question_hbHRn": {
          "type": "question",
          "disabled": false,
          "settings": {
            "title": "Q: If I choose C&C, who should I pay?",
            "title_de": "F: Wenn ich C&C wähle, an wen soll ich zahlen?",
            "title_fr": "",
            "answer": "<p>A: You need to pay the dealer when you pick up your order at the dealer's store.</p>",
            "answer_de": "<p>A: Sie müssen den Händler bezahlen, wenn Sie Ihre Bestellung im Geschäft des Händlers abholen.</p>",
            "answer_fr": "",
            "liquid_content": "",
            "liquid_content_de": "",
            "liquid_content_fr": "",
            "image": null,
            "answer_2": "",
            "answer_2_de": "",
            "answer_2_fr": "",
            "image_2": null
          }
        }
      },
      "block_order": [
        "question_RHawyY",
        "question_KyPrx4",
        "question_x8ARnP",
        "question_CqpMaE",
        "question_awRpRT",
        "question_9nk4ah",
        "question_XBJtyf",
        "question_ytzVBz",
        "question_bbRFXj",
        "question_y3KgTG",
        "question_QGJegJ",
        "question_3GyJL",
        "question_DBbFT",
        "question_fLVnp",
        "question_hbHRn",
        "question_TCfyCq"
      ]
    }
  },
  "order": [
    "custom_two_colum_banner_Peq7dK",
    "custom_two_colum_banner_RjcLFC",
    "custom_two_colum_banner_7kgaJE",
    "custom_two_colum_banner_dgzec",
    "custom_firework_video_KqXdaw",
    "custom_sale_tab_2_MgyCnJ",
    "collapsible_tabs_qETzUn"
  ]
}
