{
  "parent": "page.faq-2.json",
  "context": { "market": "finland" },
  "sections": {
    "collapsible_tabs_mKnTJK": {
      "settings": {},
      "blocks": {},
      "block_order": [
        "question_YK9QaB",
        "question_mMLnrd",
        "question_iENBaW",
        "question_3RpELg",
        "question_qFPHAe",
        "question_WwE7Ky",
        "question_cnea36",
        "question_DiAHbJ",
        "question_nG9p9h"
      ]
    },
    "collapsible_tabs_fBt6wx": {
      "settings": {},
      "blocks": {
        "question_EcxmNX": { "disabled": true, "settings": {} },
        "question_hTEQcE": { "disabled": true, "settings": {} }
      }
    }
  },
  "order": [
    "main",
    "image_with_text_overlay_yy9aFc",
    "faq_header_UVW6dt",
    "collapsible_tabs_mKnTJK",
    "collapsible_tabs_4Kiryn",
    "collapsible_tabs_ExpQaC",
    "collapsible_tabs_8J3qhq",
    "collapsible_tabs_JmCUE8",
    "collapsible_tabs_m4QUNr",
    "collapsible_tabs_cPxKTc",
    "collapsible_tabs_fBt6wx"
  ]
}
