{
  "sections": {
    "custom_textarea_rmBKDD": {
      "type": "custom_textarea",
      "custom_css": [
        ".custom-text-area .header {justify-content: center; align-items: center !important;}",
        "@media (max-width: 768px) {.custom-text-area .header {flex-direction: column; }}"
      ],
      "settings": {
        "section_title": "City 7",
        "section_title_de": "City 7",
        "section_title_fr": "City 7",
        "section_title_fi": "City 7",
        "text_description": "Discover the HEPHA City 7 series, where comfort meets performance in the world of electric biking. Equipped with advanced gear systems, HEPHA City 7 ensures a smooth and adaptable ride. The powerful mid-drive motors, delivering up to 100 Nm of torque, provide exceptional efficiency, perfect for both leisurely rides and urban commutes. The incorporation of a belt drive system enhances durability and requires minimal maintenance, making it a practical choice for everyday use.<br>\nThe City 7 is available in two versions:",
        "text_description_de": "Entdecken Sie die HEPHA City 7-Modelle, in denen Komfort auf Leistung in der Welt der E-Bikes trifft. Ausgestattet mit fortschrittlichen Getriebesystemen sorgt die HEPHA City 7 für eine reibungslose und anpassungsfähige Fahrt. Die leistungsstarken Mittelmotoren, die bis zu 100 Nm Drehmoment liefern, bieten außergewöhnliche Effizienz – ideal für entspannte Fahrten und städtische Pendelstrecken. Die Integration eines Riemenantriebs erhöht die Langlebigkeit und erfordert nur minimalen Wartungsaufwand, was sie zu einer praktischen Wahl für den täglichen Gebrauch macht. <br>\nDie City 7 ist in zwei Versionen erhältlich:",
        "text_description_fr": "Découvrez la série HEPHA City 7, où le confort rencontre la performance dans le monde du vélo électrique. Équipée de systèmes de transmission avancés, la HEPHA City 7 garantit une conduite fluide et adaptable. Les puissants moteurs à pédalage central, délivrant jusqu'à 100 Nm de couple, offrent une efficacité exceptionnelle, parfaite pour les balades détendues et les trajets urbains. L'intégration d'un système de transmission par courroie améliore la durabilité et nécessite peu d'entretien, ce qui en fait un choix pratique pour un usage quotidien.<br>\nLa City 7 est disponible en deux versions :",
        "text_description_fi": "Tutustu HEPHA City 7-malleihin, jotka ovat erinomainen yhdistelmä ajomukavuutta ja raakaa suorituskykyä. Mallit ovat varustettu edistyksellisillä vaihteistojärjestelmillä, joiden ansiosta liikut mukavasti kaupungin vilinässä. HEPHA:n tehokkaat keskiömoottorit, jotka tuottavat jopa 100 Nm vääntöä, tarjoavat kuljettajalle poikkeuksellista tehoa, mikä tekee pyöristä täydellisiä sekä rentoihin ilta-ajeluihin että pidempiin kaupunkimatkoihin. City 7 Ultra on varustettu hihnavetojärjestelmällä, joka parantaa voimansiirron kestävyttä ja vaatii käyttäjältä minimaalista huoltoa, mikä tekee siitä huippukäytännöllisen valinnan päivittäiseen liikkumiseen.<br>\nCity 7 on saatavilla kahdessa versiossa:",
        "title_font_size": 50,
        "text_font_size": 18,
        "show_item_list": true,
        "layout": "title_left",
        "item_font_size": 16,
        "custom_icon": "solid_dot"
      }
    },
    "custom_slideshow_tab_RGFFnK": {
      "type": "custom_slideshow_tab",
      "blocks": {
        "tab_Vip8XH": {
          "type": "tab",
          "settings": {
            "tab_image": "step_through",
            "sub_tab_bg_color_1": "rgba(0,0,0,0)",
            "sub_tab_image_1": "shopify://shop_images/HEPHA_MY25_City-7_Long-Range_Step-Through_Mid-Grey_01.png",
            "sub_tab_bg_color_2": "rgba(0,0,0,0)",
            "sub_tab_bg_color_3": "",
            "sub_tab_bg_color_4": ""
          }
        }
      },
      "block_order": ["tab_Vip8XH"],
      "custom_css": [".banner-header,.sub-tabs {opacity: 0;}"],
      "settings": {
        "banner_left_image": "shopify://shop_images/City-7_Long-Range_gallery_03_2048x2048_490a0304-8c9a-4b98-8081-bad17e95625c.webp",
        "background_size": "cover",
        "background_position": "top",
        "banner_left_title": "",
        "banner_left_title_de": "",
        "banner_left_title_fr": "",
        "banner_left_text_color": "#000000",
        "banner_left_text_size": 40,
        "banner_left_description": "",
        "banner_left_description_de": "",
        "banner_left_description_fr": "",
        "banner_left_description_fi": "",
        "banner_left_description_color": "#ffffff",
        "banner_left_description_size": 14,
        "banner_left_background_color": "#ffffff",
        "banner_title": "Long Range",
        "banner_title_de": "Long Range",
        "banner_title_fr": "Long Range",
        "banner_title_fi": "Long Range",
        "banner_description": "The \"Long Range\" version is the entry-level City 7 and is designed for maximum range and cost efficiency. 5-speed hub gear with belt drive.",
        "banner_description_de": "Die Version „Long Range“ bildet den Einstieg ins City 7 und ist auf maximale Reichweite und Kosteneffizienz ausgelegt. 5-Gang Nabenschaltung mit Riemenantrieb.",
        "banner_description_fr": "La version \"Long Range\" est le modèle d'entrée de gamme de la City 7, conçu pour une autonomie maximale et une efficacité économique.Transmission de moyeu à 5 vitesses avec transmission par courroie",
        "banner_description_fi": "\"Long Range\" -versio on City 7:n perusmalli, joka on suunniteltu tarjoamaan maksimaalinen kilometrikantama ja kustannustehokkuus. 5-vaihteinen napavaihde vyövetokoneistolla.",
        "column_1_title": "Motor",
        "column_1_title_de": "Motor",
        "column_1_title_fr": "Moteur",
        "column_1_title_fi": "Moottori",
        "column_1_description": "100 Nm",
        "column_1_description_de": "100 Nm",
        "column_1_description_fr": "100 Nm",
        "column_1_description_fi": "100 Nm",
        "column_2_title": "Battery",
        "column_2_title_de": "Akku",
        "column_2_title_fr": "Batterie",
        "column_2_title_fi": "Akku",
        "column_2_description": "708 Wh",
        "column_2_description_de": "708 Wh",
        "column_2_description_fr": "708 Wh",
        "column_2_description_fi": "708 Wh",
        "column_3_title": "Gears",
        "column_3_title_de": "Gänge",
        "column_3_title_fr": "Transmission",
        "column_3_title_fi": "Vaihteet",
        "column_3_description": "5",
        "column_3_description_de": "5",
        "column_3_description_fr": "5",
        "column_3_description_fi": "5",
        "column_4_title": "Frame",
        "column_4_title_de": "Rahmen",
        "column_4_title_fr": "Cadre",
        "column_4_title_fi": "Runko",
        "column_4_description": "6061 Alloy Premium Monocoque",
        "column_4_description_de": "6061 Legierung Premium Monocoque",
        "column_4_description_fr": "Monocoque en alliage 6061 Premium",
        "column_4_description_fi": "6061 Premium-alumiini",
        "footer_title": "from 3.299,00 €",
        "footer_title_de": "Ab 3.299,00 €",
        "footer_title_fr": "à partir de 3 299,00 €",
        "footer_title_fi": "alkaen 3.299,00 €",
        "rrp": "",
        "rrp_de": "",
        "rrp_fr": "",
        "rrp_fi": "",
        "footer_description": "or from 79.96 €/Mo.",
        "footer_description_de": "oder ab 79,96 €/Monat",
        "footer_description_fr": "",
        "footer_description_fi": "",
        "footer_button_url": "shopify://products/city-7-long-range",
        "footer_button_text": "Discover now",
        "footer_button_text_de": "Jetzt entdecken",
        "footer_button_text_fr": "Découvrir maintenant",
        "footer_button_text_fi": "Tutustu nyt"
      }
    },
    "custom_slideshow_tab_Lxtebk": {
      "type": "custom_slideshow_tab",
      "blocks": {
        "tab_8z9qUa": {
          "type": "tab",
          "settings": {
            "tab_image": "step_through",
            "sub_tab_bg_color_1": "#cfc1b1",
            "sub_tab_image_1": "shopify://shop_images/HEPHA_MY25_City-7_Ultra_Step-Through_Dark-Blue_01.png",
            "sub_tab_bg_color_2": "rgba(0,0,0,0)",
            "sub_tab_bg_color_3": "",
            "sub_tab_bg_color_4": ""
          }
        }
      },
      "block_order": ["tab_8z9qUa"],
      "custom_css": [".banner-header,.sub-tabs {opacity: 0;}"],
      "settings": {
        "banner_left_image": "shopify://shop_images/City-7_Ultra_gallery_02.jpg",
        "background_size": "cover",
        "background_position": "top",
        "banner_left_title": "",
        "banner_left_title_de": "",
        "banner_left_title_fr": "",
        "banner_left_text_color": "#000000",
        "banner_left_text_size": 40,
        "banner_left_description": "",
        "banner_left_description_de": "",
        "banner_left_description_fr": "",
        "banner_left_description_fi": "",
        "banner_left_description_color": "#ffffff",
        "banner_left_description_size": 14,
        "banner_left_background_color": "#ffffff",
        "banner_title": "Ultra",
        "banner_title_de": "Ultra",
        "banner_title_fr": "Ultra",
        "banner_title_fi": "Ultra",
        "banner_description": "The \"Ultra\" marks the top version of the City 7, with maximum motor power, battery size and top equipment. Continuously variable hub gear with belt drive.",
        "banner_description_de": "Das „Ultra“ markiert die Top-Version des City 7, mit höchster Motorleistung, Akkugröße sowie Top-Ausstattung. Stufenlose Nabenschaltung mit Riemenantrieb.",
        "banner_description_fr": "La version \"Ultra\" représente la version haut de gamme de la City 7, avec une puissance moteur maximale, une taille de batterie optimale et un équipement de premier choix. Transmission de moyeu à variation continue avec transmission par courroie. Jatkuvasti muuttuva napavaihde vyövetokoneistolla",
        "banner_description_fi": "\"Ultra\" on City 7-malliston hihnavetoinen huippumalli, jossa on maksimaalinen moottorin teho ja akkukoko, sekä huipputason varusteet. Jatkuvasti muuttuva napavaihde vyövetokoneistolla",
        "column_1_title": "Motor",
        "column_1_title_de": "Motor",
        "column_1_title_fr": "Moteur",
        "column_1_title_fi": "Moottori",
        "column_1_description": "100 Nm",
        "column_1_description_de": "100 Nm",
        "column_1_description_fr": "100 Nm",
        "column_1_description_fi": "100 Nm",
        "column_2_title": "Battery",
        "column_2_title_de": "Akku",
        "column_2_title_fr": "Batterie",
        "column_2_title_fi": "Akku",
        "column_2_description": "800 Wh",
        "column_2_description_de": "800 Wh",
        "column_2_description_fr": "800 Wh",
        "column_2_description_fi": "800 Wh",
        "column_3_title": "Gears",
        "column_3_title_de": "Gänge",
        "column_3_title_fr": "Transmission",
        "column_3_title_fi": "Vaihteet",
        "column_3_description": "Continuously Variable Transmission",
        "column_3_description_de": "Stufenloses Getriebe",
        "column_3_description_fr": "Transmission à variation continue",
        "column_3_description_fi": "Jatkuvasti vaihteellinen vaihteisto",
        "column_4_title": "Frame",
        "column_4_title_de": "Rahmen",
        "column_4_title_fr": "Cadre",
        "column_4_title_fi": "Runko",
        "column_4_description": "6061 Alloy Premium Monocoque",
        "column_4_description_de": "6061 Legierung Premium Monocoque",
        "column_4_description_fr": "Monocoque en alliage 6061 Premium",
        "column_4_description_fi": "6061 Premium-alumiini",
        "footer_title": "from 4.299,00 €",
        "footer_title_de": "Ab 4.299,00 €",
        "footer_title_fr": "À partir de 4 299,00 €",
        "footer_title_fi": "alkaen 4.299,00 €",
        "rrp": "",
        "rrp_de": "",
        "rrp_fr": "",
        "rrp_fi": "",
        "footer_description": "or from 104.19 €/Mo.",
        "footer_description_de": "oder ab 104,19 €/Monat",
        "footer_description_fr": "",
        "footer_description_fi": "",
        "footer_button_url": "shopify://products/city-7-ultra",
        "footer_button_text": "Discover now",
        "footer_button_text_de": "Jetzt entdecken",
        "footer_button_text_fr": "Découvrir maintenant",
        "footer_button_text_fi": "Tutustu nyt"
      }
    },
    "custom_product_tab_test_m9aDPj": {
      "type": "custom-product-tab-test",
      "settings": {
        "title": "Explore more HEPHA E-Bikes",
        "title_de": "Entdecken Sie mehr HEPHA E-Bikes",
        "title_fr": "Découvrez d'autres vélos électriques HEPHA",
        "title_fi": "Tutustu lisää HEPHA-sähköpyöriin",
        "image": "shopify://shop_images/HEPHA-Trekking7_01_grey_7ff138ad-9f41-4981-b752-1bd80fee72c0.jpg",
        "background_color": "#ffffff",
        "background_position": "center center",
        "background_size": "cover",
        "background_align_items": "flex-start",
        "background_padding_top": 20,
        "background_padding_right": 20,
        "background_padding_bottom": 20,
        "background_padding_left": 20,
        "ad_link": "shopify://collections/hepha-ebikes",
        "ad_button_color": "#000000",
        "ad_button_text_color": "#ffffff",
        "title_1": "<p>Not sure which E-Bike is right for you? Discover and compare our full range of E-Bikes to find the perfect model for your adventures.</p>",
        "title_1_de": "<p>Nicht sicher, welches E-Bike das richtige für Sie ist? Entdecken und vergleichen Sie unser gesamtes Sortiment an E-Bikes, um das perfekte Modell für Ihre Abenteuer zu finden.</p>",
        "title_1_fr": "<p>Vous n’êtes pas sûr de quel vélo électrique est fait pour vous ? Découvrez et comparez notre gamme complète de vélos électriques pour trouver le modèle parfait pour vos aventures.</p>",
        "title_1_fi": "<p>Etkö ole varma, mikä sähköpyörämalli sopii sinulle? Tutustu ja vertaa koko valikoimaamme löytääksesi täydellisen pyörän omaan käyttötarkoitukseesi.</p>",
        "heading_color_1": "#ffffff",
        "heading_size_1": 18,
        "button_label": "Explore all E-Bikes!",
        "button_label_de": "Entdecke alle E-Bikes!",
        "button_label_fr": "Découvrez tous modèles !",
        "button_label_fi": "Tutustu koko sähköpyörämallistoomme!",
        "product_source_trekking7ltd": "collection",
        "trekking7ltd_collection": "trekking-7-my23",
        "trekking7ltd_products": [],
        "product_source_trekking7": "collection",
        "trekking7_collection": "new-bike-2024",
        "trekking7_products": [],
        "product_source_mountain7": "collection",
        "mountain7_collection": "mountain-7-2024",
        "mountain7_products": [],
        "product_source_mountain7carbon": "collection",
        "mountain7carbon_collection": "mountain-7-carbon",
        "mountain7carbon_products": [],
        "product_source_city7": "collection",
        "city7_collection": "city-e-bike",
        "city7_products": [],
        "show_description": true
      }
    }
  },
  "order": [
    "custom_textarea_rmBKDD",
    "custom_slideshow_tab_RGFFnK",
    "custom_slideshow_tab_Lxtebk",
    "custom_product_tab_test_m9aDPj"
  ]
}
