{
  "parent": "page.faq-2.json",
  "context": { "market": "austria" },
  "sections": {
    "collapsible_tabs_xxMakT": {
      "settings": {},
      "blocks": {
        "question_teNWYp": {
          "settings": {
            "liquid_content": "<div style=\"display: flex; align-items: center;\">\n                      <div style=\"width: 16.67%; height: auto;text-align:center;\">\n                        <img src=\"https://cdn.shopify.com/s/files/1/0560/0080/6985/files/Frame_195.png?v=1731309063\" alt=\"PayPal\" style=\"max-width: 80%;\">\n                        <p>PayPal</p>\n                      </div>\n                      <div style=\"width: 16.67%; height: auto;text-align:center;\">\n                        <img src=\"https://cdn.shopify.com/s/files/1/0560/0080/6985/files/Frame_196.png?v=1731309062\" alt=\"Klarna\" style=\"max-width: 80%;\">\n                        <p>Klarna</p>\n                      </div>\n                      <div style=\"width: 16.67%; height: auto;text-align:center;\">\n                        <img src=\"https://cdn.shopify.com/s/files/1/0560/0080/6985/files/Frame_197.png?v=1731309063\" alt=\"Sofort\" style=\"max-width: 80%;\">\n                        <p>Sofort</p>\n                      </div>\n                      <div style=\"width: 16.67%; height: auto;text-align:center;\">\n                        <img src=\"https://cdn.shopify.com/s/files/1/0560/0080/6985/files/Frame_198_244a7c93-f955-40a7-844f-29f6a8d026d5.png?v=1731309062\" alt=\"Shop Pay\" style=\"max-width: 80%;\">\n                        <p>Shop Pay</p>\n                      </div>\n                      <div style=\"width: 16.67%; height: auto;text-align:center;\">\n                        <img src=\"https://cdn.shopify.com/s/files/1/0560/0080/6985/files/Frame_209.png?v=1731309282\" alt=\"Bank Transfer\" style=\"max-width: 80%;\">\n                        <p>Bank Transfer</p>\n                      </div>\n                      <div style=\"width: 16.67%; height: auto;text-align:center;\">\n                        <img src=\"https://cdn.shopify.com/s/files/1/0560/0080/6985/files/Frame_199_4b1de3ba-c2b8-40a5-88c9-0008a68646dd.png?v=1731309063\" alt=\"EPS\" style=\"max-width: 80%;\">\n                        <p>EPS</p>\n                      </div>\n                    </div>\n<div style=\"display: flex; align-items: center;\">\n                      <div style=\"width: 16.67%; height: auto;text-align:center;\">\n                        <img src=\"https://cdn.shopify.com/s/files/1/0560/0080/6985/files/Frame_200_6c9dc277-1357-4a25-af10-eff55055e638.png?v=1731309063\" alt=\"Visa\" style=\"max-width: 80%;\">\n                        <p>Visa</p>\n                      </div>\n                      <div style=\"width: 16.67%; height: auto;text-align:center;\">\n                        <img src=\"https://cdn.shopify.com/s/files/1/0560/0080/6985/files/Frame_201_ee51a7f1-766b-4215-bded-2c9d0f1f986b.png?v=1731309063\" alt=\"MasterCard\" style=\"max-width: 80%;\">\n                        <p>MasterCard</p>\n                      </div>\n                      <div style=\"width: 16.67%; height: auto;text-align:center;\">\n                        <img src=\"https://cdn.shopify.com/s/files/1/0560/0080/6985/files/Frame_202_c2c6f861-539c-4b42-9e0d-227b4944a82a.png?v=1731309062\" alt=\"Maestro\" style=\"max-width: 80%;\">\n                        <p>Maestro</p>\n                      </div>\n                      <div style=\"width: 16.67%; height: auto;text-align:center;\">\n                        <img src=\"https://cdn.shopify.com/s/files/1/0560/0080/6985/files/Frame_203_20715e15-4faf-4ca4-9e76-adb44562d39a.png?v=1731309063\" alt=\"Apple Pay\" style=\"max-width: 80%;\">\n                        <p>Apple Pay</p>\n                      </div>\n                      <div style=\"width: 16.67%; height: auto;text-align:center;\">\n                        <img src=\"https://cdn.shopify.com/s/files/1/0560/0080/6985/files/Frame_204_47d6a975-d4b6-4ef6-b613-4589f972536a.png?v=1731309063\" alt=\"Google Pay\" style=\"max-width: 80%;\">\n                        <p>Google Pay</p>\n                      </div>\n                      <div style=\"width: 16.67%; height: auto;text-align:center;\">\n                        <img src=\"https://cdn.shopify.com/s/files/1/0560/0080/6985/files/Frame_205_aa0997dd-da13-4f26-bcc0-9c7ee7cb59ce.png?v=1731309062\" alt=\"JobRad\" style=\"max-width: 80%;\">\n                        <p>JobRad</p>\n                      </div>\n                    </div>"
          }
        },
        "question_wCa6Wf": { "disabled": true, "settings": {} },
        "question_9aDDa8": {
          "settings": {
            "liquid_content": "{% if request.locale.iso_code == 'de' %}\n    <p>\n        <img src=\"https://cdn.shopify.com/s/files/1/0560/0080/6985/files/jobrad_bb79782e-3f8c-4f17-a21c-72fab8a2b5fc.png?v=1728459880\" alt=\"JobRad\" style=\"width: 100px; height: auto;\">\n    </p>\n    <p>\n        Über JobRad kannst du dein Bike mit einem Steuervorteil leasen und bis zu 40 % sparen. Einfach Traumrad aussuchen, Zubehör wählen und bestellen.\n        <a href=\"/de-at/pages/jobrad\" target=\"_blank\">Mehr erfahren</a>\n    </p>\n{% else %}\n    <p>\n        <img src=\"https://cdn.shopify.com/s/files/1/0560/0080/6985/files/jobrad_bb79782e-3f8c-4f17-a21c-72fab8a2b5fc.png?v=1728459880\" alt=\"JobRad\" style=\"width: 100px; height: auto;\">\n    </p>\n    <p>\n        Lease your new HEPHA with JobRad and save up to 40% with tax-free benefits. Just select your dream bike and approved accessories, and place your order.\n        <a href=\"/en-at/pages/jobrad\" target=\"_blank\">Learn more</a>\n    </p>\n{% endif %}",
            "liquid_content_de": ""
          }
        }
      }
    }
  }
}
