{
  "sections": {
    "main": {
      "type": "main-page",
      "disabled": true,
      "settings": { "show_page_title": false, "full_width": false }
    },
    "custom_two_colum_banner_bTefqW": {
      "type": "custom-two-colum-banner",
      "blocks": {
        "slide_LdxWMT": {
          "type": "slide",
          "settings": {
            "image": "shopify://shop_images/HEPHA_City7_Still_3.jpg",
            "background_color": "#ffffff",
            "background_size": "cover",
            "background_position": "center",
            "background_align_items": "center",
            "background_padding_top": 40,
            "background_padding_left": 40,
            "background_padding_right": 40,
            "background_padding_bottom": 40,
            "liquid_content": "",
            "subheading_image_title_link": "",
            "subheading_image_title_position": "",
            "title_1": "",
            "title_1_de": "",
            "title_1_fr": "",
            "heading_color_1": "#000000",
            "heading_size_1": 24,
            "subheading_1": "",
            "subheading_1_de": "",
            "subheading_1_fr": "",
            "subheading_color_1": "#000000",
            "subheading_size_1": 16,
            "liquid_content3": "",
            "subheading_image_1_link": "",
            "subheading_image_1_position": "",
            "subheading_image_1b_position": "",
            "subheading_image_1b_link": "",
            "title_2": "",
            "title_2_de": "",
            "title_2_fr": "",
            "heading_color_2": "#000000",
            "heading_size_2": 24,
            "subheading_2": "",
            "subheading_2_de": "",
            "subheading_2_fr": "",
            "subheading_color_2": "#000000",
            "subheading_size_2": 16,
            "subheading_image_2_position": "",
            "subheading_image_2_link": "",
            "collection": "",
            "buttongroup_label": "",
            "buttongroup_label_de": "",
            "buttongroup_label_fr": "",
            "button_label": "",
            "button_label_de": "",
            "button_label_fr": "",
            "link": "",
            "button_color": "#007bff",
            "button2_label": "",
            "button2_label_de": "",
            "button2_label_fr": "",
            "link2": "",
            "link2_de": "",
            "link2_fr": "",
            "button2_color": "#007bff",
            "button_text_color": "#ffffff",
            "column_1title": "",
            "column_1title_de": "",
            "column_1title_fr": "",
            "column_1description": "",
            "column_1description_de": "",
            "column_1description_fr": "",
            "column_2title": "",
            "column_2title_de": "",
            "column_2title_fr": "",
            "column_2description": "",
            "column_2description_de": "",
            "column_2description_fr": "",
            "column_3title": "",
            "column_3title_de": "",
            "column_3title_fr": "",
            "column_3description": "",
            "column_3description_de": "",
            "column_3description_fr": "",
            "column_4title": "",
            "column_4title_de": "",
            "column_4title_fr": "",
            "column_4description": "",
            "column_4description_de": "",
            "column_4description_fr": "",
            "liquid_content2": ""
          }
        },
        "slide_XXakWH": {
          "type": "slide",
          "settings": {
            "background_color": "#cb2f21",
            "background_size": "cover",
            "background_position": "center",
            "background_align_items": "center",
            "background_padding_top": 0,
            "background_padding_left": 40,
            "background_padding_right": 40,
            "background_padding_bottom": 40,
            "liquid_content": "<style>\n.two-column-slide__subheading_image_1{\nmargin-top:10px;\n}\n.open-popup, .dynamic-link{\n color:#ffffff;\n} \n.section__block.rte.large-text a[href=\"https://en.cyclingworld.de/brands-cyclingworld/downloads/cyclingworld2025-schmiedehalle.pdf\"] {\n    color: rgb(24, 144, 255);\n}\n.open-popup, .dynamic-link {\n    text-decoration: underline !important;\n}\n@media (max-width: 768px) {\n    #shopify-section-template--23904323371276__custom_two_colum_banner_bTefqW .two-column-slides {\n        flex-direction: column-reverse !important; \n    }\n #shopify-section-template--23904323371276__custom_two_colum_banner_bTefqW .two-column-slide {\n        padding-top: 0 !important;\n        min-height: 200px;\n    }\n}\n</style>",
            "subheading_image_title": "shopify://shop_images/cyclingworld.png",
            "subheading_image_title_link": "https://www.cyclingworld.de/",
            "subheading_image_title_width": 200,
            "subheading_image_title_position": "",
            "title_1": "<p>We're here again!</p>",
            "title_1_de": "<p>Wir sind wieder dabei!</p>",
            "title_1_fr": "<p>Nous sommes de retour!</p>",
            "heading_color_1": "#ffffff",
            "heading_size_1": 60,
            "subheading_1": "<p>March 28-30, 2025</p><p>Schmiedehalle B1, Areal Böhler, Düsseldorf<br/></p>",
            "subheading_1_de": "<p>28. - 30. März 2025</p><p>Schmiedehalle B1, Areal Böhler, Düsseldorf<br/></p>",
            "subheading_1_fr": "<p>28-30 mars 2025</p><p>Schmiedehalle B1, Areal Böhler, Düsseldorf<br/></p>",
            "subheading_color_1": "#dfe3e8",
            "subheading_size_1": 20,
            "liquid_content3": "",
            "subheading_image_1_link": "",
            "subheading_image_1_width": 0,
            "subheading_image_1_position": "",
            "subheading_image_1b_position": "",
            "subheading_image_1b_link": "",
            "title_2": "<p>Find your dream bike at Cyclingworld.<br/>Test the latest HEPHA E-Bikes on the test track.<br/>Enjoy exclusive show benefits!</p>",
            "title_2_de": "<p>Entdecke dein neues Traumbike auf der Cyclingworld.<br/>Teste die neuesten HEPHA E-Bikes auf der Teststrecke.<br/>Nutze exklusive Messevorteile!</p>",
            "title_2_fr": "<p>Trouvez votre vélo de rêve à Cyclingworld.<br/>Testez les derniers vélos électriques HEPHA sur la piste d'essai.<br/>Profitez des avantages exclusifs du salon!</p>",
            "heading_color_2": "#ffffff",
            "heading_size_2": 20,
            "subheading_2": "",
            "subheading_2_de": "",
            "subheading_2_fr": "",
            "subheading_color_2": "#000000",
            "subheading_size_2": 16,
            "subheading_image_2_position": "",
            "subheading_image_2_link": "",
            "collection": "",
            "buttongroup_label": "",
            "buttongroup_label_de": "",
            "buttongroup_label_fr": "",
            "button_label": "",
            "button_label_de": "",
            "button_label_fr": "",
            "link": "",
            "button_color": "#2b7dde",
            "button2_label": "",
            "button2_label_de": "",
            "button2_label_fr": "",
            "link2": "",
            "link2_de": "",
            "link2_fr": "",
            "button2_color": "rgba(0,0,0,0)",
            "button_text_color": "#ffffff",
            "column_1title": "",
            "column_1title_de": "",
            "column_1title_fr": "",
            "column_1description": "",
            "column_1description_de": "",
            "column_1description_fr": "",
            "column_2title": "",
            "column_2title_de": "",
            "column_2title_fr": "",
            "column_2description": "",
            "column_2description_de": "",
            "column_2description_fr": "",
            "column_3title": "",
            "column_3title_de": "",
            "column_3title_fr": "",
            "column_3description": "",
            "column_3description_de": "",
            "column_3description_fr": "",
            "column_4title": "",
            "column_4title_de": "",
            "column_4title_fr": "",
            "column_4description": "",
            "column_4description_de": "",
            "column_4description_fr": "",
            "liquid_content2": "{% render 'newsletter-signup', id: subscrideform, block: block %}\n\n<style>\n #shopify-section-template--23904323371276__custom_two_colum_banner_bTefqW .two-column-slides .contact-form , #section-id-template--23904323371276__custom_liquid_GdgFfh .contact-form {\n    display: flex;\n    gap: 10px;\n    flex-flow: row;\n    align-items: center;\n    justify-content: center;\n}\n #shopify-section-template--23904323371276__custom_two_colum_banner_bTefqW .two-column-slides p, fieldset, table , #section-id-template--23904323371276__custom_liquid_GdgFfh p, fieldset, table{\n    margin-bottom: 0;\n}\n</style>"
          }
        }
      },
      "block_order": ["slide_LdxWMT", "slide_XXakWH"],
      "custom_css": [
        ".two-column-slide__content {max-width: 1000px; align-items: center;}",
        ".two-column-slide__heading p,.two-column-slide__text p {text-align: center;}",
        ".two-column-slide__heading p:first-of-type {margin-top: 20px;}",
        ".two-column-slide__text {margin: 0;}",
        "@media (max-width: 768px) {.two-column-slide__heading.firstheading {font-size: 32px !important; line-height: 40px !important; } .two-column-slide__text {font-size: 18px !important; line-height: 24px !important; } .custom-button {font-size: 16px; }}"
      ],
      "settings": {
        "section_id": "",
        "mobile_font_size_heading": 40,
        "mobile_line_height_heading": 42,
        "mobile_font_size_text": 20,
        "mobile_line_height_text": 24,
        "mobile_slide_padding_top": 30
      }
    },
    "countdown_timer_Yddjjf": {
      "type": "countdown-timer",
      "blocks": {
        "heading_b34wcA": {
          "type": "heading",
          "settings": {
            "title": "Countdown to the end of the Event",
            "use_h1": false
          }
        },
        "countdown_TR3nTL": {
          "type": "countdown",
          "settings": {
            "end_date": "2025-03-30",
            "end_time": "17:00",
            "end_text": "<p>The Cyclingworld 2025 is over and we are very happy for every one who came by.</p>",
            "hide_on_end": true,
            "number_size": 60,
            "number_font": "base",
            "divider_type": "none",
            "show_timer_labels": true
          }
        }
      },
      "block_order": ["heading_b34wcA", "countdown_TR3nTL"],
      "custom_css": [
        ".countdown__item {width: 150px; background: white; height: 150px; display: flex; flex-direction: column; justify-content: center; align-items: center;}",
        "@media (max-width: 768px) {.countdown__item:nth-child(3), .countdown__item:nth-child(4) {display: none; } .countdown__item:nth-child(2) {margin-right: 0; }}"
      ],
      "settings": {
        "show_image": false,
        "image_link": "",
        "show_image_space": false,
        "image_position": "left",
        "text_alignment": "center",
        "color_scheme": "2"
      }
    },
    "custom_imagerow_HKEdg7": {
      "type": "custom-imagerow",
      "blocks": {
        "module_PNbhiJ": {
          "type": "module",
          "settings": {
            "image": "shopify://shop_images/Frame_215_33912c69-aeb3-4e45-a6dc-c276ef1a261b.jpg",
            "module_big_title": "",
            "module_title": "3-Day Special Trade Price",
            "module_title_de": "3-Tage-Messesonderpreis",
            "module_title_fr": "Prix Spécial de 3 Jours",
            "description": "<p>3-Day Special Trade Price, including <a href=\"/pages/versicherung\" target=\"_blank\" title=\"Alteos Versicherung\">3 years of Alteos insurance</a>. (Valid only in Germany)*</p>",
            "description_de": "<p>3-Tage-Messesonderpreis, inklusive <a href=\"/pages/versicherung\" target=\"_blank\" title=\"Alteos Versicherung\">3 Jahre Alteos-Versicherung</a>.(Gültig nur in Deutschland)*</p>",
            "description_fr": "<p>Prix Spécial de 3 Jours, incluant <a href=\"/pages/versicherung\" target=\"_blank\" title=\"Alteos Versicherung\">3 ans d'assurance Alteos</a>. (Valable uniquement en Allemagne)*</p>",
            "background_color": "#ffffff",
            "button1_text": "",
            "button1_text_de": "",
            "button1_text_fr": "",
            "button1_url": "",
            "button1_background_color": "",
            "button1_text_color": ""
          }
        },
        "module_3ah3gg": {
          "type": "module",
          "settings": {
            "image": "shopify://shop_images/Frame_214.jpg",
            "module_big_title": "",
            "module_title": "Meet the board & discover new models",
            "module_title_de": "Treffen Sie die Geschäftsführer & entdecken Sie neue Modelle",
            "module_title_fr": "Rencontrez la direction & découvrez de nouveaux modèles",
            "description": "<p>Meet our managers and discover the latest models: City 7, Trekking 7, Mountain 7, Mountain 7 Carbon. Talk to our team and test our e-bikes directly on site!</p>",
            "description_de": "<p>Treffen Sie unsere Geschäftsführer und entdecken Sie die neuesten Modelle: City 7, Trekking 7, Mountain 7, Mountain 7 Carbon. Sprechen Sie mit unserem Team und testen Sie unsere E-Bikes direkt vor Ort!</p>",
            "description_fr": "<p>Venez rencontrer nos directeurs et découvrir les derniers modèles : City 7, Trekking 7, Mountain 7, Mountain 7 Carbon. Discutez avec notre équipe et testez nos vélos électriques directement sur place !</p>",
            "background_color": "#ffffff",
            "button1_text": "",
            "button1_text_de": "",
            "button1_text_fr": "",
            "button1_url": "",
            "button1_background_color": "",
            "button1_text_color": ""
          }
        },
        "module_x7J9MR": {
          "type": "module",
          "settings": {
            "image": "shopify://shop_images/Frame_159_bd3e8256-a6aa-4e94-8303-9f5548618166.jpg",
            "module_big_title": "",
            "module_title": "Click & Collect",
            "module_title_de": "Click & Collect",
            "module_title_fr": "Click & Collect",
            "description": "<p>Order directly on site and collect your e-bike from your local dealer. Benefit from the specialist dealer service and the contact person in your area.</p>",
            "description_de": "<p>Bestellen Sie direkt vor Ort und holen Sie Ihr E-Bike beim Händler in Ihrer Nähe ab. Profitieren Sie vom Fachhandelsservice und dem Ansprechpartner in Ihrer Nähe.</p>",
            "description_fr": "<p>Commandez directement sur place et récupérez votre vélo électrique chez votre revendeur local. Bénéficiez du service d'un revendeur spécialisé et d'une personne de contact dans votre région.</p>",
            "background_color": "#ffffff",
            "button1_text": "",
            "button1_text_de": "",
            "button1_text_fr": "",
            "button1_url": "",
            "button1_background_color": "",
            "button1_text_color": ""
          }
        },
        "module_rRGNYJ": {
          "type": "module",
          "settings": {
            "image": "shopify://shop_images/Frame_216.jpg",
            "module_big_title": "",
            "module_title": "Can't Attend? Join Our Livestream:",
            "module_title_de": "Sie können nicht teilnehmen? Schauen Sie unseren Livestream",
            "module_title_fr": "Vous Ne Pouvez Pas Participer ? Rejoignez Notre Diffusion en Direct:",
            "description": "<p>Don't miss out! Join our livestream and shop online – including 3 years of Alteos insurance. Register for a chance to win one of ten 100 € vouchers. Order online, pick up at your local dealer.**</p>",
            "description_de": "<p>Verpassen Sie nicht die Veranstaltung! Nehmen Sie an unserem Livestream teil und kaufen Sie online – inklusive 3 Jahre Alteos-Versicherung. Registrieren Sie sich für die Chance, einen von 10 Gutscheinen im Wert von 100 € zu gewinnen. Online bestellen, beim Händler in der Nähe.**</p>",
            "description_fr": "<p>Ne manquez rien ! Participez à notre livestream et faites vos achats en ligne - avec 3 ans d'assurance Alteos. Inscrivez-vous pour avoir une chance de gagner l'un des dix bons d'achat de 100 €. Commandez en ligne, retirez chez votre concessionnaire local.**</p>",
            "background_color": "#ffffff",
            "button1_text": "",
            "button1_text_de": "",
            "button1_text_fr": "",
            "button1_url": "",
            "button1_background_color": "",
            "button1_text_color": ""
          }
        }
      },
      "block_order": [
        "module_PNbhiJ",
        "module_3ah3gg",
        "module_x7J9MR",
        "module_rRGNYJ"
      ],
      "custom_css": [
        ".module {width: 22%; border: none; justify-content: flex-start; padding: 0 !important; text-align: left; align-items: flex-start;}",
        ".button-container {margin-top: -10px;}",
        ".button-container a {font-size: 18px !important; padding: 0px !important;}",
        "@media (max-width: 768px) {.module {width: 100% !important; height: 100% !important; padding: 0 !important; }}"
      ],
      "settings": {
        "title": "Special Exhibition Offers",
        "title_de": "Besondere Messeangebote",
        "title_fr": "Offres Spéciales d'Exposition",
        "title_font_size": 18,
        "description_font_size": 14
      }
    },
    "custom_product_list_4zpWTr": {
      "type": "custom-product-list",
      "custom_css": [".explore-title {margin-bottom: 0; text-align: center;}"],
      "settings": {
        "title": "New models",
        "product_source": "manual",
        "product_collection": "",
        "product_list": [
          "city-7-long-range",
          "city-7-ultra",
          "all-mountain-7-carbon-ltd"
        ],
        "show_description": true,
        "buttonsoldout": "Event Price: ???",
        "buttonsoldout_de": "Veranstaltungspreis: ???",
        "buttonsoldout_fr": "Prix de l'événement:  ???"
      }
    },
    "image_with_text_ytFTHK": {
      "type": "image-with-text",
      "blocks": {
        "heading_DhLm4N": {
          "type": "heading",
          "settings": {
            "title": "Join the HEPHA Facebook Community",
            "use_h1": false
          }
        },
        "text_rhrhzD": {
          "type": "text",
          "settings": {
            "text": "<p>Connect with fellow HEPHA e-bike enthusiasts for tips, travel advice, and product updates. Share insights and stay informed!</p>",
            "enlarge_text": true
          }
        },
        "button_MPBPzf": {
          "type": "button",
          "settings": {
            "button_label": "Join Now",
            "button_link": "https://www.facebook.com/groups/725179906193810",
            "button_style": "primary"
          }
        }
      },
      "block_order": ["heading_DhLm4N", "text_rhrhzD", "button_MPBPzf"],
      "custom_css": [
        ".majortitle {font-size: 42px;}",
        ".rte > p:last-child {margin-bottom: 0; font-size: 20px;}",
        "@media (max-width: 768px) {.majortitle {font-size: 30px; } .rte > p:last-child {margin-bottom: 0; font-size: 16px; }}"
      ],
      "settings": {
        "image": "shopify://shop_images/HEPHA_City_Action_1.jpg",
        "image_width": 700,
        "image_link": "",
        "image_position": "left",
        "text_alignment": "left",
        "color_scheme": "1"
      }
    },
    "custom_product_tab_UG9Whm": {
      "type": "custom-product-tab",
      "disabled": true,
      "settings": {
        "title": "Explore more HEPHA E-Bikes",
        "title_de": "Entdecken Sie mehr HEPHA E-Bikes",
        "title_fr": "Découvrez d'autres vélos électriques HEPHA",
        "product_source_trekking7ltd": "collection",
        "trekking7ltd_collection": "trekking-7-my23",
        "trekking7ltd_products": [],
        "product_source_trekking7": "collection",
        "trekking7_collection": "new-bike-2024",
        "trekking7_products": [],
        "product_source_mountain7": "collection",
        "mountain7_collection": "mountain-7-2024",
        "mountain7_products": [],
        "product_source_mountain7carbon": "collection",
        "mountain7carbon_collection": "mountain-7-carbon",
        "mountain7carbon_products": [],
        "product_source_city7": "collection",
        "city7_collection": "",
        "city7_products": [],
        "show_description": true
      }
    },
    "17424553342c707506": {
      "type": "apps",
      "blocks": {
        "loox_reviews_loox_card_carousel_section_3HRVwE": {
          "type": "shopify://apps/loox-reviews/blocks/loox-card-carousel-section/5c3b337f-fd14-4df5-b1d6-80ec13e6e28e",
          "settings": {
            "maxWidth": 1600,
            "borderRadius": 8,
            "itemsPerView": 5,
            "mobileItemsPerView": 1,
            "maxNumberOfCharacters": 100,
            "imageRatio": "0.72",
            "reviewerNameColor": "#000000",
            "textColor": "#000000",
            "itemBackgroundColor": "#ffffff",
            "starsColor": "",
            "starsBackgroundColor": "#ffffff",
            "arrows_backgroundColor": "#ffffff",
            "arrows_iconColor": "#9a9a9a",
            "shadow": "offset-dark",
            "border_active": false,
            "border_width": 2,
            "border_color": "#000000",
            "productIds": ""
          }
        }
      },
      "block_order": ["loox_reviews_loox_card_carousel_section_3HRVwE"],
      "custom_css": [
        ".fully-spaced-row--medium {margin-bottom: 100px;}",
        ".loox-v2-carousel-app .loox-v2-carousel-container.has-round-arrows {padding-left: 0; padding-right: 0;}"
      ],
      "settings": {
        "full_width": false,
        "show_space": true,
        "title": "Customer reviews",
        "title_de": "Kundenrezensionen",
        "title_fr": "Commentaires client"
      }
    },
    "collapsible_tabs_C6taYU": {
      "type": "collapsible-tabs",
      "blocks": {
        "question_EFRCPY": {
          "type": "question",
          "settings": {
            "title": "Q:  Which exciting new products can we expect at Cyclingworld 2025?",
            "title_de": "F: Welche spannenden neuen Produkte können wir auf der Cyclingworld 2025 erwarten?",
            "title_fr": "Q : Quels nouveaux produits passionnants pouvons-nous attendre au Cyclingworld 2025 ?",
            "answer": "<p>A: You can explore and test our latest models: </p><p><a href=\"/products/city-7-long-range\" target=\"_blank\" title=\"City 7 Long Range\">City 7 Long Range</a></p><p><a href=\"/products/city-7-ultra\" target=\"_blank\" title=\"City 7 Ultra\">City 7 Ultra</a></p><p><a href=\"/products/all-mountain-7-carbon-ltd\" target=\"_blank\" title=\"All Mountain 7 Carbon LTD\">All Mountain 7 Carbon Limited</a></p><p>Trekking 7 Limited</p>",
            "answer_de": "<p>A: Sie können unsere neuesten Modelle testen und erkunden:</p><p><a href=\"/products/city-7-long-range\" target=\"_blank\" title=\"City 7 Long Range\">City 7 Long Range</a></p><p><a href=\"/products/city-7-ultra\" target=\"_blank\" title=\"City 7 Ultra\">City 7 Ultra</a></p><p><a href=\"/products/all-mountain-7-carbon-ltd\" target=\"_blank\" title=\"All Mountain 7 Carbon LTD\">All Mountain 7 Carbon Limited</a></p><p>Trekking 7 Limited</p>",
            "answer_fr": "<p>R : Vous pouvez explorer et tester nos derniers modèles :</p><p><a href=\"/products/city-7-long-range\" target=\"_blank\" title=\"City 7 Long Range\">City 7 Long Range</a></p><p><a href=\"/products/city-7-ultra\" target=\"_blank\" title=\"City 7 Ultra\">City 7 Ultra</a></p><p><a href=\"/products/all-mountain-7-carbon-ltd\" target=\"_blank\" title=\"All Mountain 7 Carbon LTD\">All Mountain 7 Carbon Limited</a></p><p>Trekking 7 Limited</p>",
            "liquid_content": "",
            "liquid_content_de": "",
            "liquid_content_fr": "",
            "answer_2": "",
            "answer_2_de": "",
            "answer_2_fr": ""
          }
        },
        "question_gA8Kb3": {
          "type": "question",
          "settings": {
            "title": "Q: Does the City 7 feature a belt drive and hub gears?",
            "title_de": "F: Hat das City 7 einen Riemenantrieb und Nabenschaltung?",
            "title_fr": "Q: Le City 7 dispose-t-il d'un système de transmission par courroie et de vitesses à moyeu ?",
            "answer": "<p>A: Yes, correct.</p><p>The <a href=\"/products/city-7-long-range\" target=\"_blank\" title=\"City 7 Long Range\">HEPHA City 7 Long Range</a> offers comfort and efficiency: step-through frame, Shimano Nexus 5-speed hub gears, and the proven P101C mid-drive motor with 80 Nm torque for a relaxed ride. Perfect for long trips – in stylish Mid Grey.</p><p>The <a href=\"/products/city-7-ultra\" target=\"_blank\" title=\"City 7 Ultra\">HEPHA City 7 Ultra</a> delivers top performance: step through or high-step frame, Enviolo HD Stepless hub gears, and the P101 mid-drive motor with 100 Nm torque. A powerful all-rounder in elegant Dark Blue.</p>",
            "answer_de": "<p>A: Ja, das ist korrekt.</p><p>Das <a href=\"/products/city-7-long-range\" target=\"_blank\" title=\"City 7 Long Range\">HEPHA City 7 Long Range</a> kombiniert Komfort und Effizienz: Tiefeinsteiger-Rahmen, Shimano Nexus 5-Gang-Nabenschaltung und der erprobte P101C Mittelmotor mit 80 Nm Drehmoment sorgen für ein entspanntes Fahrerlebnis. Perfekt für lange Touren – in stilvollem Mid Grey.</p><p>Das <a href=\"/products/city-7-ultra\" target=\"_blank\" title=\"City 7 Ultra\">HEPHA City 7 Ultra</a> überzeugt mit maximaler Leistung: Tiefeinsteiger- oder High-Step-Rahmen, Enviolo HD Stepless-Nabenschaltung und der P101 Mittelmotor mit 100 Nm Drehmoment. Ein starker Allrounder in edlem Dark Blue.</p>",
            "answer_fr": "<p>R: Oui, c'est exact.</p><p>Le <a href=\"/products/city-7-long-range\" target=\"_blank\" title=\"City 7 Long Range\">HEPHA City 7 Long Range</a> offre confort et efficacité : cadre à enjambement, vitesses à moyeu Shimano Nexus 5 rapports, et le moteur central P101C éprouvé avec un couple de 80 Nm pour une conduite détendue. Parfait pour de longs trajets – dans un élégant gris moyen.</p><p>Le <a href=\"/products/city-7-ultra\" target=\"_blank\" title=\"City 7 Ultra\">HEPHA City 7 Ultra</a> offre des performances de pointe : cadre à enjambement ou cadre haut, vitesses à moyeu Enviolo HD sans étages, et le moteur central P101 avec un couple de 100 Nm. Un puissant tout-terrain dans un élégant bleu foncé.</p>",
            "liquid_content": "",
            "liquid_content_de": "",
            "liquid_content_fr": "",
            "answer_2": "",
            "answer_2_de": "",
            "answer_2_fr": ""
          }
        },
        "question_c7WUHx": {
          "type": "question",
          "settings": {
            "title": "Q: Will there be any discounts for purchasing an e-bike at the exhibition?",
            "title_de": "F: Wird es Rabatte beim Kauf eines E-Bikes auf der Ausstellung geben?",
            "title_fr": "Q: Y aura-t-il des réductions pour l'achat d'un E-Bike lors de l'exposition ?",
            "answer": "<p>A: Yes, there are several benefits to purchasing a HEPHA e-bike at the exhibition:</p><ul><li>You can get a price discount.</li><li>You will get 3 years of free<a href=\"/pages/versicherung\" target=\"_blank\" title=\"Alteos Versicherung\"> Alteos Comfort Protection insurance package</a> when you buy a Hepha E-Bike at the exhibition.</li><li>You will receive a professional explanation.</li><li>You can test ride our latest E-Bikes in the test ride area.</li></ul>",
            "answer_de": "<p>A: Ja, es gibt mehrere Vorteile beim Kauf eines Hepha E-Bikes auf der Ausstellung.</p><ul><li>Sie können einen Preisnachlass erhalten.</li><li>Sie erhalten ein <a href=\"/pages/versicherung\" target=\"_blank\" title=\"Alteos Versicherung\">3-jähriges kostenloses Alteos Comfort Protection Versicherungspaket</a>, wenn Sie ein Hepha E-Bike auf der Ausstellung kaufen.</li><li>Sie erhalten eine professionelle Beratung.</li><li>Sie können unsere neuesten E-Bikes im Testfahrbereich ausprobieren.</li></ul>",
            "answer_fr": "",
            "liquid_content": "",
            "liquid_content_de": "",
            "liquid_content_fr": "",
            "answer_2": "",
            "answer_2_de": "",
            "answer_2_fr": ""
          }
        },
        "question_EVrXMV": {
          "type": "question",
          "settings": {
            "title": "Q: What are the contents of the free Alteos Comfort Protection insurance package?",
            "title_de": "F: Was sind die Inhalte des kostenlosen Alteos Komfortschutz-Versicherungspakets?",
            "title_fr": "Q: Quels sont les contenus du package d'assurance Alteos Comfort Protection gratuit ?",
            "answer": "<p>A: Alteos Comfort Protection Benefits</p><ul><li>Up to 3 years of insurance coverage</li><li>Coverage for commercial use</li><li>Mobility protection</li><li>Coverage for theft, robbery, vandalism, and burglary</li><li>Theft protection for the battery and accessories</li><li> Coverage for material and manufacturing defects</li><li>Protection against operational errors</li><li>Coverage for damage due to falls, accidents, moisture, electronics, and natural forces</li><li>Wear and tear coverage for individual parts (excluding tires and brakes) up to €150 per year (Premium)<br/></li></ul><p>Click <a href=\"/pages/versicherung\" target=\"_blank\" title=\"Alteos Versicherung\">here</a> to learn more about the Alteos Comfort Protection insurance package.</p>",
            "answer_de": "<p>A: Leistungen Alteos Komfortschutz</p><ul><li>bis 3 Jahre Versicherungsdauer</li><li>Gewerbliche Nutzung</li><li>Mobilitätsschutz</li><li>Diebstahl, Raub, Vandalismus, inkl. Einbruch</li><li>Diebstahl von Akku und Zubehör</li><li>Material- und Produktionsfehler</li><li>Bedienungsfehler</li><li>Schäden (durch Sturz, Unfall, Feuchtigkeit, Elektronik, Naturgewalten)</li><li>Verschleiß von Einzelteilen außer Reifen/Bremsen (Premium) bis 150 EUR pro Jahr</li></ul><p>Klicken Sie <a href=\"https://hepha.com/de/pages/versicherung\" target=\"_blank\">hier</a>, um mehr über das Alteos Komfortschutz-Versicherungspaket zu erfahren.</p>",
            "answer_fr": "",
            "liquid_content": "",
            "liquid_content_de": "",
            "liquid_content_fr": "",
            "answer_2": "",
            "answer_2_de": "",
            "answer_2_fr": ""
          }
        },
        "question_NjcbBF": {
          "type": "question",
          "settings": {
            "title": "Q：What if I can't attend the event in person?",
            "title_de": "F: Was, wenn ich nicht persönlich  an der Veranstaltung teilnehmen kann?",
            "title_fr": "Q: Que faire si je ne peux pas assister à l'événement en personne ?",
            "answer": "<p>A：Join us via live stream to enjoy the event online. You'll get to see our new products virtually. </p><p>Plus, any e-bike orders include a three-year insurance (Germany only). For orders in France and Austria, enjoy an additional €100 discount during the event.</p>",
            "answer_de": "<p>A: Nehmen Sie per Live-Stream an der Veranstaltung teil, um das Event online zu genießen. Sie können unsere neuen Produkte virtuell sehen. </p><p>Außerdem beinhalten alle E-Bike-Bestellungen eine dreijährige Versicherung (nur in Deutschland). Für Bestellungen in Frankreich und Österreich gibt es während der Veranstaltung einen zusätzlichen Rabatt von 100 €.</p>",
            "answer_fr": "<p>R: Rejoignez-nous via le livestream pour profiter de l'événement en ligne. Vous pourrez voir nos nouveaux produits virtuellement.</p><p>De plus, toute commande de vélo électrique inclut une assurance de trois ans (Allemagne uniquement). Pour les commandes en France et en Autriche, profitez d'une réduction supplémentaire de 100 € pendant l'événement.</p>",
            "liquid_content": "",
            "liquid_content_de": "",
            "liquid_content_fr": "",
            "answer_2": "",
            "answer_2_de": "",
            "answer_2_fr": ""
          }
        },
        "question_Yf9gG7": {
          "type": "question",
          "settings": {
            "title": "Q: How can I join the livestream event? What special offers are available during the livestream?",
            "title_de": "F: Wie kann ich an der Live-Stream-Veranstaltung teilnehmen? Welche Sonderangebote gibt es während des Live-Streams?",
            "title_fr": "Q: Comment puis-je rejoindre l'événement en direct ? Quelles offres spéciales sont disponibles pendant le livestream ?",
            "answer": "<p>A: To join the livestream:</p><ul><li>Register for our newsletter for updates.</li><li>Follow us on Instagram and Facebook.</li><li>Visit our website for the livestream link.</li><li>Add the event to your calendar to stay informed.</li></ul><p></p><p><strong>Special Offers:<br/></strong>Exclusive discounts and promotions available during the livestream</p>",
            "answer_de": "<p>A: So nehmen Sie am Live-Stream teil:</p><ul><li>Registrieren Sie sich für unseren Newsletter, um Updates zu erhalten.</li><li>Folgen Sie uns auf Instagram und Facebook.</li><li>Besuchen Sie unsere Website für den Live-Stream-Link.</li><li>Fügen Sie das Event Ihrem Kalender hinzu, um informiert zu bleiben.</li></ul><p></p><p><strong>Sonderangebote:<br/></strong>Exklusive Rabatte und Aktionen, die während des Live-Streams verfügbar sind.</p>",
            "answer_fr": "<p>R: Pour rejoindre le livestream :</p><ul><li>Inscrivez-vous à notre newsletter pour des mises à jour.</li><li>Suivez-nous sur Instagram et Facebook.</li><li>Visitez notre site Web pour le lien du livestream.</li><li>Ajoutez l'événement à votre calendrier pour rester informé.</li></ul><p><strong>Offres spéciales :<br/></strong>Réductions et promotions exclusives disponibles pendant le livestream.</p>",
            "liquid_content": "",
            "liquid_content_de": "",
            "liquid_content_fr": "",
            "answer_2": "",
            "answer_2_de": "",
            "answer_2_fr": ""
          }
        },
        "question_TpEd8C": {
          "type": "question",
          "settings": {
            "title": "Q: What is the seamless process for Click & Collect?",
            "title_de": "F: Wie funktioniert der nahtlose Click & Collect-Prozess?",
            "title_fr": "Q: Quel est le processus sans couture pour Click & Collect ?",
            "answer": "<p>A: During Cycling World, two dealers will assist with order collection. Simply fill out the form offline, and our team will handle the rest.</p>",
            "answer_de": "<p>A: Während der Cycling World werden zwei Händler bei der Abholung der Bestellungen helfen. Füllen Sie einfach offline das Formular aus, und unser Team kümmert sich um den Rest.</p>",
            "answer_fr": "<p>R: Pendant le Cycling World, deux revendeurs vous aideront à récupérer vos commandes. Il vous suffit de remplir le formulaire hors ligne, et notre équipe s'occupera du reste.</p>",
            "liquid_content": "",
            "liquid_content_de": "",
            "liquid_content_fr": "",
            "answer_2": "",
            "answer_2_de": "",
            "answer_2_fr": ""
          }
        }
      },
      "block_order": [
        "question_EFRCPY",
        "question_gA8Kb3",
        "question_c7WUHx",
        "question_EVrXMV",
        "question_NjcbBF",
        "question_Yf9gG7",
        "question_TpEd8C"
      ],
      "custom_css": [
        ".collapsible-tabs {max-width: 1100px;}",
        ".collapsible-tabs__heading {text-align: center;}"
      ],
      "settings": { "title": "Q& A", "title_de": "Q& A", "title_fr": "Q& A" }
    },
    "contact_form_ei3j4C": {
      "type": "contact-form",
      "blocks": {
        "custom_input_Q3aDP8": {
          "type": "custom_input",
          "settings": {
            "title": "Name *",
            "type": "text",
            "required": true,
            "half_width": false
          }
        },
        "custom_input_48m3nG": {
          "type": "custom_input",
          "settings": {
            "title": "Email *",
            "type": "text",
            "required": true,
            "half_width": false
          }
        },
        "message_input_tXRLkU": {
          "type": "message_input",
          "settings": { "required": true, "half_width": false }
        }
      },
      "block_order": [
        "custom_input_Q3aDP8",
        "custom_input_48m3nG",
        "message_input_tXRLkU"
      ],
      "custom_css": [
        ".flexible-layout,.fixed-layout {flex-wrap: wrap;}",
        ".lightish-spaced-row {text-align: center;}",
        ".reading-width {max-width: 1100px;}"
      ],
      "settings": {
        "contact_title": "Leave a comment",
        "contact_text": "",
        "color_scheme": "default"
      }
    },
    "custom_liquid_GdgFfh": {
      "type": "custom-liquid",
      "settings": {
        "full_width": true,
        "show_space": true,
        "code": "{% render 'stickybar-cyclingworld' %}"
      }
    },
    "custom_firework_video_kyXWkM": {
      "type": "custom_firework_video",
      "settings": {
        "mode": "pinned",
        "source": "metafield",
        "manual_playlist_id": "gMwwj1"
      }
    }
  },
  "order": [
    "main",
    "custom_two_colum_banner_bTefqW",
    "countdown_timer_Yddjjf",
    "custom_imagerow_HKEdg7",
    "custom_product_list_4zpWTr",
    "image_with_text_ytFTHK",
    "custom_product_tab_UG9Whm",
    "17424553342c707506",
    "collapsible_tabs_C6taYU",
    "contact_form_ei3j4C",
    "custom_liquid_GdgFfh",
    "custom_firework_video_kyXWkM"
  ]
}
