{
  "sections": {
    "main": {
      "type": "main-page",
      "disabled": true,
      "settings": { "show_page_title": true, "full_width": false }
    },
    "custom_two_colum_banner_k6nnfq": {
      "type": "custom-two-colum-banner",
      "blocks": {
        "slide_D4K9DX": {
          "type": "slide",
          "settings": {
            "image": "shopify://shop_images/tschugg-new-sponsor-2024-0106_lr_9480a0c5-6825-42b3-97e0-de034bdab38b.jpg",
            "background_color": "#ffffff",
            "background_size": "cover",
            "background_position": "top",
            "background_align_items": "center",
            "background_padding_top": 40,
            "background_padding_left": 40,
            "background_padding_right": 40,
            "background_padding_bottom": 40,
            "liquid_content": "",
            "subheading_image_title_link": "",
            "subheading_image_title_position": "",
            "title_1": "<p>Guido Tschugg</p>",
            "title_1_de": "<p>Guido Tschugg</p>",
            "title_1_fr": "<p>Guido Tschugg</p>",
            "heading_color_1": "#ffffff",
            "heading_size_1": 80,
            "subheading_1": "<p>Weltmeister. Pionier. Racer. </p>",
            "subheading_1_de": "<p>Weltmeister. Pionier. Racer. </p>",
            "subheading_1_fr": "<p>Weltmeister. Pionier. Racer. </p>",
            "subheading_color_1": "#ffffff",
            "subheading_size_1": 30,
            "liquid_content3": "",
            "subheading_image_1_link": "",
            "subheading_image_1_position": "",
            "subheading_image_1b_position": "",
            "subheading_image_1b_link": "",
            "title_2": "",
            "title_2_de": "",
            "title_2_fr": "",
            "heading_color_2": "#000000",
            "heading_size_2": 24,
            "subheading_2": "",
            "subheading_2_de": "",
            "subheading_2_fr": "",
            "subheading_color_2": "#000000",
            "subheading_size_2": 16,
            "subheading_image_2_position": "",
            "subheading_image_2_link": "",
            "collection": "",
            "buttongroup_label": "",
            "buttongroup_label_de": "",
            "buttongroup_label_fr": "",
            "button_label": "",
            "button_label_de": "",
            "button_label_fr": "",
            "link": "",
            "button_color": "#007bff",
            "button2_label": "",
            "button2_label_de": "",
            "button2_label_fr": "",
            "link2": "",
            "link2_de": "",
            "link2_fr": "",
            "button2_color": "#007bff",
            "button_text_color": "#ffffff",
            "column_1title": "",
            "column_1title_de": "",
            "column_1title_fr": "",
            "column_1description": "",
            "column_1description_de": "",
            "column_1description_fr": "",
            "column_2title": "",
            "column_2title_de": "",
            "column_2title_fr": "",
            "column_2description": "",
            "column_2description_de": "",
            "column_2description_fr": "",
            "column_3title": "",
            "column_3title_de": "",
            "column_3title_fr": "",
            "column_3description": "",
            "column_3description_de": "",
            "column_3description_fr": "",
            "column_4title": "",
            "column_4title_de": "",
            "column_4title_fr": "",
            "column_4description": "",
            "column_4description_de": "",
            "column_4description_fr": "",
            "liquid_content2": ""
          }
        }
      },
      "block_order": ["slide_D4K9DX"],
      "custom_css": [
        ".two-column-slide__heading p,.two-column-slide__text p {margin: 0 !important; text-align: left !important;}",
        ".two-column-slide__content {align-items: center;}",
        "@media (max-width: 768px) {.two-column-slide {min-height: 300px !important; } .two-column-slide__heading {font-size: 40px !important; line-height: 40px !important; } .two-column-slide__text {font-size: 16px !important; line-height: 24px !important; } .two-column-slide {background-size: cover !important; }}"
      ],
      "name": "Two Column Slideshow",
      "settings": {
        "section_id": "",
        "mobile_font_size_heading": 40,
        "mobile_line_height_heading": 42,
        "mobile_font_size_text": 20,
        "mobile_line_height_text": 24,
        "mobile_slide_padding_top": 30
      }
    },
    "custom_two_colum_banner_qxtYye": {
      "type": "custom-two-colum-banner",
      "blocks": {
        "slide_r3EXVx": {
          "type": "slide",
          "settings": {
            "background_color": "#ffffff",
            "background_size": "cover",
            "background_position": "center",
            "background_align_items": "center",
            "background_padding_top": 40,
            "background_padding_left": 40,
            "background_padding_right": 40,
            "background_padding_bottom": 40,
            "liquid_content": "<iframe width=\"100%\" height=\"400\" src=\"https://www.youtube.com/embed/tJQL11K4iTA?si=V-0xzf6-8Hl60Wpj\" title=\"YouTube video player\" frameborder=\"0\" allow=\"accelerometer; autoplay; clipboard-write; encrypted-media; gyroscope; picture-in-picture; web-share\" referrerpolicy=\"strict-origin-when-cross-origin\" allowfullscreen></iframe>\n<style>\n @media (max-width: 768px) { \n    iframe {\n      height: 240px; \nmargin-bottom:30px;\n    }\n  }\n</style>",
            "subheading_image_title_link": "",
            "subheading_image_title_position": "",
            "title_1": "",
            "title_1_de": "",
            "title_1_fr": "",
            "heading_color_1": "#000000",
            "heading_size_1": 24,
            "subheading_1": "",
            "subheading_1_de": "",
            "subheading_1_fr": "",
            "subheading_color_1": "#000000",
            "subheading_size_1": 16,
            "liquid_content3": "",
            "subheading_image_1": "shopify://shop_images/tschugg-new-sponsor-2024-0148.jpg_lr.png",
            "subheading_image_1_link": "",
            "subheading_image_1_width": 300,
            "subheading_image_1_position": "",
            "subheading_image_1b_position": "",
            "subheading_image_1b_link": "",
            "title_2": "<h2>Guido Tschugg: </h2><h2>Weltmeister. Pionier. Racer. </h2><h3>Guido zählt zu den bekanntesten Mountainbikern Deutschlands. Seit 1997 dreht sich sein Leben um den Zweiradsport, im Jahr 2000 wechselte er ins Profilager. Er war 4-facher Deutscher Meister im Dual, 6-facher Deutscher Meister im 4Cross, WM-Bronzegewinner. Bislang ist er der einzige Deutsche, der jemals zum härtesten Freeride-Rennen der Welt, der legendären RedBull Rampage eingeladen wurde.<br/></h3><h3>Und Guido hat als einer der ersten das große Potenzial der E-MTBs erkannt. Bereits seit 2012 trainierte er auf E-Bikes, ab 2015 startete er als Profi-Athlet im Bereich ePerformance – als erster aktiver Mountainbiker überhaupt. Wenn Guido nicht gerade selbst E-MTB fährt, dann kümmert sich der Allgäuer um junge Nachwuchsfahrer, baut neue Bikeparks und Trails oder organisiert eigene Bike-Events.</h3>",
            "title_2_de": "<h2>Guido Tschugg: </h2><h2>Weltmeister. Pionier. Racer. </h2><h3>Guido zählt zu den bekanntesten Mountainbikern Deutschlands. Seit 1997 dreht sich sein Leben um den Zweiradsport, im Jahr 2000 wechselte er ins Profilager. Er war 4-facher Deutscher Meister im Dual, 6-facher Deutscher Meister im 4Cross, WM-Bronzegewinner. Bislang ist er der einzige Deutsche, der jemals zum härtesten Freeride-Rennen der Welt, der legendären RedBull Rampage eingeladen wurde.<br/></h3><h3>Und Guido hat als einer der ersten das große Potenzial der E-MTBs erkannt. Bereits seit 2012 trainierte er auf E-Bikes, ab 2015 startete er als Profi-Athlet im Bereich ePerformance – als erster aktiver Mountainbiker überhaupt. Wenn Guido nicht gerade selbst E-MTB fährt, dann kümmert sich der Allgäuer um junge Nachwuchsfahrer, baut neue Bikeparks und Trails oder organisiert eigene Bike-Events.</h3>",
            "title_2_fr": "<h2>Guido Tschugg: </h2><h2>Weltmeister. Pionier. Racer. </h2><h3>Guido zählt zu den bekanntesten Mountainbikern Deutschlands. Seit 1997 dreht sich sein Leben um den Zweiradsport, im Jahr 2000 wechselte er ins Profilager. Er war 4-facher Deutscher Meister im Dual, 6-facher Deutscher Meister im 4Cross, WM-Bronzegewinner. Bislang ist er der einzige Deutsche, der jemals zum härtesten Freeride-Rennen der Welt, der legendären RedBull Rampage eingeladen wurde.<br/></h3><h3>Und Guido hat als einer der ersten das große Potenzial der E-MTBs erkannt. Bereits seit 2012 trainierte er auf E-Bikes, ab 2015 startete er als Profi-Athlet im Bereich ePerformance – als erster aktiver Mountainbiker überhaupt. Wenn Guido nicht gerade selbst E-MTB fährt, dann kümmert sich der Allgäuer um junge Nachwuchsfahrer, baut neue Bikeparks und Trails oder organisiert eigene Bike-Events.</h3>",
            "heading_color_2": "#000000",
            "heading_size_2": 30,
            "subheading_2": "",
            "subheading_2_de": "",
            "subheading_2_fr": "",
            "subheading_color_2": "#000000",
            "subheading_size_2": 16,
            "subheading_image_2_position": "",
            "subheading_image_2_link": "",
            "collection": "",
            "buttongroup_label": "",
            "buttongroup_label_de": "",
            "buttongroup_label_fr": "",
            "button_label": "",
            "button_label_de": "",
            "button_label_fr": "",
            "link": "",
            "button_color": "#007bff",
            "button2_label": "",
            "button2_label_de": "",
            "button2_label_fr": "",
            "link2": "",
            "link2_de": "",
            "link2_fr": "",
            "button2_color": "#007bff",
            "button_text_color": "#ffffff",
            "column_1title": "",
            "column_1title_de": "",
            "column_1title_fr": "",
            "column_1description": "",
            "column_1description_de": "",
            "column_1description_fr": "",
            "column_2title": "",
            "column_2title_de": "",
            "column_2title_fr": "",
            "column_2description": "",
            "column_2description_de": "",
            "column_2description_fr": "",
            "column_3title": "",
            "column_3title_de": "",
            "column_3title_fr": "",
            "column_3description": "",
            "column_3description_de": "",
            "column_3description_fr": "",
            "column_4title": "",
            "column_4title_de": "",
            "column_4title_fr": "",
            "column_4description": "",
            "column_4description_de": "",
            "column_4description_fr": "",
            "liquid_content2": ""
          }
        },
        "slide_DtcDTi": {
          "type": "slide",
          "settings": {
            "background_color": "#ffffff",
            "background_size": "cover",
            "background_position": "center",
            "background_align_items": "center",
            "background_padding_top": 40,
            "background_padding_left": 40,
            "background_padding_right": 40,
            "background_padding_bottom": 40,
            "liquid_content": "<style>\n.two-column-slide__heading h1{\nfont-size:60px;\ntext-align: left;\n}\n.two-column-slide__text h5 {\n    text-align: left;\n    margin-top: 10px;\n} \n.two-column-slide__text p {\n    margin-top: 20px !important;\n    line-height: 24px !important;\n}\n.second-heading h2 {\n   text-align: left;\n}\n.second-heading h3 {\n   text-align: left;\nfont-family: \"SF Mono\", Menlo, Consolas, Monaco, \"Liberation Mono\", \"Lucida Console\", monospace, \"Apple Color Emoji\", \"Segoe UI Emoji\", \"Segoe UI Symbol\";\n    margin-top: 20px !important;\n    line-height: 24px !important;\nfont-size:16px;\nfont-weight:normal;\n}\n@media (max-width: 768px) {\n.two-column-slide__heading h1{\nfont-size: 40px;\n}\n.two-column-slide__text p{\n line-height: 24px !important;\nfont-size:16px;\n}\n}\n</style>",
            "subheading_image_title_link": "",
            "subheading_image_title_position": "",
            "title_1": "<p>ePerformance 2.0</p><h1>Eine neue Ära.</h1>",
            "title_1_de": "<p>ePerformance 2.0</p><h1>Eine neue Ära.</h1>",
            "title_1_fr": "<p>ePerformance 2.0</p><h1>Eine neue Ära.</h1>",
            "heading_color_1": "#000000",
            "heading_size_1": 24,
            "subheading_1": "",
            "subheading_1_de": "",
            "subheading_1_fr": "",
            "subheading_color_1": "#000000",
            "subheading_size_1": 16,
            "liquid_content3": "",
            "subheading_image_1_link": "",
            "subheading_image_1_position": "",
            "subheading_image_1b_position": "",
            "subheading_image_1b_link": "",
            "title_2": "<p>Der Weltmeister und E-MTB-Pionier Guido Tschugg wechselt zu HEPHA. Dabei wird er sich neben seinen Aktivitäten als Fahrer und Testimonial vor allem um die Entwicklung der neuen HEPHA Performance E-MTBs sowie des performanten HEPHA P101 Antriebs kümmern. Auf dieser Seite stellen wir den sympathischen Allgäuer vor. </p>",
            "title_2_de": "<p>Der Weltmeister und E-MTB-Pionier Guido Tschugg wechselt zu HEPHA. Dabei wird er sich neben seinen Aktivitäten als Fahrer und Testimonial vor allem um die Entwicklung der neuen HEPHA Performance E-MTBs sowie des performanten HEPHA P101 Antriebs kümmern. Auf dieser Seite stellen wir den sympathischen Allgäuer vor.</p>",
            "title_2_fr": "<p>Der Weltmeister und E-MTB-Pionier Guido Tschugg wechselt zu HEPHA. Dabei wird er sich neben seinen Aktivitäten als Fahrer und Testimonial vor allem um die Entwicklung der neuen HEPHA Performance E-MTBs sowie des performanten HEPHA P101 Antriebs kümmern. Auf dieser Seite stellen wir den sympathischen Allgäuer vor.</p>",
            "heading_color_2": "#000000",
            "heading_size_2": 18,
            "subheading_2": "<h5>Warum gerade Hepha?</h5><p>„Ich bin es gewohnt, mein Umfeld – sagen wir, zu überraschen. Ich war der erste MTB-Profi, der aus freien Stücken zum E-MTB gewechselt ist – mit entsprechendem Shitstorm. Heute, ist die Szene voll davon. Ich habe jahrelang auf eine hungrige, ambitionierte Marke gewartet, die Potenzial hat, aber noch formbar und hungrig ist. Die nicht nur Bikes sondern auch den Antrieb in der Hand hat. HEPHA ist genau dies Marke. Mit dem eigenen Antrieb haben wir erstmals wirklich alle Stellhebel in der Hand. Das bietet uns unendlich viele Optionen, perfekt abgestimmte Bikes auf den Markt zu bringen. Dieses Potenzial auszuschöpfen ist eine einmalige Chance.“ </p><p></p><p></p><h5>Was genau machst Du?<br/></h5><p>“Der Kernbereich meines Engagement bei HEPHA ist es, durch intensive Testfahrten den Entwicklungsteams Feedback zur ständigen Verbesserung der Produkte zu bieten. Dazu gehört das Testen und Abstimmen der Kinematik, also des Fahrwerks, sowie Feedback zur Geometrie und Spezifikation der Bikes. Im Antriebsbereich sind es vor allem die Abstimmung der Motorsteuerung. Die perfekte Balance zwischen Dynamik, Kontrolle und Effizienz. Daneben gibt es aktive Beratungsbereiche für neue Produktideen, Antriebseinheiten oder auch Inputs für Rennformate. </p><p>Der zweite Bereich widmet sich der Unterstützung der Marke und deren Bekanntheit. Durch Posts, Reels oder Stories zeigen, was die Produkte können. Hinzu werde ich unsere Entwicklungen auch im Rennen unter Beweis stellen.” </p>",
            "subheading_2_de": "<h5>Warum gerade Hepha?</h5><p>„Ich bin es gewohnt, mein Umfeld – sagen wir, zu überraschen. Ich war der erste MTB-Profi, der aus freien Stücken zum E-MTB gewechselt ist – mit entsprechendem Shitstorm. Heute, ist die Szene voll davon. Ich habe jahrelang auf eine hungrige, ambitionierte Marke gewartet, die Potenzial hat, aber noch formbar und hungrig ist. Die nicht nur Bikes sondern auch den Antrieb in der Hand hat. HEPHA ist genau dies Marke. Mit dem eigenen Antrieb haben wir erstmals wirklich alle Stellhebel in der Hand. Das bietet uns unendlich viele Optionen, perfekt abgestimmte Bikes auf den Markt zu bringen. Dieses Potenzial auszuschöpfen ist eine einmalige Chance.“ </p><p></p><p></p><h5>Was genau machst Du?<br/></h5><p>“Der Kernbereich meines Engagement bei HEPHA ist es, durch intensive Testfahrten den Entwicklungsteams Feedback zur ständigen Verbesserung der Produkte zu bieten. Dazu gehört das Testen und Abstimmen der Kinematik, also des Fahrwerks, sowie Feedback zur Geometrie und Spezifikation der Bikes. Im Antriebsbereich sind es vor allem die Abstimmung der Motorsteuerung. Die perfekte Balance zwischen Dynamik, Kontrolle und Effizienz. Daneben gibt es aktive Beratungsbereiche für neue Produktideen, Antriebseinheiten oder auch Inputs für Rennformate. </p><p>Der zweite Bereich widmet sich der Unterstützung der Marke und deren Bekanntheit. Durch Posts, Reels oder Stories zeigen, was die Produkte können. Hinzu werde ich unsere Entwicklungen auch im Rennen unter Beweis stellen.” </p>",
            "subheading_2_fr": "<h5>Warum gerade Hepha?</h5><p>„Ich bin es gewohnt, mein Umfeld – sagen wir, zu überraschen. Ich war der erste MTB-Profi, der aus freien Stücken zum E-MTB gewechselt ist – mit entsprechendem Shitstorm. Heute, ist die Szene voll davon. Ich habe jahrelang auf eine hungrige, ambitionierte Marke gewartet, die Potenzial hat, aber noch formbar und hungrig ist. Die nicht nur Bikes sondern auch den Antrieb in der Hand hat. HEPHA ist genau dies Marke. Mit dem eigenen Antrieb haben wir erstmals wirklich alle Stellhebel in der Hand. Das bietet uns unendlich viele Optionen, perfekt abgestimmte Bikes auf den Markt zu bringen. Dieses Potenzial auszuschöpfen ist eine einmalige Chance.“ </p><p></p><p></p><h5>Was genau machst Du?<br/></h5><p>“Der Kernbereich meines Engagement bei HEPHA ist es, durch intensive Testfahrten den Entwicklungsteams Feedback zur ständigen Verbesserung der Produkte zu bieten. Dazu gehört das Testen und Abstimmen der Kinematik, also des Fahrwerks, sowie Feedback zur Geometrie und Spezifikation der Bikes. Im Antriebsbereich sind es vor allem die Abstimmung der Motorsteuerung. Die perfekte Balance zwischen Dynamik, Kontrolle und Effizienz. Daneben gibt es aktive Beratungsbereiche für neue Produktideen, Antriebseinheiten oder auch Inputs für Rennformate. </p><p>Der zweite Bereich widmet sich der Unterstützung der Marke und deren Bekanntheit. Durch Posts, Reels oder Stories zeigen, was die Produkte können. Hinzu werde ich unsere Entwicklungen auch im Rennen unter Beweis stellen.” </p>",
            "subheading_color_2": "#000000",
            "subheading_size_2": 16,
            "subheading_image_2_position": "",
            "subheading_image_2_link": "",
            "collection": "",
            "buttongroup_label": "",
            "buttongroup_label_de": "",
            "buttongroup_label_fr": "",
            "button_label": "",
            "button_label_de": "",
            "button_label_fr": "",
            "link": "",
            "button_color": "#007bff",
            "button2_label": "",
            "button2_label_de": "",
            "button2_label_fr": "",
            "link2": "",
            "link2_de": "",
            "link2_fr": "",
            "button2_color": "#007bff",
            "button_text_color": "#ffffff",
            "column_1title": "",
            "column_1title_de": "",
            "column_1title_fr": "",
            "column_1description": "",
            "column_1description_de": "",
            "column_1description_fr": "",
            "column_2title": "",
            "column_2title_de": "",
            "column_2title_fr": "",
            "column_2description": "",
            "column_2description_de": "",
            "column_2description_fr": "",
            "column_3title": "",
            "column_3title_de": "",
            "column_3title_fr": "",
            "column_3description": "",
            "column_3description_de": "",
            "column_3description_fr": "",
            "column_4title": "",
            "column_4title_de": "",
            "column_4title_fr": "",
            "column_4description": "",
            "column_4description_de": "",
            "column_4description_fr": "",
            "liquid_content2": ""
          }
        }
      },
      "block_order": ["slide_r3EXVx", "slide_DtcDTi"],
      "custom_css": [
        ".two-column-slides {height: 100%;}",
        ".two-column-slide__content {max-width: 100%;}",
        ".two-column-slide__subheading_image_1 {margin-top: 30px;}",
        ".second-heading:nth-of-type(2) {margin-left: 130px; margin-top: -150px;}",
        ".two-column-slide {align-items: flex-start !important; margin-top: 60px;}",
        "@media (max-width: 768px) {.two-column-slides {flex-direction: column-reverse !important; height: 100% !important; } .two-column-slide__subheading_image_1 {display: none; } .two-column-slide {padding: 20px !important; }}"
      ],
      "name": "Two Column Slideshow",
      "settings": {
        "section_id": "",
        "mobile_font_size_heading": 40,
        "mobile_line_height_heading": 42,
        "mobile_font_size_text": 20,
        "mobile_line_height_text": 24,
        "mobile_slide_padding_top": 30
      }
    },
    "custom_imagerow_y97ATG": {
      "type": "custom-imagerow",
      "blocks": {
        "module_e9itHy": {
          "type": "module",
          "settings": {
            "image": "shopify://shop_images/hephaebike_1745573408_3618454467481965996_49815587564.jpg",
            "module_big_title": "",
            "module_title": "",
            "module_title_de": "",
            "module_title_fr": "",
            "description": "",
            "description_de": "",
            "description_fr": "",
            "background_color": "#ffffff",
            "button1_text": "",
            "button1_text_de": "",
            "button1_text_fr": "",
            "button1_url": "",
            "button1_background_color": "",
            "button1_text_color": ""
          }
        },
        "module_phUmJ3": {
          "type": "module",
          "settings": {
            "image": "shopify://shop_images/amplifisports_1745504116_3617873100668810022_255214246.jpg",
            "module_big_title": "",
            "module_title": "",
            "module_title_de": "",
            "module_title_fr": "",
            "description": "",
            "description_de": "",
            "description_fr": "",
            "background_color": "#ffffff",
            "button1_text": "",
            "button1_text_de": "",
            "button1_text_fr": "",
            "button1_url": "",
            "button1_background_color": "",
            "button1_text_color": ""
          }
        },
        "module_FAXnN8": {
          "type": "module",
          "settings": {
            "image": "shopify://shop_images/tschugg_23_1739122542_3564340685365796962_54952662.jpg",
            "module_big_title": "",
            "module_title": "",
            "module_title_de": "",
            "module_title_fr": "",
            "description": "",
            "description_de": "",
            "description_fr": "",
            "background_color": "#ffffff",
            "button1_text": "",
            "button1_text_de": "",
            "button1_text_fr": "",
            "button1_url": "",
            "button1_background_color": "",
            "button1_text_color": ""
          }
        },
        "module_M9kk9q": {
          "type": "module",
          "settings": {
            "image": "shopify://shop_images/hephaebike_1745573408_3618454466106304268_49815587564.jpg",
            "module_big_title": "",
            "module_title": "",
            "module_title_de": "",
            "module_title_fr": "",
            "description": "",
            "description_de": "",
            "description_fr": "",
            "background_color": "#ffffff",
            "button1_text": "",
            "button1_text_de": "",
            "button1_text_fr": "",
            "button1_url": "",
            "button1_background_color": "",
            "button1_text_color": ""
          }
        },
        "module_GhPmpT": {
          "type": "module",
          "settings": {
            "image": "shopify://shop_images/tschugg_23_1735027106_3529985675538686297_54952662.jpg",
            "module_big_title": "",
            "module_title": "",
            "module_title_de": "",
            "module_title_fr": "",
            "description": "",
            "description_de": "",
            "description_fr": "",
            "background_color": "#ffffff",
            "button1_text": "",
            "button1_text_de": "",
            "button1_text_fr": "",
            "button1_url": "",
            "button1_background_color": "",
            "button1_text_color": ""
          }
        },
        "module_GtphFQ": {
          "type": "module",
          "settings": {
            "image": "shopify://shop_images/tschugg_23_1732471614_3508548656044725565_54952662.jpg",
            "module_big_title": "",
            "module_title": "",
            "module_title_de": "",
            "module_title_fr": "",
            "description": "",
            "description_de": "",
            "description_fr": "",
            "background_color": "#ffffff",
            "button1_text": "",
            "button1_text_de": "",
            "button1_text_fr": "",
            "button1_url": "",
            "button1_background_color": "",
            "button1_text_color": ""
          }
        },
        "module_B37Fjp": {
          "type": "module",
          "settings": {
            "image": "shopify://shop_images/tschugg_23_1716569426_3375151439090311477_54952662.jpg",
            "module_big_title": "",
            "module_title": "",
            "module_title_de": "",
            "module_title_fr": "",
            "description": "",
            "description_de": "",
            "description_fr": "",
            "background_color": "#ffffff",
            "button1_text": "",
            "button1_text_de": "",
            "button1_text_fr": "",
            "button1_url": "",
            "button1_background_color": "",
            "button1_text_color": ""
          }
        },
        "module_JeW6wG": {
          "type": "module",
          "settings": {
            "image": "shopify://shop_images/tschugg_23_1706769293_3292941963245330886_54952662.jpg",
            "module_big_title": "",
            "module_title": "",
            "module_title_de": "",
            "module_title_fr": "",
            "description": "",
            "description_de": "",
            "description_fr": "",
            "background_color": "#ffffff",
            "button1_text": "",
            "button1_text_de": "",
            "button1_text_fr": "",
            "button1_url": "",
            "button1_background_color": "",
            "button1_text_color": ""
          }
        },
        "module_gUryqj": {
          "type": "module",
          "settings": {
            "image": "shopify://shop_images/tschugg_23_1706769293_3292941963354228747_54952662.jpg",
            "module_big_title": "",
            "module_title": "",
            "module_title_de": "",
            "module_title_fr": "",
            "description": "",
            "description_de": "",
            "description_fr": "",
            "background_color": "#ffffff",
            "button1_text": "",
            "button1_text_de": "",
            "button1_text_fr": "",
            "button1_url": "",
            "button1_background_color": "",
            "button1_text_color": ""
          }
        }
      },
      "block_order": [
        "module_e9itHy",
        "module_phUmJ3",
        "module_FAXnN8",
        "module_M9kk9q",
        "module_GhPmpT",
        "module_GtphFQ",
        "module_B37Fjp",
        "module_JeW6wG",
        "module_gUryqj"
      ],
      "custom_css": [
        ".module {width: 32%; height: 330px !important; margin-bottom: 0 !important; aspect-ratio: 1 / 1; text-align: center; margin: 2px; border: none; border-radius: 0; display: flex; flex-direction: column; justify-content: center; align-items: center; flex-grow: 1; overflow: hidden; padding: 0 !important;}",
        ".module img {width: 100%; height: 100%; object-fit: cover;}",
        "@media (max-width: 768px) {.module {width: 200px; }}"
      ],
      "name": "Custom Image row",
      "settings": {
        "title": "",
        "title_de": "",
        "title_fr": "",
        "title_font_size": 30,
        "description_font_size": 14
      }
    },
    "custom_liquid_Hf6dCB": {
      "type": "custom-liquid",
      "name": "Custom Liquid",
      "settings": {
        "full_width": true,
        "show_space": true,
        "code": "<div id=\"lightbox\" class=\"lightbox\" style=\"display: none;\">\n    <span class=\"close2\" id=\"closeLightbox\">&times;</span>\n    <img class=\"lightbox-content\" id=\"lightboxImage\" alt=\"\">\n</div>\n<style>\n@media (max-width: 768px) {\n    .product-content-section {\n        max-width: 1200px;\n        margin: 0 auto;\n        padding: 0;\n    }\n    .smallmodulerow {\n        width: 100%;\n        overflow: auto; \n    }\n    .smallmodule {\n        max-width: 3000px;\n        width: 2600px !important;\n        display: flex;\n        flex-wrap: nowrap;\n        height: 300px;\n    }\n}\n.module img {\n    cursor: pointer; \n    width: 100%; \n    height: auto; \n}\n.lightbox {\n    position: fixed;\n    z-index: 1000;\n    left: 0;\n    top: 0;\n    width: 100%;\n    height: 100%;\n    background-color: rgba(0, 0, 0, 0.8);\n    display: flex;\n    justify-content: center;\n    align-items: center;\n}\n.lightbox-content {\n    max-width: 90%;\n    max-height: 90%;\n}\n.module img {\n    cursor: pointer; \n}\n.close2 {\n    position: absolute;\n    top: 60px;\n    right: 30px;\n    color: white;\n    font-size: 30px;\n    cursor: pointer;\n}\n</style>\n\n<script>\ndocument.addEventListener(\"DOMContentLoaded\", function() {\n    const lightbox = document.getElementById('lightbox');\n    const lightboxImage = document.getElementById('lightboxImage');\n    const closeLightbox = document.getElementById('closeLightbox');\n    const modules = document.querySelectorAll('.module img');\n\n    modules.forEach((img) => {\n        img.addEventListener('click', function() {\n            lightboxImage.src = img.src;\n            lightbox.style.display = 'flex';\n        });\n    });\n\n    closeLightbox.addEventListener('click', function() {\n        lightbox.style.display = 'none';\n    });\n\n    lightbox.addEventListener('click', function() {\n        lightbox.style.display = 'none';\n    });\n});\n</script>"
      }
    }
  },
  "order": [
    "main",
    "custom_two_colum_banner_k6nnfq",
    "custom_two_colum_banner_qxtYye",
    "custom_imagerow_y97ATG",
    "custom_liquid_Hf6dCB"
  ]
}
