{
  "parent": "page.promotion-2024-04-v2.json",
  "context": { "market": "austria" },
  "sections": {
    "custom_two_colum_banner_Peq7dK": {
      "settings": {},
      "blocks": {
        "slide_G6TEhx": {
          "settings": {
            "subheading_1": "<h5>Save up to €500 on the Trekking 7 SE!</h5>",
            "subheading_1_de": "<h5>Sparen Sie bis zu €500 beim Trekking 7 SE!</h5>"
          }
        }
      }
    },
    "custom_two_colum_banner_7kgaJE": {
      "settings": {},
      "blocks": {
        "slide_C7yrmJ": {
          "settings": {
            "title_1": "<p><strong>How to join the Promotion?</strong></p>",
            "title_1_de": "<p><strong>Wie kann man an der Promotion teilnehmen?</strong></p>",
            "subheading_1": "<ul><li>Visit the product page of your choice.</li><li>Choose your E-Bike's size and color, add your accessories or services, and then click “Add to Cart”.</li><li>Check out and follow our standard payment procedure.</li></ul>",
            "subheading_1_de": "<ul><li>Besuchen Sie die Produktseite Ihrer Wahl.</li><li>Wählen Sie die Größe und Farbe Ihres E-Bikes, fügen Sie Ihre Zubehörteile oder Dienstleistungen hinzu und klicken Sie dann auf \"In den Warenkorb\".</li><li>Gehen Sie zur Kasse und folgen Sie unserem normalen Zahlungsablauf.</li></ul>",
            "subheading_size_1": 20,
            "button_label": "",
            "button_label_de": ""
          }
        }
      }
    },
    "collapsible_tabs_qETzUn": {
      "settings": {},
      "blocks": {
        "question_CqpMaE": {
          "settings": {
            "answer": "<p>A: For the Trekking 7 SE Long Range (RRP: €2,799), you get the following offers:</p><p>-€400: Price discount, the final price is €2,399.</p>",
            "answer_de": "<p>Antwort: Für das Trekking 7 SE Long Range (UVP: 2.799 €) erhalten Sie folgende Angebote:</p><p>-400 €: Preisnachlass, der Endpreis beträgt 2.399 €.</p>"
          }
        },
        "question_awRpRT": {
          "settings": {
            "answer": "<p>A: For the Trekking 7 SE Long Range (RRP: €3,299), you get the following offers:</p><p>-€500: Price discount, the final price is €2,799.</p>",
            "answer_de": "<p>Antwort: Für das Trekking 7 SE Ultra (UVP: 3.299 €) erhalten Sie folgende Angebote:</p><p>-500 €: Preisnachlass, der Endpreis beträgt 2.799 €.</p>"
          }
        }
      }
    }
  }
}
