{
  "sections": {
    "custom_two_colum_banner_8FDAKz": {
      "type": "custom-two-colum-banner",
      "blocks": {
        "slide_FXbteH": {
          "type": "slide",
          "settings": {
            "image": "shopify://shop_images/RUD1126_1_6a104bae-7615-47e5-aac2-ce32a5fc90b2.jpg",
            "background_color": "#ffffff",
            "background_size": "cover",
            "background_position": "top",
            "background_align_items": "center",
            "background_padding_top": 40,
            "background_padding_left": 40,
            "background_padding_right": 40,
            "background_padding_bottom": 40,
            "title_1": "",
            "title_1_de": "",
            "title_1_fr": "",
            "heading_color_1": "#ffffff",
            "heading_size_1": 24,
            "subheading_1": "",
            "subheading_1_de": "",
            "subheading_1_fr": "",
            "subheading_color_1": "#000000",
            "subheading_size_1": 16,
            "subheading_image_1_link": "",
            "subheading_image_1b_link": "",
            "title_2": "",
            "title_2_de": "",
            "title_2_fr": "",
            "heading_color_2": "#000000",
            "heading_size_2": 24,
            "subheading_2": "",
            "subheading_2_de": "",
            "subheading_2_fr": "",
            "subheading_color_2": "#000000",
            "subheading_size_2": 16,
            "subheading_image_2_link": "",
            "collection": "",
            "button_label": "",
            "button_label_de": "",
            "button_label_fr": "",
            "link": "",
            "button_color": "#007bff",
            "button_text_color": "#ffffff",
            "column_1title": "",
            "column_1title_de": "",
            "column_1title_fr": "",
            "column_1description": "",
            "column_1description_de": "",
            "column_1description_fr": "",
            "column_2title": "",
            "column_2title_de": "",
            "column_2title_fr": "",
            "column_2description": "",
            "column_2description_de": "",
            "column_2description_fr": "",
            "column_3title": "",
            "column_3title_de": "",
            "column_3title_fr": "",
            "column_3description": "",
            "column_3description_de": "",
            "column_3description_fr": "",
            "column_4title": "",
            "column_4title_de": "",
            "column_4title_fr": "",
            "column_4description": "",
            "column_4description_de": "",
            "column_4description_fr": ""
          }
        },
        "slide_Y4VnBM": {
          "type": "slide",
          "settings": {
            "background_color": "#2b7dde",
            "background_size": "cover",
            "background_position": "center",
            "background_align_items": "center",
            "background_padding_top": 40,
            "background_padding_left": 40,
            "background_padding_right": 40,
            "background_padding_bottom": 40,
            "title_1": "<p>Finden Sie einen Hepha Händler in Ihrer Nähe!</p>",
            "title_1_de": "<p>Finden Sie einen Hepha Händler in Ihrer Nähe!</p>",
            "title_1_fr": "<p>Finden Sie einen Hepha Händler in Ihrer Nähe!</p>",
            "heading_color_1": "#ffffff",
            "heading_size_1": 40,
            "subheading_1": "<p>Bei einem unserer HEPHA Händler erwartet Sie eine umfassende Beratung und natürlich eine Testfahrt. Selbstverständlich können Sie Ihr neues HEPHA E-Bike dort direkt erwerben!</p><p>Setzen Sie sich dazu mit dem HEPHA-Händler in Verbindung und vereinbaren Sie einen Termin.</p><p>Kontaktieren Sie bitte unseren Händler im Voraus, um sicherzustellen, dass das passende Fahrrad für Sie verfügbar ist.</p>",
            "subheading_1_de": "<p>Bei einem unserer HEPHA Händler erwartet Sie eine umfassende Beratung und natürlich eine Testfahrt. Selbstverständlich können Sie Ihr neues HEPHA E-Bike dort direkt erwerben!</p><p>Setzen Sie sich dazu mit dem HEPHA-Händler in Verbindung und vereinbaren Sie einen Termin.</p><p>Kontaktieren Sie bitte unseren Händler im Voraus, um sicherzustellen, dass das passende Fahrrad für Sie verfügbar ist.</p>",
            "subheading_1_fr": "<p>Bei einem unserer HEPHA Händler erwartet Sie eine umfassende Beratung und natürlich eine Testfahrt. Selbstverständlich können Sie Ihr neues HEPHA E-Bike dort direkt erwerben!</p><p>Setzen Sie sich dazu mit dem HEPHA-Händler in Verbindung und vereinbaren Sie einen Termin.</p><p>Kontaktieren Sie bitte unseren Händler im Voraus, um sicherzustellen, dass das passende Fahrrad für Sie verfügbar ist.</p>",
            "subheading_color_1": "#ffffff",
            "subheading_size_1": 18,
            "subheading_image_1_link": "",
            "subheading_image_1b_link": "",
            "title_2": "",
            "title_2_de": "",
            "title_2_fr": "",
            "heading_color_2": "#000000",
            "heading_size_2": 24,
            "subheading_2": "",
            "subheading_2_de": "",
            "subheading_2_fr": "",
            "subheading_color_2": "#000000",
            "subheading_size_2": 16,
            "subheading_image_2_link": "",
            "collection": "",
            "button_label": "",
            "button_label_de": "",
            "button_label_fr": "",
            "link": "",
            "button_color": "#007bff",
            "button_text_color": "#ffffff",
            "column_1title": "",
            "column_1title_de": "",
            "column_1title_fr": "",
            "column_1description": "",
            "column_1description_de": "",
            "column_1description_fr": "",
            "column_2title": "",
            "column_2title_de": "",
            "column_2title_fr": "",
            "column_2description": "",
            "column_2description_de": "",
            "column_2description_fr": "",
            "column_3title": "",
            "column_3title_de": "",
            "column_3title_fr": "",
            "column_3description": "",
            "column_3description_de": "",
            "column_3description_fr": "",
            "column_4title": "",
            "column_4title_de": "",
            "column_4title_fr": "",
            "column_4description": "",
            "column_4description_de": "",
            "column_4description_fr": ""
          }
        }
      },
      "block_order": ["slide_FXbteH", "slide_Y4VnBM"],
      "custom_css": [
        "@media (max-width: 768px) {.two-column-slide__heading {font-size: 34px !important; line-height: 40px !important; } .two-column-slide__text {font-size: 18px !important; line-height: 24px !important; } .two-column-slide__content {padding: 40px 0; }}"
      ],
      "settings": {
        "section_id": "",
        "mobile_font_size_heading": 40,
        "mobile_line_height_heading": 42,
        "mobile_font_size_text": 20,
        "mobile_line_height_text": 24,
        "mobile_slide_padding_top": 30
      }
    },
    "main": {
      "type": "main-page",
      "settings": { "show_page_title": true, "full_width": false }
    }
  },
  "order": ["custom_two_colum_banner_8FDAKz", "main"]
}
