{
  "sections": {
    "main": {
      "type": "main-page",
      "disabled": true,
      "settings": { "show_page_title": true, "full_width": false }
    },
    "cdffcd03-a94b-4d6e-a504-1fe0b70347d6": {
      "type": "image-with-text-overlay",
      "blocks": {
        "template--15213462618185__cdffcd03-a94b-4d6e-a504-1fe0b70347d6-subheading-1": {
          "type": "subheading",
          "settings": {}
        },
        "template--15213462618185__cdffcd03-a94b-4d6e-a504-1fe0b70347d6-heading-1": {
          "type": "heading",
          "settings": { "title": "Our story", "use_h1": true }
        }
      },
      "block_order": [
        "template--15213462618185__cdffcd03-a94b-4d6e-a504-1fe0b70347d6-subheading-1",
        "template--15213462618185__cdffcd03-a94b-4d6e-a504-1fe0b70347d6-heading-1"
      ],
      "settings": {
        "height": "fixed",
        "height_desktop": 720,
        "height_mobile": 400,
        "image_link": "",
        "full_width": true,
        "text_alignment": "center center",
        "mobile_overlay_under": false,
        "overlay_style": "full image-overlay--bg-shadow"
      }
    },
    "ffca7f3f-a70e-4737-9485-80d1f269e72b": {
      "type": "rich-text",
      "blocks": {
        "941bc462-0551-4914-bb50-fb1d366d7cf6": {
          "type": "subheading",
          "settings": {}
        },
        "template--15213462618185__ffca7f3f-a70e-4737-9485-80d1f269e72b-heading-1": {
          "type": "heading",
          "settings": { "use_h1": false }
        },
        "template--15213462618185__ffca7f3f-a70e-4737-9485-80d1f269e72b-text-1": {
          "type": "text",
          "settings": { "enlarge_text": true }
        }
      },
      "block_order": [
        "941bc462-0551-4914-bb50-fb1d366d7cf6",
        "template--15213462618185__ffca7f3f-a70e-4737-9485-80d1f269e72b-heading-1",
        "template--15213462618185__ffca7f3f-a70e-4737-9485-80d1f269e72b-text-1"
      ],
      "settings": {
        "height": "medium",
        "text_alignment": "center",
        "full_width": false,
        "color_scheme": "1"
      }
    },
    "e349fe82-4ed8-48b7-b15a-84eb3a247d25": {
      "type": "image-with-text",
      "blocks": {
        "aa8f8936-073f-42af-b9ae-2458a23ee7b9": {
          "type": "subheading",
          "settings": {}
        },
        "template--15213462618185__e349fe82-4ed8-48b7-b15a-84eb3a247d25-heading-1": {
          "type": "heading",
          "settings": { "use_h1": false }
        },
        "template--15213462618185__e349fe82-4ed8-48b7-b15a-84eb3a247d25-text-1": {
          "type": "text",
          "settings": { "enlarge_text": false }
        },
        "template--15213462618185__e349fe82-4ed8-48b7-b15a-84eb3a247d25-button-1": {
          "type": "button",
          "settings": { "button_style": "secondary" }
        }
      },
      "block_order": [
        "aa8f8936-073f-42af-b9ae-2458a23ee7b9",
        "template--15213462618185__e349fe82-4ed8-48b7-b15a-84eb3a247d25-heading-1",
        "template--15213462618185__e349fe82-4ed8-48b7-b15a-84eb3a247d25-text-1",
        "template--15213462618185__e349fe82-4ed8-48b7-b15a-84eb3a247d25-button-1"
      ],
      "settings": {
        "image_width": 700,
        "image_link": "",
        "image_position": "left",
        "text_alignment": "left",
        "color_scheme": "default"
      }
    },
    "f64a5279-be93-4c35-a341-abc6bc461729": {
      "type": "shop-the-look",
      "blocks": {
        "template--15439594029129__f64a5279-be93-4c35-a341-abc6bc461729-subheading-1": {
          "type": "subheading",
          "settings": {}
        },
        "template--15439594029129__f64a5279-be93-4c35-a341-abc6bc461729-heading-1": {
          "type": "heading",
          "settings": {
            "heading_max_width": 10,
            "title_size": 60,
            "title_size_mobile": 26,
            "use_h1": false
          }
        },
        "template--15439594029129__f64a5279-be93-4c35-a341-abc6bc461729-text-1": {
          "type": "text",
          "settings": { "enlarge_text": true }
        }
      },
      "block_order": [
        "template--15439594029129__f64a5279-be93-4c35-a341-abc6bc461729-subheading-1",
        "template--15439594029129__f64a5279-be93-4c35-a341-abc6bc461729-heading-1",
        "template--15439594029129__f64a5279-be93-4c35-a341-abc6bc461729-text-1"
      ],
      "settings": {
        "video_external": "",
        "video_description": "",
        "height": "fixed",
        "height_desktop": 720,
        "height_mobile": 520,
        "product_list": [],
        "products_alignment": "bottom right",
        "product_card_layout": "portrait",
        "show_swatches": false,
        "full_width": true,
        "text_alignment": "top left",
        "mobile_overlay_over": false,
        "overlay_style": "shadow"
      }
    },
    "a7b3f3bc-057e-48f7-92fe-881a3993337e": {
      "type": "rich-text",
      "blocks": {
        "template--15439594029129__a7b3f3bc-057e-48f7-92fe-881a3993337e-heading-1": {
          "type": "heading",
          "settings": { "use_h1": false }
        },
        "template--15439594029129__a7b3f3bc-057e-48f7-92fe-881a3993337e-text-1": {
          "type": "text",
          "settings": { "enlarge_text": true }
        }
      },
      "block_order": [
        "template--15439594029129__a7b3f3bc-057e-48f7-92fe-881a3993337e-heading-1",
        "template--15439594029129__a7b3f3bc-057e-48f7-92fe-881a3993337e-text-1"
      ],
      "settings": {
        "height": "medium",
        "text_alignment": "center",
        "full_width": false,
        "color_scheme": "default"
      }
    },
    "78308a9b-5ca9-4a24-9b25-c0be067d9345": {
      "type": "hotspots",
      "blocks": {
        "template--15390039113801__78308a9b-5ca9-4a24-9b25-c0be067d9345-hotspot-1": {
          "type": "hotspot",
          "settings": {
            "hotspot_x": 28,
            "hotspot_y": 24,
            "hotspot_x_mobile": 28,
            "hotspot_y_mobile": 24,
            "icon": "",
            "icon_width": 32
          }
        },
        "template--15390039113801__78308a9b-5ca9-4a24-9b25-c0be067d9345-hotspot-3": {
          "type": "hotspot",
          "settings": {
            "hotspot_x": 64,
            "hotspot_y": 32,
            "hotspot_x_mobile": 64,
            "hotspot_y_mobile": 32,
            "icon": "",
            "icon_width": 32
          }
        },
        "b11c8c3d-e3f0-4ad2-895c-b53a2332f35f": {
          "type": "hotspot",
          "settings": {
            "hotspot_x": 56,
            "hotspot_y": 64,
            "hotspot_x_mobile": 56,
            "hotspot_y_mobile": 64,
            "icon": "",
            "icon_width": 32
          }
        }
      },
      "block_order": [
        "template--15390039113801__78308a9b-5ca9-4a24-9b25-c0be067d9345-hotspot-1",
        "template--15390039113801__78308a9b-5ca9-4a24-9b25-c0be067d9345-hotspot-3",
        "b11c8c3d-e3f0-4ad2-895c-b53a2332f35f"
      ],
      "settings": {
        "hotspot_color": "#070707",
        "button_content": "plus",
        "outer_circle": "pulse",
        "full_width": false,
        "text_alignment": "top left",
        "overlay_style": "shadow",
        "subheading": "",
        "title": "",
        "use_h1": false,
        "heading_max_width": 10,
        "text": "",
        "button_1_label": "",
        "button_1_link": "",
        "button_1_style": "secondary",
        "button_2_label": "",
        "button_2_link": "",
        "button_2_style": "primary"
      }
    },
    "d3729242-1117-4e20-b13f-db8d6a88222d": {
      "type": "scrolling-banner",
      "blocks": {
        "template--15213462618185__d3729242-1117-4e20-b13f-db8d6a88222d-text-1": {
          "type": "text",
          "settings": {}
        }
      },
      "block_order": [
        "template--15213462618185__d3729242-1117-4e20-b13f-db8d6a88222d-text-1"
      ],
      "settings": {}
    },
    "5d80e24d-359e-4497-b5e7-90275162de31": {
      "type": "image-with-text",
      "blocks": {
        "88949fd5-8250-4a34-9a66-e89dc0c91026": {
          "type": "subheading",
          "settings": {}
        },
        "template--15213462618185__5d80e24d-359e-4497-b5e7-90275162de31-heading-1": {
          "type": "heading",
          "settings": { "use_h1": false }
        },
        "template--15213462618185__5d80e24d-359e-4497-b5e7-90275162de31-text-1": {
          "type": "text",
          "settings": { "enlarge_text": false }
        },
        "template--15213462618185__5d80e24d-359e-4497-b5e7-90275162de31-button-1": {
          "type": "button",
          "settings": { "button_style": "secondary" }
        }
      },
      "block_order": [
        "88949fd5-8250-4a34-9a66-e89dc0c91026",
        "template--15213462618185__5d80e24d-359e-4497-b5e7-90275162de31-heading-1",
        "template--15213462618185__5d80e24d-359e-4497-b5e7-90275162de31-text-1",
        "template--15213462618185__5d80e24d-359e-4497-b5e7-90275162de31-button-1"
      ],
      "settings": {
        "image_width": 700,
        "image_link": "",
        "image_position": "left",
        "text_alignment": "left",
        "color_scheme": "default"
      }
    },
    "bec376ed-2df2-4df6-8adb-77f80556831d": {
      "type": "video-with-text",
      "blocks": {
        "181ce0ab-cbe9-4acf-a758-267f49d2eccb": {
          "type": "subheading",
          "settings": {}
        },
        "cef28f7b-581d-48fa-86e1-47948a6f62e9": {
          "type": "heading",
          "settings": { "use_h1": false }
        },
        "8c9219fb-feb4-461f-b84f-6593c390d4f9": {
          "type": "text",
          "settings": { "enlarge_text": false }
        }
      },
      "block_order": [
        "181ce0ab-cbe9-4acf-a758-267f49d2eccb",
        "cef28f7b-581d-48fa-86e1-47948a6f62e9",
        "8c9219fb-feb4-461f-b84f-6593c390d4f9"
      ],
      "settings": {
        "video_description": "",
        "autoplay": true,
        "video_position": "right",
        "text_alignment": "left",
        "color_scheme": "1"
      }
    },
    "542425f1-3c2e-4078-a725-9f39b35ee00b": {
      "type": "key-features",
      "blocks": {
        "template--15390039113801__542425f1-3c2e-4078-a725-9f39b35ee00b-feature-1": {
          "type": "feature",
          "settings": {
            "bg_color": "#ffffff",
            "bg_gradient": "",
            "text_color": "#171717",
            "heading": "Feature 1",
            "show_segments": false,
            "segments": 5,
            "active_segment": "4",
            "fill_segments": true,
            "show_labels": true,
            "label_left": "",
            "label_middle": "",
            "label_right": "",
            "show_icon": true,
            "icon": "leaf"
          }
        },
        "template--15390039113801__542425f1-3c2e-4078-a725-9f39b35ee00b-feature-2": {
          "type": "feature",
          "settings": {
            "bg_color": "#f7f7f8",
            "bg_gradient": "",
            "text_color": "#171717",
            "heading": "Feature 2",
            "show_segments": false,
            "segments": 5,
            "active_segment": "2",
            "fill_segments": true,
            "show_labels": true,
            "label_left": "",
            "label_middle": "",
            "label_right": "",
            "show_icon": true,
            "icon": "heart"
          }
        },
        "template--15390039113801__542425f1-3c2e-4078-a725-9f39b35ee00b-feature-3": {
          "type": "feature",
          "settings": {
            "bg_color": "#ffffff",
            "bg_gradient": "",
            "text_color": "#171717",
            "heading": "Feature 3",
            "show_segments": false,
            "segments": 5,
            "active_segment": "3",
            "fill_segments": true,
            "show_labels": true,
            "label_left": "",
            "label_middle": "",
            "label_right": "",
            "show_icon": true,
            "icon": "leather"
          }
        }
      },
      "block_order": [
        "template--15390039113801__542425f1-3c2e-4078-a725-9f39b35ee00b-feature-1",
        "template--15390039113801__542425f1-3c2e-4078-a725-9f39b35ee00b-feature-2",
        "template--15390039113801__542425f1-3c2e-4078-a725-9f39b35ee00b-feature-3"
      ],
      "settings": {
        "image_max_width": 560,
        "media_aspect_ratio": "1",
        "image_position": "left",
        "segment_position": "over-text"
      }
    },
    "789f0e57-893a-46b3-a1d6-bcabe394135b": {
      "type": "featured-blog",
      "settings": {
        "post_limit": 3,
        "show_author": true,
        "show_date": true,
        "show_excerpts": true,
        "crop_ratio": "1.78",
        "color_scheme": "1"
      }
    }
  },
  "order": [
    "main",
    "cdffcd03-a94b-4d6e-a504-1fe0b70347d6",
    "ffca7f3f-a70e-4737-9485-80d1f269e72b",
    "e349fe82-4ed8-48b7-b15a-84eb3a247d25",
    "f64a5279-be93-4c35-a341-abc6bc461729",
    "a7b3f3bc-057e-48f7-92fe-881a3993337e",
    "78308a9b-5ca9-4a24-9b25-c0be067d9345",
    "d3729242-1117-4e20-b13f-db8d6a88222d",
    "5d80e24d-359e-4497-b5e7-90275162de31",
    "bec376ed-2df2-4df6-8adb-77f80556831d",
    "542425f1-3c2e-4078-a725-9f39b35ee00b",
    "789f0e57-893a-46b3-a1d6-bcabe394135b"
  ]
}
