{
  "sections": {
    "custom_two_colum_banner_Peq7dK": {
      "type": "custom-two-colum-banner",
      "blocks": {
        "slide_G6TEhx": {
          "type": "slide",
          "settings": {
            "image": "shopify://shop_images/Frame139_4_60fff236-081e-4336-af44-bb6dc730354b.jpg",
            "background_color": "rgba(0,0,0,0)",
            "liquid_content4": "",
            "background_size": "cover",
            "background_position": "bottom",
            "background_align_items": "center",
            "background_padding_top": 40,
            "background_padding_left": 40,
            "background_padding_right": 40,
            "background_padding_bottom": 40,
            "liquid_content": "<style>\n#shopify-section-template--23965030449420__custom_two_colum_banner_Peq7dK .two-column-slide__heading, #shopify-section-template--23965030449420__custom_two_colum_banner_Peq7dK .two-column-slide__text {\n    margin: 0 0 30px 0;\n    text-align: left;\n    width: 800px;\n}\n#shopify-section-template--23965030449420__custom_two_colum_banner_Peq7dK .two-column-slide {\n    align-items: flex-start !important;\n}\n#shopify-section-template--23965030449420__custom_two_colum_banner_Peq7dK .two-column-slide__heading h2 {\n    font-size: 45px;\n    font-weight: bold;\n    font-family: Helvetica, \"Helvetica Neue\", Arial, \"Lucida Grande\", sans-serif !important;\n    text-align: center !important;\ncolor:#000000;\nline-height: 1;\n}\n\n#shopify-section-template--23965030449420__custom_two_colum_banner_Peq7dK .custom-button-group {\n    position: absolute;\n    right: 100px;\n    bottom: 100px;\n}\n\n#shopify-section-template--23965030449420__custom_two_colum_banner_Peq7dK .two-column-slide__heading h5 {\n    font-size: 24px;\n    font-weight: bold;\n    font-family: Helvetica, \"Helvetica Neue\", Arial, \"Lucida Grande\", sans-serif !important;\n    text-align: center !important;\ncolor:#000000;\npadding: 0;\n}\n\n#shopify-section-template--23965030449420__custom_two_colum_banner_Peq7dK .two-column-slide__heading h6 {\n    font-size: 18px;\n    font-weight: bold;\n    font-family: Helvetica, \"Helvetica Neue\", Arial, \"Lucida Grande\", sans-serif !important;\n    text-align: center !important;\n    color: #000000;\npadding: 0;\n}\n\n#shopify-section-template--23965030449420__custom_two_colum_banner_Peq7dK .two-column-slide__text p {\n    font-weight: bold;\n    font-family: Helvetica, \"Helvetica Neue\", Arial, \"Lucida Grande\", sans-serif !important;\n}\n\n#shopify-section-template--23965030449420__custom_two_colum_banner_Peq7dK .two-column-slide__content {\n    align-items: center !important;\n}\n\n#shopify-section-template--23889897095436__custom_two_colum_banner_Peq7dK .custom-button {\n    font-size: 24px !important;\n    font-weight: bold !important;\n}\n\n#shopify-section-template--23965030449420__custom_two_colum_banner_Peq7dK .custom-button-group span {\n    font-size: 15px !important;\n}\n#shopify-section-template--23965030449420__custom_two_colum_banner_Peq7dK .two-column-slide__heading, #shopify-section-template--23965030449420__custom_two_colum_banner_Peq7dK .two-column-slide__text {\n    width: 900px;\n}\n@media (max-width: 768px) {\n    #shopify-section-template--23965030449420__custom_two_colum_banner_Peq7dK .two-column-slide__text h5 {\n        font-size: 18px !important; \n    }\n\n    #shopify-section-template--23965030449420__custom_two_colum_banner_Peq7dK .two-column-slide__text p {\n        font-size: 18px !important; \n    }\n\n    #shopify-section-template--23965030449420__custom_two_colum_banner_Peq7dK .two-column-slide__heading p {\n        font-size: 12px;\n    }\n\n    #shopify-section-template--23965030449420__custom_two_colum_banner_Peq7dK .two-column-slide__heading h2 {\n        font-size: 30px !important; \n white-space: normal !important; \n        overflow-wrap: break-word; \n        word-wrap: break-word; \n    }\n\n    #shopify-section-template--23965030449420__custom_two_colum_banner_Peq7dK .two-column-slide__heading,  #shopify-section-template--23965030449420__custom_two_colum_banner_Peq7dK.two-column-slide__text {\n        margin: 0 0 10px 0 !important;\n    }\n\n#shopify-section-template--23965030449420__custom_two_colum_banner_Peq7dK .two-column-slide__heading p{\n  text-align: left !important;\n}\n\n#Slide-template--23951800434956__custom_two_colum_banner_Peq7dK-1 .custom-button-group {\n    display: none !important;\n}\n\n#shopify-section-template--23965030449420__custom_two_colum_banner_Peq7dK .two-column-slide__content {\n            padding-top: 30px;\n}\n#shopify-section-template--23965030449420__custom_two_colum_banner_Peq7dK .two-column-slide__heading h5 {\n    font-size: 18px;\n}\n\n#shopify-section-template--23965030449420__custom_two_colum_banner_Peq7dK .two-column-slide__content {\n        max-width: 600px;\n    }\n\n#shopify-section-template--23965030449420__custom_two_colum_banner_Peq7dK .custom-button-group {\n    position: static;\n}\n\n#shopify-section-template--23965030449420__custom_two_colum_banner_Peq7dK .two-column-slide__heading h6 {\n    font-size: 18px;\n    white-space: normal !important; \n        overflow-wrap: break-word; \n        word-wrap: break-word; \n}\n    .two-column-slide__heading {\n        width: 100% !important;\n    }\n}\n</style>",
            "subheading_image_title_link": "",
            "subheading_image_title_position": "",
            "title_1": "<h6>Summer Sale</h6><h2>Trekking 7 SE</h2><h6>Save up to €400 + Free insurance (RRP: €285)</h6>",
            "title_1_de": "<h6>Summer Sale</h6><h2>Trekking 7 SE</h2><h6>Sparen Sie bis zu €400 + Gratis Versicherung (UVP: €285)</h6>",
            "title_1_fr": "<h6>Soldes d'été</h6><h2>Trekking 7 SE</h2><h6>Économisez jusqu'à €500 </h6>",
            "title_1_fi": "",
            "heading_color_1": "#000000",
            "heading_size_1": 60,
            "subheading_1": "",
            "subheading_1_de": "",
            "subheading_1_fr": "",
            "subheading_1_fi": "",
            "subheading_color_1": "#000000",
            "subheading_size_1": 30,
            "liquid_content3": "",
            "subheading_image_1_link": "",
            "subheading_image_1_width": 1000,
            "subheading_image_1_position": "",
            "subheading_image_1b_position": "",
            "subheading_image_1b_link": "",
            "title_2": "",
            "title_2_de": "",
            "title_2_fr": "",
            "title_2_fi": "",
            "heading_color_2": "#000000",
            "heading_size_2": 24,
            "subheading_2": "",
            "subheading_2_de": "",
            "subheading_2_fr": "",
            "subheading_2_fi": "",
            "subheading_color_2": "#000000",
            "subheading_size_2": 20,
            "subheading_image_2_position": "",
            "subheading_image_2_link": "",
            "collection": "",
            "buttongroup_label": "",
            "buttongroup_label_de": "",
            "buttongroup_label_fr": "",
            "buttongroup_label_fi": "",
            "button_label": "View Offers",
            "button_label_de": "Zu den Angeboten",
            "button_label_fr": "Voir les offres",
            "button_label_fi": "",
            "link": "#shopify-section-template--23965030449420__custom_sale_tab_3_F6gyF3",
            "button_color": "#2b7dde",
            "button2_label": "",
            "button2_label_de": "",
            "button2_label_fr": "",
            "button2_label_fi": "",
            "link2": "shopify://products/trekking7-ltd-ultra",
            "link2_de": "shopify://products/trekking7-ltd-ultra",
            "link2_fr": "shopify://products/trekking7-ltd-ultra",
            "link2_fi": "",
            "button2_color": "#69a7ea",
            "button_text_color": "#ffffff",
            "column_1title": "",
            "column_1title_de": "",
            "column_1title_fr": "",
            "column_1title_fi": "",
            "column_1description": "",
            "column_1description_de": "",
            "column_1description_fr": "",
            "column_1description_fi": "",
            "column_2title": "",
            "column_2title_de": "",
            "column_2title_fr": "",
            "column_2title_fi": "",
            "column_2description": "",
            "column_2description_de": "",
            "column_2description_fr": "",
            "column_2description_fi": "",
            "column_3title": "",
            "column_3title_de": "",
            "column_3title_fr": "",
            "column_3title_fi": "",
            "column_3description": "",
            "column_3description_de": "",
            "column_3description_fr": "",
            "column_3description_fi": "",
            "column_4title": "",
            "column_4title_de": "",
            "column_4title_fr": "",
            "column_4title_fi": "",
            "column_4description": "",
            "column_4description_de": "",
            "column_4description_fr": "",
            "column_4description_fi": "",
            "liquid_content2": "<div class=\"custom-data\">1/6/2025 - 30/6/2025</div>\n<style>\n@media (max-width: 1800px) {\n    #Slide-template--23965030449420__custom_two_colum_banner_Peq7dK-1 {\n        background-image: url('https://cdn.shopify.com/s/files/1/0560/0080/6985/files/Frame139_4_c29726ff-92ad-4b6c-8244-71bf407bb66c.jpg') !important;\n    }\n}\n\n\n.custom-data {\n    position: absolute;\n    right: 100px;\n    bottom: 50px;\n    font-size: 20px;\n    font-weight: bold;\n    font-family: Helvetica, \"Helvetica Neue\", Arial, \"Lucida Grande\", sans-serif !important;\n    color: #000000;\npadding: 0;\n}\n\n@media (max-width: 768px) {\n.custom-data {\nfont-size: 18px;\nposition: static;\n}\n}\n</style>",
            "liquid_content5": ""
          }
        }
      },
      "block_order": ["slide_G6TEhx"],
      "custom_css": [
        ".two-column-slide__heading p,.two-column-slide__text p {margin: 0 !important; text-align: center;}",
        ".custom-button {font-weight: bold;}",
        ".two-column-slides {height: 620px;}",
        "@media (max-width: 768px) {.two-column-slide__text {font-size: 23px !important; line-height: 24px !important; } .two-column-slide {background-size: cover !important; } .custom-button {font-size: 12px !important; font-weight: bold !important; } .two-column-slides {flex-direction: column-reverse !important; height: 100% !important; }}"
      ],
      "settings": {
        "section_id": "",
        "mobile_font_size_heading": 40,
        "mobile_line_height_heading": 42,
        "mobile_font_size_text": 20,
        "mobile_line_height_text": 24,
        "mobile_slide_padding_top": 30
      }
    },
    "custom_two_colum_banner_kji6Re": {
      "type": "custom-two-colum-banner",
      "blocks": {
        "slide_V4kB3j": {
          "type": "slide",
          "settings": {
            "background_color": "#fee0c6",
            "liquid_content4": "",
            "background_size": "cover",
            "background_position": "center",
            "background_align_items": "center",
            "background_padding_top": 0,
            "background_padding_left": 0,
            "background_padding_right": 0,
            "background_padding_bottom": 0,
            "liquid_content": "",
            "subheading_image_title_link": "",
            "subheading_image_title_position": "",
            "title_1": "<p>Six-time price-performance winner:</p>",
            "title_1_de": "<p><strong>Sechsmaliger Preis-Leistungs-Sieger:</strong></p>",
            "title_1_fr": "<p>Six fois primé pour son rapport qualité-prix :</p>",
            "title_1_fi": "",
            "heading_color_1": "#000000",
            "heading_size_1": 24,
            "subheading_1": "",
            "subheading_1_de": "",
            "subheading_1_fr": "",
            "subheading_1_fi": "",
            "subheading_color_1": "#000000",
            "subheading_size_1": 16,
            "liquid_content3": "",
            "subheading_image_1": "shopify://shop_images/Frame_208_e5de2c77-9bf3-464c-9cea-fcf183f865b2.png",
            "subheading_image_1_link": "",
            "subheading_image_1_width": 500,
            "subheading_image_1_position": "",
            "subheading_image_1b_position": "",
            "subheading_image_1b_link": "",
            "title_2": "<p>Six-time design award winner:</p>",
            "title_2_de": "<p>Sechsmaliger Design-Preis-Gewinner:</p>",
            "title_2_fr": "<p>Six fois lauréat du prix du design<strong> :</strong></p>",
            "title_2_fi": "",
            "heading_color_2": "#000000",
            "heading_size_2": 24,
            "subheading_2": "",
            "subheading_2_de": "",
            "subheading_2_fr": "",
            "subheading_2_fi": "",
            "subheading_color_2": "#000000",
            "subheading_size_2": 16,
            "subheading_image_2": "shopify://shop_images/Group_373_32fe9ecc-1edf-4990-a82e-a89d6f9b3839.png",
            "subheading_image_2_position": "",
            "subheading_image_2_link": "",
            "subheading_image_2_width": 500,
            "collection": "",
            "buttongroup_label": "",
            "buttongroup_label_de": "",
            "buttongroup_label_fr": "",
            "buttongroup_label_fi": "",
            "button_label": "",
            "button_label_de": "",
            "button_label_fr": "",
            "button_label_fi": "",
            "link": "",
            "button_color": "#007bff",
            "button2_label": "",
            "button2_label_de": "",
            "button2_label_fr": "",
            "button2_label_fi": "",
            "link2": "",
            "link2_de": "",
            "link2_fr": "",
            "link2_fi": "",
            "button2_color": "#007bff",
            "button_text_color": "#ffffff",
            "column_1title": "",
            "column_1title_de": "",
            "column_1title_fr": "",
            "column_1title_fi": "",
            "column_1description": "",
            "column_1description_de": "",
            "column_1description_fr": "",
            "column_1description_fi": "",
            "column_2title": "",
            "column_2title_de": "",
            "column_2title_fr": "",
            "column_2title_fi": "",
            "column_2description": "",
            "column_2description_de": "",
            "column_2description_fr": "",
            "column_2description_fi": "",
            "column_3title": "",
            "column_3title_de": "",
            "column_3title_fr": "",
            "column_3title_fi": "",
            "column_3description": "",
            "column_3description_de": "",
            "column_3description_fr": "",
            "column_3description_fi": "",
            "column_4title": "",
            "column_4title_de": "",
            "column_4title_fr": "",
            "column_4title_fi": "",
            "column_4description": "",
            "column_4description_de": "",
            "column_4description_fr": "",
            "column_4description_fi": "",
            "liquid_content2": "",
            "liquid_content5": ""
          }
        },
        "slide_Ew43jA": {
          "type": "slide",
          "settings": {
            "image": "shopify://shop_images/HEPHA_City7_Still_1_small_a94ae38a-37aa-4093-b2c6-262c6e630a56.jpg",
            "background_color": "#ffffff",
            "liquid_content4": "<style>\n@media (max-width: 768px) {\n #Slide-template--23965030449420__custom_two_colum_banner_kji6Re-2{\ndisplay:none !important;\n}\n}\n</style>",
            "background_size": "cover",
            "background_position": "center",
            "background_align_items": "center",
            "background_padding_top": 0,
            "background_padding_left": 0,
            "background_padding_right": 0,
            "background_padding_bottom": 0,
            "liquid_content": "",
            "subheading_image_title_link": "",
            "subheading_image_title_position": "",
            "title_1": "",
            "title_1_de": "",
            "title_1_fr": "",
            "title_1_fi": "",
            "heading_color_1": "#000000",
            "heading_size_1": 24,
            "subheading_1": "",
            "subheading_1_de": "",
            "subheading_1_fr": "",
            "subheading_1_fi": "",
            "subheading_color_1": "#000000",
            "subheading_size_1": 16,
            "liquid_content3": "",
            "subheading_image_1_link": "",
            "subheading_image_1_position": "",
            "subheading_image_1b_position": "",
            "subheading_image_1b_link": "",
            "title_2": "",
            "title_2_de": "",
            "title_2_fr": "",
            "title_2_fi": "",
            "heading_color_2": "#000000",
            "heading_size_2": 24,
            "subheading_2": "",
            "subheading_2_de": "",
            "subheading_2_fr": "",
            "subheading_2_fi": "",
            "subheading_color_2": "#000000",
            "subheading_size_2": 16,
            "subheading_image_2_position": "",
            "subheading_image_2_link": "",
            "collection": "",
            "buttongroup_label": "",
            "buttongroup_label_de": "",
            "buttongroup_label_fr": "",
            "buttongroup_label_fi": "",
            "button_label": "",
            "button_label_de": "",
            "button_label_fr": "",
            "button_label_fi": "",
            "link": "",
            "button_color": "#007bff",
            "button2_label": "",
            "button2_label_de": "",
            "button2_label_fr": "",
            "button2_label_fi": "",
            "link2": "",
            "link2_de": "",
            "link2_fr": "",
            "link2_fi": "",
            "button2_color": "#007bff",
            "button_text_color": "#ffffff",
            "column_1title": "",
            "column_1title_de": "",
            "column_1title_fr": "",
            "column_1title_fi": "",
            "column_1description": "",
            "column_1description_de": "",
            "column_1description_fr": "",
            "column_1description_fi": "",
            "column_2title": "",
            "column_2title_de": "",
            "column_2title_fr": "",
            "column_2title_fi": "",
            "column_2description": "",
            "column_2description_de": "",
            "column_2description_fr": "",
            "column_2description_fi": "",
            "column_3title": "",
            "column_3title_de": "",
            "column_3title_fr": "",
            "column_3title_fi": "",
            "column_3description": "",
            "column_3description_de": "",
            "column_3description_fr": "",
            "column_3description_fi": "",
            "column_4title": "",
            "column_4title_de": "",
            "column_4title_fr": "",
            "column_4title_fi": "",
            "column_4description": "",
            "column_4description_de": "",
            "column_4description_fr": "",
            "column_4description_fi": "",
            "liquid_content2": "",
            "liquid_content5": ""
          }
        }
      },
      "block_order": ["slide_V4kB3j", "slide_Ew43jA"],
      "custom_css": [
        ".two-column-slides {height: 600px;}",
        "@media (max-width: 768px) {.two-column-slide__heading p {font-size: 24px; line-height: 28px; } .two-column-slide {padding-top: 0 !important; min-height: 500px; padding-left: 0px !important; padding-right: 0px !important; }}"
      ],
      "settings": {
        "section_id": "",
        "mobile_font_size_heading": 20,
        "mobile_line_height_heading": 20,
        "mobile_font_size_text": 20,
        "mobile_line_height_text": 24,
        "mobile_slide_padding_top": 30
      }
    },
    "custom_sale_tab_3_F6gyF3": {
      "type": "custom-sale-tab-3",
      "custom_css": [
        ".product-content-section {padding: 50px 50px 0 50px;}",
        ".product-column {width: 48%; height: auto;}",
        "@media (max-width: 768px) {.product-content-section {padding: 50px 20px 0 20px; }}"
      ],
      "settings": {
        "title": "",
        "title_de": "",
        "title_fr": "",
        "background_color": "#ffffff",
        "background_position": "center center",
        "background_size": "cover",
        "background_align_items": "center",
        "background_padding_top": 20,
        "background_padding_right": 20,
        "background_padding_bottom": 20,
        "background_padding_left": 20,
        "ad_link": "",
        "ad_button_color": "#000000",
        "ad_button_text_color": "#ffffff",
        "title_1": "",
        "title_1_de": "",
        "title_1_fr": "",
        "heading_color_1": "#000000",
        "heading_size_1": 24,
        "button_label": "",
        "button_label_de": "",
        "button_label_fr": "",
        "product_source_trekking7ltd": "collection",
        "trekking7ltd_collection": "bike-promotion",
        "trekking7ltd_products": [],
        "show_description": true
      }
    },
    "custom_imagerow_jAg74G": {
      "type": "custom-imagerow",
      "blocks": {
        "module_jQnq3A": {
          "type": "module",
          "settings": {
            "image": "shopify://shop_images/MotorUpgrade_b4c3c097-c2f1-4206-afd8-21ca209dd49e.png",
            "subheading_image_1_width": 240,
            "module_big_title": "",
            "module_title": "Motor Upgrade of 20Nm",
            "module_title_de": "Drehmoment-Upgrade 20Nm",
            "module_title_fr": "Mise à niveau du moteur de 20Nm",
            "module_title_fi": "",
            "description": "<p>Motor upgrade of 20 Nm for the Hepha E-Bike Long Range (80 Nm), making riding easier.</p>",
            "description_de": "<p>Motorupgrade von 20 Nm für das Hepha E-Bike Long Range (80 Nm), was das Fahren erleichtert.</p>",
            "description_fr": "<p>Mise à niveau du moteur de 20 Nm pour le Hepha E-Bike Long Range (80 Nm), rendant la conduite plus facile.</p>",
            "description_fi": "",
            "background_color": "#ffffff",
            "button1_text": "Learn more",
            "button1_text_de": "Mehr entdecken",
            "button1_text_fr": "En savoir plus",
            "button1_text_fi": "",
            "button1_url": "shopify://products/motor-upgrade-20nm",
            "button1_background_color": "#121111",
            "button1_text_color": "#ffffff"
          }
        },
        "module_TWgKEf": {
          "type": "module",
          "settings": {
            "image": "shopify://shop_images/Hepha_Trekking7_LongRange_High_Black_Side_ef0bf02e-24f0-4296-b7ee-a18335c4f79c.png",
            "subheading_image_1_width": 350,
            "module_big_title": "",
            "module_title": "Used E-Bikes",
            "module_title_de": "Gebraucht-E-Bikes",
            "module_title_fr": "Vélos électriques d'occasion",
            "module_title_fi": "",
            "description": "<p>Enjoy the same warranty as a new bike.</p>",
            "description_de": "<p>Genießen Sie die gleiche Garantie wie bei einem neuen Fahrrad.</p>",
            "description_fr": "<p>Profitez de la même garantie que pour un nouveau vélo.</p>",
            "description_fi": "",
            "background_color": "#ffffff",
            "button1_text": "Learn more ",
            "button1_text_de": "Mehr entdecken",
            "button1_text_fr": "En savoir plus",
            "button1_text_fi": "",
            "button1_url": "shopify://collections/used-bikes",
            "button1_background_color": "#010101",
            "button1_text_color": "#ffffff"
          }
        }
      },
      "block_order": ["module_jQnq3A", "module_TWgKEf"],
      "custom_css": [
        ".product-content-section {padding: 0 64px 0 50px; margin-top: -20px;}",
        ".smallmodule {gap: 20px;}",
        ".smallmodulerow {max-width: 1074px;}",
        ".module {padding: 0 0 20px !important; margin: 0; width: 46%;}",
        ".module-description {padding: 0 20px;}",
        ".imgrowrow {width: 100%; background: #eee; margin-bottom: 20px; height: 240px; display: flex; justify-content: center; align-items: center;}",
        "@media (max-width: 768px) {.product-content-section {padding: 0 20px 0 20px; } .module {width: 100%; margin-bottom: 0 !important; } .module-description {font-size: 16px !important; }}"
      ],
      "settings": {
        "title": "",
        "title_de": "",
        "title_fr": "",
        "title_fi": "",
        "title_font_size": 21,
        "description_font_size": 16
      }
    },
    "custom_sale_tab_3_4Mhfkx": {
      "type": "custom-sale-tab-3",
      "custom_css": [
        ".product-content-section {padding: 0px 50px 20px 50px; margin-top: -20px;}",
        ".product-column {width: 48%; height: auto;}",
        "@media (max-width: 768px) {.product-content-section {padding: 20px 20px 20px 20px; }}"
      ],
      "name": "Custom Sale Tabs 3",
      "settings": {
        "title": "Related Products",
        "title_de": "Ähnliche Modelle",
        "title_fr": "Modèles associés",
        "background_color": "#ffffff",
        "background_position": "center center",
        "background_size": "cover",
        "background_align_items": "center",
        "background_padding_top": 20,
        "background_padding_right": 20,
        "background_padding_bottom": 20,
        "background_padding_left": 20,
        "ad_link": "",
        "ad_button_color": "#000000",
        "ad_button_text_color": "#ffffff",
        "title_1": "",
        "title_1_de": "",
        "title_1_fr": "",
        "heading_color_1": "#000000",
        "heading_size_1": 24,
        "button_label": "",
        "button_label_de": "",
        "button_label_fr": "",
        "product_source_trekking7ltd": "collection",
        "trekking7ltd_collection": "bike-promotion-2",
        "trekking7ltd_products": [],
        "show_description": true
      }
    },
    "custom_imagerow_MfjKmf": {
      "type": "custom-imagerow",
      "blocks": {
        "module_4epVeK": {
          "type": "module",
          "settings": {
            "image": "shopify://shop_images/alteos-logo-750x500.19dda821_acce078d-b5f1-4121-975f-e95a256820f6.png",
            "subheading_image_1_width": 200,
            "module_big_title": "",
            "module_title": "Alteos insurance (ONLY VALID IN GERMANY)",
            "module_title_de": "E-BIKE-KOMFORTSCHUTZ* (NUR GÜLTIG IN DEUTSCHLAND)",
            "module_title_fr": "Alteos insurance",
            "module_title_fi": "",
            "description": "<p>Free insurance cover - Buy Trekking 7 SE and enjoy 3 years of Alteos insurance!</p>",
            "description_de": "<p>Kostenloser Versicherungsschutz - Kaufen Sie Trekking 7 SE und Genießen Sie 3 Jahre Alteos-Versicherung!</p>",
            "description_fr": "",
            "description_fi": "",
            "background_color": "#ffffff",
            "button1_text": "Learn more ",
            "button1_text_de": "Mehr entdecken",
            "button1_text_fr": "",
            "button1_text_fi": "",
            "button1_url": "shopify://pages/versicherung",
            "button1_background_color": "#010101",
            "button1_text_color": "#ffffff"
          }
        },
        "module_nfX9Rd": {
          "type": "module",
          "settings": {
            "image": "shopify://shop_images/Click-1.svg",
            "subheading_image_1_width": 130,
            "module_big_title": "",
            "module_title": "Click&Collect Service",
            "module_title_de": "Click&Collect Service",
            "module_title_fr": "Click&Collect Service",
            "module_title_fi": "",
            "description": "<p>Free Shipping | Professional After-Sales Service<br/>Order your HEPHA E-bike online and pick it up at a nearby dealer!</p>",
            "description_de": "<p>Kostenloser Versand | Professioneller After-Sales-Service<br/>Bestellen Sie Ihr HEPHA E-Bike online und holen Sie es bei einem nahegelegenen Händler ab!</p>",
            "description_fr": "",
            "description_fi": "",
            "background_color": "#ffffff",
            "button1_text": "Learn more ",
            "button1_text_de": "Mehr entdecken",
            "button1_text_fr": "",
            "button1_text_fi": "",
            "button1_url": "shopify://pages/click-collect-at-your-local-dealer",
            "button1_background_color": "#010101",
            "button1_text_color": "#ffffff"
          }
        }
      },
      "block_order": ["module_4epVeK", "module_nfX9Rd"],
      "custom_css": [
        ".product-content-section {padding: 0 64px 0 50px; margin-top: -40px;}",
        ".smallmodule {gap: 20px;}",
        ".smallmodulerow {max-width: 1074px;}",
        ".module {padding: 0 0 20px !important; margin: 0; width: 46%;}",
        ".module-description {padding: 0 20px;}",
        ".imgrowrow {width: 100%; background: #eee; margin-bottom: 20px; height: 240px; display: flex; justify-content: center; align-items: center;}",
        "@media (max-width: 768px) {.product-content-section {padding: 0 20px 0 20px; } .module {width: 100%; margin-bottom: 0 !important; } .module-description {font-size: 16px !important; }}"
      ],
      "settings": {
        "title": "",
        "title_de": "",
        "title_fr": "",
        "title_fi": "",
        "title_font_size": 21,
        "description_font_size": 16
      }
    },
    "custom_liquid_dbXEPa": {
      "type": "custom-liquid",
      "settings": {
        "full_width": true,
        "show_space": false,
        "code": "<style>\n.module {\n    justify-content: flex-start  !important;\n}\n</style>"
      }
    },
    "17415882502d62e51b": {
      "type": "apps",
      "blocks": {
        "loox_reviews_loox_card_carousel_section_3HRVwE": {
          "type": "shopify://apps/loox-reviews/blocks/loox-card-carousel-section/5c3b337f-fd14-4df5-b1d6-80ec13e6e28e",
          "settings": {
            "maxWidth": 1600,
            "borderRadius": 8,
            "itemsPerView": 5,
            "mobileItemsPerView": 1,
            "maxNumberOfCharacters": 100,
            "imageRatio": "0.72",
            "reviewerNameColor": "#000000",
            "textColor": "#000000",
            "itemBackgroundColor": "#ffffff",
            "starsColor": "",
            "starsBackgroundColor": "#ffffff",
            "arrows_backgroundColor": "#ffffff",
            "arrows_iconColor": "#9a9a9a",
            "shadow": "offset-dark",
            "border_active": false,
            "border_width": 2,
            "border_color": "#000000",
            "productIds": ""
          }
        }
      },
      "block_order": ["loox_reviews_loox_card_carousel_section_3HRVwE"],
      "custom_css": [
        ".fully-spaced-row--medium {margin-bottom: 100px;}",
        ".loox-v2-carousel-app .loox-v2-carousel-container.has-round-arrows {padding-left: 0; padding-right: 0;}"
      ],
      "settings": {
        "full_width": false,
        "show_space": true,
        "title": "Customer reviews",
        "title_de": "Kundenrezensionen",
        "title_fr": "Commentaires client"
      }
    },
    "collapsible_tabs_qETzUn": {
      "type": "collapsible-tabs",
      "blocks": {
        "question_CqpMaE": {
          "type": "question",
          "settings": {
            "title": "Q: What discounts are available for the Trekking 7 SE Long Range?",
            "title_de": "F: Welche Rabatte sind für das Trekking 7 SE Long Range verfügbar?",
            "title_fr": "Q: Quels rabais sont disponibles pour le Trekking 7 SE Long Range ?",
            "title_fi": "",
            "answer": "<p>A: For the Trekking 7 SE Long Range (RRP: €2,799), you get the following offers:</p><p>-€300: Price discount, the final price is €2,499.</p><p>-€285: Free 3-year Alteos Comfort Protection insurance. <a href=\"/pages/versicherung\" target=\"_blank\" title=\"Alteos Versicherung\">Learn more</a></p>",
            "answer_de": "<p>A: Für das Trekking 7 SE Long Range (UVP: 2.799 €) erhalten Sie folgende Angebote:</p><p>-300 €: Preisnachlass, der Endpreis beträgt 2.499 €.</p><p>-285 €: Kostenlose 3-jährige Alteos Comfort Protection Versicherung. <a href=\"/pages/versicherung\" target=\"_blank\" title=\"Alteos Versicherung\">Mehr erfahren</a></p>",
            "answer_fr": "<p>R: Pour le Trekking 7 SE Long Range (PVP : 2 799 €), vous bénéficiez des offres suivantes :- 400 € : Remise, le prix final est de 2 399 €.</p>",
            "answer_fi": "",
            "liquid_content": "",
            "liquid_content_de": "",
            "liquid_content_fr": "",
            "liquid_content_fi": "",
            "answer_2": "",
            "answer_2_de": "",
            "answer_2_fr": "",
            "answer_2_fi": ""
          }
        },
        "question_awRpRT": {
          "type": "question",
          "settings": {
            "title": "Q: What discounts are available for the Trekking 7 SE Ultra?",
            "title_de": "F: Welche Rabatte gibt es für das Trekking 7 SE Ultra?",
            "title_fr": "Q : Quelles réductions sont disponibles pour le Trekking 7 SE Ultra ?",
            "title_fi": "",
            "answer": "<p>A: For the Trekking 7 SE Ultra  (RRP: €3,299), you get the following offers:</p><p>-€400: Price discount, the final price is €2,899.</p><p>-€285: Free 3-year Alteos Comfort Protection insurance. <a href=\"/pages/versicherung\" target=\"_blank\" title=\"Alteos Versicherung\">Learn more</a></p>",
            "answer_de": "<p>A: Für das Trekking 7 SE Ultra (UVP: 3.299 €) erhalten Sie folgende Angebote:</p><p>- 400 €: Preisnachlass, der Endpreis beträgt 2.899 €.</p><p>- 285 €: Kostenlose 3-jährige Alteos Comfort Protection Versicherung. <a href=\"/pages/versicherung\" target=\"_blank\" title=\"Alteos Versicherung\">Mehr erfahren</a></p>",
            "answer_fr": "<p>R: Pour le Trekking 7 SE Ultra (PVP : 3 299 €), vous bénéficiez des offres suivantes :- 500 € : Remise, le prix final est de 2 799 €.</p>",
            "answer_fi": "",
            "liquid_content": "",
            "liquid_content_de": "",
            "liquid_content_fr": "",
            "liquid_content_fi": "",
            "answer_2": "",
            "answer_2_de": "",
            "answer_2_fr": "",
            "answer_2_fi": ""
          }
        },
        "question_ytzVBz": {
          "type": "question",
          "settings": {
            "title": "Q: What are the contents of the free Alteos Comfort Protection insurance package?",
            "title_de": "F: Was sind die Inhalte des kostenlosen Alteos Komfortschutz-Versicherungspakets?",
            "title_fr": "",
            "title_fi": "",
            "answer": "<p>A: Alteos Comfort Protection Benefits<br/><br/>- Up to 3 years of insurance coverage<br/>- Coverage for commercial use<br/>- Mobility protection<br/>- Coverage for theft, robbery, vandalism, and burglary<br/>- Theft protection for the battery and accessories<br/>- Coverage for material and manufacturing defects<br/>- Protection against operational errors<br/>- Coverage for damage due to falls, accidents, moisture, electronics, and natural forces<br/>- Wear and tear coverage for individual parts (excluding tires and brakes) up to €150 per year (Premium)<br/><br/>Click <a href=\"https://hepha.com/pages/versicherung\" target=\"_blank\" title=\"Alteos Versicherung\">here</a> to learn more about the Alteos Comfort Protection insurance package.</p>",
            "answer_de": "<p>A: Leistungen Alteos Komfortschutz<br/><br/>- bis 3 Jahre Versicherungsdauer<br/>- Gewerbliche Nutzung<br/>- Mobilitätsschutz<br/>- Diebstahl, Raub, Vandalismus, inkl. Einbruch<br/>- Diebstahl von Akku und Zubehör<br/>- Material- und Produktionsfehler<br/>- Bedienungsfehler<br/>- Schäden (durch Sturz, Unfall, Feuchtigkeit, Elektronik, Naturgewalten)<br/>- Verschleiß von Einzelteilen außer Reifen/Bremsen (Premium) bis 150 EUR pro Jahr<br/><br/>Klicken Sie <a href=\"https://hepha.com/de/pages/versicherung\" title=\"Alteos Versicherung\">hier</a>, um mehr über das Alteos Komfortschutz-Versicherungspaket zu erfahren.</p>",
            "answer_fr": "",
            "answer_fi": "",
            "liquid_content": "",
            "liquid_content_de": "",
            "liquid_content_fr": "",
            "liquid_content_fi": "",
            "answer_2": "",
            "answer_2_de": "",
            "answer_2_fr": "",
            "answer_2_fi": ""
          }
        },
        "question_bbRFXj": {
          "type": "question",
          "settings": {
            "title": "Q: How long is my bicycle insured?",
            "title_de": "F: Wie lange ist mein Fahrrad versichert?",
            "title_fr": "",
            "title_fi": "",
            "answer": "<p>A: The contract period for the Alteos Comfort Protection is 3 years and it ends automatically. Please be sure to keep all purchase receipts for your Hepha E-Bike for insurance purposes.</p>",
            "answer_de": "<p>A: Die Vertragslaufzeit für den Alteos Komfortschutz beträgt 3 Jahre und endet automatisch. Bitte bewahre alle Kaufbelege für dein Hepha E-Bike für den Versicherungsfall auf.</p>",
            "answer_fr": "",
            "answer_fi": "",
            "liquid_content": "",
            "liquid_content_de": "",
            "liquid_content_fr": "",
            "liquid_content_fi": "",
            "answer_2": "",
            "answer_2_de": "",
            "answer_2_fr": "",
            "answer_2_fi": ""
          }
        },
        "question_9nk4ah": {
          "type": "question",
          "settings": {
            "title": "Q: What is the promotion period?",
            "title_de": "F: Was ist der Aktionszeitraum?",
            "title_fr": "Q : Quelle est la période de promotion ?",
            "title_fi": "",
            "answer": "<p>A: The promotion period is from June 1, 2025, to June 30, 2025.</p>",
            "answer_de": "<p>A: Der Aktionszeitraum ist vom 1. Juni 2025 bis zum 30. Juni 2025.</p>",
            "answer_fr": "<p>R: La période de promotion est du 1er juin 2025 au 30 juin 2025.</p>",
            "answer_fi": "",
            "liquid_content": "",
            "liquid_content_de": "",
            "liquid_content_fr": "",
            "liquid_content_fi": "",
            "answer_2": "",
            "answer_2_de": "",
            "answer_2_fr": "",
            "answer_2_fi": ""
          }
        },
        "question_XBJtyf": {
          "type": "question",
          "settings": {
            "title": "Q: Is the offer only valid on hepha.com?",
            "title_de": "F: Gilt das Angebot nur auf hepha.com?",
            "title_fr": "Q : L'offre est-elle valable uniquement sur hepha.com ?",
            "title_fi": "",
            "answer": "<p>A: This promotion is valid for both <a href=\"https://hepha.com/\" title=\"https://hepha.com\">hepha.com</a> and authorized dealers.</p><p>Orders placed on <a href=\"https://hepha.com/\" title=\"https://hepha.com\">hepha.com</a> are shipped by HEPHA GmbH.</p><p>If you wish to purchase from a dealer, please contact them directly for information on products and orders, as they will be happy to assist you.</p>",
            "answer_de": "<p>A: Diese Werbeaktion gilt für <a href=\"https://hepha.com/de/pages/hepha.com\">hepha.com</a> und Händler.<br/><br/>Bestellungen auf <a href=\"https://hepha.com/de\" title=\"https://hepha.com/de\">hepha.com</a> werden von der HEPHA GmbH versendet.<br/><br/>Wenn Sie beim Händler kaufen möchten, wenden Sie sich bitte direkt an den Händler, um Informationen zu Produkten und Bestellungen zu erhalten. Sie werden Ihnen gerne weiterhelfen.</p>",
            "answer_fr": "<p>R : Cette promotion est valable à la fois sur hepha.com et chez les revendeurs. Les commandes sur <a href=\"https://hepha.com/fr-fr\" title=\"https://hepha.com/fr-fr\">hepha.com</a> sont expédiées par HEPHA GmbH. Si vous souhaitez acheter auprès d'un revendeur, veuillez contacter directement le revendeur pour obtenir des informations sur les produits et les commandes. Ils se feront un plaisir de vous aider. </p>",
            "answer_fi": "",
            "liquid_content": "",
            "liquid_content_de": "",
            "liquid_content_fr": "",
            "liquid_content_fi": "",
            "answer_2": "",
            "answer_2_de": "",
            "answer_2_fr": "",
            "answer_2_fi": ""
          }
        },
        "question_x8ARnP": {
          "type": "question",
          "settings": {
            "title": "Q: What are the differences between the HEPHA Trekking 7 and HEPHA Trekking 7 SE?",
            "title_de": "F: Welche Unterschiede gibt es zwischen dem HEPHA Trekking 7 und HEPHA-Trekking 7 SE?",
            "title_fr": "Q: Quelles sont les différences entre le HEPHA Trekking 7 et le HEPHA Trekking 7 SE ?",
            "title_fi": "",
            "answer": "<p>A: </p>",
            "answer_de": "<p>A: </p>",
            "answer_fr": "<p>R : </p>",
            "answer_fi": "",
            "liquid_content": "{% if request.locale.iso_code == 'de' %}\n<table border=\"1\" width=\"100%\">\n    <tr>\n        <th></th>\n        <th>Trekking 7 SE</th>\n        <th>Trekking 7</th>\n    </tr>\n       <tr>\n        <td>zul. Gesamtgewicht</td>\n        <td>130 KG</td>\n        <td>150 KG</td>\n    </tr>\n    <tr>\n        <td>motor</td>\n        <td>HEPHA P101C</td>\n        <td>HEPHA P101C</td>\n    </tr>\n    <tr>\n        <td>Akku</td>\n        <td>HEPHA BT-100B, 708Wh/804Wh</td>\n        <td>HEPHA BT-100B, 708Wh/804Wh</td>\n    </tr>\n    <tr>\n        <td>display</td>\n        <td>Long Range: HEPHA SC-201 (1.96” Color), non-removable<br>Performance & Ultra: HEPHA SC-351 (3.50“ Color), unabnehmbar</td>\n        <td>Long Range: HEPHA SC-201 (1.96” Color), non-removable<br>Performance & Ultra: HEPHA SC-351 (3.50“ Color), unabnehmbar</td>\n    </tr>\n    <tr>\n        <td>Gepäckträger System</td>\n        <td>Long Range: CARRYMORE QR.<br>Ultra/Performance: MIK HD QR.</td>\n        <td>Long Range: CARRYMORE QR.<br>Ultra/Performance: MIK HD QR.</td>\n    </tr>\n    <tr>\n        <td>Frontlicht</td>\n        <td>30 Lux</td>\n        <td>50 Lux</td>\n    </tr>\n   </table>\n\n{% elsif request.locale.iso_code == 'fr' %}\n<table border=\"1\" width=\"100%\">\n    <tr>\n        <th></th>\n        <th>Trekking 7 SE</th>\n        <th>Trekking 7</th>\n    </tr>\n       <tr>\n        <td>Poids total autorisé</td>\n        <td>130 KG</td>\n        <td>150 KG</td>\n    </tr>\n    <tr>\n        <td>Moteur</td>\n        <td>HEPHA P101C</td>\n        <td>HEPHA P101C</td>\n    </tr>\n    <tr>\n        <td>Batterie</td>\n        <td>HEPHA BT-100B, 708Wh/804Wh</td>\n        <td>HEPHA BT-100B, 708Wh/804Wh</td>\n    </tr>\n    <tr>\n        <td>Écran</td>\n        <td>Long Range : HEPHA SC-201 (1,96'' Couleur), non amovible<br>Performance & Ultra : HEPHA SC-351 (3,50'' Couleur), non amovible</td>\n        <td>Long Range : HEPHA SC-201 (1,96'' Couleur), non amovible<br>Performance & Ultra : HEPHA SC-351 (3,50'' Couleur), non amovible</td>\n    </tr>\n    <tr>\n        <td>Système de porte-bagages</td>\n        <td>Long Range : CARRYMORE QR.<br>Ultra/Performance : MIK HD QR.</td>\n        <td>Long Range : CARRYMORE QR.<br>Ultra/Performance : MIK HD QR.</td>\n    </tr>\n    <tr>\n        <td>Éclairage avant</td>\n        <td>30 Lux</td>\n        <td>50 Lux</td>\n    </tr>\n    </table>\n{% else %}\n<table border=\"1\" width=\"100%\">\n    <tr>\n        <th></th>\n        <th>Trekking 7 SE</th>\n        <th>Trekking 7</th>\n    </tr>\n       <tr>\n        <td>max. permissible weight</td>\n        <td>130 KG</td>\n        <td>150 KG</td>\n    </tr>\n    <tr>\n        <td>motor</td>\n        <td>HEPHA P101C</td>\n        <td>HEPHA P101C</td>\n    </tr>\n    <tr>\n        <td>battery</td>\n        <td>HEPHA BT-100B, 708Wh/804Wh</td>\n        <td>HEPHA BT-100B, 708Wh/804Wh</td>\n    </tr>\n    <tr>\n        <td>display</td>\n        <td>Long Range: HEPHA SC-201 (1.96” Color), non-removable<br>Performance & Ultra: HEPHA SC-351 (3.50“ Color), non-removable</td>\n        <td>Long Range: HEPHA SC-201 (1.96” Color), non-removable<br>Performance & Ultra: HEPHA SC-351 (3.50“ Color), non-removable</td>\n    </tr>\n    <tr>\n        <td>carrier system</td>\n        <td>Long Range: CARRYMORE QR.<br>Ultra/Performance: MIK HD QR.</td>\n        <td>Long Range: CARRYMORE QR.<br>Ultra/Performance: MIK HD QR.</td>\n    </tr>\n    <tr>\n        <td>front light</td>\n        <td>30 Lux</td>\n        <td>50 Lux</td>\n    </tr>\n    </table>\n{% endif %}",
            "liquid_content_de": "",
            "liquid_content_fr": "",
            "liquid_content_fi": "",
            "answer_2": "",
            "answer_2_de": "",
            "answer_2_fr": "",
            "answer_2_fi": ""
          }
        },
        "question_y3KgTG": {
          "type": "question",
          "settings": {
            "title": "Q: What are the advantages of a 100 Nm motor compared with an 80 Nm motor?",
            "title_de": "F: Welche Vorteile hat ein Motor mit 100 Nm im Vergleich zu einem Motor mit 80 Nm?",
            "title_fr": "Q : Quels sont les avantages d'un moteur de 100 Nm par rapport à un moteur de 80 Nm ?",
            "title_fi": "",
            "answer": "<p>A: Advantages of the 100 Nm motor<br/><br/>Greater Power: With higher torque, the 100 Nm motor provides more powerful output, offering faster acceleration and better climbing ability.<br/><br/>Smoother Riding Experience: The 100 Nm motor delivers a smoother riding experience, especially in situations requiring more power during starts, climbs, and rides.<br/><br/>Suitable for Mountain Riding: It is more suitable for mountain biking or handling complex terrains due to its ability to tackle challenges effectively.<br/><br/>Increased Security: No matter where you're riding the e-bike, the motor will ensure sufficient support to reach a stable basic speed. This ensures a safer lane and reduces the risk of tipping.</p>",
            "answer_de": "<p>A: Vorteile des 100-Nm-Motors:<br/>- Höhere Leistung: Mit einem höheren Drehmoment bietet der 100-Nm-Motor eine stärkere Leistung, die eine schnellere Beschleunigung und bessere Steigfähigkeit ermöglicht.<br/>- Sanfteres Fahrgefühl: Der 100-Nm-Motor sorgt für ein sanfteres Fahrgefühl, insbesondere in Situationen, die mehr Leistung beim Anfahren, Bergauffahren und Fahren erfordern.<br/>- Geeignet für Mountainbiking: Er ist besser geeignet für das Mountainbiken oder die Bewältigung komplexer Gelände aufgrund seiner Fähigkeit, Herausforderungen effektiv zu bewältigen.</p>",
            "answer_fr": "<p>R : Avantages du moteur 100 Nm :<br/><br/>- Plus de puissance : Avec un couple plus élevé, le moteur de 100 Nm fournit une sortie plus puissante, offrant une accélération plus rapide et une meilleure capacité de montée.<br/>- Une expérience de conduite plus douce : Le moteur de 100 Nm offre une expérience de conduite plus souple, en particulier dans les situations nécessitant plus de puissance lors des démarrages, des montées et des randonnées.<br/>- Adapté à la pratique du VTT : Il est plus adapté au VTT ou à la gestion de terrains complexes grâce à sa capacité à relever efficacement les défis.<br/>- Sécurité accrue : Quel que soit l'endroit où vous conduisez le vélo électrique, le moteur veille à vous fournir une assistance suffisante pour atteindre une vitesse de base stable, garantissant une trajectoire plus sûre et réduisant le risque de basculement.<br/>- Efficacité énergétique : Comparé au moteur de 100 Nm, le moteur de 80 Nm peut consommer moins d'énergie de la batterie dans des conditions de conduite similaires, ce qui augmente l'autonomie.</p>",
            "answer_fi": "",
            "liquid_content": "",
            "liquid_content_de": "",
            "liquid_content_fr": "",
            "liquid_content_fi": "",
            "answer_2": "",
            "answer_2_de": "",
            "answer_2_fr": "",
            "answer_2_fi": ""
          }
        },
        "question_QGJegJ": {
          "type": "question",
          "settings": {
            "title": "Q: How do I know the motor torque of my HEPHA E-Bike?",
            "title_de": "F: Wie kann ich das Motordrehmoment meines Hepha E-Bikes ermitteln?",
            "title_fr": "Q : Comment puis-je connaître le couple moteur de mon Hepha E-Bike ?",
            "title_fi": "",
            "answer": "<p>A: You can find the torque of your HEPHA E-Bike motor within the HEPHA App on the \"My E-Bike\" page.</p>",
            "answer_de": "<p>A: Innerhalb der HEPHA App auf der Seite \"Mein E-Bike\" können Sie das Drehmoment Ihres E-Bike Motors ablesen.</p>",
            "answer_fr": "<p>R : Dans l'application HEPHA, sur la page \"My E-Bike\", vous pouvez trouver le couple du moteur de votre E-Bike.</p>",
            "answer_fi": "",
            "liquid_content": "",
            "liquid_content_de": "",
            "liquid_content_fr": "",
            "liquid_content_fi": "",
            "answer_2": "",
            "answer_2_de": "",
            "answer_2_fr": "",
            "answer_2_fi": ""
          }
        }
      },
      "block_order": [
        "question_CqpMaE",
        "question_awRpRT",
        "question_ytzVBz",
        "question_bbRFXj",
        "question_9nk4ah",
        "question_XBJtyf",
        "question_x8ARnP",
        "question_y3KgTG",
        "question_QGJegJ"
      ],
      "custom_css": [
        ".collapsible-tabs {max-width: 1100px;}",
        ".collapsible-tabs__heading {text-align: center;}"
      ],
      "settings": {
        "title": "FAQ",
        "title_de": "FAQ",
        "title_fr": "FAQ",
        "title_fi": ""
      }
    }
  },
  "order": [
    "custom_two_colum_banner_Peq7dK",
    "custom_two_colum_banner_kji6Re",
    "custom_sale_tab_3_F6gyF3",
    "custom_imagerow_jAg74G",
    "custom_sale_tab_3_4Mhfkx",
    "custom_imagerow_MfjKmf",
    "custom_liquid_dbXEPa",
    "17415882502d62e51b",
    "collapsible_tabs_qETzUn"
  ]
}
