{
  "parent": "page.bikeleasing.json",
  "context": { "market": "france" },
  "sections": {
    "custom_two_colum_banner_DP9R8r": {
      "disabled": true,
      "settings": {},
      "blocks": {}
    },
    "custom_two_colum_banner_YA8zmr": {
      "disabled": true,
      "settings": {},
      "blocks": {}
    },
    "custom_textarea_jRAyyr": {
      "disabled": true,
      "settings": {},
      "blocks": {}
    },
    "custom_liquid_xykQ7Q": { "disabled": true, "settings": {}, "blocks": {} },
    "custom_imagerow_3BF6pE": {
      "disabled": true,
      "settings": {},
      "blocks": {}
    },
    "custom_liquid_888FQh": { "disabled": true, "settings": {}, "blocks": {} },
    "collapsible_tab_4tJyNF": {
      "disabled": true,
      "settings": {},
      "blocks": {}
    },
    "rich_text_rPdbq9": {
      "disabled": false,
      "settings": {},
      "blocks": { "heading_PAVPHH": { "disabled": true, "settings": {} } }
    }
  },
  "order": [
    "rich_text_rPdbq9",
    "custom_two_colum_banner_DP9R8r",
    "custom_two_colum_banner_YA8zmr",
    "custom_textarea_jRAyyr",
    "custom_liquid_xykQ7Q",
    "custom_imagerow_3BF6pE",
    "custom_liquid_888FQh",
    "collapsible_tab_4tJyNF"
  ]
}
