{
  "parent": "page.promotion-2024-05.json",
  "context": { "market": "france" },
  "sections": {
    "custom_two_colum_banner_Peq7dK": {
      "settings": {},
      "blocks": {
        "slide_G6TEhx": {
          "settings": {
            "subheading_1": "<h5>Save up to €500 on the Trekking 7 SE!</h5>",
            "subheading_1_fr": "<h5>Économisez jusqu'à €500 sur le Trekking 7 SE !</h5>"
          }
        }
      }
    },
    "custom_two_colum_banner_7kgaJE": {
      "settings": {},
      "blocks": {
        "slide_C7yrmJ": {
          "settings": {
            "title_1": "<p><strong>How to join the Promotion?</strong></p>",
            "title_1_fr": "<p>Comment participer à la promotion ?</p>",
            "subheading_1": "<ul><li>Visit the product page of your choice.</li><li>Choose your E-Bike's size and color, add your accessories or services, and then click “Add to Cart”.</li><li>Check out and follow our standard payment procedure.</li></ul>",
            "subheading_1_fr": "<ul><li>Visitez la page du produit de votre choix.</li><li>Sélectionnez la taille et la couleur de votre vélo électrique préféré, ajoutez vos accessoires ou services, puis cliquez sur \"Ajouter au panier\".</li><li>Procédez au paiement selon notre procédure standard.</li></ul>",
            "subheading_size_1": 18,
            "button_label": "",
            "button_label_de": ""
          }
        }
      }
    },
    "collapsible_tabs_qETzUn": {
      "settings": {},
      "blocks": {
        "question_CqpMaE": {
          "settings": {
            "answer": "<p>A: For the Trekking 7 SE Long Range (RRP: €2,799), you get the following offers:</p><p>-€400: Price discount, the final price is €2,399.</p>",
            "answer_fr": "<p>R: Pour le Trekking 7 SE Long Range (PVP : 2 799 €), vous bénéficiez des offres suivantes :</p><p>- 400 € : Remise, le prix final est de 2 399 €.</p>"
          }
        },
        "question_awRpRT": {
          "settings": {
            "answer": "<p>A: For the Trekking 7 SE Long Range (RRP: €3,299), you get the following offers:</p><p>-€500: Price discount, the final price is €2,799.</p>",
            "answer_fr": "<p>R: Pour le Trekking 7 SE Ultra (PVP : 3 299 €), vous bénéficiez des offres suivantes :</p><p>- 500 € : Remise, le prix final est de 2 799 €.</p>"
          }
        },
        "question_ytzVBz": { "disabled": true, "settings": {} },
        "question_bbRFXj": { "disabled": true, "settings": {} }
      }
    }
  }
}
