{
  "sections": {
    "main": {
      "type": "main-page",
      "disabled": true,
      "settings": { "show_page_title": true, "full_width": false }
    },
    "custom_two_colum_banner_4rmBfW": {
      "type": "custom-two-colum-banner",
      "blocks": {
        "slide_ptEpPD": {
          "type": "slide",
          "settings": {
            "image": "shopify://shop_images/RUD8625_SE.jpg",
            "background_color": "#ffffff",
            "background_size": "cover",
            "background_position": "top",
            "background_align_items": "center",
            "background_padding_top": 40,
            "background_padding_left": 40,
            "background_padding_right": 40,
            "background_padding_bottom": 40,
            "title_1": "<p>Flexible Finanzierung mit Santander bei HEPHA</p>",
            "title_1_de": "<p>Flexible Finanzierung mit Santander bei HEPHA</p>",
            "title_1_fr": "<p>Flexible Finanzierung mit Santander bei HEPHA</p>",
            "heading_color_1": "#ffffff",
            "heading_size_1": 50,
            "subheading_1": "<p>Entdecke unsere flexible Finanzierung mit Santander</p>",
            "subheading_1_de": "<p>Entdecke unsere flexible Finanzierung mit Santander</p>",
            "subheading_1_fr": "<p>Entdecke unsere flexible Finanzierung mit Santander</p>",
            "subheading_color_1": "#ffffff",
            "subheading_size_1": 26,
            "subheading_image_1": "shopify://shop_images/Santander-Ratenkredit-espresso-kessler_213ad3dc-4c34-498b-8370-18ec644affd4.png",
            "subheading_image_1_link": "",
            "subheading_image_1_width": 200,
            "subheading_image_1b_link": "",
            "title_2": "",
            "title_2_de": "",
            "title_2_fr": "",
            "heading_color_2": "#000000",
            "heading_size_2": 24,
            "subheading_2": "",
            "subheading_2_de": "",
            "subheading_2_fr": "",
            "subheading_color_2": "#000000",
            "subheading_size_2": 16,
            "subheading_image_2_link": "",
            "collection": "",
            "button_label": "",
            "button_label_de": "",
            "button_label_fr": "",
            "link": "",
            "button_color": "#007bff",
            "button_text_color": "#ffffff",
            "column_1title": "",
            "column_1title_de": "",
            "column_1title_fr": "",
            "column_1description": "",
            "column_1description_de": "",
            "column_1description_fr": "",
            "column_2title": "",
            "column_2title_de": "",
            "column_2title_fr": "",
            "column_2description": "",
            "column_2description_de": "",
            "column_2description_fr": "",
            "column_3title": "",
            "column_3title_de": "",
            "column_3title_fr": "",
            "column_3description": "",
            "column_3description_de": "",
            "column_3description_fr": "",
            "column_4title": "",
            "column_4title_de": "",
            "column_4title_fr": "",
            "column_4description": "",
            "column_4description_de": "",
            "column_4description_fr": ""
          }
        }
      },
      "block_order": ["slide_ptEpPD"],
      "custom_css": [
        ".two-column-slide__subheading_image_1 {right: 0px; top: 30px; position: absolute; background-color: rgb(255, 255, 255); padding: 20px; border-radius: 6px 0px 0px 10px;}",
        "@media (max-width: 768px) {.two-column-slide__heading {font-size: 34px !important; line-height: 40px !important; } .two-column-slide__text {font-size: 18px !important; line-height: 24px !important; } .two-column-slide__content {padding: 80px 0; } .two-column-slide__subheading_image_1 {width: 120px !important; height: 60px; padding: 10px; }}"
      ],
      "settings": {
        "section_id": "",
        "mobile_font_size_heading": 40,
        "mobile_line_height_heading": 42,
        "mobile_font_size_text": 20,
        "mobile_line_height_text": 24,
        "mobile_slide_padding_top": 30
      }
    },
    "rich_text_Rdqkh7": {
      "type": "rich-text",
      "blocks": {
        "heading_tgAqtn": {
          "type": "heading",
          "settings": {
            "title": "Entdecke unsere flexible Finanzierung mit Santander",
            "use_h1": true
          }
        },
        "text_xwHe3H": {
          "type": "text",
          "settings": {
            "text": "<p>Die Santander Consumer Bank AG bietet dir einen individuell auf dich zugeschnittenen Santander Ratenkredit an. Damit kannst du dein neues HEPHA E-Bike flexibel finanzieren und das E-Bike deiner Träume schon morgen zu fahren.</p>",
            "enlarge_text": false
          }
        }
      },
      "block_order": ["heading_tgAqtn", "text_xwHe3H"],
      "custom_css": [],
      "settings": {
        "height": "large",
        "text_alignment": "center",
        "full_width": true,
        "color_scheme": "default"
      }
    },
    "custom_imagerow_VaCWQQ": {
      "type": "custom-imagerow",
      "blocks": {
        "module_LLjwGK": {
          "type": "module",
          "settings": {
            "image": "shopify://shop_images/mega-menu-146427-frame-1413-923609684_360x_d74d6263-1ae2-423e-a670-3fa0db5e268c.jpg",
            "subheading_image_1_width": 300,
            "module_big_title": "",
            "module_title": "Trekking 7",
            "module_title_de": "Trekking 7",
            "module_title_fr": "Trekking 7",
            "description": "<p>Barzahlungpreis ab 2.799 € </p>",
            "description_de": "<p>Barzahlungpreis ab 2.799 € </p>",
            "description_fr": "<p>Barzahlungpreis ab 2.799 € </p>",
            "background_color": "#ffffff",
            "button1_text": "",
            "button1_text_de": "",
            "button1_text_fr": "",
            "button1_url": "shopify://pages/trekking-7-new",
            "button1_background_color": "",
            "button1_text_color": ""
          }
        },
        "module_eHTjQ6": {
          "type": "module",
          "settings": {
            "image": "shopify://shop_images/Frame_422_360x_24b4b9fc-bc69-4e31-80b9-360304c129c3.png",
            "module_big_title": "",
            "module_title": "Mountain 7",
            "module_title_de": "Mountain 7",
            "module_title_fr": "Mountain 7",
            "description": "<p>Barzahlungpreis ab 2.599 €</p>",
            "description_de": "<p>Barzahlungpreis ab 2.599 €</p>",
            "description_fr": "<p>Barzahlungpreis ab 2.599 €</p>",
            "background_color": "#ffffff",
            "button1_text": "",
            "button1_text_de": "",
            "button1_text_fr": "",
            "button1_url": "shopify://pages/mountain-7",
            "button1_background_color": "",
            "button1_text_color": ""
          }
        },
        "module_7C7ixW": {
          "type": "module",
          "settings": {
            "image": "shopify://shop_images/mega-menu-146427-frame-145-433232287_360x_26c70b20-b125-4452-84ac-359e67a2b88f.jpg",
            "module_big_title": "",
            "module_title": "Mountain 7 Carbon",
            "module_title_de": "Mountain 7 Carbon",
            "module_title_fr": "Mountain 7 Carbon",
            "description": "<p>Barzahlungpreis ab 4.299 €</p>",
            "description_de": "<p>Barzahlungpreis ab 4.299 €</p>",
            "description_fr": "<p>Barzahlungpreis ab 4.299 €</p>",
            "background_color": "#ffffff",
            "button1_text": "",
            "button1_text_de": "",
            "button1_text_fr": "",
            "button1_url": "shopify://pages/mountain-7-carbon",
            "button1_background_color": "",
            "button1_text_color": ""
          }
        },
        "module_em7xqF": {
          "type": "module",
          "settings": {
            "image": "shopify://shop_images/mega-menu-146427-frame-178-1107216757_360x_360x_8897a83b-9f86-4731-9213-8ef708d7f5ad.jpg",
            "module_big_title": "",
            "module_title": "Trekking 7 LTD",
            "module_title_de": "Trekking 7 LTD",
            "module_title_fr": "Trekking 7 LTD",
            "description": "<p>Barzahlungpreis ab 2.199 €</p>",
            "description_de": "<p>Barzahlungpreis ab 2.199 €</p>",
            "description_fr": "<p>Barzahlungpreis ab 2.199 €</p>",
            "background_color": "#ffffff",
            "button1_text": "",
            "button1_text_de": "",
            "button1_text_fr": "",
            "button1_url": "shopify://pages/trekking-7-overview",
            "button1_background_color": "",
            "button1_text_color": ""
          }
        }
      },
      "block_order": [
        "module_LLjwGK",
        "module_eHTjQ6",
        "module_7C7ixW",
        "module_em7xqF"
      ],
      "custom_css": [
        ".iconrow-title {display: none;}",
        ".product-content-section {max-width: 1200px; margin: 0 auto; padding: 0px 20px 50px;}",
        ".module {width: 23%; border: none; padding: 0 !important;}",
        "@media only screen and (max-width: 768px) {.module {width: 100%; border: none; padding: 0 !important; }}"
      ],
      "settings": {
        "title": "",
        "title_de": "",
        "title_fr": "",
        "title_font_size": 20,
        "description_font_size": 16
      }
    },
    "custom_two_colum_banner_cYCfBA": {
      "type": "custom-two-colum-banner",
      "blocks": {
        "slide_kThjKQ": {
          "type": "slide",
          "settings": {
            "image": "shopify://shop_images/image-4_6effb223-5f16-4677-a4bf-2478febbd3c1.jpg",
            "background_color": "#ffffff",
            "background_size": "cover",
            "background_position": "center",
            "background_align_items": "center",
            "background_padding_top": 40,
            "background_padding_left": 40,
            "background_padding_right": 40,
            "background_padding_bottom": 40,
            "title_1": "",
            "title_1_de": "",
            "title_1_fr": "",
            "heading_color_1": "#000000",
            "heading_size_1": 24,
            "subheading_1": "",
            "subheading_1_de": "",
            "subheading_1_fr": "",
            "subheading_color_1": "#000000",
            "subheading_size_1": 16,
            "subheading_image_1_link": "",
            "subheading_image_1b_link": "",
            "title_2": "",
            "title_2_de": "",
            "title_2_fr": "",
            "heading_color_2": "#000000",
            "heading_size_2": 24,
            "subheading_2": "",
            "subheading_2_de": "",
            "subheading_2_fr": "",
            "subheading_color_2": "#000000",
            "subheading_size_2": 16,
            "subheading_image_2_link": "",
            "collection": "",
            "button_label": "",
            "button_label_de": "",
            "button_label_fr": "",
            "link": "",
            "button_color": "#007bff",
            "button_text_color": "#ffffff",
            "column_1title": "",
            "column_1title_de": "",
            "column_1title_fr": "",
            "column_1description": "",
            "column_1description_de": "",
            "column_1description_fr": "",
            "column_2title": "",
            "column_2title_de": "",
            "column_2title_fr": "",
            "column_2description": "",
            "column_2description_de": "",
            "column_2description_fr": "",
            "column_3title": "",
            "column_3title_de": "",
            "column_3title_fr": "",
            "column_3description": "",
            "column_3description_de": "",
            "column_3description_fr": "",
            "column_4title": "",
            "column_4title_de": "",
            "column_4title_fr": "",
            "column_4description": "",
            "column_4description_de": "",
            "column_4description_fr": ""
          }
        },
        "slide_PLCziW": {
          "type": "slide",
          "settings": {
            "background_color": "#f4c086",
            "background_size": "cover",
            "background_position": "center",
            "background_align_items": "center",
            "background_padding_top": 40,
            "background_padding_left": 40,
            "background_padding_right": 40,
            "background_padding_bottom": 40,
            "title_1": "<p>Wie funktioniert die Finanzierung mit Santander?</p>",
            "title_1_de": "<p>Wie funktioniert die Finanzierung mit Santander?</p>",
            "title_1_fr": "<p>Wie funktioniert die Finanzierung mit Santander?</p>",
            "heading_color_1": "#000000",
            "heading_size_1": 30,
            "subheading_1": "<ul><li>Lege dein gewünschtes HEPHA E-Bike oder Equipment in den Warenkorb, gehe zur Kasse und wähle Santander Ratenkredit als Zahlungsmethode.</li><li>Fülle anschließend die erforderlichen Datenfelder aus und schicke den Finanzierungsantrag ab. Du erhältst umgehend einen vorläufigen Kreditbescheid.</li><li>Nach einem positiven Kreditbescheid wirst du zu einem Digital Contact Center weitergeleitet. Der Link zu deinem Vertrag wird dir zusätzlich per E-Mail zugesandt. Im Digital Contact Center kannst du deinen Kreditvertrag einsehen und erforderliche Dokumente hochladen. Wähle anschließend aus, wie du deine Kreditanfrage abschließen möchtest (digital oder auf dem Postweg).</li><li>Sobald dein Finanzierungsantrag und deine weiteren Dokumente bei Santander eingegangen sind, endgültig geprüft und als positiv bewertet wurden, geben wir deine Artikel (soweit vorrätig) in den Versand. Voraussetzung ist eine positive Beurteilung deiner Finanzierungsunterlagen und die Verfügbarkeit der Ware.</li></ul>",
            "subheading_1_de": "<ul><li>Lege dein gewünschtes HEPHA E-Bike oder Equipment in den Warenkorb, gehe zur Kasse und wähle Santander Ratenkredit als Zahlungsmethode.</li><li>Fülle anschließend die erforderlichen Datenfelder aus und schicke den Finanzierungsantrag ab. Du erhältst umgehend einen vorläufigen Kreditbescheid.</li><li>Nach einem positiven Kreditbescheid wirst du zu einem Digital Contact Center weitergeleitet. Der Link zu deinem Vertrag wird dir zusätzlich per E-Mail zugesandt. Im Digital Contact Center kannst du deinen Kreditvertrag einsehen und erforderliche Dokumente hochladen. Wähle anschließend aus, wie du deine Kreditanfrage abschließen möchtest (digital oder auf dem Postweg).</li><li>Sobald dein Finanzierungsantrag und deine weiteren Dokumente bei Santander eingegangen sind, endgültig geprüft und als positiv bewertet wurden, geben wir deine Artikel (soweit vorrätig) in den Versand. Voraussetzung ist eine positive Beurteilung deiner Finanzierungsunterlagen und die Verfügbarkeit der Ware.</li></ul>",
            "subheading_1_fr": "<ul><li>Lege dein gewünschtes HEPHA E-Bike oder Equipment in den Warenkorb, gehe zur Kasse und wähle Santander Ratenkredit als Zahlungsmethode.</li><li>Fülle anschließend die erforderlichen Datenfelder aus und schicke den Finanzierungsantrag ab. Du erhältst umgehend einen vorläufigen Kreditbescheid.</li><li>Nach einem positiven Kreditbescheid wirst du zu einem Digital Contact Center weitergeleitet. Der Link zu deinem Vertrag wird dir zusätzlich per E-Mail zugesandt. Im Digital Contact Center kannst du deinen Kreditvertrag einsehen und erforderliche Dokumente hochladen. Wähle anschließend aus, wie du deine Kreditanfrage abschließen möchtest (digital oder auf dem Postweg).</li><li>Sobald dein Finanzierungsantrag und deine weiteren Dokumente bei Santander eingegangen sind, endgültig geprüft und als positiv bewertet wurden, geben wir deine Artikel (soweit vorrätig) in den Versand. Voraussetzung ist eine positive Beurteilung deiner Finanzierungsunterlagen und die Verfügbarkeit der Ware.</li></ul>",
            "subheading_color_1": "#000000",
            "subheading_size_1": 16,
            "subheading_image_1_link": "",
            "subheading_image_1b_link": "",
            "title_2": "",
            "title_2_de": "",
            "title_2_fr": "",
            "heading_color_2": "#000000",
            "heading_size_2": 24,
            "subheading_2": "",
            "subheading_2_de": "",
            "subheading_2_fr": "",
            "subheading_color_2": "#000000",
            "subheading_size_2": 16,
            "subheading_image_2_link": "",
            "collection": "",
            "button_label": "",
            "button_label_de": "",
            "button_label_fr": "",
            "link": "",
            "button_color": "#007bff",
            "button_text_color": "#ffffff",
            "column_1title": "",
            "column_1title_de": "",
            "column_1title_fr": "",
            "column_1description": "",
            "column_1description_de": "",
            "column_1description_fr": "",
            "column_2title": "",
            "column_2title_de": "",
            "column_2title_fr": "",
            "column_2description": "",
            "column_2description_de": "",
            "column_2description_fr": "",
            "column_3title": "",
            "column_3title_de": "",
            "column_3title_fr": "",
            "column_3description": "",
            "column_3description_de": "",
            "column_3description_fr": "",
            "column_4title": "",
            "column_4title_de": "",
            "column_4title_fr": "",
            "column_4description": "",
            "column_4description_de": "",
            "column_4description_fr": ""
          }
        }
      },
      "block_order": ["slide_kThjKQ", "slide_PLCziW"],
      "custom_css": [
        "@media (max-width: 768px) {.two-column-slide__heading {font-size: 30px !important; line-height: 36px !important; } .two-column-slide__text {font-size: 14px !important; line-height: 24px !important; } .two-column-slide__content {padding: 40px 0; }}"
      ],
      "settings": {
        "section_id": "",
        "mobile_font_size_heading": 40,
        "mobile_line_height_heading": 42,
        "mobile_font_size_text": 20,
        "mobile_line_height_text": 24,
        "mobile_slide_padding_top": 30
      }
    },
    "rich_text_K6dXjy": {
      "type": "rich-text",
      "blocks": {
        "heading_Hj7iTj": {
          "type": "heading",
          "settings": { "title": "Häufig gestellte Fragen", "use_h1": true }
        },
        "text_xkRjct": {
          "type": "text",
          "settings": {
            "text": "<p><strong>1. Kann ich mehr als einen Artikel finanzieren lassen?  </strong><br/>Ja, du kannst dir sämtliche Artikel in deinem Warenkorb finanzieren lassen.<br/><br/><strong>2. Gibt es einen Mindestbetrag für die Finanzierung?  </strong><br/>Ja, der Betrag des Warenkorbs (Finanzierungsbetrag) muss mindestens 99 € betragen.<br/><br/><strong>3. Wann erhalte ich meine Bestellung? </strong> <br/>Sobald deine Unterlagen bei der Santander Consumer Bank AG eingegangen sind, geprüft und positiv bewertet wurden, wird die Ware (sofern verfügbar) an dich versandt.<br/><br/><strong>4. Kann ich den Finanzierungsantrag stornieren?  </strong><br/>Für den Kaufvertrag gilt das gesetzliche Widerrufsrecht, welches frühestens mit Erhalt der Ware beginnt. Wenn du mit dem Kaufvertrag fortfahren und nur eine alternative Zahlungsmethode wählen möchtest, muss der Finanzierungsvertrag innerhalb der angegebenen Frist widerrufen werden. Wenn du den Kaufvertrag widerrufen oder zurücktreten möchtest, erlischt der Finanzierungsvertrag. Nähere Informationen zum Widerrufsrecht kannst du der Widerrufsbelehrung aus deinem Finanzierungsvertrag entnehmen.<br/><br/><strong>5. Warum ist eine Legitimitätsprüfung erforderlich?  </strong><br/>Jede Bank ist gesetzlich verpflichtet, eine Legitimitätsprüfung durchzuführen. Diese Verifizierung dient deiner Sicherheit, um dich als Antragsteller der Finanzierung eindeutig identifizieren zu können. Hinweis: Wenn du bereits Kunde der Santander Consumer Bank bist, ist unter bestimmten Voraussetzungen keine erneute Authentifizierung erforderlich.<br/><br/><strong>6. An wen kann ich mich wenden, wenn ich Fragen zu meiner Finanzierung habe?  </strong><br/>Dein Ansprechpartner für Fragen zu deinem Finanzierungsantrag ist das Santander E-Commerce Team: 02161 - 690 7680, caps@santander.de, Montag bis Freitag von 9:00 bis 19:00 Uhr.<br/><br/><strong>7. Was soll ich tun, wenn ich eine Fehlermeldung erhalte?  </strong><br/>Die browsergestützte Santander Finanzierungsplattform ist mit den folgenden Internetbrowsern kompatibel: Internet Explorer, Mozilla Firefox und Opera. Bei anderen Browsern (z. B. Safari oder Google Chrome) kann die Funktionalität der Plattform nicht gewährleistet werden.<br/><br/><strong>8. Gibt es Annahmekriterien für eine Warenkorbfinanzierung?  </strong><br/>Folgende Voraussetzungen müssen grundsätzlich erfüllt sein: (1) Volljährigkeit, (2) Hauptwohnsitz in Deutschland, (3) Verfügung über ein Girokonto, (4) regelmäßiges Einkommen, (5) Besitz eines gültigen Personalausweises oder Reisepasses mit einem aktuellen Nachweis über die Anschrift deines Hauptwohnsitzes und (6) Bei Nicht-EU-Bürgern sind weitere Nachweise, wie Aufenthalts- und Arbeitserlaubnis sowie ein aktueller Nachweis über die Anschrift deines Hauptwohnsitzes erforderlich.<br/><br/><strong>9. Wo ist die Finanzierung mit Santander verfügbar?</strong>  <br/>Aktuell bieten wir die Finanzierung mit Santander nur in Deutschland an.</p>",
            "enlarge_text": false
          }
        }
      },
      "block_order": ["heading_Hj7iTj", "text_xkRjct"],
      "custom_css": [],
      "settings": {
        "height": "small",
        "text_alignment": "left",
        "full_width": true,
        "color_scheme": "default"
      }
    }
  },
  "order": [
    "main",
    "custom_two_colum_banner_4rmBfW",
    "rich_text_Rdqkh7",
    "custom_imagerow_VaCWQQ",
    "custom_two_colum_banner_cYCfBA",
    "rich_text_K6dXjy"
  ]
}
