{
  "sections": {
    "custom_two_colum_banner_mKBMM4": {
      "type": "custom-two-colum-banner",
      "blocks": {
        "slide_rrBTA8": {
          "type": "slide",
          "settings": {
            "image": "shopify://shop_images/HEPHA_Motiv_13_0024_1.jpg",
            "background_color": "#ffffff",
            "background_size": "cover",
            "background_position": "center",
            "background_align_items": "center",
            "background_padding_top": 40,
            "background_padding_left": 40,
            "background_padding_right": 40,
            "background_padding_bottom": 40,
            "liquid_content": "",
            "subheading_image_title_link": "",
            "subheading_image_title_position": "",
            "title_1": "",
            "title_1_de": "",
            "title_1_fr": "",
            "heading_color_1": "#000000",
            "heading_size_1": 24,
            "subheading_1": "",
            "subheading_1_de": "",
            "subheading_1_fr": "",
            "subheading_color_1": "#000000",
            "subheading_size_1": 16,
            "liquid_content3": "",
            "subheading_image_1_link": "",
            "subheading_image_1_position": "",
            "subheading_image_1b_position": "",
            "subheading_image_1b_link": "",
            "title_2": "",
            "title_2_de": "",
            "title_2_fr": "",
            "heading_color_2": "#000000",
            "heading_size_2": 24,
            "subheading_2": "",
            "subheading_2_de": "",
            "subheading_2_fr": "",
            "subheading_color_2": "#000000",
            "subheading_size_2": 16,
            "subheading_image_2_position": "",
            "subheading_image_2_link": "",
            "collection": "",
            "buttongroup_label": "",
            "buttongroup_label_de": "",
            "buttongroup_label_fr": "",
            "button_label": "",
            "button_label_de": "",
            "button_label_fr": "",
            "link": "",
            "button_color": "#007bff",
            "button2_label": "",
            "button2_label_de": "",
            "button2_label_fr": "",
            "link2": "",
            "link2_de": "",
            "link2_fr": "",
            "button2_color": "#007bff",
            "button_text_color": "#ffffff",
            "column_1title": "",
            "column_1title_de": "",
            "column_1title_fr": "",
            "column_1description": "",
            "column_1description_de": "",
            "column_1description_fr": "",
            "column_2title": "",
            "column_2title_de": "",
            "column_2title_fr": "",
            "column_2description": "",
            "column_2description_de": "",
            "column_2description_fr": "",
            "column_3title": "",
            "column_3title_de": "",
            "column_3title_fr": "",
            "column_3description": "",
            "column_3description_de": "",
            "column_3description_fr": "",
            "column_4title": "",
            "column_4title_de": "",
            "column_4title_fr": "",
            "column_4description": "",
            "column_4description_de": "",
            "column_4description_fr": "",
            "liquid_content2": ""
          }
        },
        "slide_HBAmbM": {
          "type": "slide",
          "settings": {
            "image": "shopify://shop_images/Vector.png",
            "background_color": "#2b7dde",
            "background_size": "40",
            "background_position": "center",
            "background_align_items": "center",
            "background_padding_top": 40,
            "background_padding_left": 40,
            "background_padding_right": 40,
            "background_padding_bottom": 40,
            "liquid_content": "<style>\n.two-column-slide__content {\n    align-items: center !important;\n}\n#shopify-section-template--23889897095436__custom_two_colum_banner_Peq7dK .custom-button{\n  font-size: 24px !important;\n  font-weight: bold !important;\n}\n@media (max-width: 768px) {\n    #shopify-section-template--23889897095436__custom_two_colum_banner_Peq7dK .two-column-slide__heading p:nth-of-type(2) {\n        font-size: 30px !important;\n        line-height: 35px !important;\n    }\n}\n</style>",
            "subheading_image_title_link": "",
            "subheading_image_title_position": "",
            "title_1": "<p>Spring Sale</p>",
            "title_1_de": "<p>Spring Sale</p>",
            "title_1_fr": "<p>Spring Sale</p>",
            "heading_color_1": "#ffffff",
            "heading_size_1": 60,
            "subheading_1": "<p>1/4/2025-30/4/2024</p>",
            "subheading_1_de": "<p>1/4/2025-30/4/2024</p>",
            "subheading_1_fr": "<p>1/4/2025-30/4/2024</p>",
            "subheading_color_1": "#ffffff",
            "subheading_size_1": 30,
            "liquid_content3": "",
            "subheading_image_1_link": "",
            "subheading_image_1_position": "",
            "subheading_image_1b_position": "",
            "subheading_image_1b_link": "",
            "title_2": "<h4>Save up to €685 on our promotional models: </h4><h4>Trekking 7 SE, Trekking 7 LTD, and Mountain 7</h4>",
            "title_2_de": "<h4>Save up to €685 on our promotional models: </h4><h4>Trekking 7 SE, Trekking 7 LTD, and Mountain 7</h4>",
            "title_2_fr": "<h4>Save up to €685 on our promotional models: </h4><h4>Trekking 7 SE, Trekking 7 LTD, and Mountain 7</h4>",
            "heading_color_2": "#ffffff",
            "heading_size_2": 20,
            "subheading_2": "",
            "subheading_2_de": "",
            "subheading_2_fr": "",
            "subheading_color_2": "#000000",
            "subheading_size_2": 16,
            "subheading_image_2_position": "",
            "subheading_image_2_link": "",
            "collection": "",
            "buttongroup_label": "",
            "buttongroup_label_de": "",
            "buttongroup_label_fr": "",
            "button_label": "",
            "button_label_de": "",
            "button_label_fr": "",
            "link": "",
            "button_color": "#b61d0f",
            "button2_label": "",
            "button2_label_de": "",
            "button2_label_fr": "",
            "link2": "",
            "link2_de": "",
            "link2_fr": "",
            "button2_color": "#333333",
            "button_text_color": "#ffffff",
            "column_1title": "",
            "column_1title_de": "",
            "column_1title_fr": "",
            "column_1description": "",
            "column_1description_de": "",
            "column_1description_fr": "",
            "column_2title": "",
            "column_2title_de": "",
            "column_2title_fr": "",
            "column_2description": "",
            "column_2description_de": "",
            "column_2description_fr": "",
            "column_3title": "",
            "column_3title_de": "",
            "column_3title_fr": "",
            "column_3description": "",
            "column_3description_de": "",
            "column_3description_fr": "",
            "column_4title": "",
            "column_4title_de": "",
            "column_4title_fr": "",
            "column_4description": "",
            "column_4description_de": "",
            "column_4description_fr": "",
            "liquid_content2": ""
          }
        }
      },
      "block_order": ["slide_rrBTA8", "slide_HBAmbM"],
      "custom_css": [
        ".two-column-slide__heading h4 {font-size: 20px !important; color: white;}",
        "@media (max-width: 768px) {.two-column-slide__heading h4 {font-size: 16px !important; } .two-column-slide__heading p {font-size: 34px !important; line-height: 40px !important; } .two-column-slide__text {font-size: 18px !important; line-height: 24px !important; } .two-column-slide {background-size: cover !important; } .two-column-slide__heading:nth-of-type(2) {font-size: 20px !important; line-height: 24px !important; }}"
      ],
      "settings": {
        "section_id": "",
        "mobile_font_size_heading": 40,
        "mobile_line_height_heading": 42,
        "mobile_font_size_text": 20,
        "mobile_line_height_text": 24,
        "mobile_slide_padding_top": 30
      }
    },
    "custom_two_colum_banner_RjaLFC": {
      "type": "custom-two-colum-banner",
      "blocks": {
        "slide_ALLHM8": {
          "type": "slide",
          "settings": {
            "background_color": "#8bbdf9",
            "background_size": "cover",
            "background_position": "center",
            "background_align_items": "center",
            "background_padding_top": 40,
            "background_padding_left": 40,
            "background_padding_right": 40,
            "background_padding_bottom": 40,
            "liquid_content": "",
            "subheading_image_title_link": "",
            "subheading_image_title_position": "",
            "title_1": "<p>Trekking 7 SE - The all-round carefree package</p>",
            "title_1_de": "<p>Trekking 7 SE - The all-round carefree package</p>",
            "title_1_fr": "<p>Trekking 7 SE - The all-round carefree package</p>",
            "heading_color_1": "#000000",
            "heading_size_1": 30,
            "subheading_1": "<p>Travel Worry-Free with the HEPHA E-Bike, *Alteo's comfort protection offers  3-year comprehensive insurance cover for e-bikes, including protection against theft, robbery, vandalism and accidents. </p>",
            "subheading_1_de": "<p>Travel Worry-Free with the HEPHA E-Bike, *Alteo's comfort protection offers  3-year comprehensive insurance cover for e-bikes, including protection against theft, robbery, vandalism and accidents. </p>",
            "subheading_1_fr": "<p>Travel Worry-Free with the HEPHA E-Bike, *Alteo's comfort protection offers  3-year comprehensive insurance cover for e-bikes, including protection against theft, robbery, vandalism and accidents. </p>",
            "subheading_color_1": "#000000",
            "subheading_size_1": 18,
            "liquid_content3": "",
            "subheading_image_1_link": "",
            "subheading_image_1_width": 500,
            "subheading_image_1_position": "",
            "subheading_image_1b_position": "",
            "subheading_image_1b_link": "",
            "title_2": "",
            "title_2_de": "<p></p><p></p>",
            "title_2_fr": "",
            "heading_color_2": "#000000",
            "heading_size_2": 18,
            "subheading_2": "",
            "subheading_2_de": "",
            "subheading_2_fr": "",
            "subheading_color_2": "#000000",
            "subheading_size_2": 16,
            "subheading_image_2_position": "",
            "subheading_image_2_link": "",
            "collection": "",
            "buttongroup_label": "",
            "buttongroup_label_de": "",
            "buttongroup_label_fr": "",
            "button_label": "SE Long Range",
            "button_label_de": "SE Long Range",
            "button_label_fr": "SE Long Range",
            "link": "shopify://products/trekking-7-se-long-range",
            "button_color": "#b61d0f",
            "button2_label": "SE Ultra",
            "button2_label_de": "SE Ultra",
            "button2_label_fr": "SE Ultra",
            "link2": "shopify://products/trekking-7-se-ultra",
            "link2_de": "shopify://products/trekking-7-se-ultra",
            "link2_fr": "shopify://products/trekking-7-se-ultra",
            "button2_color": "#000000",
            "button_text_color": "#ffffff",
            "column_1title": "",
            "column_1title_de": "",
            "column_1title_fr": "",
            "column_1description": "",
            "column_1description_de": "",
            "column_1description_fr": "",
            "column_2title": "",
            "column_2title_de": "",
            "column_2title_fr": "",
            "column_2description": "",
            "column_2description_de": "",
            "column_2description_fr": "",
            "column_3title": "",
            "column_3title_de": "",
            "column_3title_fr": "",
            "column_3description": "",
            "column_3description_de": "",
            "column_3description_fr": "",
            "column_4title": "",
            "column_4title_de": "",
            "column_4title_fr": "",
            "column_4description": "",
            "column_4description_de": "",
            "column_4description_fr": "",
            "liquid_content2": ""
          }
        },
        "slide_YftcRJ": {
          "type": "slide",
          "settings": {
            "image": "shopify://shop_images/Frame_219_57f7e80f-7f27-474e-954c-bb37fe748056.png",
            "background_color": "#76a7e3",
            "background_size": "cover",
            "background_position": "center",
            "background_align_items": "center",
            "background_padding_top": 40,
            "background_padding_left": 40,
            "background_padding_right": 40,
            "background_padding_bottom": 40,
            "liquid_content": "",
            "subheading_image_title_link": "",
            "subheading_image_title_position": "",
            "title_1": "",
            "title_1_de": "",
            "title_1_fr": "",
            "heading_color_1": "#000000",
            "heading_size_1": 30,
            "subheading_1": "",
            "subheading_1_de": "",
            "subheading_1_fr": "",
            "subheading_color_1": "#000000",
            "subheading_size_1": 20,
            "liquid_content3": "",
            "subheading_image_1_link": "",
            "subheading_image_1_width": 500,
            "subheading_image_1_position": "",
            "subheading_image_1b_position": "",
            "subheading_image_1b_link": "",
            "title_2": "",
            "title_2_de": "",
            "title_2_fr": "",
            "heading_color_2": "#000000",
            "heading_size_2": 18,
            "subheading_2": "",
            "subheading_2_de": "",
            "subheading_2_fr": "",
            "subheading_color_2": "#000000",
            "subheading_size_2": 16,
            "subheading_image_2_position": "",
            "subheading_image_2_link": "",
            "collection": "",
            "buttongroup_label": "",
            "buttongroup_label_de": "",
            "buttongroup_label_fr": "",
            "button_label": "",
            "button_label_de": "",
            "button_label_fr": "",
            "link": "",
            "button_color": "#b61d0f",
            "button2_label": "",
            "button2_label_de": "",
            "button2_label_fr": "",
            "link2": "",
            "link2_de": "",
            "link2_fr": "",
            "button2_color": "#007bff",
            "button_text_color": "#ffffff",
            "column_1title": "",
            "column_1title_de": "",
            "column_1title_fr": "",
            "column_1description": "",
            "column_1description_de": "",
            "column_1description_fr": "",
            "column_2title": "",
            "column_2title_de": "",
            "column_2title_fr": "",
            "column_2description": "",
            "column_2description_de": "",
            "column_2description_fr": "",
            "column_3title": "",
            "column_3title_de": "",
            "column_3title_fr": "",
            "column_3description": "",
            "column_3description_de": "",
            "column_3description_fr": "",
            "column_4title": "",
            "column_4title_de": "",
            "column_4title_fr": "",
            "column_4description": "",
            "column_4description_de": "",
            "column_4description_fr": "",
            "liquid_content2": ""
          }
        }
      },
      "block_order": ["slide_ALLHM8", "slide_YftcRJ"],
      "custom_css": [
        ".two-column-slide__heading p,.two-column-slide__text p {margin: 0 !important; text-align: left !important;}",
        "@media (max-width: 768px) {.two-column-slide__heading {font-size: 30px !important; line-height: 32px !important; padding-top: 30px; } .two-column-slide__text {font-size: 16px !important; line-height: 24px !important; } .two-column-slide {background-size: cover !important; } .custom-button {font-size: 20px !important; font-weight: bold !important; } .two-column-slide__content {max-width: 420px; }}"
      ],
      "settings": {
        "section_id": "",
        "mobile_font_size_heading": 40,
        "mobile_line_height_heading": 42,
        "mobile_font_size_text": 20,
        "mobile_line_height_text": 24,
        "mobile_slide_padding_top": 30
      }
    },
    "custom_two_colum_banner_RjcLFC": {
      "type": "custom-two-colum-banner",
      "blocks": {
        "slide_ALLHM8": {
          "type": "slide",
          "settings": {
            "background_color": "#609be1",
            "background_size": "cover",
            "background_position": "center",
            "background_align_items": "center",
            "background_padding_top": 40,
            "background_padding_left": 40,
            "background_padding_right": 40,
            "background_padding_bottom": 40,
            "liquid_content": "",
            "subheading_image_title_link": "",
            "subheading_image_title_position": "",
            "title_1": "",
            "title_1_de": "",
            "title_1_fr": "",
            "heading_color_1": "#ffffff",
            "heading_size_1": 33,
            "subheading_1": "",
            "subheading_1_de": "",
            "subheading_1_fr": "",
            "subheading_color_1": "#000000",
            "subheading_size_1": 16,
            "liquid_content3": "",
            "subheading_image_1": "shopify://shop_images/Group_391.png",
            "subheading_image_1_link": "",
            "subheading_image_1_width": 400,
            "subheading_image_1_position": "",
            "subheading_image_1b_position": "",
            "subheading_image_1b_link": "",
            "title_2": "",
            "title_2_de": "",
            "title_2_fr": "",
            "heading_color_2": "#000000",
            "heading_size_2": 24,
            "subheading_2": "",
            "subheading_2_de": "",
            "subheading_2_fr": "",
            "subheading_color_2": "#000000",
            "subheading_size_2": 16,
            "subheading_image_2": "shopify://shop_images/Group_385_ca7a58f7-803a-488f-ae6b-80ec362b45fc.png",
            "subheading_image_2_position": "",
            "subheading_image_2_link": "",
            "subheading_image_2_width": 500,
            "collection": "",
            "buttongroup_label": "",
            "buttongroup_label_de": "",
            "buttongroup_label_fr": "",
            "button_label": "LTD Long Range",
            "button_label_de": "LTD Long Range",
            "button_label_fr": "LTD Long Range",
            "link": "shopify://products/trekking-7-ltd-long-range",
            "button_color": "#b61d0f",
            "button2_label": "LTD Ultra",
            "button2_label_de": "LTD Ultra",
            "button2_label_fr": "LTD Ultra",
            "link2": "shopify://products/trekking7-ltd-ultra",
            "link2_de": "shopify://products/trekking7-ltd-ultra",
            "link2_fr": "shopify://products/trekking7-ltd-ultra",
            "button2_color": "#333333",
            "button_text_color": "#ffffff",
            "column_1title": "",
            "column_1title_de": "",
            "column_1title_fr": "",
            "column_1description": "",
            "column_1description_de": "",
            "column_1description_fr": "",
            "column_2title": "",
            "column_2title_de": "",
            "column_2title_fr": "",
            "column_2description": "",
            "column_2description_de": "",
            "column_2description_fr": "",
            "column_3title": "",
            "column_3title_de": "",
            "column_3title_fr": "",
            "column_3description": "",
            "column_3description_de": "",
            "column_3description_fr": "",
            "column_4title": "",
            "column_4title_de": "",
            "column_4title_fr": "",
            "column_4description": "",
            "column_4description_de": "",
            "column_4description_fr": "",
            "liquid_content2": ""
          }
        },
        "slide_YftcRJ": {
          "type": "slide",
          "settings": {
            "background_color": "#f8ced9",
            "background_size": "cover",
            "background_position": "center",
            "background_align_items": "center",
            "background_padding_top": 40,
            "background_padding_left": 40,
            "background_padding_right": 40,
            "background_padding_bottom": 40,
            "liquid_content": "",
            "subheading_image_title_link": "",
            "subheading_image_title_position": "",
            "title_1": "<p>Save up to €300 Mountain 7</p>",
            "title_1_de": "<p>Save up to €300 Mountain 7</p>",
            "title_1_fr": "<p>Save up to €300 Mountain 7</p>",
            "heading_color_1": "#000000",
            "heading_size_1": 30,
            "subheading_1": "",
            "subheading_1_de": "",
            "subheading_1_fr": "",
            "subheading_color_1": "#000000",
            "subheading_size_1": 30,
            "liquid_content3": "",
            "subheading_image_1": "shopify://shop_images/Group_374_08d9082f-879b-4e7e-90b5-1dbb5fb67ced.png",
            "subheading_image_1_link": "",
            "subheading_image_1_width": 500,
            "subheading_image_1_position": "",
            "subheading_image_1b_position": "",
            "subheading_image_1b_link": "",
            "title_2": "",
            "title_2_de": "",
            "title_2_fr": "",
            "heading_color_2": "#000000",
            "heading_size_2": 24,
            "subheading_2": "",
            "subheading_2_de": "",
            "subheading_2_fr": "",
            "subheading_color_2": "#000000",
            "subheading_size_2": 16,
            "subheading_image_2_position": "",
            "subheading_image_2_link": "",
            "collection": "",
            "buttongroup_label": "",
            "buttongroup_label_de": "",
            "buttongroup_label_fr": "",
            "button_label": "Mountain 7",
            "button_label_de": "Mountain 7",
            "button_label_fr": "Mountain 7",
            "link": "shopify://pages/mountain-7",
            "button_color": "#333333",
            "button2_label": "",
            "button2_label_de": "",
            "button2_label_fr": "",
            "link2": "",
            "link2_de": "",
            "link2_fr": "",
            "button2_color": "#007bff",
            "button_text_color": "#ffffff",
            "column_1title": "",
            "column_1title_de": "",
            "column_1title_fr": "",
            "column_1description": "",
            "column_1description_de": "",
            "column_1description_fr": "",
            "column_2title": "",
            "column_2title_de": "",
            "column_2title_fr": "",
            "column_2description": "",
            "column_2description_de": "",
            "column_2description_fr": "",
            "column_3title": "",
            "column_3title_de": "",
            "column_3title_fr": "",
            "column_3description": "",
            "column_3description_de": "",
            "column_3description_fr": "",
            "column_4title": "",
            "column_4title_de": "",
            "column_4title_fr": "",
            "column_4description": "",
            "column_4description_de": "",
            "column_4description_fr": "",
            "liquid_content2": ""
          }
        }
      },
      "block_order": ["slide_ALLHM8", "slide_YftcRJ"],
      "custom_css": [
        ".two-column-slide__heading p,.two-column-slide__text p {margin: 0 !important; text-align: left !important;}",
        "@media (max-width: 768px) {.two-column-slide__heading {font-size: 30px !important; line-height: 32px !important; padding-top: 30px; } .two-column-slide__text {font-size: 16px !important; line-height: 24px !important; } .two-column-slide {background-size: cover !important; } .custom-button {font-size: 20px !important; font-weight: bold !important; } .two-column-slide__content {max-width: 420px; }}"
      ],
      "settings": {
        "section_id": "",
        "mobile_font_size_heading": 40,
        "mobile_line_height_heading": 42,
        "mobile_font_size_text": 20,
        "mobile_line_height_text": 24,
        "mobile_slide_padding_top": 30
      }
    },
    "custom_two_colum_banner_7kgaJE": {
      "type": "custom-two-colum-banner",
      "blocks": {
        "slide_C7yrmJ": {
          "type": "slide",
          "settings": {
            "background_color": "#e291a7",
            "background_size": "cover",
            "background_position": "center",
            "background_align_items": "center",
            "background_padding_top": 20,
            "background_padding_left": 20,
            "background_padding_right": 20,
            "background_padding_bottom": 20,
            "liquid_content": "<style>\n#shopify-section-template--23889897095436__custom_two_colum_banner_7kgaJE .custom-button{\n  font-size: 24px  !important;\n  font-weight: bold !important;\n}\n</style>",
            "subheading_image_title_link": "",
            "subheading_image_title_position": "",
            "title_1": "<p>What are the contents of the free Alteos Comfort Protection insurance package?</p>",
            "title_1_de": "<p>Was sind die Inhalte des kostenlosen Alteos Komfortschutz-Versicherungspakets?</p>",
            "title_1_fr": "",
            "heading_color_1": "#333333",
            "heading_size_1": 30,
            "subheading_1": "<p>Alteos Comfort Protection Benefits:</p><p>- Up to 3 years of insurance coverage</p><p>- Coverage for commercial use</p><p>- Mobility protection- Coverage for theft, robbery, vandalism, and burglary</p><p>- Theft protection for the battery and accessories- Coverage for material and manufacturing defects</p><p>- Protection against operational errors- Coverage for damage due to falls, accidents, moisture, electronics, and natural forces</p><p>- Wear and tear coverage for individual parts (excluding tires and brakes) up to €150 per year (Premium)</p>",
            "subheading_1_de": "<p>Leistungen Alteos Komfortschutz:</p><p>- bis 3 Jahre Versicherungsdauer- Gewerbliche Nutzung</p><p>- Mobilitätsschutz</p><p>- Diebstahl, Raub, Vandalismus, inkl. Einbruch</p><p>- Diebstahl von Akku und Zubehör</p><p>- Material- und Produktionsfehler</p><p>- Bedienungsfehler- Schäden (durch Sturz, Unfall, Feuchtigkeit, Elektronik, Naturgewalten)- Verschleiß von Einzelteilen außer Reifen/Bremsen (Premium) bis 150 EUR pro Jahr</p>",
            "subheading_1_fr": "",
            "subheading_color_1": "#333333",
            "subheading_size_1": 16,
            "liquid_content3": "",
            "subheading_image_1_link": "",
            "subheading_image_1_position": "",
            "subheading_image_1b_position": "",
            "subheading_image_1b_link": "",
            "title_2": "",
            "title_2_de": "",
            "title_2_fr": "",
            "heading_color_2": "#000000",
            "heading_size_2": 24,
            "subheading_2": "",
            "subheading_2_de": "",
            "subheading_2_fr": "",
            "subheading_color_2": "#000000",
            "subheading_size_2": 16,
            "subheading_image_2_position": "",
            "subheading_image_2_link": "",
            "collection": "",
            "buttongroup_label": "",
            "buttongroup_label_de": "",
            "buttongroup_label_fr": "",
            "button_label": "Explore more",
            "button_label_de": "Mehr entdecken",
            "button_label_fr": "",
            "link": "shopify://pages/versicherung",
            "button_color": "#333333",
            "button2_label": "",
            "button2_label_de": "",
            "button2_label_fr": "",
            "link2": "",
            "link2_de": "",
            "link2_fr": "",
            "button2_color": "#007bff",
            "button_text_color": "#ffffff",
            "column_1title": "",
            "column_1title_de": "",
            "column_1title_fr": "",
            "column_1description": "",
            "column_1description_de": "",
            "column_1description_fr": "",
            "column_2title": "",
            "column_2title_de": "",
            "column_2title_fr": "",
            "column_2description": "",
            "column_2description_de": "",
            "column_2description_fr": "",
            "column_3title": "",
            "column_3title_de": "",
            "column_3title_fr": "",
            "column_3description": "",
            "column_3description_de": "",
            "column_3description_fr": "",
            "column_4title": "",
            "column_4title_de": "",
            "column_4title_fr": "",
            "column_4description": "",
            "column_4description_de": "",
            "column_4description_fr": "",
            "liquid_content2": ""
          }
        },
        "slide_DnriaM": {
          "type": "slide",
          "settings": {
            "background_color": "#ffc53e",
            "background_size": "cover",
            "background_position": "center",
            "background_align_items": "center",
            "background_padding_top": 20,
            "background_padding_left": 20,
            "background_padding_right": 20,
            "background_padding_bottom": 20,
            "liquid_content": "",
            "subheading_image_title_link": "",
            "subheading_image_title_position": "",
            "title_1": "<p>Six-time price-performance winner:</p>",
            "title_1_de": "<p>Sechsmaliger Preis-Leistungs-Sieger:</p>",
            "title_1_fr": "<p>Six fois primé pour son rapport qualité-prix :</p>",
            "heading_color_1": "#333333",
            "heading_size_1": 24,
            "subheading_1": "",
            "subheading_1_de": "",
            "subheading_1_fr": "",
            "subheading_color_1": "#333333",
            "subheading_size_1": 16,
            "liquid_content3": "",
            "subheading_image_1": "shopify://shop_images/Frame_208_e5de2c77-9bf3-464c-9cea-fcf183f865b2.png",
            "subheading_image_1_link": "",
            "subheading_image_1_width": 500,
            "subheading_image_1_position": "",
            "subheading_image_1b_position": "",
            "subheading_image_1b_link": "",
            "title_2": "<p>Six-time design award winner:</p>",
            "title_2_de": "<p>Sechsmaliger Design-Preis-Gewinner:</p>",
            "title_2_fr": "<p>Six fois lauréat du prix du design<strong> :</strong></p>",
            "heading_color_2": "#333333",
            "heading_size_2": 24,
            "subheading_2": "",
            "subheading_2_de": "",
            "subheading_2_fr": "",
            "subheading_color_2": "#000000",
            "subheading_size_2": 16,
            "subheading_image_2": "shopify://shop_images/Group_373_32fe9ecc-1edf-4990-a82e-a89d6f9b3839.png",
            "subheading_image_2_position": "",
            "subheading_image_2_link": "",
            "subheading_image_2_width": 500,
            "collection": "",
            "buttongroup_label": "",
            "buttongroup_label_de": "",
            "buttongroup_label_fr": "",
            "button_label": "",
            "button_label_de": "",
            "button_label_fr": "",
            "link": "",
            "button_color": "#007bff",
            "button2_label": "",
            "button2_label_de": "",
            "button2_label_fr": "",
            "link2": "",
            "link2_de": "",
            "link2_fr": "",
            "button2_color": "#007bff",
            "button_text_color": "#ffffff",
            "column_1title": "",
            "column_1title_de": "",
            "column_1title_fr": "",
            "column_1description": "",
            "column_1description_de": "",
            "column_1description_fr": "",
            "column_2title": "",
            "column_2title_de": "",
            "column_2title_fr": "",
            "column_2description": "",
            "column_2description_de": "",
            "column_2description_fr": "",
            "column_3title": "",
            "column_3title_de": "",
            "column_3title_fr": "",
            "column_3description": "",
            "column_3description_de": "",
            "column_3description_fr": "",
            "column_4title": "",
            "column_4title_de": "",
            "column_4title_fr": "",
            "column_4description": "",
            "column_4description_de": "",
            "column_4description_fr": "",
            "liquid_content2": ""
          }
        }
      },
      "block_order": ["slide_C7yrmJ", "slide_DnriaM"],
      "custom_css": [
        "ul,ol {margin: 0; padding: 0; list-style: disc;}",
        ".two-column-slide__content {align-items: flex-start !important;}",
        "@media (max-width: 768px) {.two-column-slide__heading p {font-size: 24px !important; line-height: 30px !important; padding: 20px 0 0 0; } .two-column-slide__text p {font-size: 16px !important; line-height: 24px !important; } .custom-button {font-size: 16px !important; }}"
      ],
      "settings": {
        "section_id": "",
        "mobile_font_size_heading": 24,
        "mobile_line_height_heading": 26,
        "mobile_font_size_text": 16,
        "mobile_line_height_text": 20,
        "mobile_slide_padding_top": 30
      }
    },
    "custom_firework_video_KqXdaw": {
      "type": "custom_firework_video",
      "settings": {
        "mode": "row",
        "source": "manual",
        "manual_playlist_id": "oPNnja"
      }
    },
    "custom_sale_tab_yPT7p8": {
      "type": "custom-sale-tab",
      "settings": {
        "title": "",
        "title_de": "",
        "title_fr": "",
        "product_source_trekking7ltd": "collection",
        "trekking7ltd_collection": "trekking-7-my23",
        "trekking7ltd_products": [],
        "product_source_trekking7": "custom",
        "trekking7_collection": "",
        "trekking7_products": [
          "4750xl-nr-bk-oe-pro-amparo",
          "ach-2-0-6ks-130-bk-adaptor-chain",
          "motor-upgrade-20nm",
          "hepha-708wh-battery-for-trekking-7",
          "804wh-battery-trekking-7"
        ],
        "show_description": true
      }
    },
    "news_sildeshow_HVwpi3": {
      "type": "news_sildeshow",
      "blocks": {
        "customslide_3XW9QA": {
          "type": "customslide",
          "settings": {
            "image": "shopify://shop_images/Frame_30.png",
            "title": "Test an E-Bike: Meet HEPHA at the most exciting fairs in March!",
            "title_de": "E-Bike testen: Treffen Sie HEPHA auf den spannendsten Messen im März!",
            "title_fr": "Testez un vélo électrique : Rencontrez HEPHA lors des foires les plus passionnantes en mars !",
            "description": "Test an E-Bike: Meet HEPHA at the most exciting fairs in March!\nSpring is calling, and we’re answering with full power! HEPHA is on the road at the biggest E-Bike fairs in Germany and Austria. Perfect for anyone who wants to test an E-Bike and experience our latest models live. Visit us, enjoy test rides, and grab exclusive fair discounts!",
            "description_de": "E-Bike testen: Treffen Sie HEPHA auf den spannendsten Messen im März!\nDer Frühling ruft, und wir antworten mit voller Power! HEPHA ist auf den größten E-Bike-Messen in Deutschland und Österreich unterwegs. Perfekt für alle, die ein E-Bike testen und unsere neuesten Modelle live erleben wollen. Besuchen Sie uns, genießen Sie Probefahrten und sichern Sie sich exklusive Messe-Angebote!.",
            "description_fr": "Tester un E-Bike : Rencontrez HEPHA lors des foires les plus passionnantes en mars !\n\nLe printemps appelle, et nous répondons avec toute notre puissance ! HEPHA est sur la route lors des plus grandes foires de l'E-Bike en Allemagne et en Autriche. Parfait pour tous ceux qui souhaitent tester un E-Bike et découvrir nos derniers modèles en direct. Venez nous rendre visite, profitez des essais et bénéficiez de remises exclusives lors des foires !",
            "description_richtext": "<p>March 14, 2025</p>",
            "description_richtext_de": "<p>14. März 2025</p>",
            "description_richtext_fr": "<p>14 mars 2025</p>",
            "link": "shopify://blogs/news/e-bike-fairs-march-2025"
          }
        },
        "customslide_ErJpXr": {
          "type": "customslide",
          "settings": {
            "image": "shopify://shop_images/Frame_179_a6521abf-7383-46a9-8002-cfcad6163cd3.jpg",
            "title": "Eurobike Award: P100 combines power and impressive range with lightness and compact size",
            "title_de": "Eurobike Award: P100 vereint Leistungsstärke und eindrückliche Reichweite mit Leichtigkeit und kompakter Größe",
            "title_fr": "Eurobike Award : Le P100 combine la puissance et l'autonomie impressionnante avec la légèreté et la taille compacte.",
            "description": "An excellent product with high market potential that convinces with its innovative performance, technically high level and clean aesthetics.",
            "description_de": "Ein hervorragendes Produkt mit hohem Marktpotenzial, das mit seiner Innovationsleistung, dem technisch hohen Niveau und seiner cleanen Ästhetik überzeugt.",
            "description_fr": "Il s'agit d'un excellent produit à fort potentiel commercial qui convainc par ses performances innovantes, son niveau technique élevé et son esthétique soignée.",
            "description_richtext": "<p>June 29, 2023</p>",
            "description_richtext_de": "<p>29. Juni 2023</p>",
            "description_richtext_fr": "<p>29 juin 2023</p>",
            "link": "shopify://blogs/news/hepha-p100-drive-system-wins-the-eurobike-award-2023"
          }
        },
        "customslide_U79wGy": {
          "type": "customslide",
          "settings": {
            "image": "shopify://shop_images/Frame_167_458ef575-8f39-4dd5-9215-8e6e9d3af34d.jpg",
            "title": "HEPHA Mountain 7 Carbon wins the iF Design Award 2025",
            "title_de": "HEPHA Mountain 7 Carbon gewinnt den iF Design Award 2025",
            "title_fr": "HEPHA Mountain 7 Carbon wins the iF Design Award 2025",
            "description": "The HEPHA Mountain 7 Carbon wins the iF Design Award 2025! Discover why this high-performance carbon e-MTB impressed the jury.",
            "description_de": "Das HEPHA Mountain 7 Carbon gewinnt den iF Design Award 2025! Erfahre, warum das leistungsstarke E-MTB mit Carbonrahmen die Jury überzeugt hat.",
            "description_fr": "The HEPHA Mountain 7 Carbon wins the iF Design Award 2025! Discover why this high-performance carbon e-MTB impressed the jury.",
            "description_richtext": "<p>February 28, 2025</p>",
            "description_richtext_de": "<p>28. Februar 2025</p>",
            "description_richtext_fr": "<p>28 février 2025</p>",
            "link": "shopify://blogs/news/hepha-mountain-7-carbon-wins-the-if-design-award-2025"
          }
        },
        "customslide_LewMfQ": {
          "type": "customslide",
          "settings": {
            "image": "shopify://shop_images/Frame_173.jpg",
            "title": "ElektroRad: Best value for price for the Trekking 7 Ultra",
            "title_de": "ElektroRad: Preisleistungssieg für das Trekking 7 Ultra",
            "title_fr": "ElektroRad : Meilleur rapport qualité-prix pour le Trekking 7 Ultra.",
            "description": "ElektroRad awards the HEPHA Trekking 7 with \"Best value for money\" once again with an overall score of 1.8 and full marks for the drive system.",
            "description_de": "ElektroRad zeichnet das HEPHA Trekking 7 erneut als \"Preis-Leistungs-Sieger\" aus. Mit einer Gesamtwertung von 1.8 und voller Punktzahl beim Antrieb konnte es überzeugen.",
            "description_fr": "Nous l'avons encore fait - notre HEPHA Trekking 7 a remporté pour la deuxième fois consécutive le test méga d'ElektroRad pour le rapport qualité-prix.",
            "description_richtext": "<p>February 26, 2023</p>",
            "description_richtext_de": "<p>26. Februar 2023</p>",
            "description_richtext_fr": "<p>26 février 2023</p>",
            "link": "shopify://blogs/news/elektrorad-preisleistungssieg"
          }
        },
        "customslide_eGGx7Y": {
          "type": "customslide",
          "settings": {
            "image": "shopify://shop_images/Frame_174.jpg",
            "title": "Trekking 7 is strongly recommended in ElektroRad mega test!",
            "title_de": "Sehr gut! Das Trekking 7 ist im ElektroRad mega test sehr empfehlenswert!",
            "title_fr": "Très bien ! Le Trekking 7 est fortement recommandé dans le Mega Test d'ElektroRad !",
            "description": "In the ElektroRad mega test 2023, our trekking 7 achieved a high score of 90 points and got the grade \"very good\".",
            "description_de": "Im ElektroRad mega test 2023 hat unser Trekking 7 Ebike 90 Punkte erreicht und die Note \"sehr gut\" erhalten.",
            "description_fr": "Lors du méga-test ElektroRad 2023, notre trekking 7 a obtenu un score élevé de 90 points et la mention \"très bien\".",
            "description_richtext": "<p>February 23, 2023</p>",
            "description_richtext_de": "<p>23. Februar 2023</p>",
            "description_richtext_fr": "<p>23 février 2023</p>",
            "link": "shopify://blogs/news/trekking-7-is-strongly-recommended-in-elektrorad-mega-test"
          }
        },
        "customslide_g7DrKc": {
          "type": "customslide",
          "settings": {
            "image": "shopify://shop_images/Frame_176.jpg",
            "title": "Hepha Trekking 7 Wins German Design Award",
            "title_de": "Hepha Trekking 7 hat den German Design Award gewonnen",
            "title_fr": "Hepha Trekking 7 remporte le prix de German Design Award",
            "description": "The Trekking 7 from Hepha convinced the international expert jury of the German Design Awards! The e-trekking bike received a “Winner” award in the “Excellent Product Design” category.",
            "description_de": "Überzeugt hat das Trekking 7 von HEPHA die internationale Fachjury des German Design Awards! Das E-Trekkingbike fährt eine »Winner«-Auszeichnung in der Kategorie „Excellent Product Design” ein.",
            "description_fr": "Le Trekking 7 d'Hepha a convaincu le jury international d'experts des German Design Awards ! Le vélo d'e-trekking a reçu le prix \"Winner\" dans la catégorie \"Excellent Product Design\".",
            "description_richtext": "<p>February 2, 2023</p>",
            "description_richtext_de": "<p>2. Februar 2023</p>",
            "description_richtext_fr": "<p>2 février 2023</p>",
            "link": "shopify://blogs/news/hepha-trekking-7-wins-german-design-award"
          }
        },
        "customslide_eywPWb": {
          "type": "customslide",
          "settings": {
            "image": "shopify://shop_images/Frame_177.jpg",
            "title": "Hepha wins Design & Innovation Award",
            "title_de": "Hepha gewinnt den Design & Innovation Award",
            "title_fr": "Hepha Trekking 7 obtient le prix du design et de l'innovation 2023 !",
            "description": "Time to celebrate! Our Trekking 7 is awarded by the international jury with the Design & Innovation Award 2023!",
            "description_de": "Zeit zu feiern! Unser Trekking 7 wird von der internationalen Jury mit dem Design & Innovation Award 2023 ausgezeichnet!",
            "description_fr": "Il est temps de célébrer ! Notre Trekking 7 a été récompensé par le jury international avec le prix Design & Innovation Award 2023 !",
            "description_richtext": "<p>February 9, 2022</p>",
            "description_richtext_de": "<p>9. Februar 2022</p>",
            "description_richtext_fr": "<p>9 février 2022</p>",
            "link": "shopify://blogs/news/hepha-trekking-7-wins-the-design-innovation-award"
          }
        },
        "customslide_fmwUpT": {
          "type": "customslide",
          "settings": {
            "image": "shopify://shop_images/Frame_178_b816952a-3460-43a8-8fad-84c6532bcdae.jpg",
            "title": "Eurobike News: HEPHA presents the new products for the 2025/2026 model year",
            "title_de": "Eurobike News: HEPHA stellt die Neuheiten fürs Modelljahr 2025/2026 vor",
            "title_fr": "Actualités Eurobike : HEPHA présente les nouveaux produits pour l'année modèle 2025/2026.",
            "description": "Quality, design and performance combined with amazing prices: HEPHA is transferring this recipe for success to other categories in model year 2025/2026. The newcomer from Maisach near Munich has become one of the most successful brands in just under two years. All new models can be seen at Eurobike in Hall 12.0 I Stand A10.",
            "description_de": "Qualität, Design und Performance kombiniert mit erstaunlichen Preisen: Dieses Erfolgsrezept überträgt HEPHA im Modelljahr 2025/2026 auf weitere Kategorien. Der Newcomer aus Maisach bei München ist in knapp zwei Jahren zu einer der erfolgreichsten Marken avanciert. Alle neuen Modelle gibt es auf der Eurobike in Halle 12.0 I Stand A10 zu sehen.",
            "description_fr": "Qualité, design et performance combinés à des prix incroyables : HEPHA applique cette recette du succès à d'autres catégories pour l'année modèle 2025/2026. Le nouvel arrivant de Maisach, près de Munich, est devenu l'une des marques les plus performantes en à peine deux ans. Tous les nouveaux modèles peuvent être vus à Eurobike dans le Hall 12.0, Stand A10.",
            "description_richtext": "<p>December 28, 2024</p>",
            "description_richtext_de": "<p>28. Dezember 2024</p>",
            "description_richtext_fr": "<p>28 décembre 2024</p>",
            "link": "shopify://blogs/news/eurobike-news-hepha-presents-the-new-products-for-the-2025-model-year"
          }
        }
      },
      "block_order": [
        "customslide_3XW9QA",
        "customslide_ErJpXr",
        "customslide_U79wGy",
        "customslide_LewMfQ",
        "customslide_eGGx7Y",
        "customslide_g7DrKc",
        "customslide_eywPWb",
        "customslide_fmwUpT"
      ],
      "settings": {}
    },
    "17415882502d62e51b": {
      "type": "apps",
      "blocks": {
        "loox_reviews_loox_card_carousel_section_3HRVwE": {
          "type": "shopify://apps/loox-reviews/blocks/loox-card-carousel-section/5c3b337f-fd14-4df5-b1d6-80ec13e6e28e",
          "settings": {
            "maxWidth": 1600,
            "borderRadius": 8,
            "itemsPerView": 5,
            "mobileItemsPerView": 1,
            "maxNumberOfCharacters": 100,
            "imageRatio": "0.72",
            "reviewerNameColor": "#000000",
            "textColor": "#000000",
            "itemBackgroundColor": "#ffffff",
            "starsColor": "",
            "starsBackgroundColor": "#ffffff",
            "arrows_backgroundColor": "#ffffff",
            "arrows_iconColor": "#9a9a9a",
            "shadow": "offset-dark",
            "border_active": false,
            "border_width": 2,
            "border_color": "#000000",
            "productIds": ""
          }
        }
      },
      "block_order": ["loox_reviews_loox_card_carousel_section_3HRVwE"],
      "custom_css": [
        ".fully-spaced-row--medium {margin-bottom: 100px;}",
        ".loox-v2-carousel-app .loox-v2-carousel-container.has-round-arrows {padding-left: 0; padding-right: 0;}"
      ],
      "settings": {
        "full_width": false,
        "show_space": true,
        "title": "Customer reviews",
        "title_de": "Kundenrezensionen",
        "title_fr": "Commentaires client"
      }
    },
    "collapsible_tabs_qETzUn": {
      "type": "collapsible-tabs",
      "blocks": {
        "question_RHawyY": {
          "type": "question",
          "settings": {
            "title": "Q: How much can I save in total on the Trekking 7 LTD Long Range?",
            "title_de": "F: Wieviel kann ich insgesamt beim Trekking 7 LTD Long Range sparen?",
            "title_fr": "Q : Combien puis-je économiser en tout sur le Trekking 7 LTD Long Range ?",
            "answer": "<p>A:  For the LTD Long Range model (RRP: €2,499), you get the following offers:</p><p>-€500:  Price discount, the final price is €1,999.</p>",
            "answer_de": "<p>A：Für das Modell LTD Long Range (UVP: 2.499 €) erhalten Sie folgende Angebote:</p><p>-500 €:  Preisrabatt, der Endpreis beträgt 1.999 €.</p>",
            "answer_fr": "<p>R :Pour le modèle LTD Long Range (PDSF : 2.499 €), vous bénéficiez des offres suivantes :</p><p>-500 € : Réduction de prix, le prix final est de 1.999 €.</p>",
            "liquid_content": "",
            "liquid_content_de": "",
            "liquid_content_fr": "",
            "answer_2": "",
            "answer_2_de": "",
            "answer_2_fr": ""
          }
        },
        "question_KyPrx4": {
          "type": "question",
          "settings": {
            "title": "Q: What discounts are available for the Trekking 7 LTD Ultra?",
            "title_de": "F: Welche Rabatte gibt es für das Trekking 7 LTD Ultra?",
            "title_fr": "Q : Quelles remises sont disponibles pour le Trekking 7 LTD Ultra ?",
            "answer": "<p>A: For the Trekking 7 LTD Ultra (RRP: €2,999), you get the following offers:</p><p>-€400:  Price discount, the final price is €2,599.</p>",
            "answer_de": "<p>A: Für das Trekking 7 LTD Ultra (UVP: 2.999 €) erhalten Sie folgende Angebote:</p><p>-400 €: Preisrabatt, der Endpreis beträgt 2.599 €.</p>",
            "answer_fr": "<p>R : Pour le Trekking 7 LTD Ultra (PDSF : 2.999 €), vous bénéficiez des offres suivantes :</p><p>-400 € : Réduction de prix, le prix final est de 2.599 €.</p>",
            "liquid_content": "",
            "liquid_content_de": "",
            "liquid_content_fr": "",
            "answer_2": "",
            "answer_2_de": "",
            "answer_2_fr": ""
          }
        },
        "question_awRpRT": {
          "type": "question",
          "settings": {
            "title": "Q: What discounts are available for the Trekking 7 SE Ultra?",
            "title_de": "F: Welche Rabatte gibt es für das Trekking 7 SE Ultra?",
            "title_fr": "Q : Quelles réductions sont disponibles pour le Trekking 7 SE Ultra ?",
            "answer": "<p>A: When purchasing the Trekking 7 SE Ultra, German customers receive a €400 discount and a free Alteos insurance package. Customers from France and Austria receive an additional €100 compensation on top of the €400 discount (please contact <a href=\"mailto:service@hepha.com\" title=\"mailto:service@hepha.com \">service@hepha.com</a> to get the discount code). Click <a href=\"/products/trekking-7-se-ultra\" title=\"Trekking 7 SE Ultra\">here</a> to learn more about the Hepha Trekking 7 SE.</p>",
            "answer_de": "<p>A: Beim Kauf des Trekking 7 SE Ultra erhalten deutsche Kunden einen Rabatt von 400 € und ein kostenloses Alteos-Versicherungspaket. Kunden aus Frankreich und Österreich erhalten zusätzlich zu dem Rabatt von 400 € weitere 100 € als Entschädigung (bitte kontaktieren Sie <a href=\"mailto:service@hepha.com\">service@hepha.com</a>, um den Rabattcode zu erhalten). Klicken Sie <a href=\"/products/trekking-7-se-ultra\" title=\"Trekking 7 SE Ultra\">hier</a>, um mehr über das Hepha Trekking 7 SE zu erfahren.</p>",
            "answer_fr": "<p>R : Lors de l'achat du Trekking 7 SE Ultra, les clients de France et d'Autriche reçoivent une compensation supplémentaire de 100 € en plus de la remise de 400 € (veuillez contacter <a href=\"mailto:service@hepha.com\">service@hepha.com</a> pour obtenir le code de réduction). Cliquez <a href=\"/products/trekking-7-se-ultra\" title=\"Trekking 7 SE Ultra\">ici</a> pour en savoir plus sur le Hepha Trekking 7 SE.</p>",
            "liquid_content": "",
            "liquid_content_de": "",
            "liquid_content_fr": "",
            "answer_2": "",
            "answer_2_de": "",
            "answer_2_fr": ""
          }
        },
        "question_9nk4ah": {
          "type": "question",
          "settings": {
            "title": "Q: What is the promotion period?",
            "title_de": "F: Was ist der Aktionszeitraum?",
            "title_fr": "Q : Quelle est la période de promotion ?",
            "answer": "<p>A: The promotion period is from March 1, 2025, to March 31, 2025.</p>",
            "answer_de": "<p>A: Der Aktionszeitraum ist vom 1. März 2025 bis zum 31. März 2025.</p>",
            "answer_fr": "<p>R : La période de promotion est du 1er mars 2025 au 31 mars 2025.</p>",
            "liquid_content": "",
            "liquid_content_de": "",
            "liquid_content_fr": "",
            "answer_2": "",
            "answer_2_de": "",
            "answer_2_fr": ""
          }
        },
        "question_XBJtyf": {
          "type": "question",
          "settings": {
            "title": "Q: Is the offer only valid on hepha.com?",
            "title_de": "F: Gilt das Angebot nur auf hepha.com?",
            "title_fr": "Q : L'offre est-elle valable uniquement sur hepha.com ?",
            "answer": "<p>A: This promotion is valid for both <a href=\"https://hepha.com/\" title=\"https://hepha.com\">hepha.com</a> and authorized dealers.</p><p>Orders placed on <a href=\"https://hepha.com/\" title=\"https://hepha.com\">hepha.com</a> are shipped by HEPHA GmbH.</p><p>If you wish to purchase from a dealer, please contact them directly for information on products and orders, as they will be happy to assist you.</p><p>Prices on Amazon are set by Amazon.</p>",
            "answer_de": "<p>A: Diese Werbeaktion gilt für <a href=\"https://hepha.com/de/pages/hepha.com\">hepha.com</a> und Händler.<br/><br/>Bestellungen auf <a href=\"https://hepha.com/de\" title=\"https://hepha.com/de\">hepha.com</a> werden von der HEPHA GmbH versendet.<br/><br/>Wenn Sie beim Händler kaufen möchten, wenden Sie sich bitte direkt an den Händler, um Informationen zu Produkten und Bestellungen zu erhalten. Sie werden Ihnen gerne weiterhelfen.<br/><br/>Die Preise auf der Amazon werden von Amazon festgelegt.</p>",
            "answer_fr": "<p>R : Cette promotion est valable à la fois sur hepha.com et chez les revendeurs. Les commandes sur <a href=\"https://hepha.com/fr-fr\" title=\"https://hepha.com/fr-fr\">hepha.com</a> sont expédiées par HEPHA GmbH. Si vous souhaitez acheter auprès d'un revendeur, veuillez contacter directement le revendeur pour obtenir des informations sur les produits et les commandes. Ils se feront un plaisir de vous aider. Les prix sur Amazon sont fixés par Amazon.</p>",
            "liquid_content": "",
            "liquid_content_de": "",
            "liquid_content_fr": "",
            "answer_2": "",
            "answer_2_de": "",
            "answer_2_fr": ""
          }
        },
        "question_ytzVBz": {
          "type": "question",
          "settings": {
            "title": "Q: What are the contents of the free Alteos Comfort Protection insurance package?",
            "title_de": "F: Was sind die Inhalte des kostenlosen Alteos Komfortschutz-Versicherungspakets?",
            "title_fr": "",
            "answer": "<p>A: Alteos Comfort Protection Benefits<br/><br/>- Up to 3 years of insurance coverage<br/>- Coverage for commercial use<br/>- Mobility protection<br/>- Coverage for theft, robbery, vandalism, and burglary<br/>- Theft protection for the battery and accessories<br/>- Coverage for material and manufacturing defects<br/>- Protection against operational errors<br/>- Coverage for damage due to falls, accidents, moisture, electronics, and natural forces<br/>- Wear and tear coverage for individual parts (excluding tires and brakes) up to €150 per year (Premium)<br/><br/>Click <a href=\"https://hepha.com/pages/versicherung\" target=\"_blank\" title=\"Alteos Versicherung\">here</a> to learn more about the Alteos Comfort Protection insurance package.</p>",
            "answer_de": "<p>A: Leistungen Alteos Komfortschutz<br/><br/>- bis 3 Jahre Versicherungsdauer<br/>- Gewerbliche Nutzung<br/>- Mobilitätsschutz<br/>- Diebstahl, Raub, Vandalismus, inkl. Einbruch<br/>- Diebstahl von Akku und Zubehör<br/>- Material- und Produktionsfehler<br/>- Bedienungsfehler<br/>- Schäden (durch Sturz, Unfall, Feuchtigkeit, Elektronik, Naturgewalten)<br/>- Verschleiß von Einzelteilen außer Reifen/Bremsen (Premium) bis 150 EUR pro Jahr<br/><br/>Klicken Sie <a href=\"https://hepha.com/de/pages/versicherung\" title=\"Alteos Versicherung\">hier</a>, um mehr über das Alteos Komfortschutz-Versicherungspaket zu erfahren.</p>",
            "answer_fr": "",
            "liquid_content": "",
            "liquid_content_de": "",
            "liquid_content_fr": "",
            "answer_2": "",
            "answer_2_de": "",
            "answer_2_fr": ""
          }
        },
        "question_bbRFXj": {
          "type": "question",
          "settings": {
            "title": "Q: How long is my bicycle insured?",
            "title_de": "F: Wie lange ist mein Fahrrad versichert?",
            "title_fr": "",
            "answer": "<p>A: The contract period for the Alteos Comfort Protection is 3 years and it ends automatically. Please be sure to keep all purchase receipts for your Hepha E-Bike for insurance purposes.</p>",
            "answer_de": "<p>A: Die Vertragslaufzeit für den Alteos Komfortschutz beträgt 3 Jahre und endet automatisch. Bitte bewahre alle Kaufbelege für dein Hepha E-Bike für den Versicherungsfall auf.</p>",
            "answer_fr": "",
            "liquid_content": "",
            "liquid_content_de": "",
            "liquid_content_fr": "",
            "answer_2": "",
            "answer_2_de": "",
            "answer_2_fr": ""
          }
        },
        "question_x8ARnP": {
          "type": "question",
          "settings": {
            "title": "Q: What are the differences between the HEPHA Trekking 7, HEPHA Trekking 7 LTD, and HEPHA Trekking 7 SE?",
            "title_de": "F: Welche Unterschiede gibt es zwischen dem HEPHA Trekking 7, HEPHA-Trekking 7 LTD und HEPHA-Trekking 7 SE?",
            "title_fr": "Q: Quelles sont les différences entre le HEPHA Trekking 7, le HEPHA Trekking 7 LTD et le HEPHA Trekking 7 SE ?",
            "answer": "<p>A: The HEPHA Trekking 7 is the latest version for the year 2024, while the HEPHA Trekking 7 LTD is a limited edition based on the MY23 model. Both the Trekking 7 LTD and the Trekking 7 are new products produced in 2024.</p><p>The frame design of the HEPHA Trekking 7 SE and Trekking 7 LTD is the same, but the drive unit is different.</p>",
            "answer_de": "<p>A: Das HEPHA Trekking 7 ist die neueste Version für das Jahr 2024, und das HEPHA Trekking 7 LTD ist eine limitierte Version, die auf dem Modell MY23 basiert. Sowohl das Trekking 7 LTD als auch das Trekking 7 sind Neuware, die 2024 produziert wurde.</p><p>Das Rahmendesign des HEPHA Trekking 7 SE und Trekking 7 LTD ist gleich, aber die Antriebseinheit ist unterschiedlich.</p>",
            "answer_fr": "<p>R : Le HEPHA Trekking 7 est la toute dernière série pour l'année 2024, tandis que le HEPHA Trekking 7 LTD est une série limitée basée sur le modèle MY23. Les modèles Trekking 7 LTD et Trekking 7 sont tous deux des produits neufs fabriqués en 2024.</p><p>Le design du cadre du HEPHA Trekking 7 SE est différent de celui du HEPHA Trekking 7, mais toutes les autres caractéristiques sont identiques.</p>",
            "liquid_content": "{% if request.locale.iso_code == 'de' %}\n<table border=\"1\" width=\"100%\">\n    <tr>\n        <th></th>\n        <th>Trekking 7 LTD</th>\n        <th>Trekking 7 SE</th>\n        <th>Trekking 7</th>\n    </tr>\n       <tr>\n        <td>zul. Gesamtgewicht</td>\n        <td>130 KG</td>\n        <td>130 KG</td>\n        <td>150 KG</td>\n    </tr>\n    <tr>\n        <td>motor</td>\n        <td>HEPHA DU-P100</td>\n        <td>HEPHA P101C</td>\n        <td>HEPHA P101C</td>\n    </tr>\n    <tr>\n        <td>Akku</td>\n        <td>HEPHA BT-P100, 708Wh</td>\n        <td>HEPHA BT-100B, 708Wh/804Wh</td>\n        <td>HEPHA BT-100B, 708Wh/804Wh</td>\n    </tr>\n    <tr>\n        <td>display</td>\n        <td>HEPHA SC-P100 (2.8” Color), abnehmbar</td>\n        <td>Long Range: HEPHA SC-201 (1.96” Color), non-removable<br>Performance & Ultra: HEPHA SC-351 (3.50“ Color), unabnehmbar</td>\n        <td>Long Range: HEPHA SC-201 (1.96” Color), non-removable<br>Performance & Ultra: HEPHA SC-351 (3.50“ Color), unabnehmbar</td>\n    </tr>\n    <tr>\n        <td>Gepäckträger System</td>\n        <td>Long Range: CARRYMORE QR.<br>Ultra/Performance: CARRYMORE QR.</td>\n        <td>Long Range: CARRYMORE QR.<br>Ultra/Performance: MIK HD QR.</td>\n        <td>Long Range: CARRYMORE QR.<br>Ultra/Performance: MIK HD QR.</td>\n    </tr>\n    <tr>\n        <td>Frontlicht</td>\n        <td>30 Lux</td>\n        <td>50 Lux</td>\n        <td>50 Lux</td>\n    </tr>\n   </table>\n\n{% elsif request.locale.iso_code == 'fr' %}\n<table border=\"1\" width=\"100%\">\n    <tr>\n        <th></th>\n        <th>Trekking 7 LTD</th>\n        <th>Trekking 7 SE</th>\n        <th>Trekking 7</th>\n    </tr>\n       <tr>\n        <td>Poids total autorisé</td>\n        <td>130 KG</td>\n        <td>130 KG</td>\n        <td>150 KG</td>\n    </tr>\n    <tr>\n        <td>Moteur</td>\n        <td>HEPHA DU-P100</td>\n        <td>HEPHA P101C</td>\n        <td>HEPHA P101C</td>\n    </tr>\n    <tr>\n        <td>Batterie</td>\n        <td>HEPHA BT-P100, 708Wh</td>\n        <td>HEPHA BT-100B, 708Wh/804Wh</td>\n        <td>HEPHA BT-100B, 708Wh/804Wh</td>\n    </tr>\n    <tr>\n        <td>Écran</td>\n        <td>HEPHA SC-P100 (2.8” Couleur), amovible</td>\n        <td>Long Range: HEPHA SC-201 (1.96” Couleur), non amovible<br>Performance & Ultra: HEPHA SC-351 (3.50“ Couleur), non amovible</td>\n        <td>Long Range: HEPHA SC-201 (1.96” Couleur), non amovible<br>Performance & Ultra: HEPHA SC-351 (3.50“ Couleur), non amovible</td>\n    </tr>\n    <tr>\n        <td>Système de porte-bagages</td>\n        <td>Long Range: CARRYMORE QR.<br>Ultra/Performance: CARRYMORE QR.</td>\n        <td>Long Range: CARRYMORE QR.<br>Ultra/Performance: MIK HD QR.</td>\n        <td>Long Range: CARRYMORE QR.<br>Ultra/Performance: MIK HD QR.</td>\n    </tr>\n    <tr>\n        <td>Éclairage avant</td>\n        <td>30 Lux</td>\n        <td>50 Lux</td>\n        <td>50 Lux</td>\n    </tr>\n    </table>\n{% else %}\n<table border=\"1\" width=\"100%\">\n    <tr>\n        <th></th>\n        <th>Trekking 7 LTD</th>\n        <th>Trekking 7 SE</th>\n        <th>Trekking 7</th>\n    </tr>\n       <tr>\n        <td>max. permissible weight</td>\n        <td>130 KG</td>\n        <td>130 KG</td>\n        <td>150 KG</td>\n    </tr>\n    <tr>\n        <td>motor</td>\n        <td>HEPHA DU-P100</td>\n        <td>HEPHA P101C</td>\n        <td>HEPHA P101C</td>\n    </tr>\n    <tr>\n        <td>battery</td>\n        <td>HEPHA BT-P100, 708Wh</td>\n        <td>HEPHA BT-100B, 708Wh/804Wh</td>\n        <td>HEPHA BT-100B, 708Wh/804Wh</td>\n    </tr>\n    <tr>\n        <td>display</td>\n        <td>HEPHA SC-P100 (2.8” Color), removable</td>\n        <td>Long Range: HEPHA SC-201 (1.96” Color), non-removable<br>Performance & Ultra: HEPHA SC-351 (3.50“ Color), non-removable</td>\n        <td>Long Range: HEPHA SC-201 (1.96” Color), non-removable<br>Performance & Ultra: HEPHA SC-351 (3.50“ Color), non-removable</td>\n    </tr>\n    <tr>\n        <td>carrier system</td>\n        <td>Long Range: CARRYMORE QR.<br>Ultra/Performance: CARRYMORE QR.</td>\n        <td>Long Range: CARRYMORE QR.<br>Ultra/Performance: MIK HD QR.</td>\n        <td>Long Range: CARRYMORE QR.<br>Ultra/Performance: MIK HD QR.</td>\n    </tr>\n    <tr>\n        <td>front light</td>\n        <td>30 Lux</td>\n        <td>50 Lux</td>\n        <td>50 Lux</td>\n    </tr>\n    </table>\n{% endif %}",
            "liquid_content_de": "",
            "liquid_content_fr": "",
            "answer_2": "",
            "answer_2_de": "",
            "answer_2_fr": ""
          }
        },
        "question_y3KgTG": {
          "type": "question",
          "settings": {
            "title": "Q: What are the advantages of a 100 Nm motor compared with an 80 Nm motor?",
            "title_de": "F: Welche Vorteile hat ein Motor mit 100 Nm im Vergleich zu einem Motor mit 80 Nm?",
            "title_fr": "Q : Quels sont les avantages d'un moteur de 100 Nm par rapport à un moteur de 80 Nm ?",
            "answer": "<p>A: Advantages of the 100 Nm motor<br/><br/>Greater Power: With higher torque, the 100 Nm motor provides more powerful output, offering faster acceleration and better climbing ability.<br/><br/>Smoother Riding Experience: The 100 Nm motor delivers a smoother riding experience, especially in situations requiring more power during starts, climbs, and rides.<br/><br/>Suitable for Mountain Riding: It is more suitable for mountain biking or handling complex terrains due to its ability to tackle challenges effectively.<br/><br/>Increased Security: No matter where you're riding the e-bike, the motor will ensure sufficient support to reach a stable basic speed. This ensures a safer lane and reduces the risk of tipping.</p>",
            "answer_de": "<p>A: Vorteile des 100-Nm-Motors:<br/>- Höhere Leistung: Mit einem höheren Drehmoment bietet der 100-Nm-Motor eine stärkere Leistung, die eine schnellere Beschleunigung und bessere Steigfähigkeit ermöglicht.<br/>- Sanfteres Fahrgefühl: Der 100-Nm-Motor sorgt für ein sanfteres Fahrgefühl, insbesondere in Situationen, die mehr Leistung beim Anfahren, Bergauffahren und Fahren erfordern.<br/>- Geeignet für Mountainbiking: Er ist besser geeignet für das Mountainbiken oder die Bewältigung komplexer Gelände aufgrund seiner Fähigkeit, Herausforderungen effektiv zu bewältigen.</p>",
            "answer_fr": "<p>R : Avantages du moteur 100 Nm :<br/><br/>- Plus de puissance : Avec un couple plus élevé, le moteur de 100 Nm fournit une sortie plus puissante, offrant une accélération plus rapide et une meilleure capacité de montée.<br/>- Une expérience de conduite plus douce : Le moteur de 100 Nm offre une expérience de conduite plus souple, en particulier dans les situations nécessitant plus de puissance lors des démarrages, des montées et des randonnées.<br/>- Adapté à la pratique du VTT : Il est plus adapté au VTT ou à la gestion de terrains complexes grâce à sa capacité à relever efficacement les défis.<br/>- Sécurité accrue : Quel que soit l'endroit où vous conduisez le vélo électrique, le moteur veille à vous fournir une assistance suffisante pour atteindre une vitesse de base stable, garantissant une trajectoire plus sûre et réduisant le risque de basculement.<br/>- Efficacité énergétique : Comparé au moteur de 100 Nm, le moteur de 80 Nm peut consommer moins d'énergie de la batterie dans des conditions de conduite similaires, ce qui augmente l'autonomie.</p>",
            "liquid_content": "",
            "liquid_content_de": "",
            "liquid_content_fr": "",
            "answer_2": "",
            "answer_2_de": "",
            "answer_2_fr": ""
          }
        },
        "question_QGJegJ": {
          "type": "question",
          "settings": {
            "title": "Q: How do I know the motor torque of my HEPHA E-Bike?",
            "title_de": "F: Wie kann ich das Motordrehmoment meines Hepha E-Bikes ermitteln?",
            "title_fr": "Q : Comment puis-je connaître le couple moteur de mon Hepha E-Bike ?",
            "answer": "<p>A: You can find the torque of your HEPHA E-Bike motor within the HEPHA App on the \"My E-Bike\" page.</p>",
            "answer_de": "<p>A: Innerhalb der HEPHA App auf der Seite \"Mein E-Bike\" können Sie das Drehmoment Ihres E-Bike Motors ablesen.</p>",
            "answer_fr": "<p>R : Dans l'application HEPHA, sur la page \"My E-Bike\", vous pouvez trouver le couple du moteur de votre E-Bike.</p>",
            "liquid_content": "",
            "liquid_content_de": "",
            "liquid_content_fr": "",
            "answer_2": "",
            "answer_2_de": "",
            "answer_2_fr": ""
          }
        },
        "question_TCfyCq": {
          "type": "question",
          "settings": {
            "title": "Q: What are the differences between the P100 and P101C drive systems?",
            "title_de": "F: Was sind die Unterschiede zwischen den Antriebssystemen P100 und P101C?",
            "title_fr": "Q : Quelles sont les différences entre les systèmes de propulsion P100 et P101C ?",
            "answer": "<p>A: The P100 and <a href=\"https://hepha.com/pages/a-motor-to-overtake-the-bike-market\" target=\"_blank\">P101C</a> share the same riding technology, but the P101C features several enhancements:</p><p>1. Transition from the spline to the international ISIS crank standard.</p><p>2. Change in software communication language from PLC (Power Line Communication) to CAN.</p><p>3. More slots for additional assistance systems.</p><p>4. New design of the motor and markings.</p>",
            "answer_de": "<p>A: Die P100 und <a href=\"https://hepha.com/de/pages/hepha-e-bike-antrieb\" target=\"_blank\">P101C</a> teilen sich die gleiche Fahrtechnologie, aber das P101C bietet mehrere Verbesserungen:</p><p>1. Umstellung vom Spline- auf den internationalen ISIS-Kurbelstandard.</p><p>2. Änderung der Software-Kommunikationssprache von PLC (Power Line Communication) zu CAN.</p><p>3. Mehr Steckplätze für zusätzliche Assistenzsysteme.</p><p>4. Neues Design des Motors und Markierungen.</p>",
            "answer_fr": "<p>R : Les P100 et <a href=\"https://hepha.com/fr-fr/pages/a-motor-to-overtake-the-bike-market\" target=\"_blank\">P101C</a> partagent la même technologie de conduite, mais le P101C présente plusieurs améliorations :</p><p>1. Transition du standard de manivelle spline au standard international ISIS.</p><p>2. Changement de la langue de communication logicielle de PLC (Communication par ligne électrique) à CAN.</p><p>3. Plus de slots pour des systèmes d'assistance supplémentaires.</p><p>4. Nouveau design du moteur et nouvelles marquages.</p>",
            "liquid_content": "",
            "liquid_content_de": "",
            "liquid_content_fr": "",
            "answer_2": "",
            "answer_2_de": "",
            "answer_2_fr": ""
          }
        }
      },
      "block_order": [
        "question_RHawyY",
        "question_KyPrx4",
        "question_awRpRT",
        "question_9nk4ah",
        "question_XBJtyf",
        "question_ytzVBz",
        "question_bbRFXj",
        "question_x8ARnP",
        "question_y3KgTG",
        "question_QGJegJ",
        "question_TCfyCq"
      ],
      "custom_css": [
        ".collapsible-tabs {max-width: 1100px;}",
        ".collapsible-tabs__heading {text-align: center;}"
      ],
      "settings": { "title": "FAQ", "title_de": "FAQ", "title_fr": "FAQ" }
    }
  },
  "order": [
    "custom_two_colum_banner_mKBMM4",
    "custom_two_colum_banner_RjaLFC",
    "custom_two_colum_banner_RjcLFC",
    "custom_two_colum_banner_7kgaJE",
    "custom_firework_video_KqXdaw",
    "custom_sale_tab_yPT7p8",
    "news_sildeshow_HVwpi3",
    "17415882502d62e51b",
    "collapsible_tabs_qETzUn"
  ]
}
