{
  "parent": "page.cycling-world.json",
  "context": { "market": "austria" },
  "sections": {
    "collapsible_tabs_C6taYU": {
      "settings": {},
      "blocks": {
        "question_EVrXMV": { "disabled": true, "settings": {} },
        "question_c7WUHx": {
          "settings": {
            "answer_de": "<p>A: Ja, es gibt mehrere Vorteile beim Kauf eines Hepha E-Bikes auf der Ausstellung.</p><ul><li>Sie können einen Preisnachlass erhalten.</li><li>Sie erhalten eine professionelle Beratung.</li><li>Sie können unsere neuesten E-Bikes im Testfahrbereich ausprobieren.</li></ul>",
            "answer": "<p>A: Yes, there are several benefits to purchasing a Hepha E-Bike at the exhibition:</p><ul><li>You can get a price discount.</li><li>You will receive a professional explanation.</li><li>You can test ride our latest E-Bikes in the test ride area.</li></ul>"
          }
        }
      }
    }
  }
}
