{
  "sections": {
    "custom_two_colum_banner_9fU4WD": {
      "type": "custom-two-colum-banner",
      "blocks": {
        "slide_d74bMD": {
          "type": "slide",
          "settings": {
            "image": "shopify://shop_images/City-7_Long-Range_gallery_03_2048x2048_22628d4e-5f51-47ac-920d-ca8ca81c3760.webp",
            "background_color": "#ffffff",
            "liquid_content4": "",
            "background_size": "cover",
            "background_position": "bottom",
            "background_align_items": "center",
            "background_padding_top": 0,
            "background_padding_left": 0,
            "background_padding_right": 0,
            "background_padding_bottom": 0,
            "liquid_content": "",
            "subheading_image_title_link": "",
            "subheading_image_title_position": "",
            "title_1": "",
            "title_1_de": "",
            "title_1_fr": "",
            "title_1_fi": "",
            "heading_color_1": "#000000",
            "heading_size_1": 24,
            "subheading_1": "",
            "subheading_1_de": "",
            "subheading_1_fr": "",
            "subheading_1_fi": "",
            "subheading_color_1": "#000000",
            "subheading_size_1": 16,
            "liquid_content3": "",
            "subheading_image_1_link": "",
            "subheading_image_1_position": "",
            "subheading_image_1b_position": "",
            "subheading_image_1b_link": "",
            "title_2": "",
            "title_2_de": "",
            "title_2_fr": "",
            "title_2_fi": "",
            "heading_color_2": "#000000",
            "heading_size_2": 24,
            "subheading_2": "",
            "subheading_2_de": "",
            "subheading_2_fr": "",
            "subheading_2_fi": "",
            "subheading_color_2": "#000000",
            "subheading_size_2": 16,
            "subheading_image_2_position": "",
            "subheading_image_2_link": "",
            "collection": "",
            "buttongroup_label": "",
            "buttongroup_label_de": "",
            "buttongroup_label_fr": "",
            "buttongroup_label_fi": "",
            "button_label": "",
            "button_label_de": "",
            "button_label_fr": "",
            "button_label_fi": "",
            "link": "",
            "button_color": "#007bff",
            "button2_label": "",
            "button2_label_de": "",
            "button2_label_fr": "",
            "button2_label_fi": "",
            "link2": "",
            "link2_de": "",
            "link2_fr": "",
            "link2_fi": "",
            "button2_color": "#007bff",
            "button_text_color": "#ffffff",
            "column_1title": "",
            "column_1title_de": "",
            "column_1title_fr": "",
            "column_1title_fi": "",
            "column_1description": "",
            "column_1description_de": "",
            "column_1description_fr": "",
            "column_1description_fi": "",
            "column_2title": "",
            "column_2title_de": "",
            "column_2title_fr": "",
            "column_2title_fi": "",
            "column_2description": "",
            "column_2description_de": "",
            "column_2description_fr": "",
            "column_2description_fi": "",
            "column_3title": "",
            "column_3title_de": "",
            "column_3title_fr": "",
            "column_3title_fi": "",
            "column_3description": "",
            "column_3description_de": "",
            "column_3description_fr": "",
            "column_3description_fi": "",
            "column_4title": "",
            "column_4title_de": "",
            "column_4title_fr": "",
            "column_4title_fi": "",
            "column_4description": "",
            "column_4description_de": "",
            "column_4description_fr": "",
            "column_4description_fi": "",
            "liquid_content2": "",
            "liquid_content5": ""
          }
        },
        "slide_ptYe4a": {
          "type": "slide",
          "settings": {
            "background_color": "#2e52c6",
            "liquid_content4": "",
            "background_size": "cover",
            "background_position": "center",
            "background_align_items": "center",
            "background_padding_top": 0,
            "background_padding_left": 0,
            "background_padding_right": 0,
            "background_padding_bottom": 0,
            "liquid_content": "",
            "subheading_image_title_link": "",
            "subheading_image_title_position": "",
            "title_1": "<p><strong>Order online, pick up nearby </strong></p>",
            "title_1_de": "<p><strong>Online bestellen, in der Nähe abholen</strong></p>",
            "title_1_fr": "<p><strong>Commandez en ligne, retirez à proximité</strong></p>",
            "title_1_fi": "",
            "heading_color_1": "#ffffff",
            "heading_size_1": 40,
            "subheading_1": "<p>With Click & Collect, buy your dream E-Bike online and enjoy easy pickup and personalized service at your local dealer. It’s that simple!</p>",
            "subheading_1_de": "<p>Mit Click & Collect kaufen Sie Ihr Traum-E-Bike online und genießen eine einfache Abholung sowie einen persönlichen Service bei Ihrem lokalen Händler. So einfach ist das!</p>",
            "subheading_1_fr": "<p>Avec Click & Collect, achetez votre vélo électrique de rêve en ligne et profitez d'un retrait facile et d'un service personnalisé chez votre revendeur local. C'est aussi simple que ça !</p>",
            "subheading_1_fi": "",
            "subheading_color_1": "#ffffff",
            "subheading_size_1": 20,
            "liquid_content3": "",
            "subheading_image_1_link": "",
            "subheading_image_1_position": "",
            "subheading_image_1b_position": "",
            "subheading_image_1b_link": "",
            "title_2": "",
            "title_2_de": "",
            "title_2_fr": "",
            "title_2_fi": "",
            "heading_color_2": "#000000",
            "heading_size_2": 24,
            "subheading_2": "",
            "subheading_2_de": "",
            "subheading_2_fr": "",
            "subheading_2_fi": "",
            "subheading_color_2": "#000000",
            "subheading_size_2": 16,
            "subheading_image_2_position": "",
            "subheading_image_2_link": "",
            "collection": "",
            "buttongroup_label": "",
            "buttongroup_label_de": "",
            "buttongroup_label_fr": "",
            "buttongroup_label_fi": "",
            "button_label": "",
            "button_label_de": "",
            "button_label_fr": "",
            "button_label_fi": "",
            "link": "",
            "button_color": "#007bff",
            "button2_label": "",
            "button2_label_de": "",
            "button2_label_fr": "",
            "button2_label_fi": "",
            "link2": "",
            "link2_de": "",
            "link2_fr": "",
            "link2_fi": "",
            "button2_color": "#007bff",
            "button_text_color": "#ffffff",
            "column_1title": "",
            "column_1title_de": "",
            "column_1title_fr": "",
            "column_1title_fi": "",
            "column_1description": "",
            "column_1description_de": "",
            "column_1description_fr": "",
            "column_1description_fi": "",
            "column_2title": "",
            "column_2title_de": "",
            "column_2title_fr": "",
            "column_2title_fi": "",
            "column_2description": "",
            "column_2description_de": "",
            "column_2description_fr": "",
            "column_2description_fi": "",
            "column_3title": "",
            "column_3title_de": "",
            "column_3title_fr": "",
            "column_3title_fi": "",
            "column_3description": "",
            "column_3description_de": "",
            "column_3description_fr": "",
            "column_3description_fi": "",
            "column_4title": "",
            "column_4title_de": "",
            "column_4title_fr": "",
            "column_4title_fi": "",
            "column_4description": "",
            "column_4description_de": "",
            "column_4description_fr": "",
            "column_4description_fi": "",
            "liquid_content2": "",
            "liquid_content5": ""
          }
        }
      },
      "block_order": ["slide_d74bMD", "slide_ptYe4a"],
      "custom_css": [
        "@media (max-width: 768px) {.two-column-slide__heading {font-size: 40px !important; line-height: 46px !important; } .two-column-slide__text {font-size: 18px !important; line-height: 24px !important; }}"
      ],
      "settings": {
        "section_id": "",
        "mobile_font_size_heading": 40,
        "mobile_line_height_heading": 42,
        "mobile_font_size_text": 20,
        "mobile_line_height_text": 24,
        "mobile_slide_padding_top": 30
      }
    },
    "custom_imagerow_XRR44k": {
      "type": "custom-imagerow",
      "blocks": {
        "module_m9hV6B": {
          "type": "module",
          "settings": {
            "image": "shopify://shop_images/assembly.svg",
            "subheading_image_1_width": 60,
            "module_big_title": "",
            "module_title": "Hassle-Free Assembly",
            "module_title_de": "Einfache Montage",
            "module_title_fr": "Assemblage sans tracas",
            "module_title_fi": "",
            "description": "",
            "description_de": "",
            "description_fr": "",
            "description_fi": "",
            "background_color": "#ffffff",
            "button1_text": "",
            "button1_text_de": "",
            "button1_text_fr": "",
            "button1_text_fi": "",
            "button1_url": "",
            "button1_background_color": "",
            "button1_text_color": ""
          }
        },
        "module_QPbHr3": {
          "type": "module",
          "settings": {
            "image": "shopify://shop_images/service.svg",
            "subheading_image_1_width": 60,
            "module_big_title": "",
            "module_title": "Personalized Service and Support",
            "module_title_de": "Personalisierter Service und Unterstützung",
            "module_title_fr": "ervice et support personnalisés",
            "module_title_fi": "",
            "description": "",
            "description_de": "",
            "description_fr": "",
            "description_fi": "",
            "background_color": "#ffffff",
            "button1_text": "",
            "button1_text_de": "",
            "button1_text_fr": "",
            "button1_text_fi": "",
            "button1_url": "",
            "button1_background_color": "",
            "button1_text_color": ""
          }
        },
        "module_pfFrjc": {
          "type": "module",
          "settings": {
            "image": "shopify://shop_images/logistics-ocean-shipping.svg",
            "subheading_image_1_width": 60,
            "module_big_title": "",
            "module_title": "Free Shipping",
            "module_title_de": "Kostenloser Versand",
            "module_title_fr": "Livraison gratuite",
            "module_title_fi": "",
            "description": "",
            "description_de": "",
            "description_fr": "",
            "description_fi": "",
            "background_color": "#ffffff",
            "button1_text": "",
            "button1_text_de": "",
            "button1_text_fr": "",
            "button1_text_fi": "",
            "button1_url": "",
            "button1_background_color": "",
            "button1_text_color": ""
          }
        }
      },
      "block_order": ["module_m9hV6B", "module_QPbHr3", "module_pfFrjc"],
      "custom_css": [
        ".button-container {display: none !important;}",
        ".module {height: 260px !important;}",
        ".product-content-section {padding: 60px 0 100px 0;}",
        "@media (max-width: 768px) {.module {width: 30% !important; }"
      ],
      "settings": {
        "title": "",
        "title_de": "",
        "title_fr": "",
        "title_fi": "",
        "title_font_size": 20,
        "description_font_size": 16
      }
    },
    "custom_imagerow_yfwHCM": {
      "type": "custom-imagerow",
      "blocks": {
        "module_GMQWrw": {
          "type": "module",
          "settings": {
            "image": "shopify://shop_images/cart_1.svg",
            "subheading_image_1_width": 100,
            "module_big_title": "1",
            "module_title": "Add your dream E-Bike to your cart and start checkout.",
            "module_title_de": "",
            "module_title_fr": "",
            "module_title_fi": "",
            "description": "",
            "description_de": "",
            "description_fr": "",
            "description_fi": "",
            "background_color": "#ffffff",
            "button1_text": "",
            "button1_text_de": "",
            "button1_text_fr": "",
            "button1_text_fi": "",
            "button1_url": "",
            "button1_background_color": "",
            "button1_text_color": ""
          }
        },
        "module_YVJj4C": {
          "type": "module",
          "settings": {
            "image": "shopify://shop_images/page.svg",
            "subheading_image_1_width": 100,
            "module_big_title": "2",
            "module_title": "At checkout page, select the \"Pickup in store” delivery option.",
            "module_title_de": "Standardtitel",
            "module_title_fr": "Titre par défaut",
            "module_title_fi": "",
            "description": "",
            "description_de": "",
            "description_fr": "",
            "description_fi": "",
            "background_color": "#ffffff",
            "button1_text": "",
            "button1_text_de": "",
            "button1_text_fr": "",
            "button1_text_fi": "",
            "button1_url": "",
            "button1_background_color": "",
            "button1_text_color": ""
          }
        },
        "module_7RMYqm": {
          "type": "module",
          "settings": {
            "image": "shopify://shop_images/shop_1.svg",
            "subheading_image_1_width": 100,
            "module_big_title": "3",
            "module_title": "Choose the local dealer you want to pick your bike up from.",
            "module_title_de": "Standardtitel",
            "module_title_fr": "Titre par défaut",
            "module_title_fi": "",
            "description": "",
            "description_de": "",
            "description_fr": "",
            "description_fi": "",
            "background_color": "#ffffff",
            "button1_text": "",
            "button1_text_de": "",
            "button1_text_fr": "",
            "button1_text_fi": "",
            "button1_url": "",
            "button1_background_color": "",
            "button1_text_color": ""
          }
        },
        "module_QMBa6K": {
          "type": "module",
          "settings": {
            "image": "shopify://shop_images/order.svg",
            "subheading_image_1_width": 100,
            "module_big_title": "4",
            "module_title": "Enter your information and complete your order.",
            "module_title_de": "Standardtitel",
            "module_title_fr": "Titre par défaut",
            "module_title_fi": "",
            "description": "",
            "description_de": "",
            "description_fr": "",
            "description_fi": "",
            "background_color": "#ffffff",
            "button1_text": "",
            "button1_text_de": "",
            "button1_text_fr": "",
            "button1_text_fi": "",
            "button1_url": "",
            "button1_background_color": "",
            "button1_text_color": ""
          }
        },
        "module_7LLbXW": {
          "type": "module",
          "settings": {
            "image": "shopify://shop_images/email.svg",
            "subheading_image_1_width": 100,
            "module_big_title": "5",
            "module_title": "Now, all you have to do is wait. When your E-Bike is shipped to the dealer, you will receive an email containing the order tracking information. As soon as your bike’s ready to collect, the dealer will contact you.",
            "module_title_de": "Standardtitel",
            "module_title_fr": "Titre par défaut",
            "module_title_fi": "",
            "description": "",
            "description_de": "",
            "description_fr": "",
            "description_fi": "",
            "background_color": "#ffffff",
            "button1_text": "",
            "button1_text_de": "",
            "button1_text_fr": "",
            "button1_text_fi": "",
            "button1_url": "",
            "button1_background_color": "",
            "button1_text_color": ""
          }
        }
      },
      "block_order": [
        "module_GMQWrw",
        "module_YVJj4C",
        "module_7RMYqm",
        "module_QMBa6K",
        "module_7LLbXW"
      ],
      "custom_css": [
        ".product-content-section {max-width: 1300px; padding: 30px 0;}",
        ".module {width: 30%; border: none; padding: 0 !important; text-align: center; height: 300px !important;}",
        ".button-container a {font-size: 18px !important; padding: 0px !important;}",
        "p {text-align: center; min-height: 50px;}",
        "@media (max-width: 768px) {.module {width: 40% !important; height: 100% !important; padding: 0 !important; } .module-title {font-size: 13px !important; } p {font-size: 12px !important; }}"
      ],
      "name": "Custom Image row",
      "settings": {
        "title": "How to use Collect & Collect",
        "title_de": "Standardtitel",
        "title_fr": "Titre par défaut",
        "title_fi": "",
        "title_font_size": 20,
        "description_font_size": 11
      }
    },
    "custom_liquid_QdMDdU": {
      "type": "custom-liquid",
      "name": "Custom Liquid",
      "settings": {
        "full_width": false,
        "show_space": false,
        "code": "<style>\n#shopify-section-template--23985013948684__custom_imagerow_yfwHCM .module {\n    position: relative;\n}\n\n#shopify-section-template--23985013948684__custom_imagerow_yfwHCM .module:not(:last-child)::after {\n    content: '';\n    position: absolute;\n    right: -40px;\n    top: 20%;\n    transform: translateY(-50%);\n    width: 60px;\n    height: 40px;\n    background-image: url('data:image/svg+xml;utf8,<svg t=\"1749793037803\" class=\"icon\" viewBox=\"0 0 1024 1024\" version=\"1.1\" xmlns=\"http://www.w3.org/2000/svg\" width=\"40\" height=\"40\"><path d=\"M704 514.368a52.864 52.864 0 0 1-15.808 37.888L415.872 819.2a55.296 55.296 0 0 1-73.984-2.752 52.608 52.608 0 0 1-2.816-72.512l233.6-228.928-233.6-228.992a52.736 52.736 0 0 1-17.536-53.056 53.952 53.952 0 0 1 40.192-39.424c19.904-4.672 40.832 1.92 54.144 17.216l272.32 266.88c9.92 9.792 15.616 23.04 15.808 36.8z\" fill=\"%23000000\" fill-opacity=\".88\"></path></svg>');\n    background-size: contain;\n    background-repeat: no-repeat;\n}\n\n\n@media (max-width: 768px) {\n    #shopify-section-template--23985013948684__custom_imagerow_yfwHCM .module:not(:last-child)::after {\n        display: none;\n    }\n  }\n</style>"
      }
    },
    "17502360584bfebbdd": {
      "type": "apps",
      "blocks": {
        "sc_store_locator_map_map_CJWMEe": {
          "type": "shopify://apps/sc-store-locator-map/blocks/map/4ca379c6-722c-49d3-b6ec-a7fe7c1061a5",
          "settings": {
            "distance_unit": "KM",
            "display_title": false,
            "display_header_html": false,
            "display_search": true,
            "display_footer_html": false,
            "search_text": "#121212",
            "search_background": "linear-gradient(180deg, rgba(245, 245, 245, 1), rgba(243, 243, 243, 1) 100%)",
            "display_addresses_sidebar": true,
            "map_theme": "default",
            "google_maps_language": "en"
          }
        }
      },
      "block_order": ["sc_store_locator_map_map_CJWMEe"],
      "settings": {
        "full_width": false,
        "show_space": true,
        "title": "Find a Click & Collect point near you",
        "title_de": "",
        "title_fr": ""
      }
    },
    "custom_liquid_RATNkk": {
      "type": "custom-liquid",
      "name": "Custom Liquid",
      "settings": {
        "full_width": false,
        "show_space": false,
        "code": "{% style %}\n.main_search_label {\n    position: relative;\n    text-align: left;\n    width: 100%;\n}\n\n.distance_label,\n.search_limit_label,\n#filters_text,\n#submitBtn {\n    position: relative;\n    display: flex;\n    align-items: center;\n    min-width: 80px;\n    text-align: left;\n    justify-content: flex-end;\n    white-space: nowrap;\n}\n\nbutton#submitBtn {\n    justify-content: center;\n}\n\n.pac-target-input::placeholder {\n    color: transparent; \n}\n\n@media (max-width: 800px) {\n    .main_search_label {\n        height: 50px;\n    }\n    \n    .distance_label::after,\n    .search_limit_label::after {\n        left: 0;\n    }\n}\n\n{% if request.locale.iso_code == 'de' %}\n.main_search_label,\n.distance_label,\n.search_limit_label,\n#filters_text,\n#submitBtn,\nlabel[for=\"search_filter_17635\"],\nlabel[for=\"search_filter_17640\"] {\n    color: transparent !important; \n    white-space: nowrap;\n}\n\nlabel[for=\"search_filter_17640\"],\nlabel[for=\"search_filter_17635\"] {\n    position: relative;\n    display: flex;\n}\n\n.main_search_label::after {\n    content: \"Finden Sie Standorte in der Nähe dieses Standorts\";\n    visibility: visible;\n    color: initial;\n    position: absolute;\n    left: 0;\n}\n\n.distance_label::after {\n    content: \"Distanz\";\n    visibility: visible;\n    color: initial;\n    position: absolute;\n    right: 0;\n}\n\n.search_limit_label::after {\n    content: \"Ergebnisse\";\n    color: initial;\n    position: absolute;\n    right: 0;\n}\n\n#filters_text::after {\n    content: \"Such-Filter\";\n    color: initial;\n    position: absolute;\n    left: 0;\n}\n\n#submitBtn::after {\n    content: \"Suchen\";\n    color: white;\n    position: absolute;\n    margin: 0 auto;\n}\n\nlabel[for=\"search_filter_17640\"]::after {\n    content: \"Händler\"; \n    color: initial;\n    position: absolute;\n    left: 20px;\n    margin-top: -25px;\n}\n\nlabel[for=\"search_filter_17635\"]::after {\n    content: \"Servicezentrum\"; \n    color: initial;\n    position: absolute;\n    left: 20px;\n    margin-top: -25px;\n}\n{% elsif request.locale.iso_code == 'fr' %}\n.main_search_label,\n.distance_label,\n.search_limit_label,\n#filters_text,\n#submitBtn,\nlabel[for=\"search_filter_17635\"],\nlabel[for=\"search_filter_17640\"],\nlabel[for=\"search_filter_17634\"] {\n    color: transparent !important; \n    white-space: nowrap;\n}\n\nlabel[for=\"search_filter_17640\"],\nlabel[for=\"search_filter_17635\"],\nlabel[for=\"search_filter_17634\"] {\n    position: relative;\n    display: flex;\n}\n\n.main_search_label::after {\n    content: \"Trouver des sites près de\";\n    visibility: visible;\n    color: initial;\n    position: absolute;\n    left: 0;\n}\n\n.distance_label::after {\n    content: \"Distance\";\n    visibility: visible;\n    color: initial;\n    position: absolute;\n    right: 0;\n}\n\n.search_limit_label::after {\n    content: \"Ergebnisse\";\n    color: initial;\n    position: absolute;\n    right: 0;\n}\n\n#filters_text::after {\n    content: \"Filtres de recherche\";\n    color: initial;\n    position: absolute;\n    left: 0;\n}\n\n#submitBtn::after {\n    content: \"Recherche\";\n    color: white;\n    position: absolute;\n    margin: 0 auto;\n}\n\nlabel[for=\"search_filter_17640\"]::after {\n    content: \"Revendeur\"; \n    color: initial;\n    position: absolute;\n    left: 20px;\n    margin-top: -25px;\n}\n\nlabel[for=\"search_filter_17635\"]::after {\n    content: \"Centre de service\"; \n    color: initial;\n    position: absolute;\n    left: 20px;\n    margin-top: -25px;\n}\n\nlabel[for=\"search_filter_17634\"]::after {\n    content: \"Centre d'essai\"; \n    color: initial;\n    position: absolute;\n    left: 20px;\n    margin-top: -25px;\n}\n{% endif %}\n{% endstyle %}"
      }
    },
    "collapsible_tab_E7kJMG": {
      "type": "collapsible_tab",
      "blocks": {
        "panel_gwLcyP": {
          "type": "panel",
          "disabled": true,
          "settings": {
            "title": "Click & Collect",
            "title_de": "Click & Collect",
            "title_fr": "Click & Collect",
            "title_fi": "",
            "content_1": "<p>Order your bike from Hepha, and we’ll ship it to a dealer of your choice for free. The dealer will contact you when your bike is ready for pickup.</p>",
            "content_1_de": "<p>Sie bestellen das Fahrrad bei HEPHA und wir versenden es an einen Händler Ihrer Wahl. Bei Click & Collect entstehen Ihnen keine Versandkosten. Der Händler wird sich mit Ihnen in Verbindung setzen, sobald Ihr E-Bike abholbereit ist.</p>",
            "content_1_fr": "<p>Vous commandez le vélo auprès de Hepha, et nous l'expédierons à un revendeur de votre choix. Les frais de livraison pour le Click & Collect sont gratuits. Le revendeur vous contactera dès que vous serez prêt à récupérer votre vélo.</p>",
            "content_1_fi": "",
            "content_2": "",
            "content_2_de": "",
            "content_2_fr": "",
            "content_2_fi": "",
            "content_3": "",
            "content_3_de": "",
            "content_3_fr": "",
            "content_3_fi": "",
            "content_4": "",
            "content_4_de": "",
            "content_4_fr": "",
            "content_4_fi": "",
            "content_5": "",
            "content_5_de": "",
            "content_5_fr": "",
            "content_5_fi": "",
            "content_6": "",
            "content_6_de": "",
            "content_6_fr": "",
            "content_6_fi": ""
          }
        },
        "panel_tkDEf8": {
          "type": "panel",
          "settings": {
            "title": "How to Use Click & Collect",
            "title_de": "So nutzen Sie Click & Collect",
            "title_fr": "Comment utiliser Click & Collect",
            "title_fi": "",
            "content_1": "<ol><li>Select ‘Pickup in store’ at checkout.</li><li>Choose your local dealer.</li><li>Enter your information and complete your order.</li><li>Wait for the dealer to contact you when your bike is ready.</li></ol>",
            "content_1_de": "<ul><li>Schritt 1: Wählen Sie an der Kasse die Lieferoption „Abholung im Shop“.</li><li>Schritt 2: Wählen Sie den lokalen Händler, bei dem Sie Ihr Fahrrad abholen möchten.</li><li>Schritt 3: Geben Sie Ihre Informationen ein und schließen Sie Ihre Bestellung ab.</li><li>Schritt 4: Jetzt müssen Sie nur noch warten. Sobald Ihr Fahrrad zur Abholung bereit ist, wird der Händler Sie kontaktieren.</li></ul>",
            "content_1_fr": "<ul><li>Étape 1 : À la caisse, sélectionnez l'option de livraison « Retrait en boutique ».</li><li>Étape 2 : Choisissez le revendeur local chez qui vous souhaitez récupérer votre vélo.</li><li>Étape 3 : Entrez vos informations et finalisez votre commande.</li><li>Étape 4 : Maintenant, il ne vous reste plus qu'à attendre. Dès que votre vélo est prêt à être récupéré, le revendeur vous contactera.</li></ul>",
            "content_1_fi": "",
            "content_2": "",
            "content_2_de": "",
            "content_2_fr": "",
            "content_2_fi": "",
            "content_3": "",
            "content_3_de": "",
            "content_3_fr": "",
            "content_3_fi": "",
            "content_4": "",
            "content_4_de": "",
            "content_4_fr": "",
            "content_4_fi": "",
            "content_5": "",
            "content_5_de": "",
            "content_5_fr": "",
            "content_5_fi": "",
            "content_6": "",
            "content_6_de": "",
            "content_6_fr": "",
            "content_6_fi": ""
          }
        },
        "panel_Vc36Xe": {
          "type": "panel",
          "settings": {
            "title": "Delivery Times",
            "title_de": "Zahlungsziel",
            "title_fr": "Délais de livraison",
            "title_fi": "",
            "content_1": "<p>Hepha will ship your bike within 5 to 10 business days. The dealer will notify you when it’s ready for collection.</p>",
            "content_1_de": "<p>Hepha wird Ihr Fahrrad innerhalb von 5 bis 10 Werktagen versenden. Der Händler wird Sie benachrichtigen, wenn es zur Abholung bereit ist.</p>",
            "content_1_fr": "<p>Nous, Hepha GmbH (ci-après dénommée HEPHA), organiserons l'expédition de votre vélo dès que possible. Le délai de livraison moyen est de 5 à 10 jours ouvrables. Pour les commandes Click & Collect, votre revendeur vous contactera dès que vous serez prêt à récupérer votre vélo.</p>",
            "content_1_fi": "",
            "content_2": "",
            "content_2_de": "",
            "content_2_fr": "",
            "content_2_fi": "",
            "content_3": "",
            "content_3_de": "",
            "content_3_fr": "",
            "content_3_fi": "",
            "content_4": "",
            "content_4_de": "",
            "content_4_fr": "",
            "content_4_fi": "",
            "content_5": "",
            "content_5_de": "",
            "content_5_fr": "",
            "content_5_fi": "",
            "content_6": "",
            "content_6_de": "",
            "content_6_fr": "",
            "content_6_fi": ""
          }
        },
        "panel_Jt9fR6": {
          "type": "panel",
          "settings": {
            "title": "Payment Terms",
            "title_de": "Zahlungsbedingungen",
            "title_fr": "Conditions de paiement",
            "title_fi": "",
            "content_1": "<p>Pay the dealer upon pickup. The purchase invoice will be issued by the dealer.</p>",
            "content_1_de": "<p>Zahlen Sie den Händler bei Abholung. Die Kaufrechnung wird vom Händler ausgestellt.</p>",
            "content_1_fr": "<p>Payez le concessionnaire lors du retrait. La facture d'achat sera émise par le concessionnaire.</p>",
            "content_1_fi": "",
            "content_2": "",
            "content_2_de": "",
            "content_2_fr": "",
            "content_2_fi": "",
            "content_3": "",
            "content_3_de": "",
            "content_3_fr": "",
            "content_3_fi": "",
            "content_4": "",
            "content_4_de": "",
            "content_4_fr": "",
            "content_4_fi": "",
            "content_5": "",
            "content_5_de": "",
            "content_5_fr": "",
            "content_5_fi": "",
            "content_6": "",
            "content_6_de": "",
            "content_6_fr": "",
            "content_6_fi": ""
          }
        },
        "panel_PQBmHF": {
          "type": "panel",
          "settings": {
            "title": "Warranty & Service",
            "title_de": "Garantie & Service",
            "title_fr": "Garantie et service",
            "title_fi": "",
            "content_1": "<p>Hepha offers a 2-year warranty on key components, managed by the dealer.</p>",
            "content_1_de": "<p>HEPHA bietet 2 Jahre Garantie auf Komponenten wie Motor, Akku und Ladegerät etc.Der Händler kümmert sich gerne für Sie um Ihre Serviceanliegen.</p>",
            "content_1_fr": "<p>Hepha offre une garantie de 2 ans sur les composants importants tels que le moteur, la batterie et le chargeur, etc. Le revendeur s'occupera de la garantie et du service pour vous.</p>",
            "content_1_fi": "",
            "content_2": "",
            "content_2_de": "",
            "content_2_fr": "",
            "content_2_fi": "",
            "content_3": "",
            "content_3_de": "",
            "content_3_fr": "",
            "content_3_fi": "",
            "content_4": "",
            "content_4_de": "",
            "content_4_fr": "",
            "content_4_fi": "",
            "content_5": "",
            "content_5_de": "",
            "content_5_fr": "",
            "content_5_fi": "",
            "content_6": "",
            "content_6_de": "",
            "content_6_fr": "",
            "content_6_fi": ""
          }
        },
        "panel_YCpRT8": {
          "type": "panel",
          "settings": {
            "title": "Return & Refund",
            "title_de": "Rückgabe & Rückerstattung",
            "title_fr": "Retour et remboursement",
            "title_fi": "",
            "content_1": "<p>Contact the dealer for return and refund information.</p>",
            "content_1_de": "<p>Bitte wenden Sie sich für weitere Informationen an den ausgewählten Händler als Ihren Vertragspartner.</p>",
            "content_1_fr": "<p>Veuillez contacter le magasin du revendeur Click & Collect pour plus d'informations, car le contrat d'achat est conclu avec le revendeur.</p>",
            "content_1_fi": "",
            "content_2": "",
            "content_2_de": "",
            "content_2_fr": "",
            "content_2_fi": "",
            "content_3": "",
            "content_3_de": "",
            "content_3_fr": "",
            "content_3_fi": "",
            "content_4": "",
            "content_4_de": "",
            "content_4_fr": "",
            "content_4_fi": "",
            "content_5": "",
            "content_5_de": "",
            "content_5_fr": "",
            "content_5_fi": "",
            "content_6": "",
            "content_6_de": "",
            "content_6_fr": "",
            "content_6_fi": ""
          }
        },
        "panel_yMeEKb": {
          "type": "panel",
          "settings": {
            "title": "Privacy & Data Protection",
            "title_de": "Privatsphäre & Datenschutz",
            "title_fr": "Confidentialité et protection des données",
            "title_fi": "",
            "content_1": "<p>Your privacy is important. We may require personal data to process your order and comply with EU data protection laws. You can request information about your data.</p>",
            "content_1_de": "<p>Wir respektieren Ihre Privatsphäre, benötigen aber Ihre persönlichen Daten, um Ihre Bestellung zu bearbeiten (Name, Adresse, Telefonnummer, E-Mail-Adresse usw.).Um Ihre Bestellung ausführen zu können, müssen wir Ihre Daten an Ihren ausgewählten Händler weitergeben.Selbstverständlich halten wir uns an die EU-Datenschutz-Grundverordnung und andere nationale Datenschutzgesetze der Mitgliedstaaten sowie an alle anderen einschlägigen Gesetze. Auf Nachfrage erhalten Sie gerne Auskunft über die von uns verarbeiteten personenbezogenen Daten.<br/></p>",
            "content_1_fr": "<p>Nous respectons votre vie privée et votre vie personnelle, mais parfois nous avons besoin de vos données personnelles pour traiter votre commande (nom, adresse, numéro de téléphone, adresse e-mail, etc.). Nous pouvons également être amenés à partager ces données avec nos partenaires commerciaux pour exécuter votre commande. Nous respectons le Règlement général sur la protection des données de l'UE et d'autres lois nationales sur la protection des données des États membres ainsi que toutes les autres lois pertinentes. Vous pouvez demander des informations sur vos données personnelles traitées par nos soins.<br/><br/></p>",
            "content_1_fi": "",
            "content_2": "",
            "content_2_de": "",
            "content_2_fr": "",
            "content_2_fi": "",
            "content_3": "",
            "content_3_de": "",
            "content_3_fr": "",
            "content_3_fi": "",
            "content_4": "",
            "content_4_de": "",
            "content_4_fr": "",
            "content_4_fi": "",
            "content_5": "",
            "content_5_de": "",
            "content_5_fr": "",
            "content_5_fi": "",
            "content_6": "",
            "content_6_de": "",
            "content_6_fr": "",
            "content_6_fi": ""
          }
        },
        "panel_YiyJTP": {
          "type": "panel",
          "disabled": true,
          "settings": {
            "title": "Responsible Party",
            "title_de": "Verantwortliche Stelle und Geltungsbereich",
            "title_fr": "Partie responsable et portée",
            "title_fi": "",
            "content_1": "<p><strong>Hepha GmbH</strong>Lise-Meitner-Str. 7a, 82216 Maisach, Germany<br/>Phone: +49 (0) 8142 2844480<br/>Email: info@hepha.com<br/>Registration number: HRB 289197<br/>Sales Tax Law: DE345156725</p>",
            "content_1_de": "<p>Hepha GmbHLise-Meitner-Str. 7a, 82216 Maisach, DeutschlandTelefon: +49 (0) 8142 2844480E-Mail: info@hepha.comRegisternummer: HRB 289197Umsatzsteuer-ID: DE345156725</p>",
            "content_1_fr": "<p>Hepha GmbH Lise-Meitner-Str. 7a, 82216 Maisach, Allemagne </p><p>Téléphone : +49 (0) 8142 2844480 </p><p>Email :<a href=\"mailto:info@hepha.com\">info@hepha.com</a></p><p>Numéro d'enregistrement : HRB 289197</p><p>Loi sur la taxe de vente : DE345156725</p>",
            "content_1_fi": "",
            "content_2": "",
            "content_2_de": "",
            "content_2_fr": "",
            "content_2_fi": "",
            "content_3": "",
            "content_3_de": "",
            "content_3_fr": "",
            "content_3_fi": "",
            "content_4": "",
            "content_4_de": "",
            "content_4_fr": "",
            "content_4_fi": "",
            "content_5": "",
            "content_5_de": "",
            "content_5_fr": "",
            "content_5_fi": "",
            "content_6": "",
            "content_6_de": "",
            "content_6_fr": "",
            "content_6_fi": ""
          }
        }
      },
      "block_order": [
        "panel_gwLcyP",
        "panel_tkDEf8",
        "panel_Vc36Xe",
        "panel_Jt9fR6",
        "panel_PQBmHF",
        "panel_YCpRT8",
        "panel_yMeEKb",
        "panel_YiyJTP"
      ],
      "custom_css": [".custom-tab-container {margin: 60px auto 60px;}"],
      "settings": {
        "title": "Click & Collect at your local dealer",
        "title_de": "Click & Collect bei Ihrem lokalen Händler",
        "title_fr": "Click & Collect chez votre revendeur local",
        "title_fi": "FAQ"
      }
    },
    "custom_product_tab_test_m9aDPj": {
      "type": "custom-product-tab-test",
      "settings": {
        "title": "Explore more HEPHA E-Bikes",
        "title_de": "Entdecken Sie mehr HEPHA E-Bikes",
        "title_fr": "Découvrez d'autres vélos électriques HEPHA",
        "title_fi": "Liittyvät tuotteet",
        "image": "shopify://shop_images/HEPHA-Trekking7_01_grey_7ff138ad-9f41-4981-b752-1bd80fee72c0.jpg",
        "background_color": "#ffffff",
        "background_position": "center center",
        "background_size": "cover",
        "background_align_items": "flex-start",
        "background_padding_top": 20,
        "background_padding_right": 20,
        "background_padding_bottom": 20,
        "background_padding_left": 20,
        "ad_link": "shopify://collections/hepha-ebikes",
        "ad_button_color": "#000000",
        "ad_button_text_color": "#ffffff",
        "title_1": "<p>Not sure which E-Bike is right for you? Discover and compare our full range of E-Bikes to find the perfect model for your adventures.</p>",
        "title_1_de": "<p>Nicht sicher, welches E-Bike das richtige für Sie ist? Entdecken und vergleichen Sie unser gesamtes Sortiment an E-Bikes, um das perfekte Modell für Ihre Abenteuer zu finden.</p>",
        "title_1_fr": "<p>Vous n’êtes pas sûr de quel vélo électrique est fait pour vous ? Découvrez et comparez notre gamme complète de vélos électriques pour trouver le modèle parfait pour vos aventures.</p>",
        "title_1_fi": "",
        "heading_color_1": "#ffffff",
        "heading_size_1": 18,
        "button_label": "Explore all E-Bikes!",
        "button_label_de": "Entdecke alle E-Bikes!",
        "button_label_fr": "Découvrez tous modèles !",
        "button_label_fi": "",
        "product_source_trekking7ltd": "collection",
        "trekking7ltd_collection": "trekking-7-my23",
        "trekking7ltd_products": [],
        "product_source_trekking7": "collection",
        "trekking7_collection": "new-bike-2024",
        "trekking7_products": [],
        "product_source_mountain7": "collection",
        "mountain7_collection": "mountain-7-2024",
        "mountain7_products": [],
        "product_source_mountain7carbon": "collection",
        "mountain7carbon_collection": "mountain-7-carbon",
        "mountain7carbon_products": [],
        "product_source_city7": "collection",
        "city7_collection": "city-e-bike",
        "city7_products": [],
        "show_description": true
      }
    }
  },
  "order": [
    "custom_two_colum_banner_9fU4WD",
    "custom_imagerow_XRR44k",
    "custom_imagerow_yfwHCM",
    "custom_liquid_QdMDdU",
    "17502360584bfebbdd",
    "custom_liquid_RATNkk",
    "collapsible_tab_E7kJMG",
    "custom_product_tab_test_m9aDPj"
  ]
}
