{
  "parent": "page.payment-new.json",
  "context": { "market": "france" },
  "sections": {
    "custom_imagerow_FEFM9Q": {
      "custom_css": [
        ".module {width: 48%; align-items: flex-start; height: 300px !important; padding-left: 30px !important; padding-top: 30px !important;}",
        ".smallmodule {width: 600px;}",
        ".module-description {text-align: left;}"
      ],
      "settings": {},
      "blocks": {
        "module_jG6HdN": { "disabled": true, "settings": {} },
        "module_YfanyC": {
          "settings": {
            "description": "<p>Pay in 3 interest-free</p>",
            "description_fr": "<p>Payer en 3 fois sans frais</p>"
          }
        }
      }
    },
    "collapsible_tab_7GAqw4": {
      "disabled": true,
      "settings": {},
      "blocks": {}
    },
    "custom_imagerow_Hza4XE": { "disabled": true, "settings": {}, "blocks": {} }
  }
}
