{
  "parent": "page.promotion-2024-04-v2.json",
  "context": { "market": "france" },
  "sections": {
    "custom_two_colum_banner_Peq7dK": {
      "settings": {},
      "blocks": {
        "slide_G6TEhx": {
          "settings": {
            "liquid_content": "<style>\n#shopify-section-template--23920372351244__custom_two_colum_banner_Peq7dK .two-column-slide__heading h2 {\n    font-size: 60px;\n    font-weight: bold;\n    font-family: Helvetica, \"Helvetica Neue\", Arial, \"Lucida Grande\", sans-serif !important;\n    text-align: center !important;\n}\n\n#shopify-section-template--23920372351244__custom_two_colum_banner_Peq7dK .two-column-slide__text h5 {\n    font-size: 26px;\n    font-weight: bold;\n    font-family: Helvetica, \"Helvetica Neue\", Arial, \"Lucida Grande\", sans-serif !important;\n    text-align: center !important;\n}\n\n#shopify-section-template--23920372351244__custom_two_colum_banner_Peq7dK .two-column-slide__text p {\n    font-weight: bold;\n    font-family: Helvetica, \"Helvetica Neue\", Arial, \"Lucida Grande\", sans-serif !important;\n}\n\n.two-column-slide__content {\n    align-items: center !important;\n}\n\n#shopify-section-template--23889897095436__custom_two_colum_banner_Peq7dK .custom-button {\n    font-size: 24px !important;\n    font-weight: bold !important;\n}\n\n.custom-button-group span {\n    font-size: 15px !important;\n}\n\n@media (max-width: 768px) {\n    #shopify-section-template--23920372351244__custom_two_colum_banner_Peq7dK .two-column-slide__text h5 {\n        font-size: 24px !important; \n    }\n\n    #shopify-section-template--23920372351244__custom_two_colum_banner_Peq7dK .two-column-slide__text p {\n        font-size: 18px !important; \n    }\n\n    #shopify-section-template--23920372351244__custom_two_colum_banner_Peq7dK .two-column-slide__heading p {\n        font-size: 14px;\n    }\n\n    #shopify-section-template--23920372351244__custom_two_colum_banner_Peq7dK .two-column-slide__heading h2 {\n        font-size: 40px !important; \n    }\n\n    .two-column-slide__heading, .two-column-slide__text {\n        margin: 0 0 10px 0 !important;\n    }\n\n#shopify-section-template--23920372351244__custom_two_colum_banner_Peq7dK .two-column-slide__heading p{\n  text-align: left !important;\n}\n}\n</style>",
            "subheading_1": "<h5>Save up to €500 on the Trekking 7 SE!</h5>",
            "subheading_1_fr": "<h5>Économisez jusqu'à €500 sur le Trekking 7 SE !</h5>"
          }
        }
      }
    },
    "custom_two_colum_banner_7kgaJE": {
      "settings": {},
      "blocks": {
        "slide_C7yrmJ": {
          "settings": {
            "title_1": "<p><strong>How to join the Promotion?</strong></p>",
            "title_1_fr": "<p>Comment participer à la promotion ?</p>",
            "subheading_1": "<ul><li>Visit the product page of your choice.</li><li>Choose your E-Bike's size and color, add your accessories or services, and then click “Add to Cart”.</li><li>Check out and follow our standard payment procedure.</li></ul>",
            "subheading_1_fr": "<ul><li>Visitez la page du produit de votre choix.</li><li>Sélectionnez la taille et la couleur de votre vélo électrique préféré, ajoutez vos accessoires ou services, puis cliquez sur \"Ajouter au panier\".</li><li>Procédez au paiement selon notre procédure standard.</li></ul>",
            "subheading_size_1": 18,
            "button_label": "",
            "button_label_de": ""
          }
        }
      }
    },
    "collapsible_tabs_qETzUn": {
      "settings": {},
      "blocks": {
        "question_CqpMaE": {
          "settings": {
            "answer": "<p>A: For the Trekking 7 SE Long Range (RRP: €2,799), you get the following offers:</p><p>-€400: Price discount, the final price is €2,399.</p>",
            "answer_fr": "<p>R: Pour le Trekking 7 SE Long Range (PVP : 2 799 €), vous bénéficiez des offres suivantes :</p><p>- 400 € : Remise, le prix final est de 2 399 €.</p>"
          }
        },
        "question_awRpRT": {
          "settings": {
            "answer": "<p>A: For the Trekking 7 SE Long Range (RRP: €3,299), you get the following offers:</p><p>-€500: Price discount, the final price is €2,799.</p>",
            "answer_fr": "<p>R: Pour le Trekking 7 SE Ultra (PVP : 3 299 €), vous bénéficiez des offres suivantes :</p><p>- 500 € : Remise, le prix final est de 2 799 €.</p>"
          }
        },
        "question_ytzVBz": { "disabled": true, "settings": {} },
        "question_bbRFXj": { "disabled": true, "settings": {} }
      }
    }
  }
}
