{
  "parent": "page.jobrab-hepha.json",
  "context": { "market": "austria" },
  "sections": {
    "custom_liquid_eLkdH6": {
      "settings": {
        "code": "<style>\n.headingtitle {\n    font-size: 32px;\n    color: #333;\n    padding: 0;\n    text-align: center;\n    font-weight: 700;\n    margin: 0;\n    line-height: 40px;\n    margin-bottom: 40px;\n}\n</style>\n\n<h3 class=\"headingtitle\">{{ 'ebike.calculate_benefit' | t }}</h3>\n<div id='jobrad-calcultor-placeholder'></div>\n<script>\n    (function (){\n    const contentPlaceholderEl = document.querySelector(\"#jobrad-calcultor-placeholder\");\n    const calculatorIframeId = \"jobrad_calculator\"\n    const jobradOrigin = 'https://at.jobrad.org';\n    let iFrame;\n    const jobradInitIFrame = () => {\n    iFrame = document.querySelector('#' + calculatorIframeId);\n    iFrame.contentWindow.postMessage('init iFrame messages', jobradOrigin);\n};\n    window.addEventListener(\"message\", (event) => {\n    if (event.origin !== jobradOrigin) return;\n    if (event.data.height) {\n    iFrame.height = event.data.height;\n}\n}, false);\n\n    const iframeEl = document.createElement('iframe');\n    iframeEl.id = calculatorIframeId;\n    iframeEl.style.width = '100%';\n    iframeEl.addEventListener('load', jobradInitIFrame);\n    iframeEl.setAttribute('src', 'https://at.jobrad.org/i/vorteilsrechner');\n    iframeEl.setAttribute('height', '1000');\n    iframeEl.setAttribute('frameBorder', '0');\n    iframeEl.setAttribute('scrolling', 'no');\n    contentPlaceholderEl.replaceWith(iframeEl);\n})();\n</script>"
      },
      "blocks": {}
    }
  }
}
