{
  "parent": "page.jobrab-hepha.json",
  "context": { "market": "france" },
  "sections": {
    "custom_imagerow_q6DrgV": {
      "disabled": true,
      "settings": {},
      "blocks": {}
    },
    "custom_two_colum_banner_DP9R8r": {
      "disabled": true,
      "settings": {},
      "blocks": {}
    },
    "custom_liquid_eLkdH6": { "disabled": true, "settings": {}, "blocks": {} },
    "custom_liquid_xPXWVF": { "disabled": true, "settings": {}, "blocks": {} },
    "collapsible_tab_4tJyNF": {
      "disabled": true,
      "settings": {},
      "blocks": {}
    },
    "rich_text_GYddRp": { "disabled": false, "settings": {}, "blocks": {} }
  },
  "order": [
    "rich_text_GYddRp",
    "custom_two_colum_banner_DP9R8r",
    "custom_imagerow_q6DrgV",
    "custom_liquid_eLkdH6",
    "custom_liquid_xPXWVF",
    "collapsible_tab_4tJyNF"
  ]
}
