{
  "parent": "page.bikeleasing.json",
  "context": { "market": "austria" },
  "sections": {
    "custom_two_colum_banner_DP9R8r": {
      "disabled": true,
      "settings": {},
      "blocks": {}
    },
    "custom_two_colum_banner_YA8zmr": {
      "disabled": true,
      "settings": {},
      "blocks": {}
    },
    "custom_textarea_jRAyyr": {
      "disabled": true,
      "settings": {},
      "blocks": {}
    },
    "custom_liquid_xykQ7Q": { "disabled": true, "settings": {}, "blocks": {} },
    "custom_imagerow_3BF6pE": {
      "disabled": true,
      "settings": {},
      "blocks": {}
    },
    "custom_liquid_888FQh": {
      "disabled": true,
      "settings": {
        "code": "<style>\n.headingtitle{\nfont-size: 32px;\n    color: #333;\n    padding: 0;\n    text-align: center;\n    font-weight: 700;\n    margin: 0;\n    line-height: 40px;\n    margin-bottom:40px;\n}\n</style>\n\n\n{% if request.locale.iso_code == 'en' %}\n\n<h3 class=\"headingtitle\" id=\"target-section\">Ready? Then submit your company bike leasing application for your Bikeleasing here!\n</h3>\n\n<!--pifyform-start-->\n\n\t<!--pifyform-start-->\n<style>.pifyform.formloading iframe{visibility: hidden !important;} .pifyform.formloading{background-image: url(https://form-builder.pifyapp.com/assets/images/loading.gif?v=4.6);background-position: center 30px;background-size: 30px 30px;background-repeat: no-repeat;}</style>\n<div id=\"pifyform-11660\" class=\"pifyform\" style=\"margin:10px 0;\">\n<script charset=\"UTF-8\" defer>document.getElementById(\"pifyform-11660\").classList.add(\"formloading\");(function(h){function n(a){return null===a?null:a.scrollHeight>a.clientHeight?a:n(a.parentNode)}function t(b){if(b.data && typeof(b.data)==\"string\"){var f =null;try{f=JSON.parse(b.data);}catch(e){}if(f!=null&&f.height!=undefined){if(f.formId==undefined){d.style.height=f.height+\"px\"}else if(\"pifyform-\"+f.formId==d.id){d.style.height=f.height+\"px\"} }if(f!=null&&f.redirect!=undefined&&f.redirect!=\"\"){window.location.href=f.redirect;}if(f!=null&&f.retsetHeight!=undefined&&f.retsetHeight){d.style.height=\"520px\";window.location.href=\"#pifyform-11660\";}if(document.getElementsByClassName('lazyframe').length>0){var lazyframe=document.getElementsByClassName('lazyframe')[0];lazyframe.style.height=\"100%\";lazyframe.removeAttribute(\"data-ratio\");lazyframe.parentNode.style.overflow='hidden'} if(f!=null&&f.getter){b={};var f=[].concat(f.getter),k,h=f.length,m,c,g,e;for(k=0;k<h;k++){m=k;c=f[k]||{};c.n&&(m=c.n);g=null;try{switch(c.t){case \"window\":e=window;break;case \"scrollParent\":e=n(a)||window;break;default:e=a}if(c.e)if(\"rect\"===c.v){g={};var l=e.getBoundingClientRect();g={top:l.top,left:l.left,width:l.width,height:l.height} }else g=e[c.v].apply(e,[].concat(c.e))||!0;else c.s?(e[c.v]=c.s,g=!0):g=e[c.v]||!1}catch(u){}b[m]=g}b.innerState=!p&&!q;a.contentWindow.postMessage(JSON.stringify({queryRes:b}),\"*\")} } }var d = document.getElementById(\"pifyform-11660\");var a = document.createElement(\"iframe\");d.style.overflowY=\"auto\";d.style.overflowX=\"hidden\";var p=d.style.height&&\"auto\"!==d.style.height,q=\"absolute\"===d.style.position||window.getComputedStyle&&\"absolute\"===window.getComputedStyle(d,null).getPropertyValue(\"position\")||d.currentStyle&&\"absolute\"===d.currentStyle.position;h.addEventListener&&h.addEventListener(\"message\",t,!1);a.src=\"https://form-builder-an.pifyapp.com/form/s/11660\";a.id=\"form-iframe-11660\";a.onload=function(){document.getElementById(\"pifyform-11660\").classList.remove(\"formloading\");a.contentWindow.postMessage(JSON.stringify({parentUrl: window.location.href}), \"*\");};a.frameBorder=0;a.scrolling=\"no\";a.style.display=\"block\";a.style.minWidth=\"100%\";a.style.width=\"100px\";a.style.height=\"100%\";a.style.border=\"none\";a.style.overflow=\"auto\";setTimeout(function(){if(!document.getElementById(\"form-iframe-11660\")){d.appendChild(a);} },50);})(window);</script>\n</div>\n<!--pifyform-end-->\n\n{% else %}\n\n<h3 class=\"headingtitle\">Ready? Then submit your company bike leasing application for your Bikeleasing here!\n</h3>\n\n\n\t<!--pifyform-start-->\n<style>.pifyform.formloading iframe{visibility: hidden !important;} .pifyform.formloading{background-image: url(https://form-builder.pifyapp.com/assets/images/loading.gif?v=4.6);background-position: center 30px;background-size: 30px 30px;background-repeat: no-repeat;}</style>\n<div id=\"pifyform-11659\" class=\"pifyform\" style=\"margin:10px 0;\">\n<script charset=\"UTF-8\" defer>document.getElementById(\"pifyform-11659\").classList.add(\"formloading\");(function(h){function n(a){return null===a?null:a.scrollHeight>a.clientHeight?a:n(a.parentNode)}function t(b){if(b.data && typeof(b.data)==\"string\"){var f =null;try{f=JSON.parse(b.data);}catch(e){}if(f!=null&&f.height!=undefined){if(f.formId==undefined){d.style.height=f.height+\"px\"}else if(\"pifyform-\"+f.formId==d.id){d.style.height=f.height+\"px\"} }if(f!=null&&f.redirect!=undefined&&f.redirect!=\"\"){window.location.href=f.redirect;}if(f!=null&&f.retsetHeight!=undefined&&f.retsetHeight){d.style.height=\"520px\";window.location.href=\"#pifyform-11659\";}if(document.getElementsByClassName('lazyframe').length>0){var lazyframe=document.getElementsByClassName('lazyframe')[0];lazyframe.style.height=\"100%\";lazyframe.removeAttribute(\"data-ratio\");lazyframe.parentNode.style.overflow='hidden'} if(f!=null&&f.getter){b={};var f=[].concat(f.getter),k,h=f.length,m,c,g,e;for(k=0;k<h;k++){m=k;c=f[k]||{};c.n&&(m=c.n);g=null;try{switch(c.t){case \"window\":e=window;break;case \"scrollParent\":e=n(a)||window;break;default:e=a}if(c.e)if(\"rect\"===c.v){g={};var l=e.getBoundingClientRect();g={top:l.top,left:l.left,width:l.width,height:l.height} }else g=e[c.v].apply(e,[].concat(c.e))||!0;else c.s?(e[c.v]=c.s,g=!0):g=e[c.v]||!1}catch(u){}b[m]=g}b.innerState=!p&&!q;a.contentWindow.postMessage(JSON.stringify({queryRes:b}),\"*\")} } }var d = document.getElementById(\"pifyform-11659\");var a = document.createElement(\"iframe\");d.style.overflowY=\"auto\";d.style.overflowX=\"hidden\";var p=d.style.height&&\"auto\"!==d.style.height,q=\"absolute\"===d.style.position||window.getComputedStyle&&\"absolute\"===window.getComputedStyle(d,null).getPropertyValue(\"position\")||d.currentStyle&&\"absolute\"===d.currentStyle.position;h.addEventListener&&h.addEventListener(\"message\",t,!1);a.src=\"https://form-builder-an.pifyapp.com/form/s/11659\";a.id=\"form-iframe-11659\";a.onload=function(){document.getElementById(\"pifyform-11659\").classList.remove(\"formloading\");a.contentWindow.postMessage(JSON.stringify({parentUrl: window.location.href}), \"*\");};a.frameBorder=0;a.scrolling=\"no\";a.style.display=\"block\";a.style.minWidth=\"100%\";a.style.width=\"100px\";a.style.height=\"100%\";a.style.border=\"none\";a.style.overflow=\"auto\";setTimeout(function(){if(!document.getElementById(\"form-iframe-11659\")){d.appendChild(a);} },50);})(window);</script>\n</div>\n<!--pifyform-end-->\n\n{% endif %}"
      },
      "blocks": {}
    },
    "collapsible_tab_4tJyNF": {
      "disabled": true,
      "settings": {},
      "blocks": {}
    },
    "rich_text_rPdbq9": {
      "disabled": false,
      "settings": {},
      "blocks": { "heading_NDreLK": { "disabled": true, "settings": {} } }
    }
  },
  "order": [
    "rich_text_rPdbq9",
    "custom_two_colum_banner_DP9R8r",
    "custom_two_colum_banner_YA8zmr",
    "custom_textarea_jRAyyr",
    "custom_liquid_xykQ7Q",
    "custom_imagerow_3BF6pE",
    "custom_liquid_888FQh",
    "collapsible_tab_4tJyNF"
  ]
}
