{
  "sections": {
    "custom_textarea_rmBKDD": {
      "type": "custom_textarea",
      "custom_css": [
        ".custom-text-area .header {justify-content: center; align-items: center !important;}",
        "@media (max-width: 768px) {.custom-text-area .header {flex-direction: column; }}"
      ],
      "settings": {
        "section_title": "Trekking 7",
        "section_title_de": "Trekking 7",
        "section_title_fr": "Trekking 7",
        "section_title_fi": "Trekking 7",
        "text_description": "Our HEPHA Trekking 7 models are real all-rounders. The combination of full equipment, comfortable seating position and powerful drive make these stylish e-bikes the perfect companions for leisure and everyday use. Whether it's a tour at the weekend, the daily commute to work or all of the above, your HEPHA Trekking 7 will reliably get you to your destination. <br>\nThe Trekking 7 is available in three versions and in various frame and color options:",
        "text_description_de": "Unsere HEPHA Trekking 7 Modelle sind echte Alleskönner. Die Kombination aus vollständiger Ausstattung, komfortabler Sitzposition sowie dem kraftvollen Antrieb machen die schicken E-Bikes zu perfekten Begleitern für Freizeit und Alltag. Egal ob Tour am Wochenende, die tägliche Fahrt in die Arbeit oder alles zusammen, Ihr HEPHA Trekking 7 bringt Sie zuverlässig ans Ziel. <br>\nDas Trekking 7 ist in drei Versionen und in verschiedenen Rahmen- und Farboptionen erhältlich:",
        "text_description_fr": "Nos modèles HEPHA Trekking 7 sont de véritables multitalents. La combinaison d'un équipement complet, d'une position assise confortable et d'une propulsion puissante fait de ces vélos électriques chics des compagnons parfaits pour les loisirs et la vie quotidienne. Qu'il s'agisse d'un tour le week-end, d'un trajet quotidien au travail ou de tout cela à la fois, votre HEPHA Trekking 7 vous mènera à destination en toute fiabilité. <br>\nLe Trekking 7 est disponible en trois versions et en différentes options de cadre et de couleur :",
        "text_description_fi": "HEPHA Trekking 7-mallit ovat todellisia monitoimipyöriä. Täydellisen varustuksen, mukavan ajoasennon ja tehokkaan moottorin yhdistelmä tekee näistä tyylikkäistä sähköpyöristä täydellisiä kumppaneita vapaa-aikaan ja arkeen. Olipa kyseessä viikonloppuretki tai päivittäinen työmatka, on HEPHA Trekking 7 luotettava matkakumppanisi. <br>\nTrekking 7 on saatavana kolmena eri versiona ja useana eri runko- ja värivariaationa:",
        "title_font_size": 50,
        "text_font_size": 18,
        "show_item_list": true,
        "layout": "title_left",
        "item_font_size": 16,
        "custom_icon": "solid_dot"
      }
    },
    "custom_slideshow_tab_RGFFnK": {
      "type": "custom_slideshow_tab",
      "blocks": {
        "tab_Vip8XH": {
          "type": "tab",
          "settings": {
            "tab_image": "step_through",
            "sub_tab_bg_color_1": "#99cc99",
            "sub_tab_image_1": "shopify://shop_images/HEPHA_MY24_Trekking7_LongRange_StepThrough_moos_1_790d55d0-da11-4fd1-850f-94de487ed3f1.png",
            "sub_tab_bg_color_2": "#747373",
            "sub_tab_image_2": "shopify://shop_images/HEPHA_MY24_Trekking7_LongRange_StepThrough_anthr_1_76261934-9b7e-47fa-a4af-bf133bd78d79.png",
            "sub_tab_bg_color_3": "",
            "sub_tab_bg_color_4": ""
          }
        },
        "tab_q4Rdyh": {
          "type": "tab",
          "settings": {
            "tab_image": "low_step",
            "sub_tab_bg_color_1": "#99cc99",
            "sub_tab_image_1": "shopify://shop_images/HEPHA_MY24_Trekking7_LongRange_LowStep_moos_1_e87becf1-ce43-4c5e-bf8a-66ee9ff7ccad.png",
            "sub_tab_bg_color_2": "#747373",
            "sub_tab_image_2": "shopify://shop_images/HEPHA_MY24_Trekking7_LongRange_LowStep_anthr_1_51411723-5507-4abd-b13e-f7dc906fd5bb.png",
            "sub_tab_bg_color_3": "",
            "sub_tab_bg_color_4": ""
          }
        },
        "tab_QHz3zd": {
          "type": "tab",
          "settings": {
            "tab_image": "high_step",
            "sub_tab_bg_color_1": "#99cc99",
            "sub_tab_image_1": "shopify://shop_images/HEPHA_MY24_Trekking7_LongRange_HighStep_moos_1.png",
            "sub_tab_bg_color_2": "#747373",
            "sub_tab_image_2": "shopify://shop_images/HEPHA_MY24_Trekking7_LongRange_HighStep_anthr_1_89d5cd88-b1f7-4d4d-aced-a4929225b4c5.png",
            "sub_tab_bg_color_3": "",
            "sub_tab_bg_color_4": ""
          }
        }
      },
      "block_order": ["tab_Vip8XH", "tab_q4Rdyh", "tab_QHz3zd"],
      "settings": {
        "banner_left_image": "shopify://shop_images/RUD7295_SR_d4acb43c-4e28-4bba-834f-0075f68f78c3.jpg",
        "background_size": "cover",
        "background_position": "top",
        "banner_left_title": "",
        "banner_left_title_de": "",
        "banner_left_title_fr": "",
        "banner_left_text_color": "#000000",
        "banner_left_text_size": 40,
        "banner_left_description": "",
        "banner_left_description_de": "",
        "banner_left_description_fr": "",
        "banner_left_description_fi": "",
        "banner_left_description_color": "#ffffff",
        "banner_left_description_size": 14,
        "banner_left_background_color": "#ffffff",
        "banner_title": "Long Range",
        "banner_title_de": "Long Range",
        "banner_title_fr": "Long Range",
        "banner_title_fi": "Long Range",
        "banner_description": "The \"Long Range\" version is the entry-level Trekking 7 and is designed for maximum range and cost efficiency.",
        "banner_description_de": "Die Version „Long Range“ bildet den Einstieg ins Trekking 7 und ist auf maximale Reichweite und Kosteneffizienz ausgelegt.",
        "banner_description_fr": "La version \"Long Range\" constitue l'entrée de gamme du Trekking 7 et est conçue pour une autonomie et une rentabilité maximales.",
        "banner_description_fi": "\"Long Range\" -versio on Trekking 7 perusmalli, joka on suunniteltu tarjoamaan maksimaalinen kilometrikantama ja optimaalinen kustannustehokkuus.",
        "column_1_title": "Motor",
        "column_1_title_de": "Motor",
        "column_1_title_fr": "Moteur",
        "column_1_title_fi": "Moottori",
        "column_1_description": "80 Nm",
        "column_1_description_de": "80 Nm",
        "column_1_description_fr": "80 Nm",
        "column_1_description_fi": "80 Nm",
        "column_2_title": "Battery",
        "column_2_title_de": "Akku",
        "column_2_title_fr": "Batterie",
        "column_2_title_fi": "Akku",
        "column_2_description": "708 Wh",
        "column_2_description_de": "708 Wh",
        "column_2_description_fr": "708 Wh",
        "column_2_description_fi": "708 Wh",
        "column_3_title": "Gears",
        "column_3_title_de": "Gänge",
        "column_3_title_fr": "Transmission",
        "column_3_title_fi": "Vaihteet",
        "column_3_description": "10",
        "column_3_description_de": "10",
        "column_3_description_fr": "10",
        "column_3_description_fi": "10",
        "column_4_title": "Frame",
        "column_4_title_de": "Rahmen",
        "column_4_title_fr": "Cadre",
        "column_4_title_fi": "Runko",
        "column_4_description": "6061 Alloy Premium Monocoque",
        "column_4_description_de": "6061 Legierung Premium Monocoque",
        "column_4_description_fr": "Monocoque en alliage 6061 Premium",
        "column_4_description_fi": "6061 Premium-alumiini",
        "footer_title": "2,799.00 €",
        "footer_title_de": "2.799,00 €",
        "footer_title_fr": "2 799,00 €",
        "footer_title_fi": "2.799,00 €",
        "rrp": "",
        "rrp_de": "",
        "rrp_fr": "",
        "rrp_fi": "",
        "footer_description": "or from 67.84 €/Mo.",
        "footer_description_de": "oder ab 67,84 €/Monat",
        "footer_description_fr": "",
        "footer_description_fi": "",
        "footer_button_url": "shopify://products/my24-trekking-7-long-range",
        "footer_button_text": "Discover now",
        "footer_button_text_de": "Jetzt entdecken",
        "footer_button_text_fr": "Découvrir maintenant",
        "footer_button_text_fi": "Tutustu nyt"
      }
    },
    "custom_slideshow_tab_Lxtebk": {
      "type": "custom_slideshow_tab",
      "blocks": {
        "tab_8z9qUa": {
          "type": "tab",
          "settings": {
            "tab_image": "step_through",
            "sub_tab_bg_color_1": "#cfc1b1",
            "sub_tab_image_1": "shopify://shop_images/HEPHA_MY24_Trekking7_Performance_StepThrough_1_98799c08-21e4-40f9-877c-e0d6d5251d5c.png",
            "sub_tab_bg_color_2": "#929492",
            "sub_tab_image_2": "shopify://shop_images/HEPHA_MY24_Trekking7_Ultra_StepThrough_1_f9b07f58-ce27-4081-b080-ff014b41eda3.png",
            "sub_tab_bg_color_3": "",
            "sub_tab_bg_color_4": ""
          }
        },
        "tab_MaxAYM": {
          "type": "tab",
          "settings": {
            "tab_image": "low_step",
            "sub_tab_bg_color_1": "#cfc1b1",
            "sub_tab_image_1": "shopify://shop_images/HEPHA_MY24_Trekking7_Performance_Lowstep_1_b2ee5859-ee63-4638-ad75-faa3b417a73e.png",
            "sub_tab_bg_color_2": "#929492",
            "sub_tab_image_2": "shopify://shop_images/HEPHA_MY24_Trekking7_Ultra_Lowstep_1_d3bdc7ab-bfa5-4ae8-872e-3000f37790fa.png",
            "sub_tab_bg_color_3": "",
            "sub_tab_bg_color_4": ""
          }
        },
        "tab_QHz3A": {
          "type": "tab",
          "settings": {
            "tab_image": "high_step",
            "sub_tab_bg_color_1": "#cfc1b1",
            "sub_tab_image_1": "shopify://shop_images/HEPHA_MY24_Trekking7_Performance_HighStep_1_d2df610b-dc45-407d-9495-80632dbe1e0f.png",
            "sub_tab_bg_color_2": "#929492",
            "sub_tab_image_2": "shopify://shop_images/HEPHA_MY24_Trekking7_Ultra_HighStep_1_d1dd206a-884c-4d33-b229-f77b08e51148.png",
            "sub_tab_bg_color_3": "",
            "sub_tab_bg_color_4": ""
          }
        }
      },
      "block_order": ["tab_8z9qUa", "tab_MaxAYM", "tab_QHz3A"],
      "settings": {
        "banner_left_image": "shopify://shop_images/RUD4774_1_1.jpg",
        "background_size": "cover",
        "background_position": "top",
        "banner_left_title": "",
        "banner_left_title_de": "",
        "banner_left_title_fr": "",
        "banner_left_text_color": "#000000",
        "banner_left_text_size": 40,
        "banner_left_description": "",
        "banner_left_description_de": "",
        "banner_left_description_fr": "",
        "banner_left_description_fi": "",
        "banner_left_description_color": "#ffffff",
        "banner_left_description_size": 14,
        "banner_left_background_color": "#ffffff",
        "banner_title": "Performance",
        "banner_title_de": "Performance",
        "banner_title_fr": "Performance",
        "banner_title_fi": "Performance",
        "banner_description": "The \"Performance\" version of the Trekking 7 offers our best mix of motor performance, equipment and price.",
        "banner_description_de": "Die Version „Performance“ bietet die beste Mischung aus Motorleistung, Ausstattung und Preis.",
        "banner_description_fr": "La version \"Performance\" du Trekking 7 offre notre meilleur mélange de performance du moteur, d'équipement et de prix.",
        "banner_description_fi": "\"Performance\" -versio Trekking 7-pyörästä tarjoaa parhaan yhdistelmän moottorin suorituskykyä ja teknisiä ominaisuuksia, säilyttäen kuitenkin maltillisen hintatason.",
        "column_1_title": "Motor",
        "column_1_title_de": "Motor",
        "column_1_title_fr": "Moteur",
        "column_1_title_fi": "Moottori",
        "column_1_description": "90 Nm",
        "column_1_description_de": "90 Nm",
        "column_1_description_fr": "90 Nm",
        "column_1_description_fi": "90 Nm",
        "column_2_title": "Battery",
        "column_2_title_de": "Akku",
        "column_2_title_fr": "Batterie",
        "column_2_title_fi": "Akku",
        "column_2_description": "708 Wh",
        "column_2_description_de": "708 Wh",
        "column_2_description_fr": "708 Wh",
        "column_2_description_fi": "708 Wh",
        "column_3_title": "Gears",
        "column_3_title_de": "Gänge",
        "column_3_title_fr": "Transmission",
        "column_3_title_fi": "Vaihteet",
        "column_3_description": "11",
        "column_3_description_de": "11",
        "column_3_description_fr": "11",
        "column_3_description_fi": "11",
        "column_4_title": "Frame",
        "column_4_title_de": "Rahmen",
        "column_4_title_fr": "Cadre",
        "column_4_title_fi": "Runko",
        "column_4_description": "6061 Alloy Premium Monocoque",
        "column_4_description_de": "6061 Legierung Premium Monocoque",
        "column_4_description_fr": "Monocoque en alliage 6061 Premium",
        "column_4_description_fi": "6061 Premium-alumiini",
        "footer_title": "2,999.00 €",
        "footer_title_de": "2.999,00 €",
        "footer_title_fr": "2 999,00 €",
        "footer_title_fi": "2.999,00 €",
        "rrp": "",
        "rrp_de": "",
        "rrp_fr": "",
        "rrp_fi": "",
        "footer_description": "or from 72.68 €/Mo.",
        "footer_description_de": "oder ab 72,68 €/Monat",
        "footer_description_fr": "",
        "footer_description_fi": "",
        "footer_button_url": "shopify://products/trekking-7-performance",
        "footer_button_text": "Discover now",
        "footer_button_text_de": "Jetzt entdecken",
        "footer_button_text_fr": "Découvrir maintenant",
        "footer_button_text_fi": "Tutustu nyt"
      }
    },
    "custom_slideshow_tab_xgxENH": {
      "type": "custom_slideshow_tab",
      "blocks": {
        "tab_QpL6YW": {
          "type": "tab",
          "settings": {
            "tab_image": "step_through",
            "sub_tab_bg_color_1": "#929492",
            "sub_tab_image_1": "shopify://shop_images/HEPHA_MY24_Trekking7_Ultra_StepThrough_1_f9b07f58-ce27-4081-b080-ff014b41eda3.png",
            "sub_tab_bg_color_2": "#cfc1b1",
            "sub_tab_image_2": "shopify://shop_images/HEPHA_MY24_Trekking7_Performance_StepThrough_1_98799c08-21e4-40f9-877c-e0d6d5251d5c.png",
            "sub_tab_bg_color_3": "",
            "sub_tab_bg_color_4": ""
          }
        },
        "tab_gn8ATq": {
          "type": "tab",
          "settings": {
            "tab_image": "low_step",
            "sub_tab_bg_color_1": "#929492",
            "sub_tab_image_1": "shopify://shop_images/HEPHA_MY24_Trekking7_Ultra_Lowstep_1_d3bdc7ab-bfa5-4ae8-872e-3000f37790fa.png",
            "sub_tab_bg_color_2": "#cfc1b1",
            "sub_tab_image_2": "shopify://shop_images/HEPHA_MY24_Trekking7_Performance_Lowstep_1_b2ee5859-ee63-4638-ad75-faa3b417a73e.png",
            "sub_tab_bg_color_3": "",
            "sub_tab_bg_color_4": ""
          }
        },
        "tab_aLbEDd": {
          "type": "tab",
          "settings": {
            "tab_image": "high_step",
            "sub_tab_bg_color_1": "#929492",
            "sub_tab_image_1": "shopify://shop_images/HEPHA_MY24_Trekking7_Ultra_HighStep_1_d1dd206a-884c-4d33-b229-f77b08e51148.png",
            "sub_tab_bg_color_2": "#cfc1b1",
            "sub_tab_image_2": "shopify://shop_images/HEPHA_MY24_Trekking7_Performance_HighStep_1_d2df610b-dc45-407d-9495-80632dbe1e0f.png",
            "sub_tab_bg_color_3": "",
            "sub_tab_bg_color_4": ""
          }
        }
      },
      "block_order": ["tab_QpL6YW", "tab_gn8ATq", "tab_aLbEDd"],
      "settings": {
        "banner_left_image": "shopify://shop_images/RUD5559_SR_1_4b76afdb-751a-4498-8997-1ba8ba075be5.jpg",
        "background_size": "cover",
        "background_position": "top",
        "banner_left_title": "",
        "banner_left_title_de": "",
        "banner_left_title_fr": "",
        "banner_left_text_color": "#000000",
        "banner_left_text_size": 40,
        "banner_left_description": "",
        "banner_left_description_de": "",
        "banner_left_description_fr": "",
        "banner_left_description_fi": "",
        "banner_left_description_color": "#ffffff",
        "banner_left_description_size": 14,
        "banner_left_background_color": "#ffffff",
        "banner_title": "Ultra",
        "banner_title_de": "Ultra",
        "banner_title_fr": "Ultra",
        "banner_title_fi": "Ultra",
        "banner_description": "The \"Ultra\" marks the top version of the Trekking 7, with maximum motor power, battery size and top equipment.",
        "banner_description_de": "Das „Ultra“ markiert die Top-Version des Trekking 7, mit höchster Motorleistung, Akkugröße sowie Top-Ausstattung.",
        "banner_description_fr": "La version \"Ultra\" est la version haut de gamme du Trekking 7, avec un puissant moteur et une taille de batterie maximales ainsi qu'un équipement de pointe.",
        "banner_description_fi": "\"Ultra\" on Trekking 7:n huippuversio, jossa on maksimaalinen moottoriteho, akkukapasiteetti ja huipputason komponentit.",
        "column_1_title": "Motor",
        "column_1_title_de": "Motor",
        "column_1_title_fr": "Moteur",
        "column_1_title_fi": "Moottori",
        "column_1_description": "100 Nm",
        "column_1_description_de": "100 Nm",
        "column_1_description_fr": "100 Nm",
        "column_1_description_fi": "100 Nm",
        "column_2_title": "Battery",
        "column_2_title_de": "Akku",
        "column_2_title_fr": "Batterie",
        "column_2_title_fi": "90 Nm",
        "column_2_description": "804 Wh",
        "column_2_description_de": "804 Wh",
        "column_2_description_fr": "804 Wh",
        "column_2_description_fi": "804 Wh",
        "column_3_title": "Gears",
        "column_3_title_de": "Gänge",
        "column_3_title_fr": "Transmission",
        "column_3_title_fi": "Vaihteet",
        "column_3_description": "12",
        "column_3_description_de": "12",
        "column_3_description_fr": "12",
        "column_3_description_fi": "12",
        "column_4_title": "Frame",
        "column_4_title_de": "Rahmen",
        "column_4_title_fr": "Cadre",
        "column_4_title_fi": "Runko",
        "column_4_description": "6061 Alloy Premium Monocoque",
        "column_4_description_de": "6061 Legierung Premium Monocoque",
        "column_4_description_fr": "Monocoque en alliage 6061 Premium",
        "column_4_description_fi": "6061 Premium-alumiini",
        "footer_title": "3,299.00 €",
        "footer_title_de": "3.299,00 €",
        "footer_title_fr": "3 299,00 €",
        "footer_title_fi": "3.299,00 €",
        "rrp": "",
        "rrp_de": "",
        "rrp_fr": "",
        "rrp_fi": "",
        "footer_description": "or from 79.96 €/Mo.",
        "footer_description_de": "oder ab 79,96 €/Monat",
        "footer_description_fr": "",
        "footer_description_fi": "",
        "footer_button_url": "shopify://products/trekking-7-ultra",
        "footer_button_text": "Discover now",
        "footer_button_text_de": "Jetzt entdecken",
        "footer_button_text_fr": "Découvrir maintenant",
        "footer_button_text_fi": "Tutustu nyt"
      }
    },
    "custom_slideshow_tab_cKHYHB": {
      "type": "custom_slideshow_tab",
      "blocks": {
        "tab_xGG79e": {
          "type": "tab",
          "settings": {
            "tab_image": "step_through",
            "sub_tab_bg_color_1": "#2b7dde",
            "sub_tab_image_1": "shopify://shop_images/HEPHA_MY25_Trekking-7-Ultra-plus_Step-Through_Dark-Blue_01.png",
            "sub_tab_bg_color_2": "rgba(0,0,0,0)",
            "sub_tab_bg_color_3": "",
            "sub_tab_bg_color_4": ""
          }
        },
        "tab_XahxCV": {
          "type": "tab",
          "settings": {
            "tab_image": "high_step",
            "sub_tab_bg_color_1": "#c16452",
            "sub_tab_image_1": "shopify://shop_images/HEPHA_MY25_Trekking-7-Ultra-plus_High-Step_Dark-Blue_01.png",
            "sub_tab_bg_color_2": "",
            "sub_tab_bg_color_3": "",
            "sub_tab_bg_color_4": ""
          }
        }
      },
      "block_order": ["tab_xGG79e", "tab_XahxCV"],
      "custom_css": [],
      "settings": {
        "banner_left_image": "shopify://shop_images/20250513-145127_db14a4eb-eb16-4824-b5a1-0089e4d2e70f.jpg",
        "background_size": "cover",
        "background_position": "top",
        "banner_left_title": "",
        "banner_left_title_de": "",
        "banner_left_title_fr": "",
        "banner_left_text_color": "#000000",
        "banner_left_text_size": 40,
        "banner_left_description": "",
        "banner_left_description_de": "",
        "banner_left_description_fr": "",
        "banner_left_description_fi": "",
        "banner_left_description_color": "#ffffff",
        "banner_left_description_size": 14,
        "banner_left_background_color": "#ffffff",
        "banner_title": "Ultra+",
        "banner_title_de": "Ultra+",
        "banner_title_fr": "Ultra+",
        "banner_title_fi": "Ultra+",
        "banner_description": "More power. More style. More you.",
        "banner_description_de": "Mehr Power. Mehr Stil. Mehr du.",
        "banner_description_fr": "Plus de puissance. Plus de style. Plus vous.",
        "banner_description_fi": "\"Ultra+\" on Trekking-malliston lippulaiva, joka on varustettu kaikkein laadukkaimmilla komponenteilla, kuten joustosatulalla, kevyellä ilmajousitetulla keulalla, kirkkaammalla valaistuksella, sekä huippuluokan jarruilla ja vaihteistolla.",
        "column_1_title": "Motor",
        "column_1_title_de": "Motor",
        "column_1_title_fr": "Moteur",
        "column_1_title_fi": "Moottori",
        "column_1_description": "100 Nm",
        "column_1_description_de": "100 Nm",
        "column_1_description_fr": "100 Nm",
        "column_1_description_fi": "100 Nm",
        "column_2_title": "Battery",
        "column_2_title_de": "Akku",
        "column_2_title_fr": "Batterie",
        "column_2_title_fi": "Akku",
        "column_2_description": "800 Wh",
        "column_2_description_de": "800 Wh",
        "column_2_description_fr": "800 Wh",
        "column_2_description_fi": "800 Wh",
        "column_3_title": "Gears",
        "column_3_title_de": "Gänge",
        "column_3_title_fr": "Transmission",
        "column_3_title_fi": "Vaihteet",
        "column_3_description": "11 (Deore XT)",
        "column_3_description_de": "11 (Deore XT)",
        "column_3_description_fr": "11 (Deore XT)",
        "column_3_description_fi": "11 (Deore XT)",
        "column_4_title": "Frame",
        "column_4_title_de": "Rahmen",
        "column_4_title_fr": "Cadre",
        "column_4_title_fi": "Runko",
        "column_4_description": "6061 Alloy Premium Monocoque",
        "column_4_description_de": "6061 Legierung Premium Monocoque",
        "column_4_description_fr": "Monocoque en alliage 6061 Premium",
        "column_4_description_fi": "6061 Premium-alumiini",
        "footer_title": "4,799.00 €",
        "footer_title_de": "4.799,00 €",
        "footer_title_fr": "4 799,00 €",
        "footer_title_fi": "4.799,00 €",
        "rrp": "",
        "rrp_de": "",
        "rrp_fr": "",
        "rrp_fi": "",
        "footer_description": "or from 116.31 €/Mo.",
        "footer_description_de": "oder ab 116,31 €/Monat",
        "footer_description_fr": "",
        "footer_description_fi": "",
        "footer_button_url": "shopify://products/trekking-7-ultra-plus",
        "footer_button_text": "Discover now",
        "footer_button_text_de": "Jetzt entdecken",
        "footer_button_text_fr": "Découvrir maintenant",
        "footer_button_text_fi": "Tutustu nyt"
      }
    },
    "custom_liquid_8yUC8P": {
      "type": "custom-liquid",
      "name": "Custom Liquid",
      "settings": {
        "full_width": true,
        "show_space": false,
        "code": "<style>\n    #shopify-section-template--23819223007500__custom_slideshow_tab_cKHYHB #tab1 .sub-tab,\n    #shopify-section-template--23819223007500__custom_slideshow_tab_cKHYHB #tab2 .sub-tab {\n        visibility: hidden !important; \n    }\n</style>"
      }
    },
    "custom_slideshow_tab_378QJf": {
      "type": "custom_slideshow_tab",
      "blocks": {
        "tab_qGcH89": {
          "type": "tab",
          "settings": {
            "tab_image": "high_step",
            "sub_tab_bg_color_1": "#c6c7c7",
            "sub_tab_image_1": "shopify://shop_images/Hepha_Trekking7_LongRange_High_LightGrey_Side_1756df3d-023a-425a-ac34-5efcb441a5d1.png",
            "sub_tab_bg_color_2": "#9f9999",
            "sub_tab_image_2": "shopify://shop_images/Hepha_Trekking7_LongRange_High_Black_Side_ef0bf02e-24f0-4296-b7ee-a18335c4f79c.png",
            "sub_tab_bg_color_3": "",
            "sub_tab_bg_color_4": ""
          }
        }
      },
      "block_order": ["tab_qGcH89"],
      "settings": {
        "banner_left_image": "shopify://shop_images/image-4_6effb223-5f16-4677-a4bf-2478febbd3c1.jpg",
        "background_size": "cover",
        "background_position": "center",
        "banner_left_title": "",
        "banner_left_title_de": "",
        "banner_left_title_fr": "",
        "banner_left_text_color": "#ffffff",
        "banner_left_text_size": 20,
        "banner_left_description": "",
        "banner_left_description_de": "",
        "banner_left_description_fr": "",
        "banner_left_description_fi": "",
        "banner_left_description_color": "#ffffff",
        "banner_left_description_size": 14,
        "banner_left_background_color": "",
        "banner_title": "Long Range SE",
        "banner_title_de": "Long Range SE",
        "banner_title_fr": "Long Range SE",
        "banner_title_fi": "Long Range SE",
        "banner_description": "The \"Long Range\" version is the entry-level Trekking 7 and is designed for maximum range and cost efficiency.",
        "banner_description_de": "Die Version „Long Range“ bildet den Einstieg ins Trekking 7 und ist auf maximale Reichweite und Kosteneffizienz ausgelegt.",
        "banner_description_fr": "La version \"Long Range\" constitue l'entrée de gamme du Trekking 7 et est conçue pour une autonomie et une rentabilité maximales.",
        "banner_description_fi": "\"Long Range SE\" -versio on Trekking 7:n rajoitetusti saatavilla oleva perusmalli, joka on suunniteltu tarjoamaan maksimaalinen kilometrikantama ja optimaalinen kustannustehokkuus.",
        "column_1_title": "Motor",
        "column_1_title_de": "Motor",
        "column_1_title_fr": "Moteur",
        "column_1_title_fi": "Moottori",
        "column_1_description": "80 Nm",
        "column_1_description_de": "80 Nm",
        "column_1_description_fr": "80 Nm",
        "column_1_description_fi": "80 Nm",
        "column_2_title": "Battery",
        "column_2_title_de": "Akku",
        "column_2_title_fr": "Batterie",
        "column_2_title_fi": "Akku",
        "column_2_description": "708 Wh",
        "column_2_description_de": "708 Wh",
        "column_2_description_fr": "708 Wh",
        "column_2_description_fi": "708 Wh",
        "column_3_title": "Gears",
        "column_3_title_de": "Gänge",
        "column_3_title_fr": "Transmission",
        "column_3_title_fi": "Vaihteet",
        "column_3_description": "10",
        "column_3_description_de": "10",
        "column_3_description_fr": "10",
        "column_3_description_fi": "10",
        "column_4_title": "Frame",
        "column_4_title_de": "Rahmen",
        "column_4_title_fr": "Cadre",
        "column_4_title_fi": "Runko",
        "column_4_description": "6061 Alloy Premium Monocoque",
        "column_4_description_de": "6061 Legierung Premium Monocoque",
        "column_4_description_fr": "Monocoque en alliage 6061 Premium",
        "column_4_description_fi": "6061 Premium-alumiini",
        "footer_title": "2,499.00 €",
        "footer_title_de": "2.499,00 €",
        "footer_title_fr": "2 499,00 €",
        "footer_title_fi": "2.499,00 €",
        "rrp": "2,799.00",
        "rrp_de": "2.799,00",
        "rrp_fr": "2 799.00",
        "rrp_fi": "2 799.00",
        "footer_description": "or from 67.84 €/Mo.",
        "footer_description_de": "oder ab 67,84 €/Monat",
        "footer_description_fr": "",
        "footer_description_fi": "",
        "footer_button_url": "shopify://products/trekking-7-se-long-range",
        "footer_button_text": "Discover now",
        "footer_button_text_de": "Jetzt entdecken",
        "footer_button_text_fr": "Découvrir maintenant",
        "footer_button_text_fi": "Tutustu nyt"
      }
    },
    "custom_slideshow_tab_xTWYeB": {
      "type": "custom_slideshow_tab",
      "blocks": {
        "tab_Wy4XtQ": {
          "type": "tab",
          "settings": {
            "tab_image": "low_step",
            "sub_tab_bg_color_1": "#929492",
            "sub_tab_image_1": "shopify://shop_images/Hepha_Trekking7_Performance_High_Grey_Side_3982d3f7-33fa-4472-b92b-ac3ed5fa3cd9.png",
            "sub_tab_bg_color_2": "#cfc1b1",
            "sub_tab_image_2": "shopify://shop_images/Hepha_Trekking7_Performance_High_Sand_Side_d97b5997-3a02-4211-a56e-7d64354f78b3_1.png",
            "sub_tab_bg_color_3": "",
            "sub_tab_bg_color_4": ""
          }
        },
        "tab_rFDbhU": {
          "type": "tab",
          "settings": {
            "tab_image": "high_step",
            "sub_tab_bg_color_1": "#929492",
            "sub_tab_image_1": "shopify://shop_images/Hepha_Trekking7_Performance_High_Grey_Side_3982d3f7-33fa-4472-b92b-ac3ed5fa3cd9.png",
            "sub_tab_bg_color_2": "#cfc1b1",
            "sub_tab_image_2": "shopify://shop_images/Hepha_Trekking7_Performance_High_Sand_Side_d97b5997-3a02-4211-a56e-7d64354f78b3_1.png",
            "sub_tab_bg_color_3": "",
            "sub_tab_bg_color_4": ""
          }
        }
      },
      "block_order": ["tab_Wy4XtQ", "tab_rFDbhU"],
      "settings": {
        "banner_left_image": "shopify://shop_images/two2.png",
        "background_size": "cover",
        "background_position": "right",
        "banner_left_title": "Alteos insurance",
        "banner_left_title_de": "Alteos Komfortschutz",
        "banner_left_title_fr": "",
        "banner_left_text_color": "#ffffff",
        "banner_left_text_size": 33,
        "banner_left_description": "<ul><li>Insurance Duration Up to 3 Years</li><li>Commercial Use</li><li>Mobility Protection</li><li>Coverage for Theft, Robbery, Vandalism, including Burglary</li><li>Theft of Battery and Accessories</li><li>Material and Production Defects</li><li>User Errors</li><li>Damages (from falls, accidents, moisture, electronics, natural forces)</li><li>Wear and Tear of Individual Parts (excluding tires/brakes) up to €150 per year.</li></ul>",
        "banner_left_description_de": "<ul><li>bis 3 Jahre Versicherungsdauer</li><li>Gewerbliche Nutzung</li><li>Mobilitätsschutz</li><li>Diebstahl, Raub, Vandalismus, inkl. Einbruch</li><li>Diebstahl von Akku und Zubehör</li><li>Material - und Produktionsfehler</li><li>Bedienungsfehler</li><li>Schäden (durch Sturz, Unfall, Feuchtigkeit, \u2028Elektronik, Naturgewalten)</li><li>Verschleiß von Einzelteilen inkl. Reifen/Bremsen (Premium) bis 150 EUR pro Jahr</li></ul>",
        "banner_left_description_fr": "",
        "banner_left_description_fi": "",
        "banner_left_description_color": "#ffffff",
        "banner_left_description_size": 16,
        "banner_left_background_color": "#202223",
        "banner_title": "Ultra SE",
        "banner_title_de": "Ultra SE",
        "banner_title_fr": "Ultra SE",
        "banner_title_fi": "Ultra SE",
        "banner_description": "The \"Ultra\" marks the top version of the Trekking 7, with maximum motor power, battery size and top equipment.",
        "banner_description_de": "Das „Ultra“ markiert die Top-Version des Trekking 7, mit höchster Motorleistung, Akkugröße sowie Top-Ausstattung.",
        "banner_description_fr": "La version \"Ultra\" est la version haut de gamme du Trekking 7, avec un puissant moteur et une taille de batterie maximales ainsi qu'un équipement de pointe.",
        "banner_description_fi": "\"Ultra SE\" -versio on Trekking 7:n rajoitetusti saatavilla oleva huippuversio, jossa on maksimaalinen moottoriteho, akkukapasiteetti ja huipputason komponentit.",
        "column_1_title": "Motor",
        "column_1_title_de": "Motor",
        "column_1_title_fr": "Moteur",
        "column_1_title_fi": "Moottori",
        "column_1_description": "100 Nm",
        "column_1_description_de": "100 Nm",
        "column_1_description_fr": "100 Nm",
        "column_1_description_fi": "100 Nm",
        "column_2_title": "Battery",
        "column_2_title_de": "Akku",
        "column_2_title_fr": "Batterie",
        "column_2_title_fi": "Akku",
        "column_2_description": "804 Wh",
        "column_2_description_de": "804 Wh",
        "column_2_description_fr": "804 Wh",
        "column_2_description_fi": "804 Wh",
        "column_3_title": "Gears",
        "column_3_title_de": "Gänge",
        "column_3_title_fr": "Transmission",
        "column_3_title_fi": "Vaihteet",
        "column_3_description": "12",
        "column_3_description_de": "12",
        "column_3_description_fr": "12",
        "column_3_description_fi": "12",
        "column_4_title": "Frame",
        "column_4_title_de": "Rahmen",
        "column_4_title_fr": "Cadre",
        "column_4_title_fi": "Runko",
        "column_4_description": "6061 Alloy Premium Monocoque",
        "column_4_description_de": "6061 Legierung Premium Monocoque",
        "column_4_description_fr": "Monocoque en alliage 6061 Premium",
        "column_4_description_fi": "6061 Premium-alumiini",
        "footer_title": "2,899.00 €",
        "footer_title_de": "2.899,00 €",
        "footer_title_fr": "2 899,00 €",
        "footer_title_fi": "2.899,00 €",
        "rrp": "3,299.00",
        "rrp_de": "3.299,00",
        "rrp_fr": "3 299,00",
        "rrp_fi": "3.299,00",
        "footer_description": "or from 79.96 €/Mo.",
        "footer_description_de": "oder ab 70,26 €/Monat",
        "footer_description_fr": "",
        "footer_description_fi": "",
        "footer_button_url": "shopify://products/trekking-7-se-ultra",
        "footer_button_text": "Discover now",
        "footer_button_text_de": "Jetzt entdecken",
        "footer_button_text_fr": "Découvrir maintenant",
        "footer_button_text_fi": "Tutustu nyt"
      }
    },
    "custom_product_tab_test_m9aDPj": {
      "type": "custom-product-tab-test",
      "custom_css": [
        "@media (max-width: 768px) {.explore-title {margin-left: 0; padding: 20px; }}"
      ],
      "settings": {
        "title": "Explore more HEPHA E-Bikes",
        "title_de": "Entdecken Sie mehr HEPHA E-Bikes",
        "title_fr": "Découvrez d'autres vélos électriques HEPHA",
        "title_fi": "Tutustu lisää HEPHA E-Bike-malleihin",
        "image": "shopify://shop_images/HEPHA-Trekking7_01_grey_7ff138ad-9f41-4981-b752-1bd80fee72c0.jpg",
        "background_color": "#ffffff",
        "background_position": "center center",
        "background_size": "cover",
        "background_align_items": "flex-start",
        "background_padding_top": 20,
        "background_padding_right": 20,
        "background_padding_bottom": 20,
        "background_padding_left": 20,
        "ad_link": "shopify://collections/hepha-ebikes",
        "ad_button_color": "#000000",
        "ad_button_text_color": "#ffffff",
        "title_1": "<p>Not sure which E-Bike is right for you? Discover and compare our full range of E-Bikes to find the perfect model for your adventures.</p>",
        "title_1_de": "<p>Nicht sicher, welches E-Bike das richtige für Sie ist? Entdecken und vergleichen Sie unser gesamtes Sortiment an E-Bikes, um das perfekte Modell für Ihre Abenteuer zu finden.</p>",
        "title_1_fr": "<p>Vous n’êtes pas sûr de quel vélo électrique est fait pour vous ? Découvrez et comparez notre gamme complète de vélos électriques pour trouver le modèle parfait pour vos aventures.</p>",
        "title_1_fi": "<p>Etkö ole varma, mikä sähköpyörämalli sopii sinulle? Tutustu ja vertaa koko valikoimaamme löytääksesi täydellisen pyörän omaan käyttötarkoitukseesi.</p>",
        "heading_color_1": "#ffffff",
        "heading_size_1": 18,
        "button_label": "Explore all E-Bikes!",
        "button_label_de": "Entdecke alle E-Bikes!",
        "button_label_fr": "Découvrez tous modèles !",
        "button_label_fi": "Tutki koko mallistoa!",
        "product_source_trekking7ltd": "collection",
        "trekking7ltd_collection": "trekking-7-my23",
        "trekking7ltd_products": [],
        "product_source_trekking7": "collection",
        "trekking7_collection": "new-bike-2024",
        "trekking7_products": [],
        "product_source_mountain7": "collection",
        "mountain7_collection": "mountain-7-2024",
        "mountain7_products": [],
        "product_source_mountain7carbon": "collection",
        "mountain7carbon_collection": "mountain-7-carbon",
        "mountain7carbon_products": [],
        "product_source_city7": "collection",
        "city7_collection": "city-e-bike",
        "city7_products": [],
        "show_description": true
      }
    }
  },
  "order": [
    "custom_textarea_rmBKDD",
    "custom_slideshow_tab_RGFFnK",
    "custom_slideshow_tab_Lxtebk",
    "custom_slideshow_tab_xgxENH",
    "custom_slideshow_tab_cKHYHB",
    "custom_liquid_8yUC8P",
    "custom_slideshow_tab_378QJf",
    "custom_slideshow_tab_xTWYeB",
    "custom_product_tab_test_m9aDPj"
  ]
}
