{
  "sections": {
    "main": {
      "type": "main-page",
      "disabled": true,
      "settings": { "show_page_title": true, "full_width": true }
    },
    "custom_product_list_D87XWD": {
      "type": "custom-product-list",
      "settings": {
        "title": "Hepha Battery",
        "product_source": "collection",
        "product_collection": "battery",
        "product_list": [],
        "show_description": false
      }
    },
    "custom_product_list_yYgBWx": {
      "type": "custom-product-list",
      "settings": {
        "title": "Hepha Display",
        "product_source": "collection",
        "product_collection": "display",
        "product_list": [],
        "show_description": false
      }
    },
    "custom_product_list_gDmxiK": {
      "type": "custom-product-list",
      "settings": {
        "title": "Locks",
        "product_source": "collection",
        "product_collection": "abus-locks",
        "product_list": [],
        "show_description": false
      }
    },
    "custom_product_list_gaH3YT": {
      "type": "custom-product-list",
      "settings": {
        "title": "Hepha Charger",
        "product_source": "collection",
        "product_collection": "charger",
        "product_list": [],
        "show_description": false
      }
    },
    "custom_product_list_6xpF7B": {
      "type": "custom-product-list",
      "settings": {
        "title": "Motor Upgrade",
        "product_source": "collection",
        "product_collection": "motor-upgrade",
        "product_list": [],
        "show_description": false
      }
    },
    "custom_product_list_h6jtYd": {
      "type": "custom-product-list",
      "settings": {
        "title": "Front light",
        "product_source": "collection",
        "product_collection": "front-light",
        "product_list": [],
        "show_description": false
      }
    },
    "custom_product_list_BawDwa": {
      "type": "custom-product-list",
      "settings": {
        "title": "Others",
        "product_source": "collection",
        "product_collection": "others",
        "product_list": [],
        "show_description": false
      }
    }
  },
  "order": [
    "main",
    "custom_product_list_D87XWD",
    "custom_product_list_yYgBWx",
    "custom_product_list_gDmxiK",
    "custom_product_list_gaH3YT",
    "custom_product_list_6xpF7B",
    "custom_product_list_h6jtYd",
    "custom_product_list_BawDwa"
  ]
}
