{
  "parent": "page.promotion-2025-06-v2.json",
  "context": { "market": "france" },
  "sections": {
    "custom_two_colum_banner_kji6Re": {
      "settings": {},
      "blocks": {
        "slide_Ew43jA": {
          "settings": { "title_1": "<p>Trekking SE Ultra</p><p>500 € OFF </p>" }
        }
      }
    },
    "collapsible_tabs_qETzUn": {
      "settings": {},
      "blocks": {
        "question_ytzVBz": { "disabled": true, "settings": {} },
        "question_bbRFXj": { "disabled": true, "settings": {} }
      }
    },
    "custom_imagerow_MfjKmf": {
      "settings": {},
      "blocks": {},
      "block_order": []
    }
  },
  "order": [
    "custom_two_colum_banner_Whmtii",
    "custom_two_colum_banner_kji6Re",
    "custom_sale_tab_3_F6gyF3",
    "custom_imagerow_jAg74G",
    "custom_sale_tab_3_4Mhfkx",
    "custom_imagerow_MfjKmf",
    "custom_liquid_dbXEPa",
    "17415882502d62e51b",
    "collapsible_tabs_qETzUn"
  ]
}
