{
  "sections": {
    "custom_two_colum_banner_AfY3FJ": {
      "type": "custom-two-colum-banner",
      "blocks": {
        "slide_HAh6BJ": {
          "type": "slide",
          "settings": {
            "image": "shopify://shop_images/Frame_168_720e2071-baf2-4835-9ae4-7f1d929f125d.png",
            "background_color": "#ffffff",
            "background_size": "cover",
            "background_position": "right",
            "background_align_items": "center",
            "background_padding_top": 40,
            "background_padding_left": 40,
            "background_padding_right": 40,
            "background_padding_bottom": 40,
            "liquid_content": "<style>\n.two-column-slide__subheading_image_1{\ndisplay:none;\n}\n@media (max-width: 768px) {\n.two-column-slide__subheading_image_1{\ndisplay:block;\n}\n}\n</style>",
            "title_1": "",
            "title_1_de": "",
            "title_1_fr": "",
            "heading_color_1": "#000000",
            "heading_size_1": 24,
            "subheading_1": "",
            "subheading_1_de": "",
            "subheading_1_fr": "",
            "subheading_color_1": "#000000",
            "subheading_size_1": 16,
            "subheading_image_1": "shopify://shop_images/Frame131.png",
            "subheading_image_1_link": "",
            "subheading_image_1_width": 900,
            "subheading_image_1_position": "absolute",
            "subheading_image_1_top": 100,
            "subheading_image_1_left": 100,
            "subheading_image_1_zindex": 1,
            "subheading_image_1b": "shopify://shop_images/Group_359.png",
            "subheading_image_1b_position": "absolute",
            "subheading_image_1b_top": 0,
            "subheading_image_1b_left": 0,
            "subheading_image_1b_zindex": 1,
            "subheading_image_1b_link": "",
            "subheading_image_1b_width": 200,
            "title_2": "",
            "title_2_de": "",
            "title_2_fr": "",
            "heading_color_2": "#000000",
            "heading_size_2": 24,
            "subheading_2": "",
            "subheading_2_de": "",
            "subheading_2_fr": "",
            "subheading_color_2": "#000000",
            "subheading_size_2": 16,
            "subheading_image_2_position": "",
            "subheading_image_2_link": "",
            "collection": "",
            "button_label": "",
            "button_label_de": "",
            "button_label_fr": "",
            "link": "",
            "button_color": "#007bff",
            "button2_label": "",
            "button2_label_de": "",
            "button2_label_fr": "",
            "link2": "",
            "link2_de": "",
            "link2_fr": "",
            "button2_color": "#007bff",
            "button_text_color": "#ffffff",
            "column_1title": "",
            "column_1title_de": "",
            "column_1title_fr": "",
            "column_1description": "",
            "column_1description_de": "",
            "column_1description_fr": "",
            "column_2title": "",
            "column_2title_de": "",
            "column_2title_fr": "",
            "column_2description": "",
            "column_2description_de": "",
            "column_2description_fr": "",
            "column_3title": "",
            "column_3title_de": "",
            "column_3title_fr": "",
            "column_3description": "",
            "column_3description_de": "",
            "column_3description_fr": "",
            "column_4title": "",
            "column_4title_de": "",
            "column_4title_fr": "",
            "column_4description": "",
            "column_4description_de": "",
            "column_4description_fr": ""
          }
        },
        "slide_TjyWBj": {
          "type": "slide",
          "settings": {
            "background_color": "#fec53c",
            "background_size": "cover",
            "background_position": "center",
            "background_align_items": "center",
            "background_padding_top": 40,
            "background_padding_left": 40,
            "background_padding_right": 40,
            "background_padding_bottom": 40,
            "liquid_content": "<span class=\"bannerprice\">€1,999 <s \nclass=\"bannerprices\">€2,499</s></span>\n<style>\n.bannerprice{\nfont-size:60px;\nfont-weight:bold;\n}\n.bannerprices{\ncolor:#AC1E1E;\nfont-size:40px;\n}\n.two-column-slide__heading p,\n.two-column-slide__text p {\n  margin: 0 !important;\n  text-align: center !important;\n}\n.custom-button {\n    border-radius: 0 !important;\n    font-size: 30px !important;\n    font-weight: bold !important;\n}\n@media (max-width: 768px) {\n.bannerprice{\nfont-size:40px;\n}\n.bannerprices{\nfont-size:30px;\n}\n.custom-button {\n    font-size: 20px !important;\n    font-weight: bold !important;\n}\n}\n</style>",
            "title_1": "<p>Trekking 7 LTD Long Range, </p><p>limited stock!</p>",
            "title_1_de": "<p>Trekking 7 LTD Long Range, </p><p>begrenzter Vorrat!</p>",
            "title_1_fr": "<p>Trekking 7 LTD Long Range, </p><p>stock limité !</p>",
            "heading_color_1": "#000000",
            "heading_size_1": 45,
            "subheading_1": "<p>1/3/2025-31/3/2025</p>",
            "subheading_1_de": "<p>1/3/2025-31/3/2025</p>",
            "subheading_1_fr": "<p>1/3/2025-31/3/2025</p>",
            "subheading_color_1": "#000000",
            "subheading_size_1": 30,
            "subheading_image_1_link": "",
            "subheading_image_1_position": "",
            "subheading_image_1b_position": "",
            "subheading_image_1b_link": "",
            "title_2": "",
            "title_2_de": "",
            "title_2_fr": "",
            "heading_color_2": "#000000",
            "heading_size_2": 24,
            "subheading_2": "",
            "subheading_2_de": "",
            "subheading_2_fr": "",
            "subheading_color_2": "#000000",
            "subheading_size_2": 16,
            "subheading_image_2_position": "",
            "subheading_image_2_link": "",
            "collection": "",
            "button_label": "Shop now",
            "button_label_de": "Jetzt einkaufen",
            "button_label_fr": "Achetez maintenant",
            "link": "shopify://products/trekking-7-ltd-long-range",
            "button_color": "#b61d0f",
            "button2_label": "",
            "button2_label_de": "",
            "button2_label_fr": "",
            "link2": "",
            "link2_de": "",
            "link2_fr": "",
            "button2_color": "#007bff",
            "button_text_color": "#ffffff",
            "column_1title": "",
            "column_1title_de": "",
            "column_1title_fr": "",
            "column_1description": "",
            "column_1description_de": "",
            "column_1description_fr": "",
            "column_2title": "",
            "column_2title_de": "",
            "column_2title_fr": "",
            "column_2description": "",
            "column_2description_de": "",
            "column_2description_fr": "",
            "column_3title": "",
            "column_3title_de": "",
            "column_3title_fr": "",
            "column_3description": "",
            "column_3description_de": "",
            "column_3description_fr": "",
            "column_4title": "",
            "column_4title_de": "",
            "column_4title_fr": "",
            "column_4description": "",
            "column_4description_de": "",
            "column_4description_fr": ""
          }
        }
      },
      "block_order": ["slide_HAh6BJ", "slide_TjyWBj"],
      "custom_css": [
        ".two-column-slide__content {width: 100%; max-width: 800px; flex-direction: column; justify-content: center; align-items: center;}",
        "@media (max-width: 768px) {.two-column-slide__heading {font-size: 34px !important; line-height: 40px !important; } .two-column-slide {background-image: none !important; min-height: 400px; } .two-column-slide__subheading_image_1 {top: 60px !important; left: 0 !important; } .two-column-slide__subheading_image_1b {width: 100px; }}"
      ],
      "settings": {
        "section_id": "",
        "mobile_font_size_heading": 40,
        "mobile_line_height_heading": 42,
        "mobile_font_size_text": 20,
        "mobile_line_height_text": 24,
        "mobile_slide_padding_top": 30
      }
    },
    "custom_two_colum_banner_7kgaJE": {
      "type": "custom-two-colum-banner",
      "blocks": {
        "slide_DnriaM": {
          "type": "slide",
          "settings": {
            "background_color": "#588b84",
            "background_size": "cover",
            "background_position": "center",
            "background_align_items": "center",
            "background_padding_top": 20,
            "background_padding_left": 20,
            "background_padding_right": 20,
            "background_padding_bottom": 20,
            "liquid_content": "",
            "title_1": "<p>Six-time price-performance winner:</p>",
            "title_1_de": "<p>Sechsmaliger Preis-Leistungs-Sieger:</p>",
            "title_1_fr": "<p>Six fois primé pour son rapport qualité-prix :</p>",
            "heading_color_1": "#000000",
            "heading_size_1": 24,
            "subheading_1": "",
            "subheading_1_de": "",
            "subheading_1_fr": "",
            "subheading_color_1": "#000000",
            "subheading_size_1": 16,
            "subheading_image_1_link": "shopify://pages/promotion",
            "subheading_image_1_width": 500,
            "subheading_image_1_position": "",
            "subheading_image_1b": "shopify://shop_images/Frame_208_e5de2c77-9bf3-464c-9cea-fcf183f865b2.png",
            "subheading_image_1b_position": "",
            "subheading_image_1b_link": "",
            "subheading_image_1b_width": 500,
            "title_2": "<p><strong>Six-time design award winner:</strong></p>",
            "title_2_de": "<p>Sechsmaliger Design-Preis-Gewinner:</p>",
            "title_2_fr": "<p>Six fois lauréat du prix du design<strong> :</strong></p>",
            "heading_color_2": "#000000",
            "heading_size_2": 24,
            "subheading_2": "",
            "subheading_2_de": "",
            "subheading_2_fr": "",
            "subheading_color_2": "#000000",
            "subheading_size_2": 16,
            "subheading_image_2": "shopify://shop_images/Group_373_32fe9ecc-1edf-4990-a82e-a89d6f9b3839.png",
            "subheading_image_2_position": "",
            "subheading_image_2_link": "",
            "subheading_image_2_width": 500,
            "collection": "",
            "button_label": "",
            "button_label_de": "",
            "button_label_fr": "",
            "link": "",
            "button_color": "#007bff",
            "button2_label": "",
            "button2_label_de": "",
            "button2_label_fr": "",
            "link2": "",
            "link2_de": "",
            "link2_fr": "",
            "button2_color": "#007bff",
            "button_text_color": "#ffffff",
            "column_1title": "",
            "column_1title_de": "",
            "column_1title_fr": "",
            "column_1description": "",
            "column_1description_de": "",
            "column_1description_fr": "",
            "column_2title": "",
            "column_2title_de": "",
            "column_2title_fr": "",
            "column_2description": "",
            "column_2description_de": "",
            "column_2description_fr": "",
            "column_3title": "",
            "column_3title_de": "",
            "column_3title_fr": "",
            "column_3description": "",
            "column_3description_de": "",
            "column_3description_fr": "",
            "column_4title": "",
            "column_4title_de": "",
            "column_4title_fr": "",
            "column_4description": "",
            "column_4description_de": "",
            "column_4description_fr": ""
          }
        },
        "slide_C7yrmJ": {
          "type": "slide",
          "settings": {
            "image": "shopify://shop_images/IMG_0686.png",
            "background_color": "#02283d",
            "background_size": "cover",
            "background_position": "center",
            "background_align_items": "center",
            "background_padding_top": 20,
            "background_padding_left": 20,
            "background_padding_right": 20,
            "background_padding_bottom": 20,
            "liquid_content": "",
            "title_1": "<p><strong>How to join the Promotion?</strong></p>",
            "title_1_de": "<p>Wie kann man an der Promotion teilnehmen?</p>",
            "title_1_fr": "<p>Comment participer à la promotion ?</p>",
            "heading_color_1": "#ffffff",
            "heading_size_1": 30,
            "subheading_1": "<ul><li>Visit the product page of your choice.</li><li>Choose your E-Bike's size and color, add your accessories or services, and then click “Add to Cart”.</li><li>Check out and follow our standard payment procedure.</li></ul>",
            "subheading_1_de": "<ul><li>Besuchen Sie die Produktseite Ihrer Wahl.</li><li>Wählen Sie die Größe und Farbe Ihres E-Bikes, fügen Sie Ihre Zubehörteile oder Dienstleistungen hinzu und klicken Sie dann auf \"In den Warenkorb\".</li><li>Gehen Sie zur Kasse und folgen Sie unserem normalen Zahlungsablauf.</li></ul>",
            "subheading_1_fr": "<ul><li>Visitez la page du produit de votre choix.</li><li>Sélectionnez la taille et la couleur de votre vélo électrique préféré, ajoutez vos accessoires ou services, puis cliquez sur \"Ajouter au panier\".</li><li>Procédez au paiement selon notre procédure standard.</li></ul>",
            "subheading_color_1": "#ffffff",
            "subheading_size_1": 16,
            "subheading_image_1_link": "",
            "subheading_image_1_position": "",
            "subheading_image_1b_position": "",
            "subheading_image_1b_link": "",
            "title_2": "",
            "title_2_de": "",
            "title_2_fr": "",
            "heading_color_2": "#000000",
            "heading_size_2": 24,
            "subheading_2": "",
            "subheading_2_de": "",
            "subheading_2_fr": "",
            "subheading_color_2": "#000000",
            "subheading_size_2": 16,
            "subheading_image_2_position": "",
            "subheading_image_2_link": "",
            "collection": "",
            "button_label": "",
            "button_label_de": "",
            "button_label_fr": "",
            "link": "",
            "button_color": "#007bff",
            "button2_label": "",
            "button2_label_de": "",
            "button2_label_fr": "",
            "link2": "",
            "link2_de": "",
            "link2_fr": "",
            "button2_color": "#007bff",
            "button_text_color": "#ffffff",
            "column_1title": "",
            "column_1title_de": "",
            "column_1title_fr": "",
            "column_1description": "",
            "column_1description_de": "",
            "column_1description_fr": "",
            "column_2title": "",
            "column_2title_de": "",
            "column_2title_fr": "",
            "column_2description": "",
            "column_2description_de": "",
            "column_2description_fr": "",
            "column_3title": "",
            "column_3title_de": "",
            "column_3title_fr": "",
            "column_3description": "",
            "column_3description_de": "",
            "column_3description_fr": "",
            "column_4title": "",
            "column_4title_de": "",
            "column_4title_fr": "",
            "column_4description": "",
            "column_4description_de": "",
            "column_4description_fr": ""
          }
        }
      },
      "block_order": ["slide_DnriaM", "slide_C7yrmJ"],
      "custom_css": ["ul,ol {margin: 0; padding: 0; list-style: disc;}"],
      "settings": {
        "section_id": "",
        "mobile_font_size_heading": 24,
        "mobile_line_height_heading": 26,
        "mobile_font_size_text": 16,
        "mobile_line_height_text": 20,
        "mobile_slide_padding_top": 30
      }
    },
    "custom_firework_video_KqXdaw": {
      "type": "custom_firework_video",
      "settings": {
        "mode": "row",
        "source": "manual",
        "manual_playlist_id": "oPNnja"
      }
    },
    "custom_two_colum_banner_9qPXQf": {
      "type": "custom-two-colum-banner",
      "blocks": {
        "slide_hLkKFr": {
          "type": "slide",
          "settings": {
            "image": "shopify://shop_images/HEPHA_Motiv_14_0304_b34dfe5f-e743-4b32-a89d-c6770663df00.jpg",
            "background_color": "rgba(0,0,0,0)",
            "background_size": "cover",
            "background_position": "top",
            "background_align_items": "center",
            "background_padding_top": 0,
            "background_padding_left": 0,
            "background_padding_right": 0,
            "background_padding_bottom": 0,
            "liquid_content": "",
            "title_1": "<p><strong>Spring Sale</strong></p>",
            "title_1_de": "<p><strong>Frühlingsaktion</strong></p>",
            "title_1_fr": "<p><strong>Vente de Printemps</strong></p>",
            "heading_color_1": "#ffffff",
            "heading_size_1": 60,
            "subheading_1": "",
            "subheading_1_de": "",
            "subheading_1_fr": "",
            "subheading_color_1": "#ffc741",
            "subheading_size_1": 0,
            "subheading_image_1_link": "",
            "subheading_image_1_position": "",
            "subheading_image_1b_position": "",
            "subheading_image_1b_link": "",
            "title_2": "",
            "title_2_de": "",
            "title_2_fr": "",
            "heading_color_2": "#ffffff",
            "heading_size_2": 30,
            "subheading_2": "<p>Discover Spring's Beauty with Savings on Hepha E-Bikes!<br/><strong>01.03.2025 - 31.03.2025</strong><br/>1,999 € for the Hepha Trekking 7 LTD Long Range, limited stock!</p>",
            "subheading_2_de": "<p>Entdecken Sie die Schönheit des Frühlings mit Ersparnissen bei Hepha E-Bikes!<br/><strong>01.03.2025 - 31.03.2025</strong><br/>1.999 € für das Hepha Trekking 7 LTD Long Range, begrenzter Vorrat!</p>",
            "subheading_2_fr": "<p>Découvrez la beauté du printemps avec des économies sur les vélos électriques Hepha !<br/><strong>01.03.2025 - 31.03.2025</strong><br/>1 999 € pour le Hepha Trekking 7 LTD Long Range, stock limité !</p>",
            "subheading_color_2": "#fafafa",
            "subheading_size_2": 18,
            "subheading_image_2_position": "",
            "subheading_image_2_link": "",
            "collection": "",
            "button_label": "",
            "button_label_de": "",
            "button_label_fr": "",
            "link": "",
            "button_color": "#007bff",
            "button2_label": "",
            "button2_label_de": "",
            "button2_label_fr": "",
            "link2": "",
            "link2_de": "",
            "link2_fr": "",
            "button2_color": "#007bff",
            "button_text_color": "#ffffff",
            "column_1title": "",
            "column_1title_de": "",
            "column_1title_fr": "",
            "column_1description": "",
            "column_1description_de": "",
            "column_1description_fr": "",
            "column_2title": "",
            "column_2title_de": "",
            "column_2title_fr": "",
            "column_2description": "",
            "column_2description_de": "",
            "column_2description_fr": "",
            "column_3title": "",
            "column_3title_de": "",
            "column_3title_fr": "",
            "column_3description": "",
            "column_3description_de": "",
            "column_3description_fr": "",
            "column_4title": "",
            "column_4title_de": "",
            "column_4title_fr": "",
            "column_4description": "",
            "column_4description_de": "",
            "column_4description_fr": ""
          }
        }
      },
      "block_order": ["slide_hLkKFr"],
      "disabled": true,
      "custom_css": [
        ".two-column-slide__content {width: 100%; max-width: 800px; display: flex; flex-direction: column; justify-content: center; align-items: center;}",
        ".two-column-slide__heading p,.two-column-slide__text p {margin: 0; text-align: center;}",
        "@media (max-width: 768px) {.two-column-slide__heading {font-size: 34px !important; line-height: 40px !important; } .two-column-slide__text {font-size: 13px !important; line-height: 20px !important; } .two-column-slide {background-position: 70% 0 !important; } .two-column-slide__content {margin-top: 120px; }}"
      ],
      "settings": {
        "section_id": "",
        "mobile_font_size_heading": 36,
        "mobile_line_height_heading": 24,
        "mobile_font_size_text": 30,
        "mobile_line_height_text": 24,
        "mobile_slide_padding_top": 30
      }
    },
    "custom_sale_tab_RkEyKe": {
      "type": "custom-sale-tab",
      "settings": {
        "title": "",
        "title_de": "",
        "title_fr": "",
        "product_source_trekking7ltd": "collection",
        "trekking7ltd_collection": "trekking-7-my23",
        "trekking7ltd_products": [],
        "product_source_trekking7": "custom",
        "trekking7_collection": "",
        "trekking7_products": [
          "4750xl-nr-bk-oe-pro-amparo",
          "ach-2-0-6ks-130-bk-adaptor-chain",
          "motor-upgrade-20nm",
          "hepha-708wh-battery-for-trekking-7"
        ],
        "show_description": true
      }
    },
    "collapsible_tabs_qETzUn": {
      "type": "collapsible-tabs",
      "blocks": {
        "question_RHawyY": {
          "type": "question",
          "settings": {
            "title": "Q: How much can I save in total on the Trekking 7 LTD Long Range?",
            "title_de": "F: Wieviel kann ich insgesamt beim Trekking 7 LTD Long Range sparen?",
            "title_fr": "Q : Combien puis-je économiser en tout sur le Trekking 7 LTD Long Range ?",
            "answer": "<p>A:  For the LTD Long Range model (RRP: €2,499), you get the following offers:</p><p>-€500:  Price discount, the final price is €1,999.</p>",
            "answer_de": "<p>A：Für das Modell LTD Long Range (UVP: 2.499 €) erhalten Sie folgende Angebote:</p><p>-500 €:  Preisrabatt, der Endpreis beträgt 1.999 €.</p>",
            "answer_fr": "<p>R :Pour le modèle LTD Long Range (PDSF : 2.499 €), vous bénéficiez des offres suivantes :</p><p>-500 € : Réduction de prix, le prix final est de 1.999 €.</p>",
            "liquid_content": "",
            "liquid_content_de": "",
            "liquid_content_fr": "",
            "answer_2": "",
            "answer_2_de": "",
            "answer_2_fr": ""
          }
        },
        "question_KyPrx4": {
          "type": "question",
          "settings": {
            "title": "Q: What discounts are available for the Trekking 7 LTD Ultra?",
            "title_de": "F: Welche Rabatte gibt es für das Trekking 7 LTD Ultra?",
            "title_fr": "Q : Quelles remises sont disponibles pour le Trekking 7 LTD Ultra ?",
            "answer": "<p>A: For the Trekking 7 LTD Ultra (RRP: €2,999), you get the following offers:</p><p>-€400:  Price discount, the final price is €2,599.</p>",
            "answer_de": "<p>A: Für das Trekking 7 LTD Ultra (UVP: 2.999 €) erhalten Sie folgende Angebote:</p><p>-400 €: Preisrabatt, der Endpreis beträgt 2.599 €.</p>",
            "answer_fr": "<p>R : Pour le Trekking 7 LTD Ultra (PDSF : 2.999 €), vous bénéficiez des offres suivantes :</p><p>-400 € : Réduction de prix, le prix final est de 2.599 €.</p>",
            "liquid_content": "",
            "liquid_content_de": "",
            "liquid_content_fr": "",
            "answer_2": "",
            "answer_2_de": "",
            "answer_2_fr": ""
          }
        },
        "question_awRpRT": {
          "type": "question",
          "settings": {
            "title": "Q: What discounts are available for the Trekking 7 SE Ultra?",
            "title_de": "F: Welche Rabatte gibt es für das Trekking 7 SE Ultra?",
            "title_fr": "Q : Quelles réductions sont disponibles pour le Trekking 7 SE Ultra ?",
            "answer": "<p>A: When purchasing the Trekking 7 SE Ultra, German customers receive a €400 discount and a free Alteos insurance package. Customers from France and Austria receive an additional €100 compensation on top of the €400 discount (please contact <a href=\"mailto:service@hepha.com\" title=\"mailto:service@hepha.com \">service@hepha.com</a> to get the discount code). Click <a href=\"/products/trekking-7-se-ultra\" title=\"Trekking 7 SE Ultra\">here</a> to learn more about the Hepha Trekking 7 SE.</p>",
            "answer_de": "<p>A: Beim Kauf des Trekking 7 SE Ultra erhalten deutsche Kunden einen Rabatt von 400 € und ein kostenloses Alteos-Versicherungspaket. Kunden aus Frankreich und Österreich erhalten zusätzlich zu dem Rabatt von 400 € weitere 100 € als Entschädigung (bitte kontaktieren Sie <a href=\"mailto:service@hepha.com\">service@hepha.com</a>, um den Rabattcode zu erhalten). Klicken Sie <a href=\"/products/trekking-7-se-ultra\" title=\"Trekking 7 SE Ultra\">hier</a>, um mehr über das Hepha Trekking 7 SE zu erfahren.</p>",
            "answer_fr": "<p>R : Lors de l'achat du Trekking 7 SE Ultra, les clients de France et d'Autriche reçoivent une compensation supplémentaire de 100 € en plus de la remise de 400 € (veuillez contacter <a href=\"mailto:service@hepha.com\">service@hepha.com</a> pour obtenir le code de réduction). Cliquez <a href=\"/products/trekking-7-se-ultra\" title=\"Trekking 7 SE Ultra\">ici</a> pour en savoir plus sur le Hepha Trekking 7 SE.</p>",
            "liquid_content": "",
            "liquid_content_de": "",
            "liquid_content_fr": "",
            "answer_2": "",
            "answer_2_de": "",
            "answer_2_fr": ""
          }
        },
        "question_9nk4ah": {
          "type": "question",
          "settings": {
            "title": "Q: What is the promotion period?",
            "title_de": "F: Was ist der Aktionszeitraum?",
            "title_fr": "Q : Quelle est la période de promotion ?",
            "answer": "<p>A: The promotion period is from March 1, 2025, to March 31, 2025.</p>",
            "answer_de": "<p>A: Der Aktionszeitraum ist vom 1. März 2025 bis zum 31. März 2025.</p>",
            "answer_fr": "<p>R : La période de promotion est du 1er mars 2025 au 31 mars 2025.</p>",
            "liquid_content": "",
            "liquid_content_de": "",
            "liquid_content_fr": "",
            "answer_2": "",
            "answer_2_de": "",
            "answer_2_fr": ""
          }
        },
        "question_XBJtyf": {
          "type": "question",
          "settings": {
            "title": "Q: Is the offer only valid on hepha.com?",
            "title_de": "F: Gilt das Angebot nur auf hepha.com?",
            "title_fr": "Q : L'offre est-elle valable uniquement sur hepha.com ?",
            "answer": "<p>A: This promotion is valid for both <a href=\"https://hepha.com/\" title=\"https://hepha.com\">hepha.com</a> and authorized dealers.</p><p>Orders placed on <a href=\"https://hepha.com/\" title=\"https://hepha.com\">hepha.com</a> are shipped by HEPHA GmbH.</p><p>If you wish to purchase from a dealer, please contact them directly for information on products and orders, as they will be happy to assist you.</p><p>Prices on Amazon are set by Amazon.</p>",
            "answer_de": "<p>A: Diese Werbeaktion gilt für <a href=\"https://hepha.com/de/pages/hepha.com\">hepha.com</a> und Händler.<br/><br/>Bestellungen auf <a href=\"https://hepha.com/de\" title=\"https://hepha.com/de\">hepha.com</a> werden von der HEPHA GmbH versendet.<br/><br/>Wenn Sie beim Händler kaufen möchten, wenden Sie sich bitte direkt an den Händler, um Informationen zu Produkten und Bestellungen zu erhalten. Sie werden Ihnen gerne weiterhelfen.<br/><br/>Die Preise auf der Amazon werden von Amazon festgelegt.</p>",
            "answer_fr": "<p>R : Cette promotion est valable à la fois sur hepha.com et chez les revendeurs. Les commandes sur <a href=\"https://hepha.com/fr-fr\" title=\"https://hepha.com/fr-fr\">hepha.com</a> sont expédiées par HEPHA GmbH. Si vous souhaitez acheter auprès d'un revendeur, veuillez contacter directement le revendeur pour obtenir des informations sur les produits et les commandes. Ils se feront un plaisir de vous aider. Les prix sur Amazon sont fixés par Amazon.</p>",
            "liquid_content": "",
            "liquid_content_de": "",
            "liquid_content_fr": "",
            "answer_2": "",
            "answer_2_de": "",
            "answer_2_fr": ""
          }
        },
        "question_ytzVBz": {
          "type": "question",
          "settings": {
            "title": "Q: What are the contents of the free Alteos Comfort Protection insurance package?",
            "title_de": "F: Was sind die Inhalte des kostenlosen Alteos Komfortschutz-Versicherungspakets?",
            "title_fr": "",
            "answer": "<p>A: Alteos Comfort Protection Benefits<br/><br/>- Up to 3 years of insurance coverage<br/>- Coverage for commercial use<br/>- Mobility protection<br/>- Coverage for theft, robbery, vandalism, and burglary<br/>- Theft protection for the battery and accessories<br/>- Coverage for material and manufacturing defects<br/>- Protection against operational errors<br/>- Coverage for damage due to falls, accidents, moisture, electronics, and natural forces<br/>- Wear and tear coverage for individual parts (excluding tires and brakes) up to €150 per year (Premium)<br/><br/>Click <a href=\"https://hepha.com/pages/versicherung\" target=\"_blank\" title=\"Alteos Versicherung\">here</a> to learn more about the Alteos Comfort Protection insurance package.</p>",
            "answer_de": "<p>A: Leistungen Alteos Komfortschutz<br/><br/>- bis 3 Jahre Versicherungsdauer<br/>- Gewerbliche Nutzung<br/>- Mobilitätsschutz<br/>- Diebstahl, Raub, Vandalismus, inkl. Einbruch<br/>- Diebstahl von Akku und Zubehör<br/>- Material- und Produktionsfehler<br/>- Bedienungsfehler<br/>- Schäden (durch Sturz, Unfall, Feuchtigkeit, Elektronik, Naturgewalten)<br/>- Verschleiß von Einzelteilen außer Reifen/Bremsen (Premium) bis 150 EUR pro Jahr<br/><br/>Klicken Sie <a href=\"https://hepha.com/de/pages/versicherung\" title=\"Alteos Versicherung\">hier</a>, um mehr über das Alteos Komfortschutz-Versicherungspaket zu erfahren.</p>",
            "answer_fr": "",
            "liquid_content": "",
            "liquid_content_de": "",
            "liquid_content_fr": "",
            "answer_2": "",
            "answer_2_de": "",
            "answer_2_fr": ""
          }
        },
        "question_bbRFXj": {
          "type": "question",
          "settings": {
            "title": "Q: How long is my bicycle insured?",
            "title_de": "F: Wie lange ist mein Fahrrad versichert?",
            "title_fr": "",
            "answer": "<p>A: The contract period for the Alteos Comfort Protection is 3 years and it ends automatically. Please be sure to keep all purchase receipts for your Hepha E-Bike for insurance purposes.</p>",
            "answer_de": "<p>A: Die Vertragslaufzeit für den Alteos Komfortschutz beträgt 3 Jahre und endet automatisch. Bitte bewahre alle Kaufbelege für dein Hepha E-Bike für den Versicherungsfall auf.</p>",
            "answer_fr": "",
            "liquid_content": "",
            "liquid_content_de": "",
            "liquid_content_fr": "",
            "answer_2": "",
            "answer_2_de": "",
            "answer_2_fr": ""
          }
        },
        "question_x8ARnP": {
          "type": "question",
          "settings": {
            "title": "Q: What are the differences between the HEPHA Trekking 7, HEPHA Trekking 7 LTD, and HEPHA Trekking 7 SE?",
            "title_de": "F: Welche Unterschiede gibt es zwischen dem HEPHA Trekking 7, HEPHA-Trekking 7 LTD und HEPHA-Trekking 7 SE?",
            "title_fr": "Q: Quelles sont les différences entre le HEPHA Trekking 7, le HEPHA Trekking 7 LTD et le HEPHA Trekking 7 SE ?",
            "answer": "<p>A: The HEPHA Trekking 7 is the latest version for the year 2024, while the HEPHA Trekking 7 LTD is a limited edition based on the MY23 model. Both the Trekking 7 LTD and the Trekking 7 are new products produced in 2024.</p><p>The frame design of the HEPHA Trekking 7 SE and Trekking 7 LTD is the same, but the drive unit is different.</p>",
            "answer_de": "<p>A: Das HEPHA Trekking 7 ist die neueste Version für das Jahr 2024, und das HEPHA Trekking 7 LTD ist eine limitierte Version, die auf dem Modell MY23 basiert. Sowohl das Trekking 7 LTD als auch das Trekking 7 sind Neuware, die 2024 produziert wurde.</p><p>Das Rahmendesign des HEPHA Trekking 7 SE und Trekking 7 LTD ist gleich, aber die Antriebseinheit ist unterschiedlich.</p>",
            "answer_fr": "<p>R : Le HEPHA Trekking 7 est la toute dernière série pour l'année 2024, tandis que le HEPHA Trekking 7 LTD est une série limitée basée sur le modèle MY23. Les modèles Trekking 7 LTD et Trekking 7 sont tous deux des produits neufs fabriqués en 2024.</p><p>Le design du cadre du HEPHA Trekking 7 SE est différent de celui du HEPHA Trekking 7, mais toutes les autres caractéristiques sont identiques.</p>",
            "liquid_content": "{% if request.locale.iso_code == 'de' %}\n<table border=\"1\" width=\"100%\">\n    <tr>\n        <th></th>\n        <th>Trekking 7 LTD</th>\n        <th>Trekking 7 SE</th>\n        <th>Trekking 7</th>\n    </tr>\n    <tr>\n        <td>Frame Design</td>\n        <td>2023</td>\n        <td>2023</td>\n        <td>2024</td>\n    </tr>\n    <tr>\n        <td>zul. Gesamtgewicht</td>\n        <td>130 KG</td>\n        <td>130 KG</td>\n        <td>150 KG</td>\n    </tr>\n    <tr>\n        <td>motor</td>\n        <td>HEPHA DU-P100</td>\n        <td>HEPHA P101C</td>\n        <td>HEPHA P101C</td>\n    </tr>\n    <tr>\n        <td>Akku</td>\n        <td>HEPHA BT-P100, 708Wh</td>\n        <td>HEPHA BT-100B, 708Wh/804Wh</td>\n        <td>HEPHA BT-100B, 708Wh/804Wh</td>\n    </tr>\n    <tr>\n        <td>display</td>\n        <td>HEPHA SC-P100 (2.8” Color), abnehmbar</td>\n        <td>Long Range: HEPHA SC-201 (1.96” Color), non-removable<br>Performance & Ultra: HEPHA SC-351 (3.50“ Color), unabnehmbar</td>\n        <td>Long Range: HEPHA SC-201 (1.96” Color), non-removable<br>Performance & Ultra: HEPHA SC-351 (3.50“ Color), unabnehmbar</td>\n    </tr>\n    <tr>\n        <td>Gepäckträger System</td>\n        <td>Long Range: CARRYMORE QR.<br>Ultra/Performance: CARRYMORE QR.</td>\n        <td>Long Range: CARRYMORE QR.<br>Ultra/Performance: MIK HD QR.</td>\n        <td>Long Range: CARRYMORE QR.<br>Ultra/Performance: MIK HD QR.</td>\n    </tr>\n    <tr>\n        <td>Frontlicht</td>\n        <td>30 Lux</td>\n        <td>50 Lux</td>\n        <td>50 Lux</td>\n    </tr>\n    <tr>\n        <td>Andere</td>\n        <td>auf dem Modell MY23 basiert</td>\n        <td>auf dem Modell MY24 basiert</td>\n        <td>auf dem Modell MY24 basiert</td>\n    </tr>\n</table>\n\n{% elsif request.locale.iso_code == 'fr' %}\n<table border=\"1\" width=\"100%\">\n    <tr>\n        <th></th>\n        <th>Trekking 7 LTD</th>\n        <th>Trekking 7 SE</th>\n        <th>Trekking 7</th>\n    </tr>\n    <tr>\n        <td>Design du cadre</td>\n        <td>2023</td>\n        <td>2023</td>\n        <td>2024</td>\n    </tr>\n    <tr>\n        <td>Poids total autorisé</td>\n        <td>130 KG</td>\n        <td>130 KG</td>\n        <td>150 KG</td>\n    </tr>\n    <tr>\n        <td>Moteur</td>\n        <td>HEPHA DU-P100</td>\n        <td>HEPHA P101C</td>\n        <td>HEPHA P101C</td>\n    </tr>\n    <tr>\n        <td>Batterie</td>\n        <td>HEPHA BT-P100, 708Wh</td>\n        <td>HEPHA BT-100B, 708Wh/804Wh</td>\n        <td>HEPHA BT-100B, 708Wh/804Wh</td>\n    </tr>\n    <tr>\n        <td>Écran</td>\n        <td>HEPHA SC-P100 (2.8” Couleur), amovible</td>\n        <td>Long Range: HEPHA SC-201 (1.96” Couleur), non amovible<br>Performance & Ultra: HEPHA SC-351 (3.50“ Couleur), non amovible</td>\n        <td>Long Range: HEPHA SC-201 (1.96” Couleur), non amovible<br>Performance & Ultra: HEPHA SC-351 (3.50“ Couleur), non amovible</td>\n    </tr>\n    <tr>\n        <td>Système de porte-bagages</td>\n        <td>Long Range: CARRYMORE QR.<br>Ultra/Performance: CARRYMORE QR.</td>\n        <td>Long Range: CARRYMORE QR.<br>Ultra/Performance: MIK HD QR.</td>\n        <td>Long Range: CARRYMORE QR.<br>Ultra/Performance: MIK HD QR.</td>\n    </tr>\n    <tr>\n        <td>Éclairage avant</td>\n        <td>30 Lux</td>\n        <td>50 Lux</td>\n        <td>50 Lux</td>\n    </tr>\n    <tr>\n        <td>Autres</td>\n        <td>Basé sur le modèle MY23</td>\n        <td>Basé sur le modèle MY24</td>\n        <td>Basé sur le modèle MY24</td>\n    </tr>\n</table>\n{% else %}\n<table border=\"1\" width=\"100%\">\n    <tr>\n        <th></th>\n        <th>Trekking 7 LTD</th>\n        <th>Trekking 7 SE</th>\n        <th>Trekking 7</th>\n    </tr>\n    <tr>\n        <td>Frame Design</td>\n        <td>2023</td>\n        <td>2023</td>\n        <td>2024</td>\n    </tr>\n    <tr>\n        <td>max. permissible weight</td>\n        <td>130 KG</td>\n        <td>130 KG</td>\n        <td>150 KG</td>\n    </tr>\n    <tr>\n        <td>motor</td>\n        <td>HEPHA DU-P100</td>\n        <td>HEPHA P101C</td>\n        <td>HEPHA P101C</td>\n    </tr>\n    <tr>\n        <td>battery</td>\n        <td>HEPHA BT-P100, 708Wh</td>\n        <td>HEPHA BT-100B, 708Wh/804Wh</td>\n        <td>HEPHA BT-100B, 708Wh/804Wh</td>\n    </tr>\n    <tr>\n        <td>display</td>\n        <td>HEPHA SC-P100 (2.8” Color), removable</td>\n        <td>Long Range: HEPHA SC-201 (1.96” Color), non-removable<br>Performance & Ultra: HEPHA SC-351 (3.50“ Color), non-removable</td>\n        <td>Long Range: HEPHA SC-201 (1.96” Color), non-removable<br>Performance & Ultra: HEPHA SC-351 (3.50“ Color), non-removable</td>\n    </tr>\n    <tr>\n        <td>carrier system</td>\n        <td>Long Range: CARRYMORE QR.<br>Ultra/Performance: CARRYMORE QR.</td>\n        <td>Long Range: CARRYMORE QR.<br>Ultra/Performance: MIK HD QR.</td>\n        <td>Long Range: CARRYMORE QR.<br>Ultra/Performance: MIK HD QR.</td>\n    </tr>\n    <tr>\n        <td>front light</td>\n        <td>30 Lux</td>\n        <td>50 Lux</td>\n        <td>50 Lux</td>\n    </tr>\n    <tr>\n        <td>others</td>\n        <td>based on the MY23 model</td>\n        <td>based on the MY24 model</td>\n        <td>based on the MY24 model</td>\n    </tr>\n</table>\n{% endif %}",
            "liquid_content_de": "",
            "liquid_content_fr": "",
            "answer_2": "",
            "answer_2_de": "",
            "answer_2_fr": ""
          }
        },
        "question_y3KgTG": {
          "type": "question",
          "settings": {
            "title": "Q: What are the advantages of a 100 Nm motor compared with an 80 Nm motor?",
            "title_de": "F: Welche Vorteile hat ein Motor mit 100 Nm im Vergleich zu einem Motor mit 80 Nm?",
            "title_fr": "Q : Quels sont les avantages d'un moteur de 100 Nm par rapport à un moteur de 80 Nm ?",
            "answer": "<p>A: Advantages of the 100 Nm motor<br/><br/>Greater Power: With higher torque, the 100 Nm motor provides more powerful output, offering faster acceleration and better climbing ability.<br/><br/>Smoother Riding Experience: The 100 Nm motor delivers a smoother riding experience, especially in situations requiring more power during starts, climbs, and rides.<br/><br/>Suitable for Mountain Riding: It is more suitable for mountain biking or handling complex terrains due to its ability to tackle challenges effectively.<br/><br/>Increased Security: No matter where you're riding the e-bike, the motor will ensure sufficient support to reach a stable basic speed. This ensures a safer lane and reduces the risk of tipping.</p>",
            "answer_de": "<p>A: Vorteile des 100-Nm-Motors:<br/>- Höhere Leistung: Mit einem höheren Drehmoment bietet der 100-Nm-Motor eine stärkere Leistung, die eine schnellere Beschleunigung und bessere Steigfähigkeit ermöglicht.<br/>- Sanfteres Fahrgefühl: Der 100-Nm-Motor sorgt für ein sanfteres Fahrgefühl, insbesondere in Situationen, die mehr Leistung beim Anfahren, Bergauffahren und Fahren erfordern.<br/>- Geeignet für Mountainbiking: Er ist besser geeignet für das Mountainbiken oder die Bewältigung komplexer Gelände aufgrund seiner Fähigkeit, Herausforderungen effektiv zu bewältigen.</p>",
            "answer_fr": "<p>R : Avantages du moteur 100 Nm :<br/><br/>- Plus de puissance : Avec un couple plus élevé, le moteur de 100 Nm fournit une sortie plus puissante, offrant une accélération plus rapide et une meilleure capacité de montée.<br/>- Une expérience de conduite plus douce : Le moteur de 100 Nm offre une expérience de conduite plus souple, en particulier dans les situations nécessitant plus de puissance lors des démarrages, des montées et des randonnées.<br/>- Adapté à la pratique du VTT : Il est plus adapté au VTT ou à la gestion de terrains complexes grâce à sa capacité à relever efficacement les défis.<br/>- Sécurité accrue : Quel que soit l'endroit où vous conduisez le vélo électrique, le moteur veille à vous fournir une assistance suffisante pour atteindre une vitesse de base stable, garantissant une trajectoire plus sûre et réduisant le risque de basculement.<br/>- Efficacité énergétique : Comparé au moteur de 100 Nm, le moteur de 80 Nm peut consommer moins d'énergie de la batterie dans des conditions de conduite similaires, ce qui augmente l'autonomie.</p>",
            "liquid_content": "",
            "liquid_content_de": "",
            "liquid_content_fr": "",
            "answer_2": "",
            "answer_2_de": "",
            "answer_2_fr": ""
          }
        },
        "question_QGJegJ": {
          "type": "question",
          "settings": {
            "title": "Q: How do I know the motor torque of my HEPHA E-Bike?",
            "title_de": "F: Wie kann ich das Motordrehmoment meines Hepha E-Bikes ermitteln?",
            "title_fr": "Q : Comment puis-je connaître le couple moteur de mon Hepha E-Bike ?",
            "answer": "<p>A: You can find the torque of your HEPHA E-Bike motor within the HEPHA App on the \"My E-Bike\" page.</p>",
            "answer_de": "<p>A: Innerhalb der HEPHA App auf der Seite \"Mein E-Bike\" können Sie das Drehmoment Ihres E-Bike Motors ablesen.</p>",
            "answer_fr": "<p>R : Dans l'application HEPHA, sur la page \"My E-Bike\", vous pouvez trouver le couple du moteur de votre E-Bike.</p>",
            "liquid_content": "",
            "liquid_content_de": "",
            "liquid_content_fr": "",
            "answer_2": "",
            "answer_2_de": "",
            "answer_2_fr": ""
          }
        }
      },
      "block_order": [
        "question_RHawyY",
        "question_KyPrx4",
        "question_awRpRT",
        "question_9nk4ah",
        "question_XBJtyf",
        "question_ytzVBz",
        "question_bbRFXj",
        "question_x8ARnP",
        "question_y3KgTG",
        "question_QGJegJ"
      ],
      "custom_css": [
        ".collapsible-tabs {max-width: 1100px;}",
        ".collapsible-tabs__heading {text-align: center;}"
      ],
      "settings": { "title": "FAQ", "title_de": "FAQ", "title_fr": "FAQ" }
    }
  },
  "order": [
    "custom_two_colum_banner_AfY3FJ",
    "custom_two_colum_banner_7kgaJE",
    "custom_firework_video_KqXdaw",
    "custom_two_colum_banner_9qPXQf",
    "custom_sale_tab_RkEyKe",
    "collapsible_tabs_qETzUn"
  ]
}
