{
  "sections": {
    "main": {
      "type": "main-page",
      "disabled": true,
      "settings": { "show_page_title": true, "full_width": true }
    },
    "custom_textarea_9XWaQf": {
      "type": "custom_textarea",
      "custom_css": [
        ".custom-tab-container {margin-bottom: 0px !important; padding: 0 !important;}",
        ".custom-text-area {justify-content: center; text-align: center; padding: 60px 0 0 0;}",
        ".description-and-items {text-align: center; justify-content: center;}"
      ],
      "settings": {
        "section_title": "Download",
        "section_title_de": "Herunterladen",
        "section_title_fr": "Télécharger",
        "section_title_fi": "Ladattava materiaali",
        "text_description": "Find all the manuals you need.",
        "text_description_de": "Finden Sie alle benötigten Bedienungsanleitungen.",
        "text_description_fr": "Trouvez tous les manuels dont vous avez besoin.",
        "text_description_fi": "Täältä saat ladattua tarvitsemasi käyttöohjeet ja tekniset tiedot.",
        "title_font_size": 40,
        "text_font_size": 18,
        "show_item_list": true,
        "layout": "title_above",
        "item_font_size": 16,
        "custom_icon": "solid_dot"
      }
    },
    "collapsible_tab_9AMgAj": {
      "type": "collapsible_tab",
      "blocks": {
        "panel_B8CMRy": {
          "type": "panel",
          "settings": {
            "title": "HEPHA Trekking 7 & Mountain 7 User Manual",
            "title_de": "HEPHA Trekking 7 & Mountain 7 Benutzerhandbuch",
            "title_fr": "Manuel d'utilisation HEPHA Trekking 7 et Mountain 7",
            "title_fi": "HEPHA Trekking 7 & Mountain 7 - Käyttöohje",
            "content_1": "<p><a href=\"https://cdn.shopify.com/s/files/1/0560/0080/6985/files/Hepha_Trekking_7_User_Manual-_99_Pre-assembled_8b27a223-518c-4434-90c6-50a610afd455.pdf?v=1696842918\" target=\"_blank\" title=\"Download the HEPHA Trekking 7 User Manual\">99% Pre-assembled: Download User Manual</a></p>",
            "content_1_de": "<p><a href=\"https://cdn.shopify.com/s/files/1/0560/0080/6985/files/Hepha_Trekking_7_User_Manual-_99_Pre-assembled_8b27a223-518c-4434-90c6-50a610afd455.pdf?v=1696842918\" title=\"HEPHA Trekking 7 Benutzerhandbuch herunterladen\">99% vormontiert: Benutzerhandbuch herunterladen</a></p>",
            "content_1_fr": "<p><a href=\"https://cdn.shopify.com/s/files/1/0560/0080/6985/files/Hepha_Trekking_7_User_Manual-_99_Pre-assembled_8b27a223-518c-4434-90c6-50a610afd455.pdf?v=1696842918\" target=\"_blank\" title=\"Télécharger le Manuel d'utilisation HEPHA Trekking 7\">99% pré-assemblé : Télécharger le Manuel d'utilisation</a></p>",
            "content_1_fi": "<p><a href=\"https://cdn.shopify.com/s/files/1/0560/0080/6985/files/Hepha_Trekking_7_User_Manual-_99_Pre-assembled_8b27a223-518c-4434-90c6-50a610afd455.pdf?v=1696842918\" target=\"_blank\" title=\"Lataa HEPHA Trekking 7 käyttöohje\">99% Esikoottu: Lataa käyttöohje</a></p>",
            "content_2": "",
            "content_2_de": "",
            "content_2_fr": "",
            "content_2_fi": "",
            "content_3": "",
            "content_3_de": "",
            "content_3_fr": "",
            "content_3_fi": "",
            "content_4": "",
            "content_4_de": "",
            "content_4_fr": "",
            "content_4_fi": "",
            "content_5": "",
            "content_5_de": "",
            "content_5_fr": "",
            "content_5_fi": "",
            "content_6": "",
            "content_6_de": "",
            "content_6_fr": "",
            "content_6_fi": ""
          }
        },
        "panel_9tWLTD": {
          "type": "panel",
          "settings": {
            "title": "HEPHA Trekking 7 LTD User Manual",
            "title_de": "HEPHA Trekking 7 LTD Benutzerhandbuch",
            "title_fr": "Manuel d'utilisation de HEPHA Trekking 7 LTD",
            "title_fi": "HEPHA Trekking 7 LTD - Käyttöohje",
            "content_1": "<p><a href=\"https://cdn.shopify.com/s/files/1/0560/0080/6985/files/Trekking_7.pdf?v=1655545428\" target=\"_blank\" title=\"Download the 85% Pre-assembled User Manual\">85% Pre-assembled: Download User Manual</a></p><p><a href=\"https://cdn.shopify.com/s/files/1/0560/0080/6985/files/Hepha_Trekking_7_User_Manual-_99_Pre-assembled_8b27a223-518c-4434-90c6-50a610afd455.pdf?v=1696842918\" target=\"_blank\" title=\"Download the 99% Pre-assembled User Manual\">99% Pre-assembled: Download User Manual</a></p>",
            "content_1_de": "<p><a href=\"https://cdn.shopify.com/s/files/1/0560/0080/6985/files/Trekking_7.pdf?v=1655545428\" target=\"_blank\" title=\"HEPHA Trekking 7 Benutzerhandbuch herunterladen\">85% vormontiert: Benutzerhandbuch herunterladen</a></p><p><a href=\"https://cdn.shopify.com/s/files/1/0560/0080/6985/files/Hepha_Trekking_7_User_Manual-_99_Pre-assembled_8b27a223-518c-4434-90c6-50a610afd455.pdf?v=1696842918\" target=\"_blank\" title=\"HEPHA Trekking 7 Benutzerhandbuch herunterladen\">99% vormontiert: Benutzerhandbuch herunterladen</a></p>",
            "content_1_fr": "<p><a href=\"https://cdn.shopify.com/s/files/1/0560/0080/6985/files/Trekking_7.pdf?v=1655545428\" target=\"_blank\" title=\"Télécharger le Manuel d'utilisation HEPHA Trekking 7 à 85% pré-assemblé\">85% pré-assemblé : Télécharger le Manuel</a></p><p><a href=\"https://cdn.shopify.com/s/files/1/0560/0080/6985/files/Hepha_Trekking_7_User_Manual-_99_Pre-assembled_8b27a223-518c-4434-90c6-50a610afd455.pdf?v=1696842918\" target=\"_blank\" title=\"Télécharger le Manuel d'utilisation HEPHA Trekking 7 à 99% pré-assemblé\">99% pré-assemblé : Télécharger le Manuel</a></p>",
            "content_1_fi": "<p><a href=\"https://cdn.shopify.com/s/files/1/0560/0080/6985/files/Trekking_7.pdf?v=1655545428\" target=\"_blank\" title=\"Lataa 85% Esikoottu käyttöohje\">85% Esikoottu: Lataa käyttöohje</a></p><p><a href=\"https://cdn.shopify.com/s/files/1/0560/0080/6985/files/Hepha_Trekking_7_User_Manual-_99_Pre-assembled_8b27a223-518c-4434-90c6-50a610afd455.pdf?v=1696842918\" target=\"_blank\" title=\"Lataa 99% Esikoottu käyttöohje\">99% Esikoottu: Lataa käyttöohje</a></p>",
            "content_2": "",
            "content_2_de": "",
            "content_2_fr": "",
            "content_2_fi": "",
            "content_3": "",
            "content_3_de": "",
            "content_3_fr": "",
            "content_3_fi": "",
            "content_4": "",
            "content_4_de": "",
            "content_4_fr": "",
            "content_4_fi": "",
            "content_5": "",
            "content_5_de": "",
            "content_5_fr": "",
            "content_5_fi": "",
            "content_6": "",
            "content_6_de": "",
            "content_6_fr": "",
            "content_6_fi": ""
          }
        },
        "panel_99NhqH": {
          "type": "panel",
          "settings": {
            "title": "HEPHA Trekking 7 Display User Manual",
            "title_de": "HEPHA Trekking 7 Display Benutzerhandbuch",
            "title_fr": "Manuel d'utilisation de l'écran HEPHA Trekking 7",
            "title_fi": "HEPHA Trekking 7 Näyttö - Käyttöohje",
            "content_1": "<p><a href=\"https://cdn.shopify.com/s/files/1/0560/0080/6985/files/Hepha_Display_Manual_German.pdf?v=1720678775\" target=\"_blank\" title=\"Download the HEPHA Trekking 7 Display Manual in German\">Download - German</a></p><p><a href=\"https://cdn.shopify.com/s/files/1/0560/0080/6985/files/Hepha_Display_Manual_French.pdf?v=1720678784\" target=\"_blank\" title=\"Download the HEPHA Trekking 7 Display Manual in French\">Download - French</a></p><p><a href=\"https://cdn.shopify.com/s/files/1/0560/0080/6985/files/Hepha_Trekking_7_Display_Manual_EN.pdf?v=1718957990\" target=\"_blank\" title=\"Download the HEPHA Trekking 7 Display Manual in English\">Download - English</a></p>",
            "content_1_de": "<p><a href=\"https://cdn.shopify.com/s/files/1/0560/0080/6985/files/Hepha_Display_Manual_German.pdf?v=1720678775\" target=\"_blank\" title=\"HEPHA Trekking 7 Display Benutzerhandbuch auf Deutsch herunterladen\">Download - Deutsch</a></p><p><a href=\"https://cdn.shopify.com/s/files/1/0560/0080/6985/files/Hepha_Display_Manual_French.pdf?v=1720678784\" target=\"_blank\" title=\"HEPHA Trekking 7 Display Benutzerhandbuch auf Französisch herunterladen\">Download - Französisch</a></p><p><a href=\"https://cdn.shopify.com/s/files/1/0560/0080/6985/files/Hepha_Trekking_7_Display_Manual_EN.pdf?v=1718957990\" target=\"_blank\" title=\"HEPHA Trekking 7 Display Benutzerhandbuch auf Englisch herunterladen\">Download - Englisch</a></p>",
            "content_1_fr": "<p><a href=\"https://cdn.shopify.com/s/files/1/0560/0080/6985/files/Hepha_Display_Manual_German.pdf?v=1720678775\" target=\"_blank\" title=\"Télécharger le Manuel d'utilisation de l'écran HEPHA Trekking 7 en Allemand\">Télécharger - Allemand</a></p><p><a href=\"https://cdn.shopify.com/s/files/1/0560/0080/6985/files/Hepha_Display_Manual_French.pdf?v=1720678784\" target=\"_blank\" title=\"Télécharger le Manuel d'utilisation de l'écran HEPHA Trekking 7 en Français\">Télécharger - Français</a></p><p><a href=\"https://cdn.shopify.com/s/files/1/0560/0080/6985/files/Hepha_Trekking_7_Display_Manual_EN.pdf?v=1718957990\" target=\"_blank\" title=\"Télécharger le Manuel d'utilisation de l'écran HEPHA Trekking 7 en Anglais\">Télécharger - anglais</a></p>",
            "content_1_fi": "<p><a href=\"https://cdn.shopify.com/s/files/1/0560/0080/6985/files/Hepha_Display_Manual_German.pdf?v=1720678775\" target=\"_blank\" title=\"Lataa HEPHA Trekking 7 Näyttö - Käyttöohje saksaksi\">Lataa - Saksa</a></p><p><a href=\"https://cdn.shopify.com/s/files/1/0560/0080/6985/files/Hepha_Display_Manual_French.pdf?v=1720678784\" target=\"_blank\" title=\"Lataa HEPHA Trekking 7 Näyttö - Käyttöohje ranskaksi\">Lataa - Ranska</a></p><p><a href=\"https://cdn.shopify.com/s/files/1/0560/0080/6985/files/Hepha_Trekking_7_Display_Manual_EN.pdf?v=1718957990\" target=\"_blank\" title=\"Lataa HEPHA Trekking 7 Näyttö - Käyttöohje englanniksi\">Lataa - Englanti</a></p>",
            "content_2": "",
            "content_2_de": "",
            "content_2_fr": "",
            "content_2_fi": "",
            "content_3": "",
            "content_3_de": "",
            "content_3_fr": "",
            "content_3_fi": "",
            "content_4": "",
            "content_4_de": "",
            "content_4_fr": "",
            "content_4_fi": "",
            "content_5": "",
            "content_5_de": "",
            "content_5_fr": "",
            "content_5_fi": "",
            "content_6": "",
            "content_6_de": "",
            "content_6_fr": "",
            "content_6_fi": ""
          }
        },
        "panel_BMydVc": {
          "type": "panel",
          "settings": {
            "title": "HEPHA Trekking 7 LTD Display User Manual",
            "title_de": "HEPHA Trekking 7 LTD Display Benutzerhandbuch",
            "title_fr": "Manuel d'utilisation de HEPHA Trekking 7 LTD Display",
            "title_fi": "HEPHA Trekking 7 LTD Näyttö - Käyttöohje",
            "content_1": "<p><a href=\"https://cdn.shopify.com/s/files/1/0560/0080/6985/files/Trekking_7_LTD_Display_User_Manual.pdf?v=1722318858\" target=\"_blank\" title=\"Download the HEPHA Trekking 7 LTD Display User Manual\">Download User Manual</a></p>",
            "content_1_de": "<p><a href=\"https://cdn.shopify.com/s/files/1/0560/0080/6985/files/Trekking_7_LTD_Display_User_Manual.pdf?v=1722318858\" target=\"_blank\" title=\"HEPHA Trekking 7 LTD Display Benutzerhandbuch herunterladen\">Herunterladen Benutzerhandbuch</a></p>",
            "content_1_fr": "<p><a href=\"https://cdn.shopify.com/s/files/1/0560/0080/6985/files/Trekking_7_LTD_Display_User_Manual.pdf?v=1722318858\" target=\"_blank\" title=\"Télécharger le Manuel d'utilisation de l'écran HEPHA Trekking 7 LTD\">Télécharger le Manuel</a></p>",
            "content_1_fi": "<p><a href=\"https://cdn.shopify.com/s/files/1/0560/0080/6985/files/Trekking_7_LTD_Display_User_Manual.pdf?v=1722318858\" target=\"_blank\" title=\"Lataa HEPHA Trekking 7 LTD Näyttö - Käyttöohje\">Lataa käyttöohje</a></p>",
            "content_2": "",
            "content_2_de": "",
            "content_2_fr": "",
            "content_2_fi": "",
            "content_3": "",
            "content_3_de": "",
            "content_3_fr": "",
            "content_3_fi": "",
            "content_4": "",
            "content_4_de": "",
            "content_4_fr": "",
            "content_4_fi": "",
            "content_5": "",
            "content_5_de": "",
            "content_5_fr": "",
            "content_5_fi": "",
            "content_6": "",
            "content_6_de": "",
            "content_6_fr": "",
            "content_6_fi": ""
          }
        },
        "panel_meCLjd": {
          "type": "panel",
          "settings": {
            "title": "HEPHA Trekking 7 LTD Specification Sheets",
            "title_de": "HEPHA Trekking 7 LTD Spezifikationsblätter",
            "title_fr": "Fiches techniques du HEPHA Trekking 7 LTD",
            "title_fi": "HEPHA Trekking 7 LTD - Tekniset Tiedot",
            "content_1": "<p><a href=\"https://cdn.shopify.com/s/files/1/0560/0080/6985/files/Trekking7-Longrange-Low_step.pdf?v=1687843977\" target=\"_blank\" title=\"Download the Trekking 7 LTD Longrange Lowstep Specification Sheet\">Trekking 7 LTD Longrange Lowstep</a></p><p><a href=\"https://cdn.shopify.com/s/files/1/0560/0080/6985/files/Trekking7-Longrange-High_step.pdf?v=1687838244\" target=\"_blank\" title=\"Download the Trekking 7 LTD Longrange Highstep Specification Sheet\">Trekking 7 LTD Longrange Highstep</a></p><p><a href=\"https://cdn.shopify.com/s/files/1/0560/0080/6985/files/Trekking7-Performance-Low_step.pdf?v=1687844999\" target=\"_blank\" title=\"Download the Trekking 7 LTD Performance Lowstep Specification Sheet\">Trekking 7 LTD Performance Lowstep</a></p><p><a href=\"https://cdn.shopify.com/s/files/1/0560/0080/6985/files/Trekking7-Performance-High_step.pdf?v=1687844758\" target=\"_blank\" title=\"Download the Trekking 7 LTD Performance Highstep Specification Sheet\">Trekking 7 LTD Performance Highstep</a></p><p><a href=\"https://cdn.shopify.com/s/files/1/0560/0080/6985/files/Trekking7-Ultra-Low_step.pdf?v=1687845248\" target=\"_blank\" title=\"Download the Trekking 7 LTD Ultra Lowstep Specification Sheet\">Trekking 7 LTD Ultra Lowstep</a></p><p><a href=\"https://cdn.shopify.com/s/files/1/0560/0080/6985/files/Trekking7-Ultra-High_step.pdf?v=1687845247\" target=\"_blank\" title=\"Download the Trekking 7 LTD Ultra Highstep Specification Sheet\">Trekking 7 LTD Ultra Highstep</a></p>",
            "content_1_de": "<p><a href=\"https://cdn.shopify.com/s/files/1/0560/0080/6985/files/Trekking7-Longrange-Low_step.pdf?v=1687843977\" target=\"_blank\" title=\"HEPHA Trekking 7 LTD Longrange Lowstep Spezifikationsblatt herunterladen\">Trekking 7 LTD Longrange Lowstep</a></p><p><a href=\"https://cdn.shopify.com/s/files/1/0560/0080/6985/files/Trekking7-Longrange-High_step.pdf?v=1687838244\" target=\"_blank\" title=\"HEPHA Trekking 7 LTD Longrange Highstep Spezifikationsblatt herunterladen\">Trekking 7 LTD Longrange Highstep</a></p><p><a href=\"https://cdn.shopify.com/s/files/1/0560/0080/6985/files/Trekking7-Performance-Low_step.pdf?v=1687844999\" target=\"_blank\" title=\"HEPHA Trekking 7 LTD Performance Lowstep Spezifikationsblatt herunterladen\">Trekking 7 LTD Performance Lowstep</a></p><p><a href=\"https://cdn.shopify.com/s/files/1/0560/0080/6985/files/Trekking7-Performance-High_step.pdf?v=1687844758\" target=\"_blank\" title=\"HEPHA Trekking 7 LTD Performance Highstep Spezifikationsblatt herunterladen\">Trekking 7 LTD Performance Highstep</a></p><p><a href=\"https://cdn.shopify.com/s/files/1/0560/0080/6985/files/Trekking7-Ultra-Low_step.pdf?v=1687845248\" target=\"_blank\" title=\"HEPHA Trekking 7 LTD Ultra Lowstep Spezifikationsblatt herunterladen\">Trekking 7 LTD Ultra Lowstep</a></p><p><a href=\"https://cdn.shopify.com/s/files/1/0560/0080/6985/files/Trekking7-Ultra-High_step.pdf?v=1687845247\" target=\"_blank\" title=\"HEPHA Trekking 7 LTD Ultra Highstep Spezifikationsblatt herunterladen\">Trekking 7 LTD Ultra Highstep</a></p>",
            "content_1_fr": "<p><a href=\"https://cdn.shopify.com/s/files/1/0560/0080/6985/files/Trekking7-Longrange-Low_step.pdf?v=1687843977\" target=\"_blank\" title=\"Télécharger la fiche technique du Trekking 7 LTD Longrange Lowstep\">Trekking 7 LTD Longrange Lowstep</a></p><p><a href=\"https://cdn.shopify.com/s/files/1/0560/0080/6985/files/Trekking7-Longrange-High_step.pdf?v=1687838244\" target=\"_blank\" title=\"Télécharger la fiche technique du Trekking 7 LTD Longrange Highstep\">Trekking 7 LTD Longrange Highstep</a></p><p><a href=\"https://cdn.shopify.com/s/files/1/0560/0080/6985/files/Trekking7-Performance-Low_step.pdf?v=1687844999\" target=\"_blank\" title=\"Télécharger la fiche technique du Trekking 7 LTD Performance Lowstep\">Trekking 7 LTD Performance Lowstep</a></p><p><a href=\"https://cdn.shopify.com/s/files/1/0560/0080/6985/files/Trekking7-Performance-High_step.pdf?v=1687844758\" target=\"_blank\" title=\"Télécharger la fiche technique du Trekking 7 LTD Performance Highstep\">Trekking 7 LTD Performance Highstep</a></p><p><a href=\"https://cdn.shopify.com/s/files/1/0560/0080/6985/files/Trekking7-Ultra-Low_step.pdf?v=1687845248\" target=\"_blank\" title=\"Télécharger la fiche technique du Trekking 7 LTD Ultra Lowstep\">Trekking 7 LTD Ultra Lowstep</a></p><p><a href=\"https://cdn.shopify.com/s/files/1/0560/0080/6985/files/Trekking7-Ultra-High_step.pdf?v=1687845247\" target=\"_blank\" title=\"Télécharger la fiche technique du Trekking 7 LTD Ultra Highstep\">Trekking 7 LTD Ultra Highstep</a></p>",
            "content_1_fi": "<p><a href=\"https://cdn.shopify.com/s/files/1/0560/0080/6985/files/Trekking7-Longrange-Low_step.pdf?v=1687843977\" target=\"_blank\" title=\"Lataa Trekking 7 LTD Longrange Lowstep -tietosheet\">Trekking 7 LTD Longrange Lowstep</a></p><p><a href=\"https://cdn.shopify.com/s/files/1/0560/0080/6985/files/Trekking7-Longrange-High_step.pdf?v=1687838244\" target=\"_blank\" title=\"Lataa Trekking 7 LTD Longrange Highstep -tietosheet\">Trekking 7 LTD Longrange Highstep</a></p><p><a href=\"https://cdn.shopify.com/s/files/1/0560/0080/6985/files/Trekking7-Performance-Low_step.pdf?v=1687844999\" target=\"_blank\" title=\"Lataa Trekking 7 LTD Performance Lowstep -tietosheet\">Trekking 7 LTD Performance Lowstep</a></p><p><a href=\"https://cdn.shopify.com/s/files/1/0560/0080/6985/files/Trekking7-Performance-High_step.pdf?v=1687844758\" target=\"_blank\" title=\"Lataa Trekking 7 LTD Performance Highstep -tietosheet\">Trekking 7 LTD Performance Highstep</a></p><p><a href=\"https://cdn.shopify.com/s/files/1/0560/0080/6985/files/Trekking7-Ultra-Low_step.pdf?v=1687845248\" target=\"_blank\" title=\"Lataa Trekking 7 LTD Ultra Lowstep -tietosheet\">Trekking 7 LTD Ultra Lowstep</a></p><p><a href=\"https://cdn.shopify.com/s/files/1/0560/0080/6985/files/Trekking7-Ultra-High_step.pdf?v=1687845247\" target=\"_blank\" title=\"Lataa Trekking 7 LTD Ultra Highstep -tietosheet\">Trekking 7 LTD Ultra Highstep</a></p>",
            "content_2": "",
            "content_2_de": "",
            "content_2_fr": "",
            "content_2_fi": "",
            "content_3": "",
            "content_3_de": "",
            "content_3_fr": "",
            "content_3_fi": "",
            "content_4": "",
            "content_4_de": "",
            "content_4_fr": "",
            "content_4_fi": "",
            "content_5": "",
            "content_5_de": "",
            "content_5_fr": "",
            "content_5_fi": "",
            "content_6": "",
            "content_6_de": "",
            "content_6_fr": "",
            "content_6_fi": ""
          }
        },
        "panel_wcBkir": {
          "type": "panel",
          "disabled": true,
          "settings": {
            "title": "HEPHA 2025 - Specification Sheets",
            "title_de": "HEPHA 2025 - Spezifikationsblätter",
            "title_fr": "HEPHA 2025 - Fiches techniques",
            "title_fi": "Hepha 2025 - Tekniset Tiedot",
            "content_1": "<p><strong>All Mountain 7 Carbon</strong></p><p><a href=\"https://cdn.shopify.com/s/files/1/0560/0080/6985/files/2025_Specsheets_AllMountain7_Ultra.pdf?v=1731922670\" target=\"_blank\" title=\"Download the All Mountain 7 Carbon Ultra Specification Sheet\">All Mountain 7 Carbon Ultra</a></p><p><a href=\"https://cdn.shopify.com/s/files/1/0560/0080/6985/files/2025_Specsheets_AllMountain7-Performance.pdf?v=1731922671\" target=\"_blank\" title=\"Download the All Mountain 7 Carbon Performance Specification Sheet\">All Mountain 7 Carbon Performance</a></p><p><a href=\"https://cdn.shopify.com/s/files/1/0560/0080/6985/files/2025_Specsheets_AllMountain7-LongRange.pdf?v=1731922670\" target=\"_blank\" title=\"Download the All Mountain 7 Carbon Long Range Specification Sheet\">All Mountain 7 Carbon Long Range</a></p><p><a href=\"https://cdn.shopify.com/s/files/1/0560/0080/6985/files/2025_Specsheets_AllMountain7-Limited.pdf?v=1731922670\" target=\"_blank\" title=\"Download the All Mountain 7 Carbon Limited Specification Sheet\">All Mountain 7 Carbon Limited</a></p><p><strong>Mountain 7</strong></p><p><a href=\"https://cdn.shopify.com/s/files/1/0560/0080/6985/files/2025_Specsheets_Mountain7_Ultra.pdf?v=1731922671\" target=\"_blank\" title=\"Download the Mountain 7 Ultra Specification Sheet\">Mountain 7 Ultra</a></p><p><a href=\"https://cdn.shopify.com/s/files/1/0560/0080/6985/files/2025_Specsheets_Mountain7-Performance.pdf?v=1731922671\" target=\"_blank\" title=\"Download the Mountain 7 Performance Specification Sheet\">Mountain 7 Performance</a></p><p><a href=\"https://cdn.shopify.com/s/files/1/0560/0080/6985/files/2025_Specsheets_Mountain7-LongRange.pdf?v=1731922671\" target=\"_blank\" title=\"Download the Mountain 7 Long Range Specification Sheet\">Mountain 7 Long Range</a></p><p><strong>Trekking 7</strong></p><p><a href=\"https://cdn.shopify.com/s/files/1/0560/0080/6985/files/2025_Specsheets_Trekking7-Ultra_12bcf321-5096-47cb-b521-e51ffd2210ae.pdf?v=1732034266\" target=\"_blank\" title=\"Download the Trekking 7 Ultra+ Specification Sheet\">Trekking 7 Ultra+</a></p><p><a href=\"https://cdn.shopify.com/s/files/1/0560/0080/6985/files/2025_Specsheets_Trekking7-Ultra.pdf?v=1732264372\" target=\"_blank\" title=\"Download the Trekking 7 Ultra Specification Sheet\">Trekking 7 Ultra</a></p><p><a href=\"https://cdn.shopify.com/s/files/1/0560/0080/6985/files/2025_Specsheets_Trekking7-Performance.pdf?v=1732264354\" target=\"_blank\" title=\"Download the Trekking 7 Performance Specification Sheet\">Trekking 7 Performance</a></p><p><a href=\"https://cdn.shopify.com/s/files/1/0560/0080/6985/files/2025_Specsheets_Trekking7-LongRange.pdf?v=1732264341\" target=\"_blank\" title=\"Download the Trekking 7 Long Range Specification Sheet\">Trekking 7 Long Range</a></p><p><a href=\"https://cdn.shopify.com/s/files/1/0560/0080/6985/files/2025_Specsheets_Trekking7-Limited.pdf?v=1732264380\" target=\"_blank\" title=\"Download the Trekking 7 Limited Specification Sheet\">Trekking 7 Limited</a></p><p><strong>City 7</strong></p><p><a href=\"https://cdn.shopify.com/s/files/1/0560/0080/6985/files/2025_Specsheets_City7_Ultra.pdf?v=1731922672\" target=\"_blank\" title=\"Download the City 7 Ultra Specification Sheet\">City 7 Ultra</a></p><p><a href=\"https://cdn.shopify.com/s/files/1/0560/0080/6985/files/2025_Specsheets_City7-LongRange.pdf?v=1732264392\" target=\"_blank\" title=\"Download the City 7 Long Range Specification Sheet\">City 7 Long Range</a></p>",
            "content_1_de": "<p><strong>All Mountain 7 Carbon</strong></p><p><a href=\"https://cdn.shopify.com/s/files/1/0560/0080/6985/files/2025_Specsheets_AllMountain7_Ultra.pdf?v=1731922670\" target=\"_blank\" title=\"HEPHA All Mountain 7 Carbon Ultra Spezifikationsblatt herunterladen\">All Mountain 7 Carbon Ultra</a></p><p><a href=\"https://cdn.shopify.com/s/files/1/0560/0080/6985/files/2025_Specsheets_AllMountain7-Performance.pdf?v=1731922671\" target=\"_blank\" title=\"HEPHA All Mountain 7 Carbon Performance Spezifikationsblatt herunterladen\">All Mountain 7 Carbon Performance</a></p><p><a href=\"https://cdn.shopify.com/s/files/1/0560/0080/6985/files/2025_Specsheets_AllMountain7-LongRange.pdf?v=1731922670\" target=\"_blank\" title=\"HEPHA All Mountain 7 Carbon Long Range Spezifikationsblatt herunterladen\">All Mountain 7 Carbon Long Range</a></p><p><a href=\"https://cdn.shopify.com/s/files/1/0560/0080/6985/files/2025_Specsheets_AllMountain7-Limited.pdf?v=1731922670\" target=\"_blank\" title=\"HEPHA All Mountain 7 Carbon Limited Spezifikationsblatt herunterladen\">All Mountain 7 Carbon Limited</a></p><p><strong>Mountain 7</strong></p><p><a href=\"https://cdn.shopify.com/s/files/1/0560/0080/6985/files/2025_Specsheets_Mountain7_Ultra.pdf?v=1731922671\" target=\"_blank\" title=\"HEPHA Mountain 7 Ultra Spezifikationsblatt herunterladen\">Mountain 7 Ultra</a></p><p><a href=\"https://cdn.shopify.com/s/files/1/0560/0080/6985/files/2025_Specsheets_Mountain7-Performance.pdf?v=1731922671\" target=\"_blank\" title=\"HEPHA Mountain 7 Performance Spezifikationsblatt herunterladen\">Mountain 7 Performance</a></p><p><a href=\"https://cdn.shopify.com/s/files/1/0560/0080/6985/files/2025_Specsheets_Mountain7-LongRange.pdf?v=1731922671\" target=\"_blank\" title=\"HEPHA Mountain 7 Long Range Spezifikationsblatt herunterladen\">Mountain 7 Long Range</a></p><p><strong>Trekking 7</strong></p><p><a href=\"https://cdn.shopify.com/s/files/1/0560/0080/6985/files/2025_Specsheets_Trekking7-Ultra_12bcf321-5096-47cb-b521-e51ffd2210ae.pdf?v=1732034266\" target=\"_blank\" title=\"HEPHA Trekking 7 Ultra+ Spezifikationsblatt herunterladen\">Trekking 7 Ultra+</a></p><p><a href=\"https://cdn.shopify.com/s/files/1/0560/0080/6985/files/2025_Specsheets_Trekking7-Ultra.pdf?v=1732264372\" target=\"_blank\" title=\"HEPHA Trekking 7 Ultra Spezifikationsblatt herunterladen\">Trekking 7 Ultra</a></p><p><a href=\"https://cdn.shopify.com/s/files/1/0560/0080/6985/files/2025_Specsheets_Trekking7-Performance.pdf?v=1732264354\" target=\"_blank\" title=\"HEPHA Trekking 7 Performance Spezifikationsblatt herunterladen\">Trekking 7 Performance</a></p><p><a href=\"https://cdn.shopify.com/s/files/1/0560/0080/6985/files/2025_Specsheets_Trekking7-LongRange.pdf?v=1732264341\" target=\"_blank\" title=\"HEPHA Trekking 7 Long Range Spezifikationsblatt herunterladen\">Trekking 7 Long Range</a></p><p><a href=\"https://cdn.shopify.com/s/files/1/0560/0080/6985/files/2025_Specsheets_Trekking7-Limited.pdf?v=1732264380\" target=\"_blank\" title=\"HEPHA Trekking 7 Limited Spezifikationsblatt herunterladen\">Trekking 7 Limited</a></p><p><strong>City 7</strong></p><p><a href=\"https://cdn.shopify.com/s/files/1/0560/0080/6985/files/2025_Specsheets_City7_Ultra.pdf?v=1731922672\" target=\"_blank\" title=\"HEPHA City 7 Ultra Spezifikationsblatt herunterladen\">City 7 Ultra</a></p><p><a href=\"https://cdn.shopify.com/s/files/1/0560/0080/6985/files/2025_Specsheets_City7-LongRange.pdf?v=1732264392\" target=\"_blank\" title=\"HEPHA City 7 Long Range Spezifikationsblatt herunterladen\">City 7 Long Range</a></p>",
            "content_1_fr": "<p><strong>All Mountain 7 Carbon</strong></p><p><a href=\"https://cdn.shopify.com/s/files/1/0560/0080/6985/files/2025_Specsheets_AllMountain7_Ultra.pdf?v=1731922670\" target=\"_blank\" title=\"Télécharger la fiche technique du All Mountain 7 Carbon Ultra\">All Mountain 7 Carbon Ultra</a></p><p><a href=\"https://cdn.shopify.com/s/files/1/0560/0080/6985/files/2025_Specsheets_AllMountain7-Performance.pdf?v=1731922671\" target=\"_blank\" title=\"Télécharger la fiche technique du All Mountain 7 Carbon Performance\">All Mountain 7 Carbon Performance</a></p><p><a href=\"https://cdn.shopify.com/s/files/1/0560/0080/6985/files/2025_Specsheets_AllMountain7-LongRange.pdf?v=1731922670\" target=\"_blank\" title=\"Télécharger la fiche technique du All Mountain 7 Carbon Long Range\">All Mountain 7 Carbon Long Range</a></p><p><a href=\"https://cdn.shopify.com/s/files/1/0560/0080/6985/files/2025_Specsheets_AllMountain7-Limited.pdf?v=1731922670\" target=\"_blank\" title=\"Télécharger la fiche technique du All Mountain 7 Carbon Limited\">All Mountain 7 Carbon Limited</a></p><p><strong>Mountain 7</strong></p><p><a href=\"https://cdn.shopify.com/s/files/1/0560/0080/6985/files/2025_Specsheets_Mountain7_Ultra.pdf?v=1731922671\" target=\"_blank\" title=\"Télécharger la fiche technique du Mountain 7 Ultra\">Mountain 7 Ultra</a></p><p><a href=\"https://cdn.shopify.com/s/files/1/0560/0080/6985/files/2025_Specsheets_Mountain7-Performance.pdf?v=1731922671\" target=\"_blank\" title=\"Télécharger la fiche technique du Mountain 7 Performance\">Mountain 7 Performance</a></p><p><a href=\"https://cdn.shopify.com/s/files/1/0560/0080/6985/files/2025_Specsheets_Mountain7-LongRange.pdf?v=1731922671\" target=\"_blank\" title=\"Télécharger la fiche technique du Mountain 7 Long Range\">Mountain 7 Long Range</a></p><p><strong>Trekking 7</strong></p><p><a href=\"https://cdn.shopify.com/s/files/1/0560/0080/6985/files/2025_Specsheets_Trekking7-Ultra_12bcf321-5096-47cb-b521-e51ffd2210ae.pdf?v=1732034266\" target=\"_blank\" title=\"Télécharger la fiche technique du Trekking 7 Ultra+\">Trekking 7 Ultra+</a></p><p><a href=\"https://cdn.shopify.com/s/files/1/0560/0080/6985/files/2025_Specsheets_Trekking7-Ultra.pdf?v=1732264372\" target=\"_blank\" title=\"Télécharger la fiche technique du Trekking 7 Ultra\">Trekking 7 Ultra</a></p><p><a href=\"https://cdn.shopify.com/s/files/1/0560/0080/6985/files/2025_Specsheets_Trekking7-Performance.pdf?v=1732264354\" target=\"_blank\" title=\"Télécharger la fiche technique du Trekking 7 Performance\">Trekking 7 Performance</a></p><p><a href=\"https://cdn.shopify.com/s/files/1/0560/0080/6985/files/2025_Specsheets_Trekking7-LongRange.pdf?v=1732264341\" target=\"_blank\" title=\"Télécharger la fiche technique du Trekking 7 Long Range\">Trekking 7 Long Range</a></p><p><a href=\"https://cdn.shopify.com/s/files/1/0560/0080/6985/files/2025_Specsheets_Trekking7-Limited.pdf?v=1732264380\" target=\"_blank\" title=\"Télécharger la fiche technique du Trekking 7 Limited\">Trekking 7 Limited</a></p><p><strong>City 7</strong></p><p><a href=\"https://cdn.shopify.com/s/files/1/0560/0080/6985/files/2025_Specsheets_City7_Ultra.pdf?v=1731922672\" target=\"_blank\" title=\"Télécharger la fiche technique du City 7 Ultra\">City 7 Ultra</a></p><p><a href=\"https://cdn.shopify.com/s/files/1/0560/0080/6985/files/2025_Specsheets_City7-LongRange.pdf?v=1732264392\" target=\"_blank\" title=\"Télécharger la fiche technique du City 7 Long Range\">City 7 Long Range</a></p>",
            "content_1_fi": "<p><strong>All Mountain 7 Carbon</strong></p><p><a href=\"https://cdn.shopify.com/s/files/1/0560/0080/6985/files/2025_Specsheets_AllMountain7_Ultra.pdf?v=1731922670\" target=\"_blank\" title=\"Lataa All Mountain 7 Carbon Ultra -tuotetiedot\">All Mountain 7 Carbon Ultra</a></p><p><a href=\"https://cdn.shopify.com/s/files/1/0560/0080/6985/files/2025_Specsheets_AllMountain7-Performance.pdf?v=1731922671\" target=\"_blank\" title=\"Lataa All Mountain 7 Carbon Performance -tuotetiedot\">All Mountain 7 Carbon Performance</a></p><p><a href=\"https://cdn.shopify.com/s/files/1/0560/0080/6985/files/2025_Specsheets_AllMountain7-LongRange.pdf?v=1731922670\" target=\"_blank\" title=\"Lataa All Mountain 7 Carbon Long Range -tuotetiedot\">All Mountain 7 Carbon Long Range</a></p><p><a href=\"https://cdn.shopify.com/s/files/1/0560/0080/6985/files/2025_Specsheets_AllMountain7-Limited.pdf?v=1731922670\" target=\"_blank\" title=\"Lataa All Mountain 7 Carbon Limited -tuotetiedot\">All Mountain 7 Carbon Limited</a></p><p><strong>Mountain 7</strong></p><p><a href=\"https://cdn.shopify.com/s/files/1/0560/0080/6985/files/2025_Specsheets_Mountain7_Ultra.pdf?v=1731922671\" target=\"_blank\" title=\"Lataa Mountain 7 Ultra -tuotetiedot\">Mountain 7 Ultra</a></p><p><a href=\"https://cdn.shopify.com/s/files/1/0560/0080/6985/files/2025_Specsheets_Mountain7-Performance.pdf?v=1731922671\" target=\"_blank\" title=\"Lataa Mountain 7 Performance -tuotetiedot\">Mountain 7 Performance</a></p><p><a href=\"https://cdn.shopify.com/s/files/1/0560/0080/6985/files/2025_Specsheets_Mountain7-LongRange.pdf?v=1731922671\" target=\"_blank\" title=\"Lataa Mountain 7 Long Range -tuotetiedot\">Mountain 7 Long Range</a></p><p><strong>Trekking 7</strong></p><p><a href=\"https://cdn.shopify.com/s/files/1/0560/0080/6985/files/2025_Specsheets_Trekking7-Ultra_12bcf321-5096-47cb-b521-e51ffd2210ae.pdf?v=1732034266\" target=\"_blank\" title=\"Lataa Trekking 7 Ultra+ -tuotetiedot\">Trekking 7 Ultra+</a></p><p><a href=\"https://cdn.shopify.com/s/files/1/0560/0080/6985/files/2025_Specsheets_Trekking7-Ultra.pdf?v=1732264372\" target=\"_blank\" title=\"Lataa Trekking 7 Ultra -tuotetiedot\">Trekking 7 Ultra</a></p><p><a href=\"https://cdn.shopify.com/s/files/1/0560/0080/6985/files/2025_Specsheets_Trekking7-Performance.pdf?v=1732264354\" target=\"_blank\" title=\"Lataa Trekking 7 Performance -tuotetiedot\">Trekking 7 Performance</a></p><p><a href=\"https://cdn.shopify.com/s/files/1/0560/0080/6985/files/2025_Specsheets_Trekking7-LongRange.pdf?v=1732264341\" target=\"_blank\" title=\"Lataa Trekking 7 Long Range -tuotetiedot\">Trekking 7 Long Range</a></p><p><a href=\"https://cdn.shopify.com/s/files/1/0560/0080/6985/files/2025_Specsheets_Trekking7-Limited.pdf?v=1732264380\" target=\"_blank\" title=\"Lataa Trekking 7 Limited -tuotetiedot\">Trekking 7 Limited</a></p><p><strong>City 7</strong></p><p><a href=\"https://cdn.shopify.com/s/files/1/0560/0080/6985/files/2025_Specsheets_City7_Ultra.pdf?v=1731922672\" target=\"_blank\" title=\"Lataa City 7 Ultra -tuotetiedot\">City 7 Ultra</a></p><p><a href=\"https://cdn.shopify.com/s/files/1/0560/0080/6985/files/2025_Specsheets_City7-LongRange.pdf?v=1732264392\" target=\"_blank\" title=\"Lataa City 7 Long Range -tuotetiedot\">City 7 Long Range</a></p>",
            "content_2": "",
            "content_2_de": "",
            "content_2_fr": "",
            "content_2_fi": "",
            "content_3": "",
            "content_3_de": "",
            "content_3_fr": "",
            "content_3_fi": "",
            "content_4": "",
            "content_4_de": "",
            "content_4_fr": "",
            "content_4_fi": "",
            "content_5": "",
            "content_5_de": "",
            "content_5_fr": "",
            "content_5_fi": "",
            "content_6": "",
            "content_6_de": "",
            "content_6_fr": "",
            "content_6_fi": ""
          }
        }
      },
      "block_order": [
        "panel_B8CMRy",
        "panel_9tWLTD",
        "panel_99NhqH",
        "panel_BMydVc",
        "panel_meCLjd",
        "panel_wcBkir"
      ],
      "settings": {
        "title": "",
        "title_de": "",
        "title_fr": "",
        "title_fi": ""
      }
    },
    "16454987371479c140": {
      "type": "collapsible-tabs",
      "blocks": {
        "74b58b59-664c-48db-843e-12796020e0ee": {
          "type": "question",
          "settings": {
            "title": "Hepha Trekking 7 & Mountain 7 User Manual",
            "title_de": "Hepha Trekking 7 & Mountain 7 Benutzerhandbuch",
            "title_fr": "Manuel d'utilisation Hepha Trekking 7 & Mountain 7",
            "title_fi": "Hepha Trekking 7 & Mountain 7 - Käyttöohje",
            "answer": "<p><a href=\"https://cdn.shopify.com/s/files/1/0560/0080/6985/files/Hepha_Trekking_7_User_Manual-_99_Pre-assembled_8b27a223-518c-4434-90c6-50a610afd455.pdf?v=1696842918\" target=\"_blank\" title=\"Download the Hepha Trekking 7 User Manual (99% Pre-assembled)\">99% Pre-assembled: Download</a></p>",
            "answer_de": "<p><a href=\"https://cdn.shopify.com/s/files/1/0560/0080/6985/files/Hepha_Trekking_7_User_Manual-_99_Pre-assembled_8b27a223-518c-4434-90c6-50a610afd455.pdf?v=1696842918\" target=\"_blank\" title=\"Hepha Trekking 7 Benutzerhandbuch herunterladen (99% vormontiert)\">99% Vormontiert: Herunterladen</a></p>",
            "answer_fr": "<p><a href=\"https://cdn.shopify.com/s/files/1/0560/0080/6985/files/Hepha_Trekking_7_User_Manual-_99_Pre-assembled_8b27a223-518c-4434-90c6-50a610afd455.pdf?v=1696842918\" target=\"_blank\" title=\"Télécharger le Manuel d'utilisation Hepha Trekking 7 (99% préassemblé)\">99% Préassemblé: Télécharger</a></p>",
            "answer_fi": "<p><a href=\"https://cdn.shopify.com/s/files/1/0560/0080/6985/files/Hepha_Trekking_7_User_Manual-_99_Pre-assembled_8b27a223-518c-4434-90c6-50a610afd455.pdf?v=1696842918\" target=\"_blank\" title=\"Lataa Hepha Trekking 7 -käyttöohje (99% esikoottu)\">99% Esikoottu: Lataa</a></p>",
            "liquid_content": "",
            "liquid_content_de": "",
            "liquid_content_fr": "",
            "liquid_content_fi": "",
            "answer_2": "",
            "answer_2_de": "",
            "answer_2_fr": ""
          }
        },
        "question_CQHRK7": {
          "type": "question",
          "settings": {
            "title": "Hepha Trekking 7 LTD User Manual",
            "title_de": "Hepha Trekking 7 LTD Benutzerhandbuch",
            "title_fr": "Manuel d'utilisation Hepha Trekking 7 LTD",
            "title_fi": "Hepha Trekking 7 LTD - Käyttöohje",
            "answer": "<p><a href=\"https://cdn.shopify.com/s/files/1/0560/0080/6985/files/Trekking_7.pdf?v=1655545428\" target=\"_blank\" title=\"Download the Hepha Trekking 7 User Manual (85% Pre-assembled)\">85% Pre-assembled: Download</a></p><p><a href=\"https://cdn.shopify.com/s/files/1/0560/0080/6985/files/Hepha_Trekking_7_User_Manual-_99_Pre-assembled_8b27a223-518c-4434-90c6-50a610afd455.pdf?v=1696842918\" target=\"_blank\" title=\"Download the Hepha Trekking 7 User Manual (99% Pre-assembled)\">99% Pre-assembled: Download</a></p>",
            "answer_de": "<p><a href=\"https://cdn.shopify.com/s/files/1/0560/0080/6985/files/Trekking_7.pdf?v=1655545428\" target=\"_blank\" title=\"Hepha Trekking 7 Benutzerhandbuch herunterladen (85% vormontiert)\">85% Vormontiert: Herunterladen</a></p><p><a href=\"https://cdn.shopify.com/s/files/1/0560/0080/6985/files/Hepha_Trekking_7_User_Manual-_99_Pre-assembled_8b27a223-518c-4434-90c6-50a610afd455.pdf?v=1696842918\" target=\"_blank\" title=\"Hepha Trekking 7 Benutzerhandbuch herunterladen (99% vormontiert)\">99% Vormontiert: Herunterladen</a></p>",
            "answer_fr": "<p><a href=\"https://cdn.shopify.com/s/files/1/0560/0080/6985/files/Trekking_7.pdf?v=1655545428\" target=\"_blank\" title=\"Télécharger le Manuel d'utilisation Hepha Trekking 7 (85% préassemblé)\">85% Préassemblé: Télécharger</a></p><p><a href=\"https://cdn.shopify.com/s/files/1/0560/0080/6985/files/Hepha_Trekking_7_User_Manual-_99_Pre-assembled_8b27a223-518c-4434-90c6-50a610afd455.pdf?v=1696842918\" target=\"_blank\" title=\"Télécharger le Manuel d'utilisation Hepha Trekking 7 (99% préassemblé)\">99% Préassemblé: Télécharger</a></p>",
            "answer_fi": "<p><a href=\"https://cdn.shopify.com/s/files/1/0560/0080/6985/files/Trekking_7.pdf?v=1655545428\" target=\"_blank\" title=\"Lataa Hepha Trekking 7 -käyttöohje (85% esikoottu)\">85% Esikoottu: Lataa</a></p><p><a href=\"https://cdn.shopify.com/s/files/1/0560/0080/6985/files/Hepha_Trekking_7_User_Manual-_99_Pre-assembled_8b27a223-518c-4434-90c6-50a610afd455.pdf?v=1696842918\" target=\"_blank\" title=\"Lataa Hepha Trekking 7 -käyttöohje (99% esikoottu)\">99% Esikoottu: Lataa</a></p>",
            "liquid_content": "",
            "liquid_content_de": "",
            "liquid_content_fr": "",
            "liquid_content_fi": "",
            "answer_2": "",
            "answer_2_de": "",
            "answer_2_fr": ""
          }
        },
        "39746658-b8a4-40cf-ab63-be50d971dfee": {
          "type": "question",
          "settings": {
            "title": "Hepha Trekking 7 Display User Manual",
            "title_de": "Hepha Trekking 7 Display Benutzerhandbuch",
            "title_fr": "Manuel d'utilisation de l'affichage Hepha Trekking 7",
            "title_fi": "Hepha Trekking 7 Näyttö - Käyttöohje",
            "answer": "<p><a href=\"https://cdn.shopify.com/s/files/1/0560/0080/6985/files/Hepha_Display_Manual_German.pdf?v=1720678775\" target=\"_blank\" title=\"Download the Hepha Display Manual in German\">Download - German</a></p><p><a href=\"https://cdn.shopify.com/s/files/1/0560/0080/6985/files/Hepha_Display_Manual_French.pdf?v=1720678784\" target=\"_blank\" title=\"Download the Hepha Display Manual in French\">Download - French</a></p><p><a href=\"https://cdn.shopify.com/s/files/1/0560/0080/6985/files/Hepha_Trekking_7_Display_Manual_EN.pdf?v=1718957990\" target=\"_blank\" title=\"Download the Hepha Trekking 7 Display Manual in English\">Download - English</a></p>",
            "answer_de": "<p><a href=\"https://cdn.shopify.com/s/files/1/0560/0080/6985/files/Hepha_Display_Manual_German.pdf?v=1720678775\" target=\"_blank\" title=\"Hepha Display Benutzerhandbuch auf Deutsch herunterladen\">Laden - Deutsch</a></p><p><a href=\"https://cdn.shopify.com/s/files/1/0560/0080/6985/files/Hepha_Display_Manual_French.pdf?v=1720678784\" target=\"_blank\" title=\"Hepha Display Benutzerhandbuch auf Französisch herunterladen\">Laden - Französisch</a></p><p><a href=\"https://cdn.shopify.com/s/files/1/0560/0080/6985/files/Hepha_Trekking_7_Display_Manual_EN.pdf?v=1718957990\" target=\"_blank\" title=\"Hepha Trekking 7 Display Benutzerhandbuch auf Englisch herunterladen\">Laden - Englisch</a></p>",
            "answer_fr": "<p><a href=\"https://cdn.shopify.com/s/files/1/0560/0080/6985/files/Hepha_Display_Manual_German.pdf?v=1720678775\" target=\"_blank\" title=\"Télécharger le Manuel d'affichage Hepha en allemand\">Télécharger - Allemand</a></p><p><a href=\"https://cdn.shopify.com/s/files/1/0560/0080/6985/files/Hepha_Display_Manual_French.pdf?v=1720678784\" target=\"_blank\" title=\"Télécharger le Manuel d'affichage Hepha en français\">Télécharger - Français</a></p><p><a href=\"https://cdn.shopify.com/s/files/1/0560/0080/6985/files/Hepha_Trekking_7_Display_Manual_EN.pdf?v=1718957990\" target=\"_blank\" title=\"Télécharger le Manuel d'affichage Hepha Trekking 7 en anglais\">Télécharger - Anglais</a></p>",
            "answer_fi": "<p><a href=\"https://cdn.shopify.com/s/files/1/0560/0080/6985/files/Hepha_Display_Manual_German.pdf?v=1720678775\" target=\"_blank\" title=\"Lataa Hepha Näyttö -käyttöohje saksaksi\">Lataa - Saksa</a></p><p><a href=\"https://cdn.shopify.com/s/files/1/0560/0080/6985/files/Hepha_Display_Manual_French.pdf?v=1720678784\" target=\"_blank\" title=\"Lataa Hepha Näyttö -käyttöohje ranskaksi\">Lataa - Ranska</a></p><p><a href=\"https://cdn.shopify.com/s/files/1/0560/0080/6985/files/Hepha_Trekking_7_Display_Manual_EN.pdf?v=1718957990\" target=\"_blank\" title=\"Lataa Hepha Trekking 7 Näyttö -käyttöohje englanniksi\">Lataa - Englanti</a></p>",
            "liquid_content": "",
            "liquid_content_de": "",
            "liquid_content_fr": "",
            "liquid_content_fi": "",
            "answer_2": "",
            "answer_2_de": "",
            "answer_2_fr": ""
          }
        },
        "question_bqxE6C": {
          "type": "question",
          "settings": {
            "title": "Hepha Trekking 7 LTD Display User Manual",
            "title_de": "Hepha Trekking 7 LTD Display Benutzerhandbuch",
            "title_fr": "Manuel d'utilisation de l'affichage Hepha Trekking 7 LTD",
            "title_fi": "Hepha Trekking 7 LTD Näyttö - Käyttöohje",
            "answer": "<p><a href=\"https://cdn.shopify.com/s/files/1/0560/0080/6985/files/Trekking_7_LTD_Display_User_Manual.pdf?v=1722318858\" target=\"_blank\" title=\"Download the Hepha Trekking 7 LTD Display User Manual\">Download</a></p>",
            "answer_de": "<p><a href=\"https://cdn.shopify.com/s/files/1/0560/0080/6985/files/Trekking_7_LTD_Display_User_Manual.pdf?v=1722318858\" target=\"_blank\" title=\"Hepha Trekking 7 LTD Display Benutzerhandbuch herunterladen\">Laden</a></p>",
            "answer_fr": "<p><a href=\"https://cdn.shopify.com/s/files/1/0560/0080/6985/files/Trekking_7_LTD_Display_User_Manual.pdf?v=1722318858\" target=\"_blank\" title=\"Télécharger le Manuel d'utilisation de l'affichage Hepha Trekking 7 LTD\">Télécharger</a></p>",
            "answer_fi": "<p><a href=\"https://cdn.shopify.com/s/files/1/0560/0080/6985/files/Trekking_7_LTD_Display_User_Manual.pdf?v=1722318858\" target=\"_blank\" title=\"Lataa Hepha Trekking 7 LTD Näyttö -käyttöohje\">Lataa</a></p>",
            "liquid_content": "",
            "liquid_content_de": "",
            "liquid_content_fr": "",
            "liquid_content_fi": "",
            "answer_2": "",
            "answer_2_de": "",
            "answer_2_fr": ""
          }
        },
        "14a3ac45-2786-4a9f-9c0c-ba5be5718843": {
          "type": "question",
          "settings": {
            "title": "Hepha Trekking 7 LTD Specification Sheets",
            "title_de": "Hepha Trekking 7 LTD Technische Daten",
            "title_fr": "Fiches techniques Hepha Trekking 7 LTD",
            "title_fi": "Hepha Trekking 7 LTD - Tekniset Tiedot",
            "answer": "<p><a href=\"https://cdn.shopify.com/s/files/1/0560/0080/6985/files/Trekking7-Longrange-Low_step.pdf?v=1687843977\" target=\"_blank\" title=\"Download the Trekking 7 LTD Longrange Lowstep specification sheet\">Trekking 7 LTD Longrange Lowstep</a></p><p><a href=\"https://cdn.shopify.com/s/files/1/0560/0080/6985/files/Trekking7-Longrange-High_step.pdf?v=1687838244\" target=\"_blank\" title=\"Download the Trekking 7 LTD Highstep specification sheet\">Trekking 7 LTD Highstep</a></p><p><a href=\"https://cdn.shopify.com/s/files/1/0560/0080/6985/files/Trekking7-Performance-Low_step.pdf?v=1687844999\" target=\"_blank\" title=\"Download the Trekking 7 LTD Performance Lowstep specification sheet\">Trekking 7 LTD Performance Lowstep</a></p><p><a href=\"https://cdn.shopify.com/s/files/1/0560/0080/6985/files/Trekking7-Performance-High_step.pdf?v=1687844758\" target=\"_blank\" title=\"Download the Trekking 7 LTD Performance Highstep specification sheet\">Trekking 7 LTD Performance Highstep</a></p><p><a href=\"https://cdn.shopify.com/s/files/1/0560/0080/6985/files/Trekking7-Ultra-Low_step.pdf?v=1687845248\" target=\"_blank\" title=\"Download the Trekking 7 LTD Ultra Lowstep specification sheet\">Trekking 7 LTD Ultra Lowstep</a></p><p><a href=\"https://cdn.shopify.com/s/files/1/0560/0080/6985/files/Trekking7-Ultra-High_step.pdf?v=1687845247\" target=\"_blank\" title=\"Download the Trekking 7 LTD Ultra Highstep specification sheet\">Trekking 7 LTD Ultra Highstep</a></p>",
            "answer_de": "<p><a href=\"https://cdn.shopify.com/s/files/1/0560/0080/6985/files/Trekking7-Longrange-Low_step.pdf?v=1687843977\" target=\"_blank\" title=\"Trekking 7 LTD Longrange Lowstep Datenblatt herunterladen\">Trekking 7 LTD Longrange Lowstep</a></p><p><a href=\"https://cdn.shopify.com/s/files/1/0560/0080/6985/files/Trekking7-Longrange-High_step.pdf?v=1687838244\" target=\"_blank\" title=\"Trekking 7 LTD Highstep Datenblatt herunterladen\">Trekking 7 LTD Highstep</a></p><p><a href=\"https://cdn.shopify.com/s/files/1/0560/0080/6985/files/Trekking7-Performance-Low_step.pdf?v=1687844999\" target=\"_blank\" title=\"Trekking 7 LTD Performance Lowstep Datenblatt herunterladen\">Trekking 7 LTD Performance Lowstep</a></p><p><a href=\"https://cdn.shopify.com/s/files/1/0560/0080/6985/files/Trekking7-Performance-High_step.pdf?v=1687844758\" target=\"_blank\" title=\"Trekking 7 LTD Performance Highstep Datenblatt herunterladen\">Trekking 7 LTD Performance Highstep</a></p><p><a href=\"https://cdn.shopify.com/s/files/1/0560/0080/6985/files/Trekking7-Ultra-Low_step.pdf?v=1687845248\" target=\"_blank\" title=\"Trekking 7 LTD Ultra Lowstep Datenblatt herunterladen\">Trekking 7 LTD Ultra Lowstep</a></p><p><a href=\"https://cdn.shopify.com/s/files/1/0560/0080/6985/files/Trekking7-Ultra-High_step.pdf?v=1687845247\" target=\"_blank\" title=\"Trekking 7 LTD Ultra Highstep Datenblatt herunterladen\">Trekking 7 LTD Ultra Highstep</a></p>",
            "answer_fr": "<p><a href=\"https://cdn.shopify.com/s/files/1/0560/0080/6985/files/Trekking7-Longrange-Low_step.pdf?v=1687843977\" target=\"_blank\" title=\"Télécharger la fiche technique du Trekking 7 LTD Longrange Lowstep\">Trekking 7 LTD Longrange Lowstep</a></p><p><a href=\"https://cdn.shopify.com/s/files/1/0560/0080/6985/files/Trekking7-Longrange-High_step.pdf?v=1687838244\" target=\"_blank\" title=\"Télécharger la fiche technique du Trekking 7 LTD Highstep\">Trekking 7 LTD Highstep</a></p><p><a href=\"https://cdn.shopify.com/s/files/1/0560/0080/6985/files/Trekking7-Performance-Low_step.pdf?v=1687844999\" target=\"_blank\" title=\"Télécharger la fiche technique du Trekking 7 LTD Performance Lowstep\">Trekking 7 LTD Performance Lowstep</a></p><p><a href=\"https://cdn.shopify.com/s/files/1/0560/0080/6985/files/Trekking7-Performance-High_step.pdf?v=1687844758\" target=\"_blank\" title=\"Télécharger la fiche technique du Trekking 7 LTD Performance Highstep\">Trekking 7 LTD Performance Highstep</a></p><p><a href=\"https://cdn.shopify.com/s/files/1/0560/0080/6985/files/Trekking7-Ultra-Low_step.pdf?v=1687845248\" target=\"_blank\" title=\"Télécharger la fiche technique du Trekking 7 LTD Ultra Lowstep\">Trekking 7 LTD Ultra Lowstep</a></p><p><a href=\"https://cdn.shopify.com/s/files/1/0560/0080/6985/files/Trekking7-Ultra-High_step.pdf?v=1687845247\" target=\"_blank\" title=\"Télécharger la fiche technique du Trekking 7 LTD Ultra Highstep\">Trekking 7 LTD Ultra Highstep</a></p>",
            "answer_fi": "<p><a href=\"https://cdn.shopify.com/s/files/1/0560/0080/6985/files/Trekking7-Longrange-Low_step.pdf?v=1687843977\" target=\"_blank\" title=\"Lataa Trekking 7 LTD Longrange Lowstep -tietosheet\">Trekking 7 LTD Longrange Lowstep</a></p><p><a href=\"https://cdn.shopify.com/s/files/1/0560/0080/6985/files/Trekking7-Longrange-High_step.pdf?v=1687838244\" target=\"_blank\" title=\"Lataa Trekking 7 LTD Highstep -tietosheet\">Trekking 7 LTD Highstep</a></p><p><a href=\"https://cdn.shopify.com/s/files/1/0560/0080/6985/files/Trekking7-Performance-Low_step.pdf?v=1687844999\" target=\"_blank\" title=\"Lataa Trekking 7 LTD Performance Lowstep -tietosheet\">Trekking 7 LTD Performance Lowstep</a></p><p><a href=\"https://cdn.shopify.com/s/files/1/0560/0080/6985/files/Trekking7-Performance-High_step.pdf?v=1687844758\" target=\"_blank\" title=\"Lataa Trekking 7 LTD Performance Highstep -tietosheet\">Trekking 7 LTD Performance Highstep</a></p><p><a href=\"https://cdn.shopify.com/s/files/1/0560/0080/6985/files/Trekking7-Ultra-Low_step.pdf?v=1687845248\" target=\"_blank\" title=\"Lataa Trekking 7 LTD Ultra Lowstep -tietosheet\">Trekking 7 LTD Ultra Lowstep</a></p><p><a href=\"https://cdn.shopify.com/s/files/1/0560/0080/6985/files/Trekking7-Ultra-High_step.pdf?v=1687845247\" target=\"_blank\" title=\"Lataa Trekking 7 LTD Ultra Highstep -tietosheet\">Trekking 7 LTD Ultra Highstep</a></p>",
            "liquid_content": "",
            "liquid_content_de": "",
            "liquid_content_fr": "",
            "liquid_content_fi": "",
            "answer_2": "",
            "answer_2_de": "",
            "answer_2_fr": ""
          }
        },
        "question_V9wFTB": {
          "type": "question",
          "settings": {
            "title": "Hepha 2025 - Specification Sheets",
            "title_de": "Hepha 2025 - Technische Daten",
            "title_fr": "Hepha 2025 - Fiches techniques",
            "title_fi": "Hepha 2025 - Tekniset Tiedot",
            "answer": "<p><strong>All Mountain 7 Carbon</strong></p><p><a href=\"https://cdn.shopify.com/s/files/1/0560/0080/6985/files/2025_Specsheets_AllMountain7_Ultra.pdf?v=1731922670\" target=\"_blank\" title=\"Download the All Mountain 7 Carbon Ultra specification sheet\">All Mountain 7 Carbon Ultra</a></p><p><a href=\"https://cdn.shopify.com/s/files/1/0560/0080/6985/files/2025_Specsheets_AllMountain7-Performance.pdf?v=1731922671\" target=\"_blank\" title=\"Download the All Mountain 7 Carbon Performance specification sheet\">All Mountain 7 Carbon Performance</a></p><p><a href=\"https://cdn.shopify.com/s/files/1/0560/0080/6985/files/2025_Specsheets_AllMountain7-LongRange.pdf?v=1731922670\" target=\"_blank\" title=\"Download the All Mountain 7 Carbon Long Range specification sheet\">All Mountain 7 Carbon Long Range</a></p><p><a href=\"https://cdn.shopify.com/s/files/1/0560/0080/6985/files/2025_Specsheets_AllMountain7-Limited.pdf?v=1731922670\" target=\"_blank\" title=\"Download the All Mountain 7 Carbon Limited specification sheet\">All Mountain 7 Carbon Limited</a></p><p><strong>Mountain 7</strong></p><p><a href=\"https://cdn.shopify.com/s/files/1/0560/0080/6985/files/2025_Specsheets_Mountain7_Ultra.pdf?v=1731922671\" target=\"_blank\" title=\"Download the Mountain 7 Ultra specification sheet\">Mountain 7 Ultra</a></p><p><a href=\"https://cdn.shopify.com/s/files/1/0560/0080/6985/files/2025_Specsheets_Mountain7-Performance.pdf?v=1731922671\" target=\"_blank\" title=\"Download the Mountain 7 Performance specification sheet\">Mountain 7 Performance</a></p><p><a href=\"https://cdn.shopify.com/s/files/1/0560/0080/6985/files/2025_Specsheets_Mountain7-LongRange.pdf?v=1731922671\" target=\"_blank\" title=\"Download the Mountain 7 Long Range specification sheet\">Mountain 7 Long Range</a></p><p><strong>Trekking 7</strong></p><p><a href=\"https://cdn.shopify.com/s/files/1/0560/0080/6985/files/2025_Specsheets_Trekking7-Ultra_12bcf321-5096-47cb-b521-e51ffd2210ae.pdf?v=1732034266\" target=\"_blank\" title=\"Download the Trekking 7 Ultra+ specification sheet\">Trekking 7 Ultra+</a></p><p><a href=\"https://cdn.shopify.com/s/files/1/0560/0080/6985/files/2025_Specsheets_Trekking7-Ultra.pdf?v=1732264372\" target=\"_blank\" title=\"Download the Trekking 7 Ultra specification sheet\">Trekking 7 Ultra</a></p><p><a href=\"https://cdn.shopify.com/s/files/1/0560/0080/6985/files/2025_Specsheets_Trekking7-Performance.pdf?v=1732264354\" target=\"_blank\" title=\"Download the Trekking 7 Performance specification sheet\">Trekking 7 Performance</a></p><p><a href=\"https://cdn.shopify.com/s/files/1/0560/0080/6985/files/2025_Specsheets_Trekking7-LongRange.pdf?v=1732264341\" target=\"_blank\" title=\"Download the Trekking 7 Long Range specification sheet\">Trekking 7 Long Range</a></p><p><a href=\"https://cdn.shopify.com/s/files/1/0560/0080/6985/files/2025_Specsheets_Trekking7-Limited.pdf?v=1732264380\" target=\"_blank\" title=\"Download the Trekking 7 Limited specification sheet\">Trekking 7 Limited</a></p><p><strong>City 7</strong></p><p><a href=\"https://cdn.shopify.com/s/files/1/0560/0080/6985/files/2025_Specsheets_City7_Ultra.pdf?v=1731922672\" target=\"_blank\" title=\"Download the City 7 Ultra specification sheet\">City 7 Ultra</a></p><p><a href=\"https://cdn.shopify.com/s/files/1/0560/0080/6985/files/2025_Specsheets_City7-LongRange.pdf?v=1732264392\" target=\"_blank\" title=\"Download the City 7 Long Range specification sheet\">City 7 Long Range</a></p>",
            "answer_de": "<p><strong>All Mountain 7 Carbon</strong></p><p><a href=\"https://cdn.shopify.com/s/files/1/0560/0080/6985/files/2025_Specsheets_AllMountain7_Ultra.pdf?v=1731922670\" target=\"_blank\" title=\"All Mountain 7 Carbon Ultra Datenblatt herunterladen\">All Mountain 7 Carbon Ultra</a></p><p><a href=\"https://cdn.shopify.com/s/files/1/0560/0080/6985/files/2025_Specsheets_AllMountain7-Performance.pdf?v=1731922671\" target=\"_blank\" title=\"All Mountain 7 Carbon Performance Datenblatt herunterladen\">All Mountain 7 Carbon Performance</a></p><p><a href=\"https://cdn.shopify.com/s/files/1/0560/0080/6985/files/2025_Specsheets_AllMountain7-LongRange.pdf?v=1731922670\" target=\"_blank\" title=\"All Mountain 7 Carbon Long Range Datenblatt herunterladen\">All Mountain 7 Carbon Long Range</a></p><p><a href=\"https://cdn.shopify.com/s/files/1/0560/0080/6985/files/2025_Specsheets_AllMountain7-Limited.pdf?v=1731922670\" target=\"_blank\" title=\"All Mountain 7 Carbon Limited Datenblatt herunterladen\">All Mountain 7 Carbon Limited</a></p><p><strong>Mountain 7</strong></p><p><a href=\"https://cdn.shopify.com/s/files/1/0560/0080/6985/files/2025_Specsheets_Mountain7_Ultra.pdf?v=1731922671\" target=\"_blank\" title=\"Mountain 7 Ultra Datenblatt herunterladen\">Mountain 7 Ultra</a></p><p><a href=\"https://cdn.shopify.com/s/files/1/0560/0080/6985/files/2025_Specsheets_Mountain7-Performance.pdf?v=1731922671\" target=\"_blank\" title=\"Mountain 7 Performance Datenblatt herunterladen\">Mountain 7 Performance</a></p><p><a href=\"https://cdn.shopify.com/s/files/1/0560/0080/6985/files/2025_Specsheets_Mountain7-LongRange.pdf?v=1731922671\" target=\"_blank\" title=\"Mountain 7 Long Range Datenblatt herunterladen\">Mountain 7 Long Range</a></p><p><strong>Trekking 7</strong></p><p><a href=\"https://cdn.shopify.com/s/files/1/0560/0080/6985/files/2025_Specsheets_Trekking7-Ultra_12bcf321-5096-47cb-b521-e51ffd2210ae.pdf?v=1732034266\" target=\"_blank\" title=\"Trekking 7 Ultra+ Datenblatt herunterladen\">Trekking 7 Ultra+</a></p><p><a href=\"https://cdn.shopify.com/s/files/1/0560/0080/6985/files/2025_Specsheets_Trekking7-Ultra.pdf?v=1732264372\" target=\"_blank\" title=\"Trekking 7 Ultra Datenblatt herunterladen\">Trekking 7 Ultra</a></p><p><a href=\"https://cdn.shopify.com/s/files/1/0560/0080/6985/files/2025_Specsheets_Trekking7-Performance.pdf?v=1732264354\" target=\"_blank\" title=\"Trekking 7 Performance Datenblatt herunterladen\">Trekking 7 Performance</a></p><p><a href=\"https://cdn.shopify.com/s/files/1/0560/0080/6985/files/2025_Specsheets_Trekking7-LongRange.pdf?v=1732264341\" target=\"_blank\" title=\"Trekking 7 Long Range Datenblatt herunterladen\">Trekking 7 Long Range</a></p><p><a href=\"https://cdn.shopify.com/s/files/1/0560/0080/6985/files/2025_Specsheets_Trekking7-Limited.pdf?v=1732264380\" target=\"_blank\" title=\"Trekking 7 Limited Datenblatt herunterladen\">Trekking 7 Limited</a></p><p><strong>City 7</strong></p><p><a href=\"https://cdn.shopify.com/s/files/1/0560/0080/6985/files/2025_Specsheets_City7_Ultra.pdf?v=1731922672\" target=\"_blank\" title=\"City 7 Ultra Datenblatt herunterladen\">City 7 Ultra</a></p><p><a href=\"https://cdn.shopify.com/s/files/1/0560/0080/6985/files/2025_Specsheets_City7-LongRange.pdf?v=1732264392\" target=\"_blank\" title=\"City 7 Long Range Datenblatt herunterladen\">City 7 Long Range</a></p>",
            "answer_fr": "<p><strong>All Mountain 7 Carbon</strong></p><p><a href=\"https://cdn.shopify.com/s/files/1/0560/0080/6985/files/2025_Specsheets_AllMountain7_Ultra.pdf?v=1731922670\" target=\"_blank\" title=\"Télécharger la fiche technique All Mountain 7 Carbon Ultra\">All Mountain 7 Carbon Ultra</a></p><p><a href=\"https://cdn.shopify.com/s/files/1/0560/0080/6985/files/2025_Specsheets_AllMountain7-Performance.pdf?v=1731922671\" target=\"_blank\" title=\"Télécharger la fiche technique All Mountain 7 Carbon Performance\">All Mountain 7 Carbon Performance</a></p><p><a href=\"https://cdn.shopify.com/s/files/1/0560/0080/6985/files/2025_Specsheets_AllMountain7-LongRange.pdf?v=1731922670\" target=\"_blank\" title=\"Télécharger la fiche technique All Mountain 7 Carbon Long Range\">All Mountain 7 Carbon Long Range</a></p><p><a href=\"https://cdn.shopify.com/s/files/1/0560/0080/6985/files/2025_Specsheets_AllMountain7-Limited.pdf?v=1731922670\" target=\"_blank\" title=\"Télécharger la fiche technique All Mountain 7 Carbon Limited\">All Mountain 7 Carbon Limited</a></p><p><strong>Mountain 7</strong></p><p><a href=\"https://cdn.shopify.com/s/files/1/0560/0080/6985/files/2025_Specsheets_Mountain7_Ultra.pdf?v=1731922671\" target=\"_blank\" title=\"Télécharger la fiche technique Mountain 7 Ultra\">Mountain 7 Ultra</a></p><p><a href=\"https://cdn.shopify.com/s/files/1/0560/0080/6985/files/2025_Specsheets_Mountain7-Performance.pdf?v=1731922671\" target=\"_blank\" title=\"Télécharger la fiche technique Mountain 7 Performance\">Mountain 7 Performance</a></p><p><a href=\"https://cdn.shopify.com/s/files/1/0560/0080/6985/files/2025_Specsheets_Mountain7-LongRange.pdf?v=1731922671\" target=\"_blank\" title=\"Télécharger la fiche technique Mountain 7 Long Range\">Mountain 7 Long Range</a></p><p><strong>Trekking 7</strong></p><p><a href=\"https://cdn.shopify.com/s/files/1/0560/0080/6985/files/2025_Specsheets_Trekking7-Ultra_12bcf321-5096-47cb-b521-e51ffd2210ae.pdf?v=1732034266\" target=\"_blank\" title=\"Télécharger la fiche technique Trekking 7 Ultra+\">Trekking 7 Ultra+</a></p><p><a href=\"https://cdn.shopify.com/s/files/1/0560/0080/6985/files/2025_Specsheets_Trekking7-Ultra.pdf?v=1732264372\" target=\"_blank\" title=\"Télécharger la fiche technique Trekking 7 Ultra\">Trekking 7 Ultra</a></p><p><a href=\"https://cdn.shopify.com/s/files/1/0560/0080/6985/files/2025_Specsheets_Trekking7-Performance.pdf?v=1732264354\" target=\"_blank\" title=\"Télécharger la fiche technique Trekking 7 Performance\">Trekking 7 Performance</a></p><p><a href=\"https://cdn.shopify.com/s/files/1/0560/0080/6985/files/2025_Specsheets_Trekking7-LongRange.pdf?v=1732264341\" target=\"_blank\" title=\"Télécharger la fiche technique Trekking 7 Long Range\">Trekking 7 Long Range</a></p><p><a href=\"https://cdn.shopify.com/s/files/1/0560/0080/6985/files/2025_Specsheets_Trekking7-Limited.pdf?v=1732264380\" target=\"_blank\" title=\"Télécharger la fiche technique Trekking 7 Limited\">Trekking 7 Limited</a></p><p><strong>City 7</strong></p><p><a href=\"https://cdn.shopify.com/s/files/1/0560/0080/6985/files/2025_Specsheets_City7_Ultra.pdf?v=1731922672\" target=\"_blank\" title=\"Télécharger la fiche technique City 7 Ultra\">City 7 Ultra</a></p><p><a href=\"https://cdn.shopify.com/s/files/1/0560/0080/6985/files/2025_Specsheets_City7-LongRange.pdf?v=1732264392\" target=\"_blank\" title=\"Télécharger la fiche technique City 7 Long Range\">City 7 Long Range</a></p>",
            "answer_fi": "<p><strong>Trekking 7</strong></p><p><a href=\"https://cdn.shopify.com/s/files/1/0560/0080/6985/files/2025_Specsheets_Trekking7-Ultra_12bcf321-5096-47cb-b521-e51ffd2210ae.pdf?v=1732034266\" target=\"_blank\" title=\"Lataa Trekking 7 Ultra+ -tietosheet\">Trekking 7 Ultra+</a></p><p><a href=\"https://cdn.shopify.com/s/files/1/0560/0080/6985/files/2025_Specsheets_Trekking7-Ultra.pdf?v=1732264372\" target=\"_blank\" title=\"Lataa Trekking 7 Ultra -tietosheet\">Trekking 7 Ultra</a></p><p><a href=\"https://cdn.shopify.com/s/files/1/0560/0080/6985/files/2025_Specsheets_Trekking7-Performance.pdf?v=1732264354\" target=\"_blank\" title=\"Lataa Trekking 7 Performance -tietosheet\">Trekking 7 Performance</a></p><p><a href=\"https://cdn.shopify.com/s/files/1/0560/0080/6985/files/2025_Specsheets_Trekking7-LongRange.pdf?v=1732264341\" target=\"_blank\" title=\"Lataa Trekking 7 Long Range -tietosheet\">Trekking 7 Long Range</a></p><p><a href=\"https://cdn.shopify.com/s/files/1/0560/0080/6985/files/2025_Specsheets_Trekking7-Limited.pdf?v=1732264380\" target=\"_blank\" title=\"Lataa Trekking 7 Limited -tietosheet\">Trekking 7 Limited</a></p><p><strong>City 7</strong></p><p><a href=\"https://cdn.shopify.com/s/files/1/0560/0080/6985/files/2025_Specsheets_City7_Ultra.pdf?v=1731922672\" target=\"_blank\" title=\"Lataa City 7 Ultra -tietosheet\">City 7 Ultra</a></p><p><a href=\"https://cdn.shopify.com/s/files/1/0560/0080/6985/files/2025_Specsheets_City7-LongRange.pdf?v=1732264392\" target=\"_blank\" title=\"Lataa City 7 Long Range -tietosheet\">City 7 Long Range</a></p>",
            "liquid_content": "",
            "liquid_content_de": "",
            "liquid_content_fr": "",
            "liquid_content_fi": "",
            "answer_2": "",
            "answer_2_de": "",
            "answer_2_fr": ""
          }
        }
      },
      "block_order": [
        "74b58b59-664c-48db-843e-12796020e0ee",
        "question_CQHRK7",
        "39746658-b8a4-40cf-ab63-be50d971dfee",
        "question_bqxE6C",
        "14a3ac45-2786-4a9f-9c0c-ba5be5718843",
        "question_V9wFTB"
      ],
      "disabled": true,
      "custom_css": [
        ".cc-accordion-item__panel {background: #ffffff; font-size: 16px;}",
        ".strongly-spaced-row,.fully-spaced-row--medium {margin-bottom: 0;}",
        "a {color: #1890ff;}"
      ],
      "settings": {
        "title": "",
        "title_de": "",
        "title_fr": "",
        "title_fi": ""
      }
    }
  },
  "order": [
    "main",
    "custom_textarea_9XWaQf",
    "collapsible_tab_9AMgAj",
    "16454987371479c140"
  ]
}
