{
  "sections": {
    "custom_two_colum_banner_AV3tfq": {
      "type": "custom-two-colum-banner",
      "blocks": {
        "slide_wg4cAm": {
          "type": "slide",
          "settings": {
            "image": "shopify://shop_images/RUD8662_SR.jpg",
            "background_color": "#ffffff",
            "background_size": "cover",
            "background_position": "top",
            "background_align_items": "center",
            "background_padding_top": 0,
            "background_padding_left": 0,
            "background_padding_right": 0,
            "background_padding_bottom": 0,
            "title_1": "",
            "title_1_de": "",
            "title_1_fr": "",
            "heading_color_1": "#000000",
            "heading_size_1": 24,
            "subheading_1": "",
            "subheading_1_de": "",
            "subheading_1_fr": "",
            "subheading_color_1": "#000000",
            "subheading_size_1": 16,
            "subheading_image_1_link": "",
            "subheading_image_1b_link": "",
            "title_2": "",
            "title_2_de": "",
            "title_2_fr": "",
            "heading_color_2": "#000000",
            "heading_size_2": 24,
            "subheading_2": "",
            "subheading_2_de": "",
            "subheading_2_fr": "",
            "subheading_color_2": "#000000",
            "subheading_size_2": 16,
            "subheading_image_2_link": "",
            "collection": "",
            "button_label": "",
            "button_label_de": "",
            "button_label_fr": "",
            "link": "",
            "button_color": "#007bff",
            "button2_label": "",
            "button2_label_de": "",
            "button2_label_fr": "",
            "link2": "",
            "link2_de": "",
            "link2_fr": "",
            "button2_color": "#007bff",
            "button_text_color": "#ffffff",
            "column_1title": "",
            "column_1title_de": "",
            "column_1title_fr": "",
            "column_1description": "",
            "column_1description_de": "",
            "column_1description_fr": "",
            "column_2title": "",
            "column_2title_de": "",
            "column_2title_fr": "",
            "column_2description": "",
            "column_2description_de": "",
            "column_2description_fr": "",
            "column_3title": "",
            "column_3title_de": "",
            "column_3title_fr": "",
            "column_3description": "",
            "column_3description_de": "",
            "column_3description_fr": "",
            "column_4title": "",
            "column_4title_de": "",
            "column_4title_fr": "",
            "column_4description": "",
            "column_4description_de": "",
            "column_4description_fr": ""
          }
        },
        "slide_79Y97w": {
          "type": "slide",
          "settings": {
            "background_color": "#2a53d4",
            "background_size": "cover",
            "background_position": "center",
            "background_align_items": "center",
            "background_padding_top": 0,
            "background_padding_left": 0,
            "background_padding_right": 0,
            "background_padding_bottom": 0,
            "title_1": "<p>Together towards the future</p>",
            "title_1_de": "<p>Zusammen in die Zukunft.</p>",
            "title_1_fr": "<p>Vers l'avenir, ensemble.</p>",
            "title_1_fi": "<p>Yhdessä kohti tulevaisuutta</p>",
            "heading_color_1": "#ffffff",
            "heading_size_1": 40,
            "subheading_1": "<p>Are you interested in Hepha and contemplating becoming a dealer? Here are some compelling reasons why it's a fantastic opportunity!</p>",
            "subheading_1_de": "<p>Sie interessieren sich für HEPHA und überlegen Händler zu werden? Hier haben wir ein paar gute Gründe für Sie zusammengestellt, warum das eine gute Idee ist!</p>",
            "subheading_1_fr": "<p>Vous êtes intéressé à HEPHA et envisagez de devenir un revendeur ? Nous avons rassemblé ici quelques bonnes raisons pour vous convaincre que c'est une excellente idée !</p>",
            "subheading_1_fi": "<p>Oletko kiinnostunut Hephasta ja harkitsetko jälleenmyyjäksemme ryhtymistä? Tässä on muutamia vakuuttavia faktoja, miksi olemme loistava valinta!</p>",
            "subheading_color_1": "#ffffff",
            "subheading_size_1": 19,
            "subheading_image_1_link": "",
            "subheading_image_1b_link": "",
            "title_2": "",
            "title_2_de": "",
            "title_2_fr": "",
            "heading_color_2": "#000000",
            "heading_size_2": 24,
            "subheading_2": "",
            "subheading_2_de": "",
            "subheading_2_fr": "",
            "subheading_color_2": "#000000",
            "subheading_size_2": 16,
            "subheading_image_2_link": "",
            "collection": "",
            "button_label": "",
            "button_label_de": "",
            "button_label_fr": "",
            "link": "",
            "button_color": "#007bff",
            "button2_label": "",
            "button2_label_de": "",
            "button2_label_fr": "",
            "link2": "",
            "link2_de": "",
            "link2_fr": "",
            "button2_color": "#007bff",
            "button_text_color": "#ffffff",
            "column_1title": "",
            "column_1title_de": "",
            "column_1title_fr": "",
            "column_1description": "",
            "column_1description_de": "",
            "column_1description_fr": "",
            "column_2title": "",
            "column_2title_de": "",
            "column_2title_fr": "",
            "column_2description": "",
            "column_2description_de": "",
            "column_2description_fr": "",
            "column_3title": "",
            "column_3title_de": "",
            "column_3title_fr": "",
            "column_3description": "",
            "column_3description_de": "",
            "column_3description_fr": "",
            "column_4title": "",
            "column_4title_de": "",
            "column_4title_fr": "",
            "column_4description": "",
            "column_4description_de": "",
            "column_4description_fr": ""
          }
        }
      },
      "block_order": ["slide_wg4cAm", "slide_79Y97w"],
      "custom_css": [
        "@media (max-width: 768px) {.two-column-slide__heading {font-size: 34px !important; line-height: 40px !important; } .two-column-slide__text {font-size: 18px !important; line-height: 24px !important; } .two-column-slide__content {padding: 40px 0; }}"
      ],
      "settings": {
        "section_id": "",
        "mobile_font_size_heading": 40,
        "mobile_line_height_heading": 42,
        "mobile_font_size_text": 20,
        "mobile_line_height_text": 24,
        "mobile_slide_padding_top": 30
      }
    },
    "custom_imagerow_FgWT4n": {
      "type": "custom-imagerow",
      "blocks": {
        "module_PXtypA": {
          "type": "module",
          "settings": {
            "image": "shopify://shop_images/product-f-svgrepo-com.svg",
            "subheading_image_1_width": 60,
            "module_big_title": "",
            "module_title": "Attractive Products",
            "module_title_de": "Attraktive Produkte",
            "module_title_fr": "Produits attractifs",
            "description": "<p>We offer highly attractive products with an unparalleled quality-to-price ratio in the market.</p>",
            "description_de": "<p>Wir bieten außergewöhnlich attraktive Produkte mit einem attraktiven Qualitäts- Preisverhältnis, das so auf dem Markt praktisch nicht zu finden ist.</p>",
            "description_fr": "<p>Nous vous proposons des produits d'une attractivité exceptionnelle avec un rapport qualité-prix pratiquement inégalé sur le marché.</p>",
            "description_fi": "<p>Tarjoamme innovatiivisia ja erittäin houkuttelevia tuotteita, joilla on markkinoilla vertaansa vailla oleva hinta-laatusuhde.</p>",
            "background_color": "#ffffff",
            "button1_text": "",
            "button1_text_de": "",
            "button1_text_fr": "",
            "button1_url": "",
            "button1_background_color": "",
            "button1_text_color": ""
          }
        },
        "module_UEE379": {
          "type": "module",
          "settings": {
            "image": "shopify://shop_images/quality-svgrepo-com.svg",
            "subheading_image_1_width": 70,
            "module_big_title": "",
            "module_title": "High Quality - Designed in Germany",
            "module_title_de": "Hohe Qualität - in Deutschland entworfen",
            "module_title_fr": "Haute qualité - Conçus en Allemagne",
            "description": "<p>We exclusively design our products in Germany, placing a strong emphasis on quality across all aspects. This commitment ensures that our e-bikes feature precision engineering, cutting-edge technology and adherence to rigorous safety standards.</p>",
            "description_de": "<p>Wir entwickeln unsere Produkte ausschließlich in Deutschland und legen in allen Aspekten großen Wert auf Qualität. Dieses Engagement stellt sicher, dass unsere E-Bikes über außerordentliche Ingenieurskunst, neueste Technologie und die Einhaltung strenger Sicherheitsstandards verfügen.</p>",
            "description_fr": "<p>Nous concevons nos produits exclusivement en Allemagne, en mettant l'accent sur la qualité à tous les niveaux. Cet engagement garantit que nos vélos électriques bénéficient d'une ingénierie de précision, d'une technologie de pointe et du respect de normes de sécurité rigoureuses.</p>",
            "description_fi": "<p>Suunnittelemme ja kehitämme tuotteemme Saksassa, ja panostamme vahvasti laatuun kaikilla toimitusketjun osa-alueilla. Tämä sitoutuminen varmistaa, että tarjoamme loppuasiakkaillemme ja jälleenmyyjillemme tarkkaa insinööritaitoa, huipputeknologiaa sekä tiukkojen turvallisuus- ja laatustandardien noudattamista.</p>",
            "background_color": "#ffffff",
            "button1_text": "",
            "button1_text_de": "",
            "button1_text_fr": "",
            "button1_url": "",
            "button1_background_color": "",
            "button1_text_color": ""
          }
        },
        "module_b4aTfp": {
          "type": "module",
          "settings": {
            "image": "shopify://shop_images/tool-svgrepo-com_1.svg",
            "subheading_image_1_width": 60,
            "module_big_title": "",
            "module_title": "Easy and fast setup",
            "module_title_de": "Einfache und schnelle Einrichtung",
            "module_title_fr": "Installation facile et rapide",
            "description": "<p>Our e-bikes are now produced in several production facilities worldwide, including in Germany. This is due to increased demand. Depending on the production facility, it is necessary to adjust the saddle and handlebars and to mount pedals or the front tire.</p>",
            "description_de": "<p>Unsere E-Bikes werden mittlerweile in mehreren Produktionsstätten weltweit, darunter auch in Deutschland, produziert. Grund dafür ist die gestiegene Nachfrage. Je nach Produktionsstätte ist es notwendig Sattel- und Lenkeranpassungen vorzunehmen sowie Pedale oder den Vorderreifen zu montieren.</p>",
            "description_fr": "<p>Nos vélos électriques sont désormais fabriqués dans plusieurs usines à travers le monde, notamment en Allemagne. Cela est dû à une demande accrue. Selon l'usine de production, il est nécessaire de régler la selle et le guidon et de monter des pédales ou le pneu avant.</p>",
            "description_fi": "<p>Sähköpyörämme saapuvat perille aina lähes ajovalmiina, ja vaativat vain pientä kasaamista, kuten satulan ja ohjaustangon säätämistä, sekä polkimien tai etupyörän asentamista. Tämän lisäksi ohjelmistojen ja komponenttien päivittäminen tapahtuu käden käänteessä HEPHA-mobiilisovelluksen avulla.</p>",
            "background_color": "#ffffff",
            "button1_text": "",
            "button1_text_de": "",
            "button1_text_fr": "",
            "button1_url": "",
            "button1_background_color": "",
            "button1_text_color": ""
          }
        },
        "module_kkUcJz": {
          "type": "module",
          "settings": {
            "image": "shopify://shop_images/marketing-strategy-svgrepo-com.svg",
            "subheading_image_1_width": 60,
            "module_big_title": "",
            "module_title": "Brand marketing",
            "module_title_de": "Eine wachsende Marke",
            "module_title_fr": "Marketing de la marque",
            "description": "<p>Strong brands drive sales and attract customers. That's why we prioritize significant investments in marketing, communication, and PR to drive traffic to your shop.</p>",
            "description_de": "<p>Starke Marken verkaufen und schaffen Frequenz. Daher investieren viel in Marketing, Kommunikation & PR, damit wir Ihnen viele Kunden in Ihren Shop bringen.</p>",
            "description_fr": "<p>Les marques solides se vendent et attirent du monde. C'est pourquoi nous investissons beaucoup dans le marketing, la communication et les relations publiques afin de vous apporter de nombreux clients dans votre magasin.</p>",
            "description_fi": "<p>Vahva kattomarkkinointi lisää brändin myyntiä ja houkuttelee asiakkaita. Siksi priorisoimme merkittäviä investointeja markkinointiin, viestintään ja PR-toimenpiteisiin ohjataksemme liikennettä myymäläänne.</p>",
            "background_color": "#ffffff",
            "button1_text": "",
            "button1_text_de": "",
            "button1_text_fr": "",
            "button1_url": "",
            "button1_background_color": "",
            "button1_text_color": ""
          }
        },
        "module_VbbNhD": {
          "type": "module",
          "settings": {
            "image": "shopify://shop_images/internet-web-communication-svgrepo-com.svg",
            "subheading_image_1_width": 60,
            "module_big_title": "",
            "module_title": "Online and Offline",
            "module_title_de": "On und Offline",
            "module_title_fr": "En ligne et hors ligne",
            "description": "<p>The future lies in the smart integration of online and offline channels. That's precisely where we begin, working hand in hand with our dealers.</p>",
            "description_de": "<p>Die Zukunft gehört der intelligenten Mischung aus On- und Offline. Genau hier starten wir. Und das immer zusammen mit unseren Händlern.</p>",
            "description_fr": "<p>L'avenir appartient à la combinaison intelligente du commerce en ligne et hors ligne. C'est exactement là que nous commençons, toujours en collaboration avec nos distributeurs.</p>",
            "description_fi": "<p>Tulevaisuus on älykkäässä online- ja offline-kanavien yhdistämisessä. Näin ollen myös kivijalkamyymälät näyttelevät liiketoiminnallemme merkittävää osaa, ja tästä syystä etsimme vahvoja toimijoita palvelemaan loppuasiakkaita myös kasvokkain ja henkilökohtaisesti.</p>",
            "background_color": "#ffffff",
            "button1_text": "",
            "button1_text_de": "",
            "button1_text_fr": "",
            "button1_url": "",
            "button1_background_color": "",
            "button1_text_color": ""
          }
        }
      },
      "block_order": [
        "module_PXtypA",
        "module_UEE379",
        "module_b4aTfp",
        "module_kkUcJz",
        "module_VbbNhD"
      ],
      "settings": {
        "title": "Benefits to become a dealer",
        "title_de": "Vorteile für Sie als Händler",
        "title_fr": "Avantages à devenir revendeur",
        "title_fi": "Edut tulla jälleenmyyjäksi",
        "title_font_size": 20,
        "description_font_size": 14
      }
    },
    "custom_textarea_wz8weY": {
      "type": "custom_textarea",
      "custom_css": [
        ".custom-tab-container {margin-bottom: 0px !important; padding: 0 !important;}",
        ".custom-text-area {justify-content: center; text-align: center; padding: 60px 0 0 0;}",
        ".description-and-items {text-align: center; justify-content: center;}"
      ],
      "settings": {
        "section_title": "Fill out the form and apply now",
        "section_title_de": "Werden Sie jetzt HEPHA Händler",
        "section_title_fr": "Remplissez le formulaire et postulez maintenant",
        "section_title_fi": "Täytä alla oleva lomake ja hae jälleenmyyjäksemme",
        "text_description": "",
        "text_description_de": "",
        "text_description_fr": "",
        "title_font_size": 30,
        "text_font_size": 16,
        "show_item_list": true,
        "layout": "title_above",
        "item_font_size": 16,
        "custom_icon": "solid_dot"
      }
    },
    "custom_liquid_Pa4UYW": {
      "type": "custom-liquid",
      "custom_css": [
        ".strongly-spaced-row,.fully-spaced-row--medium {margin-top: 0; margin-bottom: 80px;}"
      ],
      "settings": {
        "full_width": false,
        "show_space": true,
        "code": "{% if request.locale.iso_code == 'de' %}\n\n\n<!--pifyform-start-->\n<style>\n  .pifyform.formloading iframe {\n    visibility: hidden !important;\n  }\n\n  .pifyform.formloading {\n    background-image: url(https://form-builder.pifyapp.com/assets/images/loading.gif?v=4.6);\n    background-position: center 30px;\n    background-size: 30px 30px;\n    background-repeat: no-repeat;\n  }\n</style>\n<div id=\"pifyform-10826\" class=\"pifyform\" style=\"margin:10px 0;\">\n  <script charset=\"UTF-8\" defer>\n    document.getElementById(\"pifyform-10826\").classList.add(\"formloading\");(function(h){function n(a){return null===a?null:a.scrollHeight>a.clientHeight?a:n(a.parentNode)}function t(b){if(b.data && typeof(b.data)==\"string\"){var f =null;try{f=JSON.parse(b.data);}catch(e){}if(f!=null&&f.height!=undefined){if(f.formId==undefined){d.style.height=f.height+\"px\"}else if(\"pifyform-\"+f.formId==d.id){d.style.height=f.height+\"px\"}}if(f!=null&&f.redirect!=undefined&&f.redirect!=\"\"){window.location.href=f.redirect;}if(f!=null&&f.retsetHeight!=undefined&&f.retsetHeight){d.style.height=\"520px\";window.location.href=\"#pifyform-10826\";}if(document.getElementsByClassName('lazyframe').length>0){var lazyframe=document.getElementsByClassName('lazyframe')[0];lazyframe.style.height=\"100%\";lazyframe.removeAttribute(\"data-ratio\");lazyframe.parentNode.style.overflow='hidden'} if(f!=null&&f.getter){b={};var f=[].concat(f.getter),k,h=f.length,m,c,g,e;for(k=0;k<h;k++){m=k;c=f[k]||{};c.n&&(m=c.n);g=null;try{switch(c.t){case \"window\":e=window;break;case \"scrollParent\":e=n(a)||window;break;default:e=a}if(c.e)if(\"rect\"===c.v){g={};var l=e.getBoundingClientRect();g={top:l.top,left:l.left,width:l.width,height:l.height}}else g=e[c.v].apply(e,[].concat(c.e))||!0;else c.s?(e[c.v]=c.s,g=!0):g=e[c.v]||!1}catch(u){}b[m]=g}b.innerState=!p&&!q;a.contentWindow.postMessage(JSON.stringify({queryRes:b}),\"*\")}}}var d = document.getElementById(\"pifyform-10826\");var a = document.createElement(\"iframe\");d.style.overflowY=\"auto\";d.style.overflowX=\"hidden\";var p=d.style.height&&\"auto\"!==d.style.height,q=\"absolute\"===d.style.position||window.getComputedStyle&&\"absolute\"===window.getComputedStyle(d,null).getPropertyValue(\"position\")||d.currentStyle&&\"absolute\"===d.currentStyle.position;h.addEventListener&&h.addEventListener(\"message\",t,!1);a.src=\"https://form-builder-an.pifyapp.com/form/s/10826\";a.id=\"form-iframe-10826\";a.onload=function(){document.getElementById(\"pifyform-10826\").classList.remove(\"formloading\");a.contentWindow.postMessage(JSON.stringify({parentUrl: window.location.href}), \"*\");};a.frameBorder=0;a.scrolling=\"no\";a.style.display=\"block\";a.style.minWidth=\"100%\";a.style.width=\"100px\";a.style.height=\"100%\";a.style.border=\"none\";a.style.overflow=\"auto\";setTimeout(function(){if(!document.getElementById(\"form-iframe-10826\")){d.appendChild(a);}},50);})(window);\n  </script>\n</div>\n<!--pifyform-end-->\n\n\n\n\n{% else %}\n\n{% if request.locale.iso_code == 'fr' %}\n\n\n<!--pifyform-start-->\n<style>\n  .pifyform.formloading iframe {\n    visibility: hidden !important;\n  }\n\n  .pifyform.formloading {\n    background-image: url(https://form-builder.pifyapp.com/assets/images/loading.gif?v=4.6);\n    background-position: center 30px;\n    background-size: 30px 30px;\n    background-repeat: no-repeat;\n  }\n</style>\n<div id=\"pifyform-11016\" class=\"pifyform\" style=\"margin:10px 0;\">\n  <script charset=\"UTF-8\" defer>\n    document.getElementById(\"pifyform-11016\").classList.add(\"formloading\");(function(h){function n(a){return null===a?null:a.scrollHeight>a.clientHeight?a:n(a.parentNode)}function t(b){if(b.data && typeof(b.data)==\"string\"){var f =null;try{f=JSON.parse(b.data);}catch(e){}if(f!=null&&f.height!=undefined){if(f.formId==undefined){d.style.height=f.height+\"px\"}else if(\"pifyform-\"+f.formId==d.id){d.style.height=f.height+\"px\"}}if(f!=null&&f.redirect!=undefined&&f.redirect!=\"\"){window.location.href=f.redirect;}if(f!=null&&f.retsetHeight!=undefined&&f.retsetHeight){d.style.height=\"520px\";window.location.href=\"#pifyform-11016\";}if(document.getElementsByClassName('lazyframe').length>0){var lazyframe=document.getElementsByClassName('lazyframe')[0];lazyframe.style.height=\"100%\";lazyframe.removeAttribute(\"data-ratio\");lazyframe.parentNode.style.overflow='hidden'} if(f!=null&&f.getter){b={};var f=[].concat(f.getter),k,h=f.length,m,c,g,e;for(k=0;k<h;k++){m=k;c=f[k]||{};c.n&&(m=c.n);g=null;try{switch(c.t){case \"window\":e=window;break;case \"scrollParent\":e=n(a)||window;break;default:e=a}if(c.e)if(\"rect\"===c.v){g={};var l=e.getBoundingClientRect();g={top:l.top,left:l.left,width:l.width,height:l.height}}else g=e[c.v].apply(e,[].concat(c.e))||!0;else c.s?(e[c.v]=c.s,g=!0):g=e[c.v]||!1}catch(u){}b[m]=g}b.innerState=!p&&!q;a.contentWindow.postMessage(JSON.stringify({queryRes:b}),\"*\")}}}var d = document.getElementById(\"pifyform-11016\");var a = document.createElement(\"iframe\");d.style.overflowY=\"auto\";d.style.overflowX=\"hidden\";var p=d.style.height&&\"auto\"!==d.style.height,q=\"absolute\"===d.style.position||window.getComputedStyle&&\"absolute\"===window.getComputedStyle(d,null).getPropertyValue(\"position\")||d.currentStyle&&\"absolute\"===d.currentStyle.position;h.addEventListener&&h.addEventListener(\"message\",t,!1);a.src=\"https://form-builder-an.pifyapp.com/form/s/11016\";a.id=\"form-iframe-11016\";a.onload=function(){document.getElementById(\"pifyform-11016\").classList.remove(\"formloading\");a.contentWindow.postMessage(JSON.stringify({parentUrl: window.location.href}), \"*\");};a.frameBorder=0;a.scrolling=\"no\";a.style.display=\"block\";a.style.minWidth=\"100%\";a.style.width=\"100px\";a.style.height=\"100%\";a.style.border=\"none\";a.style.overflow=\"auto\";setTimeout(function(){if(!document.getElementById(\"form-iframe-11016\")){d.appendChild(a);}},50);})(window);\n  </script>\n</div>\n<!--pifyform-end-->\n\n\n\n{% else %}\n\n\n<!--pifyform-start-->\n<style>\n  .pifyform.formloading iframe {\n    visibility: hidden !important;\n  }\n\n  .pifyform.formloading {\n    background-image: url(https://form-builder.pifyapp.com/assets/images/loading.gif?v=4.6);\n    background-position: center 30px;\n    background-size: 30px 30px;\n    background-repeat: no-repeat;\n  }\n</style>\n<div id=\"pifyform-10998\" class=\"pifyform\" style=\"margin:10px 0;\">\n  <script charset=\"UTF-8\" defer>\n    document.getElementById(\"pifyform-10998\").classList.add(\"formloading\");(function(h){function n(a){return null===a?null:a.scrollHeight>a.clientHeight?a:n(a.parentNode)}function t(b){if(b.data && typeof(b.data)==\"string\"){var f =null;try{f=JSON.parse(b.data);}catch(e){}if(f!=null&&f.height!=undefined){if(f.formId==undefined){d.style.height=f.height+\"px\"}else if(\"pifyform-\"+f.formId==d.id){d.style.height=f.height+\"px\"}}if(f!=null&&f.redirect!=undefined&&f.redirect!=\"\"){window.location.href=f.redirect;}if(f!=null&&f.retsetHeight!=undefined&&f.retsetHeight){d.style.height=\"520px\";window.location.href=\"#pifyform-10998\";}if(document.getElementsByClassName('lazyframe').length>0){var lazyframe=document.getElementsByClassName('lazyframe')[0];lazyframe.style.height=\"100%\";lazyframe.removeAttribute(\"data-ratio\");lazyframe.parentNode.style.overflow='hidden'} if(f!=null&&f.getter){b={};var f=[].concat(f.getter),k,h=f.length,m,c,g,e;for(k=0;k<h;k++){m=k;c=f[k]||{};c.n&&(m=c.n);g=null;try{switch(c.t){case \"window\":e=window;break;case \"scrollParent\":e=n(a)||window;break;default:e=a}if(c.e)if(\"rect\"===c.v){g={};var l=e.getBoundingClientRect();g={top:l.top,left:l.left,width:l.width,height:l.height}}else g=e[c.v].apply(e,[].concat(c.e))||!0;else c.s?(e[c.v]=c.s,g=!0):g=e[c.v]||!1}catch(u){}b[m]=g}b.innerState=!p&&!q;a.contentWindow.postMessage(JSON.stringify({queryRes:b}),\"*\")}}}var d = document.getElementById(\"pifyform-10998\");var a = document.createElement(\"iframe\");d.style.overflowY=\"auto\";d.style.overflowX=\"hidden\";var p=d.style.height&&\"auto\"!==d.style.height,q=\"absolute\"===d.style.position||window.getComputedStyle&&\"absolute\"===window.getComputedStyle(d,null).getPropertyValue(\"position\")||d.currentStyle&&\"absolute\"===d.currentStyle.position;h.addEventListener&&h.addEventListener(\"message\",t,!1);a.src=\"https://form-builder-an.pifyapp.com/form/s/10998\";a.id=\"form-iframe-10998\";a.onload=function(){document.getElementById(\"pifyform-10998\").classList.remove(\"formloading\");a.contentWindow.postMessage(JSON.stringify({parentUrl: window.location.href}), \"*\");};a.frameBorder=0;a.scrolling=\"no\";a.style.display=\"block\";a.style.minWidth=\"100%\";a.style.width=\"100px\";a.style.height=\"100%\";a.style.border=\"none\";a.style.overflow=\"auto\";setTimeout(function(){if(!document.getElementById(\"form-iframe-10998\")){d.appendChild(a);}},50);})(window);\n  </script>\n</div>\n<!--pifyform-end-->\n{% endif %}\n{% endif %}"
      }
    },
    "custom_product_tab_test_m9aDPj": {
      "type": "custom-product-tab-test",
      "custom_css": [
        "@media (max-width: 768px) {.explore-title {margin-left: 0; padding: 20px; }}"
      ],
      "settings": {
        "title": "Explore more HEPHA E-Bikes",
        "title_de": "Entdecken Sie mehr HEPHA E-Bikes",
        "title_fr": "Découvrez d'autres vélos électriques HEPHA",
        "title_fi": "Tutustu lisää HEPHA E-Bike-malleihin",
        "image": "shopify://shop_images/HEPHA-Trekking7_01_grey_7ff138ad-9f41-4981-b752-1bd80fee72c0.jpg",
        "background_color": "#ffffff",
        "background_position": "center center",
        "background_size": "cover",
        "background_align_items": "flex-start",
        "background_padding_top": 20,
        "background_padding_right": 20,
        "background_padding_bottom": 20,
        "background_padding_left": 20,
        "ad_link": "shopify://collections/hepha-ebikes",
        "ad_button_color": "#000000",
        "ad_button_text_color": "#ffffff",
        "title_1": "<p>Not sure which E-Bike is right for you? Discover and compare our full range of E-Bikes to find the perfect model for your adventures.</p>",
        "title_1_de": "<p>Nicht sicher, welches E-Bike das richtige für Sie ist? Entdecken und vergleichen Sie unser gesamtes Sortiment an E-Bikes, um das perfekte Modell für Ihre Abenteuer zu finden.</p>",
        "title_1_fr": "<p>Vous n’êtes pas sûr de quel vélo électrique est fait pour vous ? Découvrez et comparez notre gamme complète de vélos électriques pour trouver le modèle parfait pour vos aventures.</p>",
        "title_1_fi": "<p>Etkö ole varma, mikä sähköpyörämalli sopii sinulle? Tutustu ja vertaa koko valikoimaamme löytääksesi täydellisen pyörän omaan käyttötarkoitukseesi.</p>",
        "heading_color_1": "#ffffff",
        "heading_size_1": 18,
        "button_label": "Explore all E-Bikes!",
        "button_label_de": "Entdecke alle E-Bikes!",
        "button_label_fr": "Découvrez tous modèles !",
        "button_label_fi": "Tutki koko mallistoa!",
        "product_source_trekking7ltd": "collection",
        "trekking7ltd_collection": "trekking-7-my23",
        "trekking7ltd_products": [],
        "product_source_trekking7": "collection",
        "trekking7_collection": "new-bike-2024",
        "trekking7_products": [],
        "product_source_mountain7": "collection",
        "mountain7_collection": "mountain-7-2024",
        "mountain7_products": [],
        "product_source_mountain7carbon": "collection",
        "mountain7carbon_collection": "mountain-7-carbon",
        "mountain7carbon_products": [],
        "product_source_city7": "collection",
        "city7_collection": "city-e-bike",
        "city7_products": [],
        "show_description": true
      }
    }
  },
  "order": [
    "custom_two_colum_banner_AV3tfq",
    "custom_imagerow_FgWT4n",
    "custom_textarea_wz8weY",
    "custom_liquid_Pa4UYW",
    "custom_product_tab_test_m9aDPj"
  ]
}
