{
  "parent": "page.deutsche-dienstrad.json",
  "context": { "market": "austria" },
  "sections": {
    "custom_two_colum_banner_DP9R8r": {
      "disabled": true,
      "settings": {},
      "blocks": {}
    },
    "custom_two_colum_banner_YA8zmr": {
      "disabled": true,
      "settings": {},
      "blocks": {}
    },
    "custom_textarea_jRAyyr": {
      "disabled": true,
      "settings": {},
      "blocks": {}
    },
    "custom_liquid_xykQ7Q": { "disabled": true, "settings": {}, "blocks": {} },
    "custom_imagerow_3BF6pE": {
      "disabled": true,
      "settings": {},
      "blocks": {}
    },
    "collapsible_tab_4tJyNF": {
      "disabled": true,
      "settings": {},
      "blocks": {}
    },
    "custom_textarea_nptjme": {
      "disabled": true,
      "settings": {},
      "blocks": {}
    },
    "custom_liquid_eXpnpt": { "disabled": true, "settings": {}, "blocks": {} },
    "rich_text_jzniYT": {
      "disabled": false,
      "settings": {},
      "blocks": { "heading_wphULB": { "disabled": true, "settings": {} } }
    }
  },
  "order": [
    "rich_text_jzniYT",
    "custom_two_colum_banner_DP9R8r",
    "custom_two_colum_banner_YA8zmr",
    "custom_textarea_jRAyyr",
    "custom_liquid_xykQ7Q",
    "custom_imagerow_3BF6pE",
    "collapsible_tab_4tJyNF",
    "custom_textarea_nptjme",
    "custom_liquid_eXpnpt"
  ]
}
