{
  "sections": {
    "main": {
      "type": "main-page",
      "settings": { "show_page_title": false, "full_width": false }
    },
    "collapsible_tabs_hhpTCH": {
      "type": "collapsible-tabs",
      "blocks": {
        "question_wbYGFC": {
          "type": "question",
          "settings": {
            "title": "Trekking 7",
            "title_de": "Trekking 7",
            "title_fr": "Trekking 7",
            "answer": "",
            "answer_de": "",
            "answer_fr": "",
            "liquid_content": "",
            "liquid_content_de": "",
            "liquid_content_fr": "",
            "answer_2": "",
            "answer_2_de": "",
            "answer_2_fr": ""
          }
        },
        "question_bQ3Nc7": {
          "type": "question",
          "settings": {
            "title": "Mountain 7",
            "title_de": "Mountain 7",
            "title_fr": "Mountain 7",
            "answer": "",
            "answer_de": "",
            "answer_fr": "",
            "liquid_content": "",
            "liquid_content_de": "",
            "liquid_content_fr": "",
            "answer_2": "",
            "answer_2_de": "",
            "answer_2_fr": ""
          }
        },
        "question_VfCJRh": {
          "type": "question",
          "settings": {
            "title": "All Mountain 7 Carbon",
            "title_de": "All Mountain 7 Carbon",
            "title_fr": "All Mountain 7 Carbon",
            "answer": "",
            "answer_de": "",
            "answer_fr": "",
            "liquid_content": "",
            "liquid_content_de": "",
            "liquid_content_fr": "",
            "answer_2": "",
            "answer_2_de": "",
            "answer_2_fr": ""
          }
        },
        "question_xJVdi7": {
          "type": "question",
          "settings": {
            "title": "City 7",
            "title_de": "City 7",
            "title_fr": "City 7",
            "answer": "",
            "answer_de": "",
            "answer_fr": "",
            "liquid_content": "",
            "liquid_content_de": "",
            "liquid_content_fr": "",
            "answer_2": "",
            "answer_2_de": "",
            "answer_2_fr": ""
          }
        },
        "question_PPgK9e": {
          "type": "question",
          "settings": {
            "title": "HEPHA P101C Drive Unit",
            "title_de": "HEPHA P101C Antrieb",
            "title_fr": "Entraînement HEPHA P101C",
            "answer": "",
            "answer_de": "",
            "answer_fr": "",
            "liquid_content": "",
            "liquid_content_de": "",
            "liquid_content_fr": "",
            "answer_2": "",
            "answer_2_de": "",
            "answer_2_fr": ""
          }
        },
        "question_VA6dLP": {
          "type": "question",
          "settings": {
            "title": "Displays",
            "title_de": "Displays",
            "title_fr": "",
            "answer": "",
            "answer_de": "",
            "answer_fr": "",
            "liquid_content": "<center><iframe width=\"560\" height=\"315\" src=\"https://www.youtube.com/embed/DnU0RfnRAb8?si=yIWhIHDAkErUGion\" title=\"YouTube video player\" frameborder=\"0\" allow=\"accelerometer; autoplay; clipboard-write; encrypted-media; gyroscope; picture-in-picture; web-share\" referrerpolicy=\"strict-origin-when-cross-origin\" allowfullscreen></iframe></center>",
            "liquid_content_de": "<center><iframe width=\"560\" height=\"315\" src=\"https://www.youtube.com/embed/DnU0RfnRAb8?si=yIWhIHDAkErUGion\" title=\"YouTube video player\" frameborder=\"0\" allow=\"accelerometer; autoplay; clipboard-write; encrypted-media; gyroscope; picture-in-picture; web-share\" referrerpolicy=\"strict-origin-when-cross-origin\" allowfullscreen></iframe></center>",
            "liquid_content_fr": "",
            "answer_2": "",
            "answer_2_de": "",
            "answer_2_fr": ""
          }
        }
      },
      "block_order": [
        "question_wbYGFC",
        "question_bQ3Nc7",
        "question_VfCJRh",
        "question_xJVdi7",
        "question_PPgK9e",
        "question_VA6dLP"
      ],
      "settings": {
        "title": "MANUALS",
        "title_de": "HANDBÜCHER",
        "title_fr": "MANUELS"
      }
    }
  },
  "order": ["main", "collapsible_tabs_hhpTCH"]
}
