{
  "parent": "page.alteos-versicherung.json",
  "context": { "market": "austria" },
  "sections": {
    "rich_text_k44Yy": {
      "type": "rich-text",
      "disabled": false,
      "settings": {
        "height": "large",
        "text_alignment": "center",
        "full_width": false,
        "color_scheme": "default"
      },
      "blocks": {
        "heading_MWLfP": {
          "type": "heading",
          "disabled": false,
          "settings": {
            "title": "Alteos Versicherung ist in Österreich nicht verfügbar.",
            "use_h1": false
          }
        }
      },
      "block_order": ["heading_MWLfP"]
    },
    "custom_two_colum_banner_4pYriY": {
      "disabled": true,
      "settings": {},
      "blocks": {}
    },
    "rich_text_MTaQGE": { "disabled": true, "settings": {}, "blocks": {} },
    "rich_text_YR9zXG": { "disabled": true, "settings": {}, "blocks": {} }
  },
  "order": [
    "rich_text_k44Yy",
    "custom_two_colum_banner_4pYriY",
    "rich_text_MTaQGE",
    "rich_text_YR9zXG"
  ]
}
