{
  "parent": "page.trekking-collection.json",
  "context": { "market": "france" },
  "sections": {
    "custom_slideshow_tab_RGFFnK": {
      "settings": {
        "footer_description": "or Pay with Instalment Plans",
        "footer_description_de": "",
        "footer_description_fr": "Paiement en plusieurs fois"
      },
      "blocks": {}
    },
    "custom_slideshow_tab_Lxtebk": {
      "settings": {
        "footer_description": "or Pay with Instalment Plans",
        "footer_description_de": "",
        "footer_description_fr": "Paiement en plusieurs fois"
      },
      "blocks": {}
    },
    "custom_slideshow_tab_xgxENH": {
      "settings": {
        "footer_description": "or Pay with Instalment Plans",
        "footer_description_de": "",
        "footer_description_fr": "Paiement en plusieurs fois"
      },
      "blocks": {}
    },
    "custom_slideshow_tab_xTWYeB": {
      "settings": {
        "banner_left_image": "shopify://shop_images/HEPHA-Trekking7_Step-Through_warm-grey-black_08_1.jpg",
        "banner_left_title": "",
        "banner_left_title_de": "",
        "banner_left_description": "",
        "banner_left_description_de": "",
        "footer_description": "or Pay with Instalment Plans",
        "footer_description_de": "",
        "footer_description_fr": "Paiement en plusieurs fois",
        "footer_title": "from 2,799.00 €",
        "footer_title_de": "Ab 2.799,00 €",
        "footer_title_fr": "À partir de 2 799,00 €"
      },
      "blocks": {}
    },
    "custom_slideshow_tab_378QJf": {
      "settings": {
        "footer_title": "from 2,399.00 €",
        "footer_title_de": "Ab 2.399,00 €",
        "footer_title_fr": "à partir de 2 399,00 €"
      },
      "blocks": {}
    }
  }
}
