{
  "sections": {
    "main": {
      "type": "main-page",
      "disabled": true,
      "settings": { "show_page_title": false, "full_width": false }
    },
    "custom_two_colum_banner_bTefqW": {
      "type": "custom-two-colum-banner",
      "blocks": {
        "slide_XXakWH": {
          "type": "slide",
          "settings": {
            "background_color": "rgba(0,0,0,0)",
            "liquid_content4": "<video loop muted playsinline autoplay style=\"position: absolute; top: 0; left: 0; width: 100%; height: 100%; object-fit: cover; z-index: -1;height:700px;\">\n<source src=\"https://cdn.shopify.com/videos/c/o/v/4e543c5cd4cb4bc3bf13a4d74c6d8f48.mp4\" type=\"video/mp4\">\nYour browser does not support the video tag.\n</video>",
            "background_size": "cover",
            "background_position": "center",
            "background_align_items": "center",
            "background_padding_top": 0,
            "background_padding_left": 40,
            "background_padding_right": 40,
            "background_padding_bottom": 40,
            "liquid_content": "",
            "subheading_image_title_link": "",
            "subheading_image_title_width": 200,
            "subheading_image_title_position": "",
            "title_1": "<p><strong>A new era begins at Eurobike.</strong></p>",
            "title_1_de": "<p><strong>Auf der Eurobike beginnt eine neue Ära.</strong></p>",
            "title_1_fr": "<p><strong>A new era begins at Eurobike.</strong></p>",
            "title_1_fi": "<p><strong>A new era begins at Eurobike.</strong></p>",
            "heading_color_1": "#ffffff",
            "heading_size_1": 55,
            "subheading_1": "<h4>Visit us at the world's largest bicycle trade fair – test, ride, celebrate!</h4><h4>Halle 12.0/A21, Frankfurt Messe, Jun 27-29, 2025</h4>",
            "subheading_1_de": "<h3>Besuche uns auf der EUROBIKE 2025 – Test, Ride, Celebrate!</h3><h4>Halle 12.0/A21, Frankfurt Messe, Jun 27-29, 2025</h4>",
            "subheading_1_fr": "<h4>Visit us at the world's largest bicycle trade fair – test, ride, celebrate!</h4><h4>Halle 12.0/A21, Frankfurt Messe, Jun 27-29, 2025</h4>",
            "subheading_1_fi": "<h4>Visit us at the world's largest bicycle trade fair – test, ride, celebrate!</h4><h4>Halle 12.0/A21, Frankfurt Messe, Jun 27-29, 2025</h4>",
            "subheading_color_1": "#dfe3e8",
            "subheading_size_1": 20,
            "liquid_content3": "<style>\n    .countdown-display {\n        font-size: 40px; \n        color: #ffffff;\n        display: flex;\n        flex-direction: column;\n        justify-content: center;\n        align-items: center;\n        margin-bottom: 20px; \n        border-radius: 10px;\n        text-align: center;\n    }\n    .starts-in {\n        font-size: 20px;\n        color: #ffffff;\n    }\n    .time-container {\n        display: flex;\n        justify-content: center;\n        margin: 0 10px;\n    }\n    .time-segment {\n        display: flex;\n        flex-direction: column;\n        align-items: center;\n        margin: 0 5px;\n    }\n    .time-label {\n        font-size: 10px; \n        color: #ffffff;\n    }\n    @media (max-width: 600px) {\n        .countdown-display {\n            font-size: 30px;\n        }\n        .starts-in {\n            font-size: 16px;\n        }\n        .time-label {\n            font-size: 10px;\n        }\n    }\n</style>\n\n<div class=\"countdown-display\" id=\"event-countdown\">\n    \n    <div class=\"time-container\">\n        <div class=\"time-segment\">\n            <span id=\"days-remaining\">00</span>\n            {% if request.locale.iso_code == 'de' %}\n                <span class=\"time-label\">Tage</span>\n            {% elsif request.locale.iso_code == 'fr' %}\n                <span class=\"time-label\">Jours</span>\n            {% else %}\n                <span class=\"time-label\">Days</span>\n            {% endif %}\n        </div>\n        <span>:</span>\n        <div class=\"time-segment\">\n            <span id=\"hours-remaining\">00</span>\n            {% if request.locale.iso_code == 'de' %}\n                <span class=\"time-label\">Stunden</span>\n            {% elsif request.locale.iso_code == 'fr' %}\n                <span class=\"time-label\">Heures</span>\n            {% else %}\n                <span class=\"time-label\">Hours</span>\n            {% endif %}\n        </div>\n        <span>:</span>\n        <div class=\"time-segment\">\n            <span id=\"minutes-remaining\">00</span>\n            <span class=\"time-label\">Min</span>\n        </div>\n        <span>:</span>\n        <div class=\"time-segment\">\n            <span id=\"seconds-remaining\">00</span>\n            {% if request.locale.iso_code == 'de' %}\n                <span class=\"time-label\">Sekunden</span>\n            {% elsif request.locale.iso_code == 'fr' %}\n                <span class=\"time-label\">Sec</span>\n            {% else %}\n                <span class=\"time-label\">Sec</span>\n            {% endif %}\n        </div>\n    </div>\n</div>\n\n<script>\n    const countdownDate = new Date(\"2025-06-27T12:00:00\").getTime();\n    const x = setInterval(function() {\n        const now = new Date().getTime();\n        const distance = countdownDate - now;\n        const days = Math.floor(distance / (1000 * 60 * 60 * 24));\n        const hours = Math.floor((distance % (1000 * 60 * 60 * 24)) / (1000 * 60 * 60));\n        const minutes = Math.floor((distance % (1000 * 60 * 60)) / (1000 * 60));\n        const seconds = Math.floor((distance % (1000 * 60)) / 1000);\n        document.getElementById(\"days-remaining\").innerHTML = String(days).padStart(2, '0');\n        document.getElementById(\"hours-remaining\").innerHTML = String(hours).padStart(2, '0');\n        document.getElementById(\"minutes-remaining\").innerHTML = String(minutes).padStart(2, '0');\n        document.getElementById(\"seconds-remaining\").innerHTML = String(seconds).padStart(2, '0');\n        \n        if (distance < 0) {\n            clearInterval(x);\n            document.getElementById(\"event-countdown\").innerHTML = \"Time's up!\";\n        }\n    }, 1000);\n</script>",
            "subheading_image_1_link": "",
            "subheading_image_1_width": 0,
            "subheading_image_1_position": "",
            "subheading_image_1b_position": "",
            "subheading_image_1b_link": "",
            "title_2": "",
            "title_2_de": "",
            "title_2_fr": "",
            "title_2_fi": "",
            "heading_color_2": "#ffffff",
            "heading_size_2": 20,
            "subheading_2": "",
            "subheading_2_de": "",
            "subheading_2_fr": "",
            "subheading_2_fi": "",
            "subheading_color_2": "#000000",
            "subheading_size_2": 16,
            "subheading_image_2_position": "",
            "subheading_image_2_link": "",
            "collection": "",
            "buttongroup_label": "",
            "buttongroup_label_de": "",
            "buttongroup_label_fr": "",
            "buttongroup_label_fi": "",
            "button_label": "Register",
            "button_label_de": "Registrieren",
            "button_label_fr": "Register",
            "button_label_fi": "Register",
            "link": "#shopify-section-template--23976772600076__image_with_text_ytFTHK",
            "button_color": "#e20e7e",
            "button2_label": "Live Stream",
            "button2_label_de": "Live Stream",
            "button2_label_fr": "Live Stream",
            "button2_label_fi": "Live Stream",
            "link2": "https://hepha.com/de/pages/events-eurobike-2025?fw_playlist=g4Y9BM&fw_video=oPDDan&fw_channel=hepha",
            "link2_de": "https://hepha.com/de/pages/events-eurobike-2025?fw_playlist=g4Y9BM&fw_video=oPDDan&fw_channel=hepha",
            "link2_fr": "",
            "link2_fi": "",
            "button2_color": "#e20e7e",
            "button_text_color": "#fcc300",
            "column_1title": "",
            "column_1title_de": "",
            "column_1title_fr": "",
            "column_1title_fi": "",
            "column_1description": "",
            "column_1description_de": "",
            "column_1description_fr": "",
            "column_1description_fi": "",
            "column_2title": "",
            "column_2title_de": "",
            "column_2title_fr": "",
            "column_2title_fi": "",
            "column_2description": "",
            "column_2description_de": "",
            "column_2description_fr": "",
            "column_2description_fi": "",
            "column_3title": "",
            "column_3title_de": "",
            "column_3title_fr": "",
            "column_3title_fi": "",
            "column_3description": "",
            "column_3description_de": "",
            "column_3description_fr": "",
            "column_3description_fi": "",
            "column_4title": "",
            "column_4title_de": "",
            "column_4title_fr": "",
            "column_4title_fi": "",
            "column_4description": "",
            "column_4description_de": "",
            "column_4description_fr": "",
            "column_4description_fi": "",
            "liquid_content2": "",
            "liquid_content5": "<p style=\"color:#ffffff;margin-top:10px;\">\n{% if request.locale.iso_code == 'de' %}\n    (Newsletter & Veranstaltungen)\n {% else %}\n    (newsletter & event news)\n  {% endif %}\n</p>"
          }
        }
      },
      "block_order": ["slide_XXakWH"],
      "custom_css": [
        ".two-column-slide__content {max-width: 1000px; align-items: center;}",
        ".two-column-slide__heading p,.two-column-slide__text p {margin: 0; text-align: center;}",
        ".two-column-slide__heading,.two-column-slide__text {margin: 0 0 10px 0;}",
        "@media (max-width: 768px) {.two-column-slides {height: 700px !important; } .two-column-slide__heading {font-size: 30px !important; line-height: 1.2 !important; } .two-column-slide__text {font-size: 18px !important; line-height: 1.2 !important; }}"
      ],
      "settings": {
        "section_id": "",
        "mobile_font_size_heading": 40,
        "mobile_line_height_heading": 42,
        "mobile_font_size_text": 20,
        "mobile_line_height_text": 24,
        "mobile_slide_padding_top": 30
      }
    },
    "rich_text_8Qhyxa": {
      "type": "rich-text",
      "blocks": {
        "heading_aYhAde": {
          "type": "heading",
          "settings": { "title": "Coming Soon……", "use_h1": false }
        }
      },
      "block_order": ["heading_aYhAde"],
      "settings": {
        "height": "small",
        "text_alignment": "center",
        "full_width": false,
        "color_scheme": "default"
      }
    },
    "custom_firework_video_TcdmeG": {
      "type": "custom_firework_video",
      "custom_css": [".videoblock {padding: 0;}"],
      "name": "Custom Playlist",
      "settings": {
        "mode": "pinned",
        "source": "manual",
        "manual_playlist_id": "g4Y9BM"
      }
    },
    "custom_two_colum_banner_E6bQ3d": {
      "type": "custom-two-colum-banner",
      "blocks": {
        "slide_xDwHkH": {
          "type": "slide",
          "settings": {
            "background_color": "#ffffff",
            "liquid_content4": "",
            "background_size": "cover",
            "background_position": "center",
            "background_align_items": "center",
            "background_padding_top": 40,
            "background_padding_left": 40,
            "background_padding_right": 40,
            "background_padding_bottom": 40,
            "liquid_content": "",
            "subheading_image_title": "shopify://shop_images/HEPHA_Veil_Mood_Gen8.png",
            "subheading_image_title_link": "",
            "subheading_image_title_width": 600,
            "subheading_image_title_position": "",
            "title_1": "<h1>Strong as Goliath, light as David.</h1>",
            "title_1_de": "<h1>Stark wie Goliath, leicht wie David.</h1>",
            "title_1_fr": "<h1>Strong as Goliath, light as David.</h1>",
            "title_1_fi": "<h1>Strong as Goliath, light as David.</h1>",
            "heading_color_1": "#000000",
            "heading_size_1": 24,
            "subheading_1": "<p>What we unveil here bridges, for the first time, realms once apart—marking not just our leap into a new era, but a revolution in motion. Intrigued? Come discover it at our booth!</p>",
            "subheading_1_de": "<p>Was wir dort vorstellen, verbindet erstmals bislang getrennte Welten – nicht nur für uns ein Aufbruch in eine neue Zeit. Neugierig? Dann bei uns am Stand vorbeischauen!</p>",
            "subheading_1_fr": "<p>What we unveil here bridges, for the first time, realms once apart—marking not just our leap into a new era, but a revolution in motion. Intrigued? Come discover it at our booth!</p>",
            "subheading_1_fi": "<p>What we unveil here bridges, for the first time, realms once apart—marking not just our leap into a new era, but a revolution in motion. Intrigued? Come discover it at our booth!</p>",
            "subheading_color_1": "#000000",
            "subheading_size_1": 20,
            "liquid_content3": "",
            "subheading_image_1_link": "",
            "subheading_image_1_position": "",
            "subheading_image_1b_position": "",
            "subheading_image_1b_link": "",
            "title_2": "",
            "title_2_de": "",
            "title_2_fr": "",
            "title_2_fi": "",
            "heading_color_2": "#000000",
            "heading_size_2": 24,
            "subheading_2": "",
            "subheading_2_de": "",
            "subheading_2_fr": "",
            "subheading_2_fi": "",
            "subheading_color_2": "#000000",
            "subheading_size_2": 16,
            "subheading_image_2_position": "",
            "subheading_image_2_link": "",
            "collection": "",
            "buttongroup_label": "",
            "buttongroup_label_de": "",
            "buttongroup_label_fr": "",
            "buttongroup_label_fi": "",
            "button_label": "",
            "button_label_de": "",
            "button_label_fr": "",
            "button_label_fi": "",
            "link": "",
            "button_color": "#007bff",
            "button2_label": "",
            "button2_label_de": "",
            "button2_label_fr": "",
            "button2_label_fi": "",
            "link2": "",
            "link2_de": "",
            "link2_fr": "",
            "link2_fi": "",
            "button2_color": "#007bff",
            "button_text_color": "#ffffff",
            "column_1title": "",
            "column_1title_de": "",
            "column_1title_fr": "",
            "column_1title_fi": "",
            "column_1description": "",
            "column_1description_de": "",
            "column_1description_fr": "",
            "column_1description_fi": "",
            "column_2title": "",
            "column_2title_de": "",
            "column_2title_fr": "",
            "column_2title_fi": "",
            "column_2description": "",
            "column_2description_de": "",
            "column_2description_fr": "",
            "column_2description_fi": "",
            "column_3title": "",
            "column_3title_de": "",
            "column_3title_fr": "",
            "column_3title_fi": "",
            "column_3description": "",
            "column_3description_de": "",
            "column_3description_fr": "",
            "column_3description_fi": "",
            "column_4title": "",
            "column_4title_de": "",
            "column_4title_fr": "",
            "column_4title_fi": "",
            "column_4description": "",
            "column_4description_de": "",
            "column_4description_fr": "",
            "column_4description_fi": "",
            "liquid_content2": "",
            "liquid_content5": ""
          }
        }
      },
      "block_order": ["slide_xDwHkH"],
      "custom_css": [
        ".two-column-slide__heading h1,.two-column-slide__text p {margin: 0; text-align: center; font-family: var(--heading-font-family);}",
        ".two-column-slide__heading,.two-column-slide__text {margin: 0 0 10px 0; text-align: center; width: 100%;}",
        "@media (max-width: 768px) {.two-column-slides {height: 500px !important; } .two-column-slide__heading h1 {font-size: 28px !important; line-height: 1.2 !important; } .two-column-slide__text {font-size: 16px !important; line-height: 1.2 !important; } .two-column-slide {padding: 0 !important; }}"
      ],
      "name": "Two Column Slideshow",
      "settings": {
        "section_id": "",
        "mobile_font_size_heading": 40,
        "mobile_line_height_heading": 42,
        "mobile_font_size_text": 20,
        "mobile_line_height_text": 24,
        "mobile_slide_padding_top": 30
      }
    },
    "custom_two_colum_banner_nmdwQ7": {
      "type": "custom-two-colum-banner",
      "blocks": {
        "slide_ncjKpN": {
          "type": "slide",
          "settings": {
            "background_color": "#ffffff",
            "liquid_content4": "",
            "background_size": "80",
            "background_position": "center",
            "background_align_items": "center",
            "background_padding_top": 40,
            "background_padding_left": 40,
            "background_padding_right": 40,
            "background_padding_bottom": 40,
            "liquid_content": "",
            "subheading_image_title": "shopify://shop_images/HEPHA_MY26_All_Mountain7_Carbon_Signature_e4787874-c79b-4fda-83a4-168f15904901.png",
            "subheading_image_title_link": "",
            "subheading_image_title_width": 500,
            "subheading_image_title_position": "",
            "title_1": "<h1>A new motor, new models—and an e-bike that calls for help…</h1>",
            "title_1_de": "<h1>Neuer Motor, neue Modelle und ein E-Bike das um Hilfe ruft ...</h1>",
            "title_1_fr": "<h1>A new motor, new models—and an e-bike that calls for help…</h1>",
            "title_1_fi": "<h1>A new motor, new models—and an e-bike that calls for help…</h1>",
            "heading_color_1": "#000000",
            "heading_size_1": 24,
            "subheading_1": "<p>If the dawn of a new generation weren’t thrilling enough, we will also present many new attractive models that you can test ride directly!.<br/><br/></p>",
            "subheading_1_de": "<p>Wäre die Vorstellung der neuen Generation nicht schon mehr als genug, stellen wir auch viele neue attraktive Modelle vor, die ihr direkt Testfahren könnt!</p>",
            "subheading_1_fr": "<p>If the dawn of a new generation weren’t thrilling enough, we will also present many new attractive models that you can test ride directly!.<br/><br/></p>",
            "subheading_1_fi": "<p>If the dawn of a new generation weren’t thrilling enough, we will also present many new attractive models that you can test ride directly!.<br/><br/></p>",
            "subheading_color_1": "#000000",
            "subheading_size_1": 16,
            "liquid_content3": "",
            "subheading_image_1_link": "",
            "subheading_image_1_position": "",
            "subheading_image_1b_position": "",
            "subheading_image_1b_link": "",
            "title_2": "",
            "title_2_de": "",
            "title_2_fr": "",
            "title_2_fi": "",
            "heading_color_2": "#000000",
            "heading_size_2": 24,
            "subheading_2": "",
            "subheading_2_de": "",
            "subheading_2_fr": "",
            "subheading_2_fi": "",
            "subheading_color_2": "#000000",
            "subheading_size_2": 16,
            "subheading_image_2_position": "",
            "subheading_image_2_link": "",
            "collection": "",
            "buttongroup_label": "",
            "buttongroup_label_de": "",
            "buttongroup_label_fr": "",
            "buttongroup_label_fi": "",
            "button_label": "",
            "button_label_de": "",
            "button_label_fr": "",
            "button_label_fi": "",
            "link": "",
            "button_color": "#007bff",
            "button2_label": "",
            "button2_label_de": "",
            "button2_label_fr": "",
            "button2_label_fi": "",
            "link2": "",
            "link2_de": "",
            "link2_fr": "",
            "link2_fi": "",
            "button2_color": "#007bff",
            "button_text_color": "#ffffff",
            "column_1title": "",
            "column_1title_de": "",
            "column_1title_fr": "",
            "column_1title_fi": "",
            "column_1description": "",
            "column_1description_de": "",
            "column_1description_fr": "",
            "column_1description_fi": "",
            "column_2title": "",
            "column_2title_de": "",
            "column_2title_fr": "",
            "column_2title_fi": "",
            "column_2description": "",
            "column_2description_de": "",
            "column_2description_fr": "",
            "column_2description_fi": "",
            "column_3title": "",
            "column_3title_de": "",
            "column_3title_fr": "",
            "column_3title_fi": "",
            "column_3description": "",
            "column_3description_de": "",
            "column_3description_fr": "",
            "column_3description_fi": "",
            "column_4title": "",
            "column_4title_de": "",
            "column_4title_fr": "",
            "column_4title_fi": "",
            "column_4description": "",
            "column_4description_de": "",
            "column_4description_fr": "",
            "column_4description_fi": "",
            "liquid_content2": "",
            "liquid_content5": ""
          }
        }
      },
      "block_order": ["slide_ncjKpN"],
      "custom_css": [
        ".two-column-slide__heading h1,.two-column-slide__text p {margin: 0; text-align: center; font-family: var(--heading-font-family);}",
        ".two-column-slide__heading,.two-column-slide__text {margin: 0 0 10px 0; text-align: center; width: 100%;}",
        "@media (max-width: 768px) {.two-column-slides {height: 500px !important; } .two-column-slide__heading h1 {font-size: 28px !important; line-height: 1.2 !important; } .two-column-slide__text {font-size: 16px !important; line-height: 1.2 !important; } .two-column-slide {padding: 0 !important; }}"
      ],
      "name": "Two Column Slideshow",
      "settings": {
        "section_id": "",
        "mobile_font_size_heading": 40,
        "mobile_line_height_heading": 42,
        "mobile_font_size_text": 20,
        "mobile_line_height_text": 24,
        "mobile_slide_padding_top": 30
      }
    },
    "custom_two_colum_banner_cBWDhT": {
      "type": "custom-two-colum-banner",
      "blocks": {
        "slide_DTE4WD": {
          "type": "slide",
          "settings": {
            "image": "shopify://shop_images/Ebene_14.jpg",
            "background_color": "#ffffff",
            "liquid_content4": "",
            "background_size": "contain",
            "background_position": "center",
            "background_align_items": "center",
            "background_padding_top": 40,
            "background_padding_left": 40,
            "background_padding_right": 40,
            "background_padding_bottom": 40,
            "liquid_content": "",
            "subheading_image_title_link": "",
            "subheading_image_title_position": "",
            "title_1": "",
            "title_1_de": "",
            "title_1_fr": "",
            "title_1_fi": "",
            "heading_color_1": "#000000",
            "heading_size_1": 24,
            "subheading_1": "",
            "subheading_1_de": "",
            "subheading_1_fr": "",
            "subheading_1_fi": "",
            "subheading_color_1": "#000000",
            "subheading_size_1": 16,
            "liquid_content3": "",
            "subheading_image_1_link": "",
            "subheading_image_1_position": "",
            "subheading_image_1b_position": "",
            "subheading_image_1b_link": "",
            "title_2": "",
            "title_2_de": "",
            "title_2_fr": "",
            "title_2_fi": "",
            "heading_color_2": "#000000",
            "heading_size_2": 24,
            "subheading_2": "",
            "subheading_2_de": "",
            "subheading_2_fr": "",
            "subheading_2_fi": "",
            "subheading_color_2": "#000000",
            "subheading_size_2": 16,
            "subheading_image_2_position": "",
            "subheading_image_2_link": "",
            "collection": "",
            "buttongroup_label": "",
            "buttongroup_label_de": "",
            "buttongroup_label_fr": "",
            "buttongroup_label_fi": "",
            "button_label": "",
            "button_label_de": "",
            "button_label_fr": "",
            "button_label_fi": "",
            "link": "",
            "button_color": "#007bff",
            "button2_label": "",
            "button2_label_de": "",
            "button2_label_fr": "",
            "button2_label_fi": "",
            "link2": "",
            "link2_de": "",
            "link2_fr": "",
            "link2_fi": "",
            "button2_color": "#007bff",
            "button_text_color": "#ffffff",
            "column_1title": "",
            "column_1title_de": "",
            "column_1title_fr": "",
            "column_1title_fi": "",
            "column_1description": "",
            "column_1description_de": "",
            "column_1description_fr": "",
            "column_1description_fi": "",
            "column_2title": "",
            "column_2title_de": "",
            "column_2title_fr": "",
            "column_2title_fi": "",
            "column_2description": "",
            "column_2description_de": "",
            "column_2description_fr": "",
            "column_2description_fi": "",
            "column_3title": "",
            "column_3title_de": "",
            "column_3title_fr": "",
            "column_3title_fi": "",
            "column_3description": "",
            "column_3description_de": "",
            "column_3description_fr": "",
            "column_3description_fi": "",
            "column_4title": "",
            "column_4title_de": "",
            "column_4title_fr": "",
            "column_4title_fi": "",
            "column_4description": "",
            "column_4description_de": "",
            "column_4description_fr": "",
            "column_4description_fi": "",
            "liquid_content2": "",
            "liquid_content5": ""
          }
        },
        "slide_cpmNzX": {
          "type": "slide",
          "settings": {
            "image": "shopify://shop_images/Ebene_15.jpg",
            "background_color": "#ffffff",
            "liquid_content4": "",
            "background_size": "contain",
            "background_position": "center",
            "background_align_items": "center",
            "background_padding_top": 40,
            "background_padding_left": 40,
            "background_padding_right": 40,
            "background_padding_bottom": 40,
            "liquid_content": "",
            "subheading_image_title_link": "",
            "subheading_image_title_position": "",
            "title_1": "",
            "title_1_de": "",
            "title_1_fr": "",
            "title_1_fi": "",
            "heading_color_1": "#000000",
            "heading_size_1": 24,
            "subheading_1": "",
            "subheading_1_de": "",
            "subheading_1_fr": "",
            "subheading_1_fi": "",
            "subheading_color_1": "#000000",
            "subheading_size_1": 16,
            "liquid_content3": "",
            "subheading_image_1_link": "",
            "subheading_image_1_position": "",
            "subheading_image_1b_position": "",
            "subheading_image_1b_link": "",
            "title_2": "",
            "title_2_de": "",
            "title_2_fr": "",
            "title_2_fi": "",
            "heading_color_2": "#000000",
            "heading_size_2": 24,
            "subheading_2": "",
            "subheading_2_de": "",
            "subheading_2_fr": "",
            "subheading_2_fi": "",
            "subheading_color_2": "#000000",
            "subheading_size_2": 16,
            "subheading_image_2_position": "",
            "subheading_image_2_link": "",
            "collection": "",
            "buttongroup_label": "",
            "buttongroup_label_de": "",
            "buttongroup_label_fr": "",
            "buttongroup_label_fi": "",
            "button_label": "",
            "button_label_de": "",
            "button_label_fr": "",
            "button_label_fi": "",
            "link": "",
            "button_color": "#007bff",
            "button2_label": "",
            "button2_label_de": "",
            "button2_label_fr": "",
            "button2_label_fi": "",
            "link2": "",
            "link2_de": "",
            "link2_fr": "",
            "link2_fi": "",
            "button2_color": "#007bff",
            "button_text_color": "#ffffff",
            "column_1title": "",
            "column_1title_de": "",
            "column_1title_fr": "",
            "column_1title_fi": "",
            "column_1description": "",
            "column_1description_de": "",
            "column_1description_fr": "",
            "column_1description_fi": "",
            "column_2title": "",
            "column_2title_de": "",
            "column_2title_fr": "",
            "column_2title_fi": "",
            "column_2description": "",
            "column_2description_de": "",
            "column_2description_fr": "",
            "column_2description_fi": "",
            "column_3title": "",
            "column_3title_de": "",
            "column_3title_fr": "",
            "column_3title_fi": "",
            "column_3description": "",
            "column_3description_de": "",
            "column_3description_fr": "",
            "column_3description_fi": "",
            "column_4title": "",
            "column_4title_de": "",
            "column_4title_fr": "",
            "column_4title_fi": "",
            "column_4description": "",
            "column_4description_de": "",
            "column_4description_fr": "",
            "column_4description_fi": "",
            "liquid_content2": "",
            "liquid_content5": ""
          }
        }
      },
      "block_order": ["slide_DTE4WD", "slide_cpmNzX"],
      "disabled": true,
      "custom_css": [
        ".two-column-slides {height: 500px;}",
        "@media (max-width: 768px) {.two-column-slide {min-height: 200px; }}"
      ],
      "name": "Two Column Slideshow",
      "settings": {
        "section_id": "",
        "mobile_font_size_heading": 40,
        "mobile_line_height_heading": 42,
        "mobile_font_size_text": 20,
        "mobile_line_height_text": 24,
        "mobile_slide_padding_top": 30
      }
    },
    "custom_imagerow_HKEdg7": {
      "type": "custom-imagerow",
      "blocks": {
        "module_PNbhiJ": {
          "type": "module",
          "settings": {
            "image": "shopify://shop_images/im-bike_1024x1024_1_86d64821-6c53-49af-b719-0f1f6dd1f37b.svg",
            "subheading_image_1_width": 100,
            "module_big_title": "",
            "module_title": "Test Ride",
            "module_title_de": "Neueste E-Bikes testen",
            "module_title_fr": "Test Ride",
            "module_title_fi": "Test Ride",
            "description": "<p>Experience our newest e-bikes:<br/>City 7, Trekking 7, Mountain 7, and surprise new models!</p>",
            "description_de": "<p>Erlebe unsere neuesten E-Bikes:<br/>City 7, Trekking 7, Mountain 7 und Überraschungsmodelle!</p>",
            "description_fr": "<p>Experience our newest e-bikes:<br/>City 7, Trekking 7, Mountain 7, and surprise new models!</p>",
            "description_fi": "<p>Experience our newest e-bikes:<br/>City 7, Trekking 7, Mountain 7, and surprise new models!</p>",
            "background_color": "#ffffff",
            "button1_text": "",
            "button1_text_de": "",
            "button1_text_fr": "",
            "button1_text_fi": "",
            "button1_url": "",
            "button1_background_color": "",
            "button1_text_color": ""
          }
        },
        "module_B7KjRm": {
          "type": "module",
          "settings": {
            "image": "shopify://shop_images/money_1024x1024_7c6ac868-fccc-485d-b235-29e556e678af.svg",
            "subheading_image_1_width": 100,
            "module_big_title": "",
            "module_title": "Claim €50 test voucher!",
            "module_title_de": "€50 Gutschein sichern!",
            "module_title_fr": "Claim €50 test voucher!",
            "module_title_fi": "Claim €50 test voucher!",
            "description": "<p>✓ Test ride at Eurobike<br/>✓ Complete survey<br/>✓ Subscribe & receive your €50 code*</p>",
            "description_de": "<p>✓ Probefahrt auf der Eurobike<br/>✓ Umfrage abschließen<br/>✓ Abonnieren & 50€ Code erhalten*</p>",
            "description_fr": "<p>✓ Test ride at Eurobike<br/>✓ Complete survey<br/>✓ Subscribe & receive your €50 code*</p>",
            "description_fi": "<p>✓ Test ride at Eurobike<br/>✓ Complete survey<br/>✓ Subscribe & receive your €50 code*</p>",
            "background_color": "#ffffff",
            "button1_text": "",
            "button1_text_de": "",
            "button1_text_fr": "",
            "button1_text_fi": "",
            "button1_url": "",
            "button1_background_color": "",
            "button1_text_color": ""
          }
        },
        "module_qtcjRx": {
          "type": "module",
          "settings": {
            "image": "shopify://shop_images/shop-car_1024x1024_ca6c19a9-ddb2-4916-bfba-12a0ee31eeca.svg",
            "subheading_image_1_width": 100,
            "module_big_title": "",
            "module_title": "Click & Collect",
            "module_title_de": "Click & Collect",
            "module_title_fr": "Click & Collect",
            "module_title_fi": "Click & Collect",
            "description": "<p>✓ Order directly on site <br/>✓ Collect your e-bike from local dealer<br/>✓ Benefit from the dealer service</p>",
            "description_de": "<p>✓ Direkt vor Ort bestellen<br/>✓  Beim Händler abholen<br/>✓ Vom Service profitieren</p>",
            "description_fr": "<p>✓ Order directly on site <br/>✓ Collect your e-bike from local dealer<br/>✓ Benefit from the dealer service</p>",
            "description_fi": "<p>✓ Order directly on site <br/>✓ Collect your e-bike from local dealer<br/>✓ Benefit from the dealer service</p>",
            "background_color": "#ffffff",
            "button1_text": "",
            "button1_text_de": "",
            "button1_text_fr": "",
            "button1_text_fi": "",
            "button1_url": "",
            "button1_background_color": "",
            "button1_text_color": ""
          }
        },
        "module_VezDq7": {
          "type": "module",
          "settings": {
            "image": "shopify://shop_images/team_1.svg",
            "subheading_image_1_width": 100,
            "module_big_title": "",
            "module_title": "Meet the Board & Team",
            "module_title_de": "Triff das Team",
            "module_title_fr": "Meet the Board & Team",
            "module_title_fi": "Meet the Board & Team",
            "description": "<p>Meet and talk to our team and test our e-bikes directly on site!</p>",
            "description_de": "<p>Treffe unser Team und testn unsere E-Bikes direkt vor Ort!</p>",
            "description_fr": "<p>Meet and talk to our team and test our e-bikes directly on site!</p>",
            "description_fi": "<p>Meet and talk to our team and test our e-bikes directly on site!</p>",
            "background_color": "#ffffff",
            "button1_text": "",
            "button1_text_de": "",
            "button1_text_fr": "",
            "button1_text_fi": "",
            "button1_url": "",
            "button1_background_color": "",
            "button1_text_color": ""
          }
        }
      },
      "block_order": [
        "module_PNbhiJ",
        "module_B7KjRm",
        "module_qtcjRx",
        "module_VezDq7"
      ],
      "custom_css": [
        ".product-content-section {max-width: 1600px;}",
        ".module {width: 22%; border: none; padding: 20px !important; text-align: left; color: #ffffff;}",
        ".imgrowrow {height: 100px;}",
        ".module img {height: 80px; object-fit: contain;}",
        "p {text-align: center; min-height: 82px;}",
        ".button-container a {font-size: 18px !important; padding: 0px !important;}",
        "@media (max-width: 768px) {.module {width: 100% !important; height: 300px !important; padding: 20px !important; }}"
      ],
      "settings": {
        "title": "Why you can't miss EUROBIKE 2025",
        "title_de": "Warum du die EUROBIKE 2025 nicht verpassen solltest",
        "title_fr": "Why you can't miss EUROBIKE 2025",
        "title_fi": "Why you can't miss EUROBIKE 2025",
        "title_font_size": 18,
        "description_font_size": 14
      }
    },
    "rich_text_FDHwfT": {
      "type": "rich-text",
      "blocks": {
        "heading_3eECrF": {
          "type": "heading",
          "settings": { "title": "HEPHA 2026 News", "use_h1": false }
        },
        "text_JAU4km": {
          "type": "text",
          "settings": {
            "text": "<p>Welcome to our new portfolio - where evolution meets revolution! On the one hand, we are further developing our successful Generation 7 in a targeted manner and consistently expanding its strengths.</p><p>At the same time, we are revolutionizing the market with the new Generation 8 and setting clear accents with many innovations. Together, the two generations form a complete and compact range.</p>",
            "enlarge_text": true
          }
        }
      },
      "block_order": ["heading_3eECrF", "text_JAU4km"],
      "disabled": true,
      "name": "Rich text",
      "settings": {
        "height": "small",
        "text_alignment": "center",
        "full_width": false,
        "color_scheme": "default"
      }
    },
    "image_with_text_zpwrE9": {
      "type": "image-with-text",
      "blocks": {
        "subheading_WiL9Yy": {
          "type": "subheading",
          "settings": { "subheading": "NEW! Generation 8" }
        },
        "heading_gPV4zR": {
          "type": "heading",
          "settings": {
            "title": "Strong as Goliath, light as David.",
            "use_h1": false
          }
        },
        "text_CRzaNL": {
          "type": "text",
          "settings": {
            "text": "<p>For the first time, our new Generation 8 combines the full performance of classic e-bikes with the low weight of light-assist bikes. Drivers enjoy unlimited comfort, ergonomics and functionality, and most of all the nimble feeling made possible by the lowered overall weight.</p><p>Our new Generation 8 sets a new standard for e-bikes. Awarded the Eurobike Award 2025</p>",
            "enlarge_text": false
          }
        }
      },
      "block_order": ["subheading_WiL9Yy", "heading_gPV4zR", "text_CRzaNL"],
      "disabled": true,
      "name": "Image with text",
      "settings": {
        "image": "shopify://shop_images/Generation_8.png",
        "image_2": "shopify://shop_images/Gen_8_unrevealed_Eurobike_Award.png",
        "image_width": 700,
        "image_link": "",
        "image_position": "left",
        "text_alignment": "left",
        "color_scheme": "default"
      }
    },
    "highlight_slideshow_pw8eqJ": {
      "type": "highlight_slideshow",
      "blocks": {
        "customslide_V8gYQT": {
          "type": "customslide",
          "settings": {
            "image": "shopify://shop_images/ISTOS.png",
            "title": "ISTOS Components",
            "title_de": "ISTOS Komponenten",
            "title_fr": "ISTOS Components",
            "title_fi": "ISTOS Components",
            "description": "With „ISTOS“ we present a new brand for components and accessories - developed especially for HEPHA. The new name „ISTOS“ is derived from the second part of our namesake „HEPHAISTOS“. As it is well-known, the bike and it´s accessory brand form a unit. This is exactly what we claim: a well-thought-out overall system from a single source.",
            "description_de": "Mit „ISTOS“ präsentieren wir eine neue Marke für Komponenten und Zubehör - entwickelt speziell für HEPHA. Der neue Name „ISTOS“ leitet sich vom zweiten Teil unseres Namensgebers „HEPHAISTOS“ ab. Somit bilden Bike- und Zubehörmarke eine Einheit. Genau das ist unser Anspruch: ein durchdachtes Gesamtsystem aus einem Guss.",
            "description_fr": "Avec \"ISTOS\", nous présentons une nouvelle marque de composants et d'accessoires - développée spécialement pour HEPHA. Le nouveau nom \"ISTOS\" est dérivé de la deuxième partie de notre nom \"HEPHAISTOS\". Ainsi, la marque de vélos et d'accessoires ne fait qu'un. C'est exactement ce que nous voulons : un système global bien pensé d'un seul tenant.",
            "description_fi": "With „ISTOS“ we present a new brand for components and accessories - developed especially for HEPHA. The new name „ISTOS“ is derived from the second part of our namesake „HEPHAISTOS“. As it is well-known, the bike and it´s accessory brand form a unit. This is exactly what we claim: a well-thought-out overall system from a single source.",
            "description_richtext": "",
            "description_richtext_de": "",
            "description_richtext_fr": "",
            "description_richtext_fi": ""
          }
        },
        "customslide_pfwLRG": {
          "type": "customslide",
          "settings": {
            "image": "shopify://shop_images/E-Dropper.png",
            "title": "E-dropper for retrofitting",
            "title_de": "E-Dropper zum Nachrüsten",
            "title_fr": "E-Dropper en seconde monte",
            "title_fi": "E-Dropper en seconde monte",
            "description": "Comfort at the touch of a button: The new electronic dropper seatpost can be seamlessly integrated into the system. The dropper does not require time-consuming cable routings or additional levers and is conveniently controlled remotely. All MY26 bikes are fully pre-wired from the factory.",
            "description_de": "Komfort auf Knopfdruck: Die neue elektronische Sattelstütze lässt sich nahtlos ins System integrieren und bequem per Remote steuern – ganz ohne zusätzlichen Hebel oder aufwendige Kabelverlegung. Alle MY26-Bikes sind bereits ab Werk vollständig vorverkabelt.",
            "description_fr": "Le confort au bout des doigts : la nouvelle tige de selle électronique s'intègre parfaitement au système et se commande facilement à distance - sans levier supplémentaire ni pose de câbles compliquée. Tous les vélos MY26 sont déjà entièrement précâblés en usine.",
            "description_fi": "Comfort at the touch of a button: The new electronic dropper seatpost can be seamlessly integrated into the system. The dropper does not require time-consuming cable routings or additional levers and is conveniently controlled remotely. All MY26 bikes are fully pre-wired from the factory.",
            "description_richtext": "",
            "description_richtext_de": "",
            "description_richtext_fr": "",
            "description_richtext_fi": ""
          }
        },
        "customslide_pehTwe": {
          "type": "customslide",
          "settings": {
            "image": "shopify://shop_images/FlexCarrier.png",
            "title": "FlexCarrier for Generation 8",
            "title_de": "FlexCarrier für die Generation 8",
            "title_fr": "FlexCarrier pour la génération 8",
            "title_fi": "FlexCarrier pour la génération 8",
            "description": "With the FlexCarrier, we offer a robust, modular MIK-HD luggage rack, that flexibly adapts to different customer needs. It can optionally be equipped with a separately available spring flap that can be mounted on both sides – as well as retaining rails for panniers.",
            "description_de": "Mit dem FlexCarrier bieten wir einen robusten, modularen MIK-HD-Gepäckträger, der sich flexibel an unterschiedliche Kundenbedürfnisse anpasst. Er lässt sich wahlweise mit einer separat erhältlichen Federklappe ausstatten, die beidseitig montierbar ist – ebenso wie Halteschienen für Gepäcktaschen.",
            "description_fr": "Avec le FlexCarrier, nous proposons un porte-bagages MIK-HD robuste et modulaire, qui peut être adapté de manière flexible aux différentes exigences des clients. Il peut être équipé en option d'un volet à ressort disponible séparément, qui peut être monté des deux côtés - ainsi que de rails de retenue pour les sacoches.",
            "description_fi": "With the FlexCarrier, we offer a robust, modular MIK-HD luggage rack, that flexibly adapts to different customer needs. It can optionally be equipped with a separately available spring flap that can be mounted on both sides – as well as retaining rails for panniers.",
            "description_richtext": "",
            "description_richtext_de": "",
            "description_richtext_fr": "",
            "description_richtext_fi": ""
          }
        },
        "customslide_eWfdEk": {
          "type": "customslide",
          "settings": {
            "image": "shopify://shop_images/Range_Doublicator.png",
            "title": "Range Duplicator up to 1,200 Wh",
            "title_de": "Range Duplicator bis 1.200 Wh",
            "title_fr": "Duplicateur d'autonomie jusqu'à 1 200 Wh",
            "title_fi": "Range Duplicator up to 1,200 Wh",
            "description": "With the new HEPHA Range Duplicator, the battery capacity can be doubled to a whopping 1,200 Wh. At its core, this is a second battery - available at an attractive RRP of €499.",
            "description_de": "Mit dem neuen HEPHA Range Duplicator lässt sich die Akkukapazität auf satte 1.200 Wh verdoppeln. Im Kern handelt es sich um einen zweiten Akku – erhältlich zum attraktiven UVP von 499 €.",
            "description_fr": "Avec le nouveau duplicateur de gamme HEPHA, la capacité de la batterie peut être doublée pour atteindre 1 200 Wh. Il s'agit en fait d'une deuxième batterie, disponible au prix attractif de 499 euros.",
            "description_fi": "With the new HEPHA Range Duplicator, the battery capacity can be doubled to a whopping 1,200 Wh. At its core, this is a second battery - available at an attractive RRP of €499.",
            "description_richtext": "",
            "description_richtext_de": "",
            "description_richtext_fr": "",
            "description_richtext_fi": ""
          }
        },
        "customslide_DrXAgC": {
          "type": "customslide",
          "settings": {
            "image": "shopify://shop_images/P110.png",
            "title": "HEPHA P110",
            "title_de": "HEPHA P110",
            "title_fr": "HEPHA P110",
            "title_fi": "HEPHA P110",
            "description": "Our successful P101C motor is getting reinforcements: the new HEPHA P110. With 110Nm torque and up to 800W maximum power, it extends our drive line upwards. In future, all models will start at 100Nm - the 80 and 90Nm versions will be discontinued.\n\nThere is also a new 600Wh battery for Generation 8. At just 2.9 kg, it is one of the lightest in its class.",
            "description_de": "Unser erfolgreicher P101C-Motor bekommt Verstärkung: den neuen HEPHA P110. Mit 110Nm Drehmoment und bis zu 800W maximaler Leistung erweitert er unsere Antriebslinie nach oben. Künftig starten alle Modelle bei 100Nm – die Varianten mit 80 und 90Nm entfallen.\n\nFür die Generation 8 gibt es zudem einen neuen 600Wh Akku. Mit nur 2,9kg zählt er zu den leichtesten seiner Klasse.",
            "description_fr": "Notre moteur à succès P101C est renforcé : le nouveau HEPHA P110. Avec un couple de 110 Nm et une puissance maximale de 800 W, il élargit notre gamme de moteurs vers le haut. À l'avenir, tous les modèles commenceront à 100 Nm - les versions 80 et 90 Nm seront abandonnées.\n\nIl existe également une nouvelle batterie de 600Wh pour la génération 8. Avec seulement 2,9 kg, elle est l'une des plus légères de sa catégorie.",
            "description_fi": "Our successful P101C motor is getting reinforcements: the new HEPHA P110. With 110Nm torque and up to 800W maximum power, it extends our drive line upwards. In future, all models will start at 100Nm - the 80 and 90Nm versions will be discontinued.\n\nThere is also a new 600Wh battery for Generation 8. At just 2.9 kg, it is one of the lightest in its class.",
            "description_richtext": "",
            "description_richtext_de": "",
            "description_richtext_fr": "",
            "description_richtext_fi": ""
          }
        }
      },
      "block_order": [
        "customslide_V8gYQT",
        "customslide_pfwLRG",
        "customslide_pehTwe",
        "customslide_eWfdEk",
        "customslide_DrXAgC"
      ],
      "disabled": true,
      "name": "First glimpse",
      "settings": {}
    },
    "rich_text_rVJ6qY": {
      "type": "rich-text",
      "blocks": {
        "heading_DncQMX": {
          "type": "heading",
          "settings": {
            "title": "Our Top 2024 Eurobike Moments",
            "use_h1": false
          }
        }
      },
      "block_order": ["heading_DncQMX"],
      "settings": {
        "height": "small",
        "text_alignment": "center",
        "full_width": false,
        "color_scheme": "default"
      }
    },
    "custom_carousel_image_GPwbWL": {
      "type": "custom-carousel-image",
      "blocks": {
        "customslide_khQDL7": {
          "type": "customslide",
          "settings": { "image": "shopify://shop_images/IMG_2428.jpg" }
        },
        "customslide_RCnqdB": {
          "type": "customslide",
          "settings": { "image": "shopify://shop_images/IMG_2456.jpg" }
        },
        "customslide_DVAPBF": {
          "type": "customslide",
          "settings": { "image": "shopify://shop_images/IMG_2444.jpg" }
        },
        "customslide_HKhRrK": {
          "type": "customslide",
          "settings": { "image": "shopify://shop_images/IMG_2453.jpg" }
        }
      },
      "block_order": [
        "customslide_khQDL7",
        "customslide_RCnqdB",
        "customslide_DVAPBF",
        "customslide_HKhRrK"
      ],
      "settings": {}
    },
    "custom_liquid_hz9nBg": {
      "type": "custom-liquid",
      "settings": {
        "full_width": true,
        "show_space": false,
        "code": "<style>\n#shopify-section-template--23976772600076__custom_imagerow_HKEdg7 .module .module-title{\ncolor:#ffffff !important;\n}\n\n#shopify-section-template--23976772600076__custom_imagerow_HKEdg7 .module:nth-child(1) {\n    background-color: #fa6959 !important; \n}\n\n#shopify-section-template--23976772600076__custom_imagerow_HKEdg7 .module:nth-child(2) {\n    background-color: #ffc43d !important; \n}\n\n#shopify-section-template--23976772600076__custom_imagerow_HKEdg7 .module:nth-child(3) {\n    background-color: #2373eb !important; \n}\n\n#shopify-section-template--23976772600076__custom_imagerow_HKEdg7 .module:nth-child(4) {\n    background-color: #28B463 !important; \n}\n\n#Slide-template--23976772600076__custom_two_colum_banner_bTefqW-1 .two-column-slide__text h3 {\n    font-size: 24px;\n    color: #ffffff;\n    text-align: center;\n}\n#Slide-template--23976772600076__custom_two_colum_banner_bTefqW-1 .two-column-slide__text h4 {\n    color: #ffffff;\n    text-align: center;\n}\n#Slide-template--23976772600076__custom_two_colum_banner_bTefqW-1 .custom-button {\n    color: #FCC300 !important;\n}\n.button-row .button-row__btn {\n    border-radius: 50px;\n}\n#shopify-section-template--23976772600076__custom_imagerow_wHJJYK .module {\n    position: relative;\n}\n\n#shopify-section-template--23976772600076__custom_imagerow_wHJJYK .module:not(:last-child)::after {\n    content: '';\n    position: absolute;\n    right: -40px;\n    top: 20%;\n    transform: translateY(-50%);\n    width: 60px;\n    height: 40px;\n    background-image: url('data:image/svg+xml;utf8,<svg t=\"1749793037803\" class=\"icon\" viewBox=\"0 0 1024 1024\" version=\"1.1\" xmlns=\"http://www.w3.org/2000/svg\" width=\"40\" height=\"40\"><path d=\"M704 514.368a52.864 52.864 0 0 1-15.808 37.888L415.872 819.2a55.296 55.296 0 0 1-73.984-2.752 52.608 52.608 0 0 1-2.816-72.512l233.6-228.928-233.6-228.992a52.736 52.736 0 0 1-17.536-53.056 53.952 53.952 0 0 1 40.192-39.424c19.904-4.672 40.832 1.92 54.144 17.216l272.32 266.88c9.92 9.792 15.616 23.04 15.808 36.8z\" fill=\"%23000000\" fill-opacity=\".88\"></path></svg>');\n    background-size: contain;\n    background-repeat: no-repeat;\n}\n\n@media (max-width: 768px) {\n    #Slide-template--23976772600076__custom_two_colum_banner_bTefqW-1 .two-column-slide__text h3 {\n        font-size: 20px;\n    }\n    #shopify-section-template--23976772600076__custom_imagerow_pedUEX  .product-content-section {\n        max-width: 1200px;\n        margin: 0 auto;\n        padding: 0;\n    }\n@media (max-width: 768px) {\n    #shopify-section-template--23976772600076__custom_imagerow_wHJJYK .module:not(:last-child)::after {\n        display: none;\n    }\n  }\n</style>"
      }
    },
    "rich_text_hFaHFC": {
      "type": "rich-text",
      "blocks": {
        "heading_zhiqdW": {
          "type": "heading",
          "settings": { "title": "How It Works (at Eurobike)", "use_h1": false }
        },
        "text_QABV7J": {
          "type": "text",
          "settings": {
            "text": "<p>Save extra €50 for all models</p>",
            "enlarge_text": true
          }
        }
      },
      "block_order": ["heading_zhiqdW", "text_QABV7J"],
      "name": "Rich text",
      "settings": {
        "height": "medium",
        "text_alignment": "center",
        "full_width": false,
        "color_scheme": "default"
      }
    },
    "custom_imagerow_wHJJYK": {
      "type": "custom-imagerow",
      "blocks": {
        "module_nBPNWm": {
          "type": "module",
          "settings": {
            "image": "shopify://shop_images/a28582204efba2e9ccaaf0501300cec2.svg",
            "subheading_image_1_width": 100,
            "module_big_title": "1",
            "module_title": "Test Ride",
            "module_title_de": "Probefahrt",
            "module_title_fr": "Test Ride",
            "module_title_fi": "Test Ride",
            "description": "<p>Try our e-bikes on the track. </p>",
            "description_de": "<p>Teste unsere E-Bikes auf der Strecke. </p>",
            "description_fr": "<p>Try our e-bikes on the track. </p>",
            "description_fi": "<p>Try our e-bikes on the track. </p>",
            "background_color": "#ffffff",
            "button1_text": "",
            "button1_text_de": "",
            "button1_text_fr": "",
            "button1_text_fi": "",
            "button1_url": "",
            "button1_background_color": "",
            "button1_text_color": ""
          }
        },
        "module_XwmDqn": {
          "type": "module",
          "settings": {
            "image": "shopify://shop_images/survey-line.svg",
            "subheading_image_1_width": 100,
            "module_big_title": "2",
            "module_title": "Subscribe & Fill Survey",
            "module_title_de": "Abonnieren & Umfrage ausfüllen",
            "module_title_fr": "Subscribe & Fill Survey",
            "module_title_fi": "Subscribe & Fill Survey",
            "description": "<p>Complete a short feedback form.  </p>",
            "description_de": "<p>Fülle ein kurzes Feedback-Formular aus.  </p>",
            "description_fr": "<p>Complete a short feedback form.  </p>",
            "description_fi": "<p>Complete a short feedback form.  </p>",
            "background_color": "#ffffff",
            "button1_text": "",
            "button1_text_de": "",
            "button1_text_fr": "",
            "button1_text_fi": "",
            "button1_url": "",
            "button1_background_color": "",
            "button1_text_color": ""
          }
        },
        "module_7U9f3t": {
          "type": "module",
          "settings": {
            "image": "shopify://shop_images/money-euro-circle-line_1.svg",
            "subheading_image_1_width": 100,
            "module_big_title": "3",
            "module_title": "Get €50 Off",
            "module_title_de": "50 € sparen",
            "module_title_fr": "Get €50 Off",
            "module_title_fi": "Get €50 Off",
            "description": "<p>Receive discount via email.  </p>",
            "description_de": "<p>Erhalte den Rabattcode per E-Mail.  </p>",
            "description_fr": "<p>Receive discount via email.  </p>",
            "description_fi": "<p>Receive discount via email.  </p>",
            "background_color": "#ffffff",
            "button1_text": "",
            "button1_text_de": "",
            "button1_text_fr": "",
            "button1_text_fi": "",
            "button1_url": "",
            "button1_background_color": "",
            "button1_text_color": ""
          }
        },
        "module_qAYWJb": {
          "type": "module",
          "settings": {
            "image": "shopify://shop_images/cart.svg",
            "subheading_image_1_width": 100,
            "module_big_title": "4",
            "module_title": "Shop now",
            "module_title_de": "Jetzt bestellen",
            "module_title_fr": "Shop now",
            "module_title_fi": "Shop now",
            "description": "<p>Order on-site or via Click and Collect with the coupon code in your email.</p>",
            "description_de": "<p>Bestellen Sie vor Ort oder über Click & Collect mit dem Gutscheincode in Ihrer E-Mail.</p>",
            "description_fr": "<p>Order on-site or via Click and Collect with the coupon code in your email.</p>",
            "description_fi": "<p>Order on-site or via Click and Collect with the coupon code in your email.</p>",
            "background_color": "#ffffff",
            "button1_text": "",
            "button1_text_de": "",
            "button1_text_fr": "",
            "button1_text_fi": "",
            "button1_url": "",
            "button1_background_color": "",
            "button1_text_color": ""
          }
        }
      },
      "block_order": [
        "module_nBPNWm",
        "module_XwmDqn",
        "module_7U9f3t",
        "module_qAYWJb"
      ],
      "custom_css": [
        ".product-content-section {max-width: 1300px; padding: 30px 0;}",
        ".module {width: 18%; border: none; padding: 0 !important; text-align: center; height: 260px !important;}",
        ".button-container a {font-size: 18px !important; padding: 0px !important;}",
        "p {text-align: center; min-height: 50px;}",
        "@media (max-width: 768px) {.module {width: 40% !important; height: 100% !important; padding: 0 !important; } .module-title {font-size: 13px !important; } p {font-size: 12px !important; }}"
      ],
      "settings": {
        "title": "",
        "title_de": "",
        "title_fr": "",
        "title_fi": "",
        "title_font_size": 18,
        "description_font_size": 14
      }
    },
    "image_with_text_ytFTHK": {
      "type": "image-with-text",
      "blocks": {
        "heading_DhLm4N": {
          "type": "heading",
          "settings": { "title": "Join Us Virtually!", "use_h1": false }
        },
        "text_rhrhzD": {
          "type": "text",
          "settings": {
            "text": "<p>Can’t make it? Watch our livestream and shop online with the same exclusive deals!</p>",
            "enlarge_text": true
          }
        },
        "button_MPBPzf": {
          "type": "button",
          "settings": {
            "button_label": "Register for Livestream Access",
            "button_link": "https://hepha.com/de/pages/events-eurobike-2025?fw_playlist=g4Y9BM&fw_video=oPDDan&fw_channel=hepha",
            "button_style": "primary"
          }
        },
        "liquid_content_YbBf44": {
          "type": "liquid_content",
          "settings": {
            "liquid_content": "{%\n    render 'newsletter-signup',\n    id: 'eurobike2025_subscribe_form',\n    block: block,\n    tags: 'Eurobike2025,newsletter'\n%}\n\n<style>\n #shopify-section-template--23976772600076__image_with_text_ytFTHK .contact-form {\n    display: flex;\n    gap: 10px;\n    flex-flow: row;\n    align-items: flex-start;\n    margin-top:40px;\n}\n</style>"
          }
        }
      },
      "block_order": [
        "heading_DhLm4N",
        "text_rhrhzD",
        "button_MPBPzf",
        "liquid_content_YbBf44"
      ],
      "custom_css": [
        ".majortitle {font-size: 42px;}",
        ".rte > p:last-child {margin-bottom: 0; font-size: 20px;}",
        ".button-row .button-row__btn {background-color: #e20e7e; border: none; color: #fcc300;}",
        "@media (max-width: 768px) {.majortitle {font-size: 30px; } .rte > p:last-child {margin-bottom: 0; font-size: 16px; } .feature-text-paired {text-align: center; }}"
      ],
      "settings": {
        "image": "shopify://shop_images/two.png",
        "image_width": 700,
        "image_link": "",
        "image_position": "left",
        "text_alignment": "left",
        "color_scheme": "1"
      }
    },
    "rich_text_eYBtRJ": {
      "type": "rich-text",
      "blocks": {
        "text_UT9Pgj": {
          "type": "text",
          "settings": {
            "text": "<p>*Code valid for 14 days after Eurobike - for all models!*  </p>",
            "enlarge_text": true
          }
        }
      },
      "block_order": ["text_UT9Pgj"],
      "custom_css": [],
      "name": "Rich text",
      "settings": {
        "height": "small",
        "text_alignment": "center",
        "full_width": false,
        "color_scheme": "default"
      }
    },
    "go_to_top_7GCBMj": {
      "type": "go-to-top",
      "name": "Go to top",
      "settings": {}
    }
  },
  "order": [
    "main",
    "custom_two_colum_banner_bTefqW",
    "rich_text_8Qhyxa",
    "custom_firework_video_TcdmeG",
    "custom_two_colum_banner_E6bQ3d",
    "custom_two_colum_banner_nmdwQ7",
    "custom_two_colum_banner_cBWDhT",
    "custom_imagerow_HKEdg7",
    "rich_text_FDHwfT",
    "image_with_text_zpwrE9",
    "highlight_slideshow_pw8eqJ",
    "rich_text_rVJ6qY",
    "custom_carousel_image_GPwbWL",
    "custom_liquid_hz9nBg",
    "rich_text_hFaHFC",
    "custom_imagerow_wHJJYK",
    "image_with_text_ytFTHK",
    "rich_text_eYBtRJ",
    "go_to_top_7GCBMj"
  ]
}
