{
  "sections": {
    "custom_two_colum_banner_Peq7dK": {
      "type": "custom-two-colum-banner",
      "blocks": {
        "slide_G6TEhx": {
          "type": "slide",
          "settings": {
            "background_color": "#edc565",
            "background_size": "cover",
            "background_position": "center",
            "background_align_items": "center",
            "background_padding_top": 40,
            "background_padding_left": 40,
            "background_padding_right": 40,
            "background_padding_bottom": 40,
            "liquid_content": "<style>\n#shopify-section-template--23935184699660__custom_two_colum_banner_Peq7dK .two-column-slide__heading h2 {\n    font-size: 60px;\n    font-weight: bold;\n    font-family: Helvetica, \"Helvetica Neue\", Arial, \"Lucida Grande\", sans-serif !important;\n    text-align: center !important;\n}\n\n#shopify-section-template--23935184699660__custom_two_colum_banner_Peq7dK .two-column-slide__text h5 {\n    font-size: 26px;\n    font-weight: bold;\n    font-family: Helvetica, \"Helvetica Neue\", Arial, \"Lucida Grande\", sans-serif !important;\n    text-align: center !important;\n}\n\n#shopify-section-template--23935184699660__custom_two_colum_banner_Peq7dK .two-column-slide__text p {\n    font-weight: bold;\n    font-family: Helvetica, \"Helvetica Neue\", Arial, \"Lucida Grande\", sans-serif !important;\n}\n\n.two-column-slide__content {\n    align-items: center !important;\n}\n\n#shopify-section-template--23889897095436__custom_two_colum_banner_Peq7dK .custom-button {\n    font-size: 24px !important;\n    font-weight: bold !important;\n}\n\n.custom-button-group span {\n    font-size: 15px !important;\n}\n\n@media (max-width: 768px) {\n    #shopify-section-template--23935184699660__custom_two_colum_banner_Peq7dK .two-column-slide__text h5 {\n        font-size: 24px !important; \n    }\n\n    #shopify-section-template--23935184699660__custom_two_colum_banner_Peq7dK .two-column-slide__text p {\n        font-size: 18px !important; \n    }\n\n    #shopify-section-template--23935184699660__custom_two_colum_banner_Peq7dK .two-column-slide__heading p {\n        font-size: 12px;\n    }\n\n    #shopify-section-template--23935184699660__custom_two_colum_banner_Peq7dK .two-column-slide__heading h2 {\n        font-size: 34px !important; \nwhite-space: nowrap;\n    }\n\n    .two-column-slide__heading, .two-column-slide__text {\n        margin: 0 0 10px 0 !important;\n    }\n\n#shopify-section-template--23935184699660__custom_two_colum_banner_Peq7dK .two-column-slide__heading p{\n  text-align: left !important;\n}\n}\n</style>",
            "subheading_image_title_link": "",
            "subheading_image_title_position": "",
            "title_1": "<h2>Spring Sale</h2>",
            "title_1_de": "<h2>Frühlingsaktion</h2>",
            "title_1_fr": "<h2><strong>Vente de Printemps</strong></h2>",
            "heading_color_1": "#000000",
            "heading_size_1": 60,
            "subheading_1": "<h5>Save up to €685 on the Trekking 7 SE!<br/>Price discount + Free 3-Year Insurance</h5>",
            "subheading_1_de": "<h5>Sparen Sie bis zu €685  beim Trekking 7 SE!<br/>Preisnachlass + 3 Jahre kostenlose Versicherung</h5>",
            "subheading_1_fr": "<h5>Économisez jusqu'à €400 sur le Trekking 7 SE !</h5>",
            "subheading_color_1": "#000000",
            "subheading_size_1": 24,
            "liquid_content3": "",
            "subheading_image_1_link": "",
            "subheading_image_1_position": "",
            "subheading_image_1b_position": "",
            "subheading_image_1b_link": "",
            "title_2": "",
            "title_2_de": "",
            "title_2_fr": "",
            "heading_color_2": "#000000",
            "heading_size_2": 24,
            "subheading_2": "<p>1/5/2025 - 31/5/2025</p>",
            "subheading_2_de": "<p>1/5/2025 - 31/5/2025</p>",
            "subheading_2_fr": "<p>1/5/2025 - 31/5/2025</p>",
            "subheading_color_2": "#000000",
            "subheading_size_2": 20,
            "subheading_image_2_position": "",
            "subheading_image_2_link": "",
            "collection": "",
            "buttongroup_label": "Buy now:",
            "buttongroup_label_de": "Jetzt kaufen:",
            "buttongroup_label_fr": "Acheter maintenant :",
            "button_label": "SE Long Range",
            "button_label_de": "SE Long Range",
            "button_label_fr": "SE Long Range",
            "link": "shopify://products/trekking-7-se-long-range",
            "button_color": "#9e1313",
            "button2_label": "SE Ultra",
            "button2_label_de": "SE Ultra",
            "button2_label_fr": "SE Ultra",
            "link2": "shopify://products/trekking-7-se-ultra",
            "link2_de": "shopify://products/trekking-7-se-ultra",
            "link2_fr": "shopify://products/trekking-7-se-ultra",
            "button2_color": "#000000",
            "button_text_color": "#ffffff",
            "column_1title": "",
            "column_1title_de": "",
            "column_1title_fr": "",
            "column_1description": "",
            "column_1description_de": "",
            "column_1description_fr": "",
            "column_2title": "",
            "column_2title_de": "",
            "column_2title_fr": "",
            "column_2description": "",
            "column_2description_de": "",
            "column_2description_fr": "",
            "column_3title": "",
            "column_3title_de": "",
            "column_3title_fr": "",
            "column_3description": "",
            "column_3description_de": "",
            "column_3description_fr": "",
            "column_4title": "",
            "column_4title_de": "",
            "column_4title_fr": "",
            "column_4description": "",
            "column_4description_de": "",
            "column_4description_fr": "",
            "liquid_content2": ""
          }
        },
        "slide_cVjiNN": {
          "type": "slide",
          "settings": {
            "background_color": "#ffffff",
            "background_size": "cover",
            "background_position": "center",
            "background_align_items": "center",
            "background_padding_top": 40,
            "background_padding_left": 40,
            "background_padding_right": 40,
            "background_padding_bottom": 40,
            "liquid_content": "<style>\n{% if localization.country.iso_code == 'DE' %}\n{% if request.locale.iso_code == 'de' %}\n#Slide-template--23935184699660__custom_two_colum_banner_Peq7dK-2::before {\n    content: '';\n    position: absolute;\n    top: 0;\n    left: 0;\n    right: 0;\n    height: 50%; \n    background-color: #F18D33; \n    background-image: url('https://cdn.shopify.com/s/files/1/0560/0080/6985/files/Group_394_328e925b-d90a-448e-9370-72b530e9a191.png?v=1744046408');\n    background-size: 50%; \n    background-position: center;\n    background-repeat: no-repeat;\n}\n#Slide-template--23935184699660__custom_two_colum_banner_Peq7dK-2::after {\n    content: '';\n    position: absolute;\n    bottom: 0;\n    left: 0;\n    right: 0;\n    height: 50%; \n    background-color: #EAC6A5; \n    background-image: url('https://cdn.shopify.com/s/files/1/0560/0080/6985/files/Group_392_59dc0f04-6406-4e60-8b78-8ef30945daec.png?v=1744046408');\n     background-size: 60%; \n    background-position: center;\n    background-repeat: no-repeat;\n}\n\n  {% else %}\n#Slide-template--23935184699660__custom_two_colum_banner_Peq7dK-2::before {\n    content: '';\n    position: absolute;\n    top: 0;\n    left: 0;\n    right: 0;\n    height: 50%; \n    background-color: #F18D33; \n    background-image: url('https://cdn.shopify.com/s/files/1/0560/0080/6985/files/Group_394.png?v=1744034282');\n    background-size: 50%; \n    background-position: center;\n    background-repeat: no-repeat;\n}\n#Slide-template--23935184699660__custom_two_colum_banner_Peq7dK-2::after {\n    content: '';\n    position: absolute;\n    bottom: 0;\n    left: 0;\n    right: 0;\n    height: 50%; \n    background-color: #EAC6A5; \n    background-image: url('https://cdn.shopify.com/s/files/1/0560/0080/6985/files/Group_392_8ef9c585-7946-43fb-8ede-d77cd7002401.png?v=1744034602');\n     background-size: 60%; \n    background-position: center;\n    background-repeat: no-repeat;\n}\n {% endif %}\n{% else %}\n#Slide-template--23935184699660__custom_two_colum_banner_Peq7dK-2::before {\n    content: '';\n    position: absolute;\n    top: 0;\n    left: 0;\n    right: 0;\n    height: 50%; \n    background-color: #F18D33; \n    background-image: url('https://cdn.shopify.com/s/files/1/0560/0080/6985/files/Group_393_f5b13972-88fe-4b8a-b7a4-5ab741e6d846.png?v=1744188543');\n    background-size: 50%; \n    background-position: center;\n    background-repeat: no-repeat;\n}\n#Slide-template--23935184699660__custom_two_colum_banner_Peq7dK-2::after {\n    content: '';\n    position: absolute;\n    bottom: 0;\n    left: 0;\n    right: 0;\n    height: 50%; \n    background-color: #EAC6A5; \n    background-image: url('https://cdn.shopify.com/s/files/1/0560/0080/6985/files/Group_395_22ec9428-9a12-41d9-aedf-154f692b89b3.png?v=1744188543');\n     background-size: 60%; \n    background-position: center;\n    background-repeat: no-repeat;\n}\n\n{% endif %}\n\n\n.two-column-slide__heading, .two-column-slide__text {\n    z-index: 1;\n}\n#Slide-template--23935184699660__custom_two_colum_banner_Peq7dK-2 .first-heading {\n    top: 46%;\n    position: absolute;\n}\n\n#Slide-template--23935184699660__custom_two_colum_banner_Peq7dK-2 .second-heading {\n    top: 96%;\n    position: absolute;\n}\n\n#Slide-template--23935184699660__custom_two_colum_banner_Peq7dK-2 .second-heading {\n    top: 92%;\n    position: absolute;\n}\n\n#Slide-template--23935184699660__custom_two_colum_banner_Peq7dK-2 .first-button {\n    position: absolute;\n    right: 20px;\n    top: 40%;\n}\n\n#Slide-template--23935184699660__custom_two_colum_banner_Peq7dK-2 .second-button {\n    position: absolute;\n    right: 20px;\n    top: 90%;\n    z-index:1;\n}\n\n@media (max-width: 768px) {\n    #Slide-template--23935184699660__custom_two_colum_banner_Peq7dK-2 .first-heading {\n        font-size: 14px !important; \n    }\n#Slide-template--23935184699660__custom_two_colum_banner_Peq7dK-2::before {\n    background-size: 80%; \n}\n#Slide-template--23935184699660__custom_two_colum_banner_Peq7dK-2::after {\n    background-size: 80%; \n}\n#Slide-template--23935184699660__custom_two_colum_banner_Peq7dK-2 .first-button {\n    top: 38%;\n}\n#Slide-template--23935184699660__custom_two_colum_banner_Peq7dK-2 .second-button {\n    top: 86%;\n}\n#Slide-template--23935184699660__custom_two_colum_banner_Peq7dK-2 .first-heading {\n    top: 36%;\nleft:20px;\n    position: absolute;\n    margin: 0 0 0px 0 !important;\nwidth:200px;\n}\n#Slide-template--23935184699660__custom_two_colum_banner_Peq7dK-2 .second-heading {\n    top: 86%;\nleft:20px;\n    position: absolute;\n    margin: 0 0 0px 0 !important;\nwidth:200px;\n}\n#Slide-template--23935184699660__custom_two_colum_banner_Peq7dK-2::before {\n    background-size: 80%; \nbackground-position: 50% 10%;\n}\n#Slide-template--23935184699660__custom_two_colum_banner_Peq7dK-2::after{\n    background-size: 80%; \nbackground-position: 50% 10%;\n}\n}\n</style><style>\n{% if localization.country.iso_code == 'DE' %}\n{% if request.locale.iso_code == 'de' %}\n#Slide-template--23935184699660__custom_two_colum_banner_Peq7dK-2::before {\n    content: '';\n    position: absolute;\n    top: 0;\n    left: 0;\n    right: 0;\n    height: 50%; \n    background-color: #F18D33; \n    background-image: url('https://cdn.shopify.com/s/files/1/0560/0080/6985/files/Group_394_328e925b-d90a-448e-9370-72b530e9a191.png?v=1744046408');\n    background-size: 50%; \n    background-position: center;\n    background-repeat: no-repeat;\n}\n#Slide-template--23935184699660__custom_two_colum_banner_Peq7dK-2::after {\n    content: '';\n    position: absolute;\n    bottom: 0;\n    left: 0;\n    right: 0;\n    height: 50%; \n    background-color: #EAC6A5; \n    background-image: url('https://cdn.shopify.com/s/files/1/0560/0080/6985/files/Group_392_59dc0f04-6406-4e60-8b78-8ef30945daec.png?v=1744046408');\n     background-size: 60%; \n    background-position: center;\n    background-repeat: no-repeat;\n}\n\n  {% else %}\n#Slide-template--23935184699660__custom_two_colum_banner_Peq7dK-2::before {\n    content: '';\n    position: absolute;\n    top: 0;\n    left: 0;\n    right: 0;\n    height: 50%; \n    background-color: #F18D33; \n    background-image: url('https://cdn.shopify.com/s/files/1/0560/0080/6985/files/Group_394.png?v=1744034282');\n    background-size: 50%; \n    background-position: center;\n    background-repeat: no-repeat;\n}\n#Slide-template--23935184699660__custom_two_colum_banner_Peq7dK-2::after {\n    content: '';\n    position: absolute;\n    bottom: 0;\n    left: 0;\n    right: 0;\n    height: 50%; \n    background-color: #EAC6A5; \n    background-image: url('https://cdn.shopify.com/s/files/1/0560/0080/6985/files/Group_392_8ef9c585-7946-43fb-8ede-d77cd7002401.png?v=1744034602');\n     background-size: 60%; \n    background-position: center;\n    background-repeat: no-repeat;\n}\n {% endif %}\n{% else %}\n#Slide-template--23935184699660__custom_two_colum_banner_Peq7dK-2::before {\n    content: '';\n    position: absolute;\n    top: 0;\n    left: 0;\n    right: 0;\n    height: 50%; \n    background-color: #F18D33; \n    background-image: url('https://cdn.shopify.com/s/files/1/0560/0080/6985/files/Group_393_f5b13972-88fe-4b8a-b7a4-5ab741e6d846.png?v=1744188543');\n    background-size: 50%; \n    background-position: center;\n    background-repeat: no-repeat;\n}\n#Slide-template--23935184699660__custom_two_colum_banner_Peq7dK-2::after {\n    content: '';\n    position: absolute;\n    bottom: 0;\n    left: 0;\n    right: 0;\n    height: 50%; \n    background-color: #EAC6A5; \n    background-image: url('https://cdn.shopify.com/s/files/1/0560/0080/6985/files/Group_395_22ec9428-9a12-41d9-aedf-154f692b89b3.png?v=1744188543');\n     background-size: 60%; \n    background-position: center;\n    background-repeat: no-repeat;\n}\n\n{% endif %}\n\n\n.two-column-slide__heading, .two-column-slide__text {\n    z-index: 1;\n}\n#Slide-template--23935184699660__custom_two_colum_banner_Peq7dK-2 .first-heading {\n    top: 46%;\n    position: absolute;\n}\n\n#Slide-template--23935184699660__custom_two_colum_banner_Peq7dK-2 .second-heading {\n    top: 96%;\n    position: absolute;\n}\n\n#Slide-template--23935184699660__custom_two_colum_banner_Peq7dK-2 .second-heading {\n    top: 92%;\n    position: absolute;\n}\n\n#Slide-template--23935184699660__custom_two_colum_banner_Peq7dK-2 .first-button {\n    position: absolute;\n    right: 20px;\n    top: 40%;\n}\n\n#Slide-template--23935184699660__custom_two_colum_banner_Peq7dK-2 .second-button {\n    position: absolute;\n    right: 20px;\n    top: 90%;\n    z-index:1;\n}\n\n@media (max-width: 768px) {\n    #Slide-template--23935184699660__custom_two_colum_banner_Peq7dK-2 .first-heading {\n        font-size: 14px !important; \n    }\n#Slide-template--23935184699660__custom_two_colum_banner_Peq7dK-2::before {\n    background-size: 80%; \n}\n#Slide-template--23935184699660__custom_two_colum_banner_Peq7dK-2::after {\n    background-size: 80%; \n}\n#Slide-template--23935184699660__custom_two_colum_banner_Peq7dK-2 .first-button {\n    top: 38%;\n}\n#Slide-template--23935184699660__custom_two_colum_banner_Peq7dK-2 .second-button {\n    top: 86%;\n}\n#Slide-template--23935184699660__custom_two_colum_banner_Peq7dK-2 .first-heading {\n    top: 36%;\nleft:20px;\n    position: absolute;\n    margin: 0 0 0px 0 !important;\nwidth:200px;\n}\n#Slide-template--23935184699660__custom_two_colum_banner_Peq7dK-2 .second-heading {\n    top: 86%;\nleft:20px;\n    position: absolute;\n    margin: 0 0 0px 0 !important;\nwidth:200px;\n}\n#Slide-template--23935184699660__custom_two_colum_banner_Peq7dK-2::before {\n    background-size: 80%; \nbackground-position: 50% 10%;\n}\n#Slide-template--23935184699660__custom_two_colum_banner_Peq7dK-2::after{\n    background-size: 80%; \nbackground-position: 50% 10%;\n}\n}\n</style>",
            "subheading_image_title_link": "",
            "subheading_image_title_position": "",
            "title_1": "<p>100 Nm Motor (P101C), 804 Wh Battery</p>",
            "title_1_de": "<p>100 Nm Motor (P101C), 804 Wh Akku</p>",
            "title_1_fr": "<p>100 Nm Moteur (P101C), 804 Wh Batterie</p>",
            "heading_color_1": "#000000",
            "heading_size_1": 14,
            "subheading_1": "",
            "subheading_1_de": "",
            "subheading_1_fr": "",
            "subheading_color_1": "#000000",
            "subheading_size_1": 16,
            "liquid_content3": "",
            "subheading_image_1_link": "",
            "subheading_image_1_position": "",
            "subheading_image_1b_position": "",
            "subheading_image_1b_link": "",
            "title_2": "<p>80 Nm Motor (P101C), 708 Wh Battery</p>",
            "title_2_de": "<p>80 Nm Motor (P101C), 708 Wh Akku</p>",
            "title_2_fr": "<p>80 Nm Moteur (P101C), 708 Wh Batterie</p>",
            "heading_color_2": "#000000",
            "heading_size_2": 14,
            "subheading_2": "",
            "subheading_2_de": "",
            "subheading_2_fr": "",
            "subheading_color_2": "#000000",
            "subheading_size_2": 16,
            "subheading_image_2_position": "",
            "subheading_image_2_link": "",
            "collection": "",
            "buttongroup_label": "",
            "buttongroup_label_de": "",
            "buttongroup_label_fr": "",
            "button_label": "Buy now",
            "button_label_de": "Jetzt kaufen",
            "button_label_fr": "Achetez maintenant",
            "link": "shopify://products/trekking-7-se-ultra",
            "button_color": "#b61d0f",
            "button2_label": "Buy now",
            "button2_label_de": "Jetzt kaufen",
            "button2_label_fr": "Achetez maintenant",
            "link2": "shopify://products/trekking-7-se-long-range",
            "link2_de": "shopify://products/trekking-7-se-long-range",
            "link2_fr": "shopify://products/trekking-7-se-long-range",
            "button2_color": "#000000",
            "button_text_color": "#ffffff",
            "column_1title": "",
            "column_1title_de": "",
            "column_1title_fr": "",
            "column_1description": "",
            "column_1description_de": "",
            "column_1description_fr": "",
            "column_2title": "",
            "column_2title_de": "",
            "column_2title_fr": "",
            "column_2description": "",
            "column_2description_de": "",
            "column_2description_fr": "",
            "column_3title": "",
            "column_3title_de": "",
            "column_3title_fr": "",
            "column_3description": "",
            "column_3description_de": "",
            "column_3description_fr": "",
            "column_4title": "",
            "column_4title_de": "",
            "column_4title_fr": "",
            "column_4description": "",
            "column_4description_de": "",
            "column_4description_fr": "",
            "liquid_content2": ""
          }
        }
      },
      "block_order": ["slide_G6TEhx", "slide_cVjiNN"],
      "custom_css": [
        ".two-column-slide__heading p,.two-column-slide__text p {margin: 0 !important; text-align: center;}",
        "@media (max-width: 768px) {.two-column-slide__text {font-size: 23px !important; line-height: 24px !important; } .two-column-slide {background-size: cover !important; } .custom-button {font-size: 12px !important; font-weight: bold !important; } .two-column-slides {flex-direction: column-reverse !important; height: 100% !important; }}"
      ],
      "settings": {
        "section_id": "",
        "mobile_font_size_heading": 40,
        "mobile_line_height_heading": 42,
        "mobile_font_size_text": 20,
        "mobile_line_height_text": 24,
        "mobile_slide_padding_top": 30
      }
    },
    "custom_two_colum_banner_RjcLFC": {
      "type": "custom-two-colum-banner",
      "blocks": {
        "slide_ALLHM8": {
          "type": "slide",
          "settings": {
            "background_color": "#edc565",
            "background_size": "cover",
            "background_position": "center",
            "background_align_items": "center",
            "background_padding_top": 40,
            "background_padding_left": 40,
            "background_padding_right": 40,
            "background_padding_bottom": 40,
            "liquid_content": "<style>\n#Slide-template--23935184699660__custom_two_colum_banner_RjcLFC-1::before {\n    content: '';\n    position: absolute;\n    top: 0;\n    left: 0;\n    right: 0;\n    height: 50%; \n    background-color: #F1B986; \n    background-image: url('https://cdn.shopify.com/s/files/1/0560/0080/6985/files/Group_391_3c2c9a76-0729-4725-90df-c80f43063531.png?v=1744034840');\n    background-size: 50%; \n    background-position: center;\n    background-repeat: no-repeat;\n}\n\n#Slide-template--23935184699660__custom_two_colum_banner_RjcLFC-1::after {\n    content: '';\n    position: absolute;\n    bottom: 0;\n    left: 0;\n    right: 0;\n    height: 50%; \n    background-color: #F18D33; \n    background-image: url('https://cdn.shopify.com/s/files/1/0560/0080/6985/files/Group_396.png?v=1744193611');\n    background-size: 60%; \n    background-position: center;\n    background-repeat: no-repeat;\n}\n\n#Slide-template--23935184699660__custom_two_colum_banner_RjcLFC-1 .first-heading {\n    top: 44%;\n    position: absolute;\n}\n\n#Slide-template--23935184699660__custom_two_colum_banner_RjcLFC-1 .second-heading {\n    top: 94%;\n    position: absolute;\n}\n\n#Slide-template--23935184699660__custom_two_colum_banner_RjcLFC-1 .first-button {\n    position: absolute;\n    right: 20px;\n    top: 40%;\n}\n\n#Slide-template--23935184699660__custom_two_colum_banner_RjcLFC-1 .second-button {\n    position: absolute;\n    right: 20px;\n    top: 90%;\n    z-index:1;\n}\n\n@media (max-width: 768px) {\n   #shopify-section-template--23920372351244__custom_two_colum_banner_RjcLFC .two-column-slide__heading p {\n    font-size: 12px !important; \n}\n#Slide-template--23935184699660__custom_two_colum_banner_RjcLFC-1 .first-button {\n    top: 38%;\n}\n#Slide-template--23935184699660__custom_two_colum_banner_RjcLFC-1 .second-button {\n    top: 86%;\n}\n#Slide-template--23935184699660__custom_two_colum_banner_RjcLFC-1::before {\n    background-size: 80%; \nbackground-position: 50% 10%;\n}\n#Slide-template--23935184699660__custom_two_colum_banner_RjcLFC-1::after{\n    background-size: 80%; \nbackground-position: 50% 10%;\n}\n#Slide-template--23935184699660__custom_two_colum_banner_RjcLFC-1::after{\n    background-size: 80%; \n}\n#Slide-template--23935184699660__custom_two_colum_banner_RjcLFC-1 .first-heading {\n    top: 36%;\nleft:20px;\n    position: absolute;\n    margin: 0 0 0px 0 !important;\nwidth:200px;\n}\n#Slide-template--23935184699660__custom_two_colum_banner_RjcLFC-1 .second-heading {\n    top: 86%;\nleft:20px;\n    position: absolute;\n    margin: 0 0 0px 0 !important;\nwidth:200px;\n}\n#shopify-section-template--23935184699660__custom_two_colum_banner_RjcLFC .two-column-slide__heading p {\n    font-size: 12px;\n\n}\n}\n</style>",
            "subheading_image_title_link": "",
            "subheading_image_title_position": "",
            "title_1": "<p>80 Nm Motor (P100), 708 Wh Battery</p>",
            "title_1_de": "<p>80 Nm Motor (P100), 708 Wh Akku</p>",
            "title_1_fr": "<p>80 Nm Moteur (P100), 708 Wh Batterie</p>",
            "heading_color_1": "#000000",
            "heading_size_1": 14,
            "subheading_1": "",
            "subheading_1_de": "",
            "subheading_1_fr": "",
            "subheading_color_1": "#000000",
            "subheading_size_1": 16,
            "liquid_content3": "",
            "subheading_image_1_link": "",
            "subheading_image_1_width": 500,
            "subheading_image_1_position": "",
            "subheading_image_1b_position": "",
            "subheading_image_1b_link": "",
            "title_2": "<p>100 Nm Motor (P100), 708 Wh Battery</p>",
            "title_2_de": "<p>100  Nm Motor (P100), 708 Wh Akku</p>",
            "title_2_fr": "<p>100 Nm Moteur (P100), 708 Wh Batterie</p>",
            "heading_color_2": "#000000",
            "heading_size_2": 14,
            "subheading_2": "",
            "subheading_2_de": "",
            "subheading_2_fr": "",
            "subheading_color_2": "#000000",
            "subheading_size_2": 16,
            "subheading_image_2_position": "",
            "subheading_image_2_link": "",
            "collection": "",
            "buttongroup_label": "",
            "buttongroup_label_de": "",
            "buttongroup_label_fr": "",
            "button_label": "Buy now",
            "button_label_de": "Jetzt kaufen",
            "button_label_fr": "Acheter maintenant",
            "link": "shopify://products/trekking-7-ltd-long-range",
            "button_color": "#b61d0f",
            "button2_label": "Buy now",
            "button2_label_de": "Jetzt kaufen",
            "button2_label_fr": "Acheter maintenant",
            "link2": "shopify://products/trekking7-ltd-ultra",
            "link2_de": "shopify://products/trekking7-ltd-ultra",
            "link2_fr": "shopify://products/trekking7-ltd-ultra",
            "button2_color": "#333333",
            "button_text_color": "#ffffff",
            "column_1title": "",
            "column_1title_de": "",
            "column_1title_fr": "",
            "column_1description": "",
            "column_1description_de": "",
            "column_1description_fr": "",
            "column_2title": "",
            "column_2title_de": "",
            "column_2title_fr": "",
            "column_2description": "",
            "column_2description_de": "",
            "column_2description_fr": "",
            "column_3title": "",
            "column_3title_de": "",
            "column_3title_fr": "",
            "column_3description": "",
            "column_3description_de": "",
            "column_3description_fr": "",
            "column_4title": "",
            "column_4title_de": "",
            "column_4title_fr": "",
            "column_4description": "",
            "column_4description_de": "",
            "column_4description_fr": "",
            "liquid_content2": ""
          }
        },
        "slide_igtg6y": {
          "type": "slide",
          "settings": {
            "background_color": "#fee0c6",
            "background_size": "cover",
            "background_position": "center",
            "background_align_items": "center",
            "background_padding_top": 40,
            "background_padding_left": 40,
            "background_padding_right": 40,
            "background_padding_bottom": 40,
            "liquid_content": "",
            "subheading_image_title_link": "",
            "subheading_image_title_position": "",
            "title_1": "<h2>Save up to €300 on the Mountain 7</h2>",
            "title_1_de": "<h2>Sparen Sie bis zu €300  beim Mountain 7</h2>",
            "title_1_fr": "<h2>Économisez jusqu'à 300 € sur le Mountain 7</h2>",
            "heading_color_1": "#000000",
            "heading_size_1": 30,
            "subheading_1": "",
            "subheading_1_de": "",
            "subheading_1_fr": "",
            "subheading_color_1": "#000000",
            "subheading_size_1": 16,
            "liquid_content3": "",
            "subheading_image_1": "shopify://shop_images/Group_391_1117c46a-4122-4b04-ab1b-0b9e962f0c5d.png",
            "subheading_image_1_link": "",
            "subheading_image_1_position": "",
            "subheading_image_1b_position": "",
            "subheading_image_1b_link": "",
            "title_2": "",
            "title_2_de": "",
            "title_2_fr": "",
            "heading_color_2": "#000000",
            "heading_size_2": 24,
            "subheading_2": "",
            "subheading_2_de": "",
            "subheading_2_fr": "",
            "subheading_color_2": "#000000",
            "subheading_size_2": 16,
            "subheading_image_2_position": "",
            "subheading_image_2_link": "",
            "collection": "",
            "buttongroup_label": "",
            "buttongroup_label_de": "",
            "buttongroup_label_fr": "",
            "button_label": "Buy now",
            "button_label_de": "Jetzt kaufen",
            "button_label_fr": "Acheter maintenant",
            "link": "shopify://pages/mountain-7",
            "button_color": "#333333",
            "button2_label": "",
            "button2_label_de": "",
            "button2_label_fr": "",
            "link2": "",
            "link2_de": "",
            "link2_fr": "",
            "button2_color": "#007bff",
            "button_text_color": "#ffffff",
            "column_1title": "",
            "column_1title_de": "",
            "column_1title_fr": "",
            "column_1description": "",
            "column_1description_de": "",
            "column_1description_fr": "",
            "column_2title": "",
            "column_2title_de": "",
            "column_2title_fr": "",
            "column_2description": "",
            "column_2description_de": "",
            "column_2description_fr": "",
            "column_3title": "",
            "column_3title_de": "",
            "column_3title_fr": "",
            "column_3description": "",
            "column_3description_de": "",
            "column_3description_fr": "",
            "column_4title": "",
            "column_4title_de": "",
            "column_4title_fr": "",
            "column_4description": "",
            "column_4description_de": "",
            "column_4description_fr": "",
            "liquid_content2": ""
          }
        }
      },
      "block_order": ["slide_ALLHM8", "slide_igtg6y"],
      "custom_css": [
        ".two-column-slide__heading p,.two-column-slide__text p {margin: 0 !important; text-align: left !important;}",
        "@media (max-width: 768px) {.two-column-slide__text {font-size: 16px !important; line-height: 24px !important; } .two-column-slide {background-size: cover !important; } .two-column-slide__content {max-width: 420px; } .custom-button {font-size: 12px !important; font-weight: bold !important; }}"
      ],
      "settings": {
        "section_id": "",
        "mobile_font_size_heading": 40,
        "mobile_line_height_heading": 42,
        "mobile_font_size_text": 20,
        "mobile_line_height_text": 24,
        "mobile_slide_padding_top": 30
      }
    },
    "custom_two_colum_banner_7kgaJE": {
      "type": "custom-two-colum-banner",
      "blocks": {
        "slide_C7yrmJ": {
          "type": "slide",
          "settings": {
            "background_color": "#edc565",
            "background_size": "cover",
            "background_position": "center",
            "background_align_items": "center",
            "background_padding_top": 20,
            "background_padding_left": 20,
            "background_padding_right": 20,
            "background_padding_bottom": 20,
            "liquid_content": "<style>\n#shopify-section-template--23889897095436__custom_two_colum_banner_7kgaJE .custom-button{\n  font-size: 24px  !important;\n  font-weight: bold !important;\n}\n</style>",
            "subheading_image_title_link": "",
            "subheading_image_title_position": "",
            "title_1": "<p>What are the contents of the free Alteos Comfort Protection insurance package?</p>",
            "title_1_de": "<p>Was sind die Inhalte des kostenlosen Alteos Komfortschutz-Versicherungspakets?</p>",
            "title_1_fr": "",
            "heading_color_1": "#000000",
            "heading_size_1": 30,
            "subheading_1": "<p>Alteos Comfort Protection Benefits:</p><p>- Up to 3 years of insurance coverage</p><p>- Coverage for commercial use</p><p>- Mobility protection- Coverage for theft, robbery, vandalism, and burglary</p><p>- Theft protection for the battery and accessories- Coverage for material and manufacturing defects</p><p>- Protection against operational errors- Coverage for damage due to falls, accidents, moisture, electronics, and natural forces</p><p>- Wear and tear coverage for individual parts (excluding tires and brakes) up to €150 per year (Premium)</p>",
            "subheading_1_de": "<p>Leistungen Alteos Komfortschutz:</p><p>- bis 3 Jahre Versicherungsdauer- Gewerbliche Nutzung</p><p>- Mobilitätsschutz</p><p>- Diebstahl, Raub, Vandalismus, inkl. Einbruch</p><p>- Diebstahl von Akku und Zubehör</p><p>- Material- und Produktionsfehler</p><p>- Bedienungsfehler- Schäden (durch Sturz, Unfall, Feuchtigkeit, Elektronik, Naturgewalten)- Verschleiß von Einzelteilen außer Reifen/Bremsen (Premium) bis 150 EUR pro Jahr</p>",
            "subheading_1_fr": "",
            "subheading_color_1": "#000000",
            "subheading_size_1": 16,
            "liquid_content3": "",
            "subheading_image_1_link": "",
            "subheading_image_1_position": "",
            "subheading_image_1b_position": "",
            "subheading_image_1b_link": "",
            "title_2": "",
            "title_2_de": "",
            "title_2_fr": "",
            "heading_color_2": "#000000",
            "heading_size_2": 24,
            "subheading_2": "",
            "subheading_2_de": "",
            "subheading_2_fr": "",
            "subheading_color_2": "#000000",
            "subheading_size_2": 16,
            "subheading_image_2_position": "",
            "subheading_image_2_link": "",
            "collection": "",
            "buttongroup_label": "",
            "buttongroup_label_de": "",
            "buttongroup_label_fr": "",
            "button_label": "Explore more",
            "button_label_de": "Mehr entdecken",
            "button_label_fr": "",
            "link": "shopify://pages/versicherung",
            "button_color": "#b61d0f",
            "button2_label": "",
            "button2_label_de": "",
            "button2_label_fr": "",
            "link2": "",
            "link2_de": "",
            "link2_fr": "",
            "button2_color": "#007bff",
            "button_text_color": "#ffffff",
            "column_1title": "",
            "column_1title_de": "",
            "column_1title_fr": "",
            "column_1description": "",
            "column_1description_de": "",
            "column_1description_fr": "",
            "column_2title": "",
            "column_2title_de": "",
            "column_2title_fr": "",
            "column_2description": "",
            "column_2description_de": "",
            "column_2description_fr": "",
            "column_3title": "",
            "column_3title_de": "",
            "column_3title_fr": "",
            "column_3description": "",
            "column_3description_de": "",
            "column_3description_fr": "",
            "column_4title": "",
            "column_4title_de": "",
            "column_4title_fr": "",
            "column_4description": "",
            "column_4description_de": "",
            "column_4description_fr": "",
            "liquid_content2": ""
          }
        },
        "slide_DnriaM": {
          "type": "slide",
          "settings": {
            "background_color": "#fad3af",
            "background_size": "cover",
            "background_position": "center",
            "background_align_items": "center",
            "background_padding_top": 20,
            "background_padding_left": 20,
            "background_padding_right": 20,
            "background_padding_bottom": 20,
            "liquid_content": "",
            "subheading_image_title_link": "",
            "subheading_image_title_position": "",
            "title_1": "<p>Six-time price-performance winner:</p>",
            "title_1_de": "<p>Sechsmaliger Preis-Leistungs-Sieger:</p>",
            "title_1_fr": "<p>Six fois primé pour son rapport qualité-prix :</p>",
            "heading_color_1": "#000000",
            "heading_size_1": 24,
            "subheading_1": "",
            "subheading_1_de": "",
            "subheading_1_fr": "",
            "subheading_color_1": "#000000",
            "subheading_size_1": 16,
            "liquid_content3": "",
            "subheading_image_1": "shopify://shop_images/Frame_208_e5de2c77-9bf3-464c-9cea-fcf183f865b2.png",
            "subheading_image_1_link": "",
            "subheading_image_1_width": 500,
            "subheading_image_1_position": "",
            "subheading_image_1b_position": "",
            "subheading_image_1b_link": "",
            "title_2": "<p>Six-time design award winner:</p>",
            "title_2_de": "<p>Sechsmaliger Design-Preis-Gewinner:</p>",
            "title_2_fr": "<p>Six fois lauréat du prix du design<strong> :</strong></p>",
            "heading_color_2": "#000000",
            "heading_size_2": 24,
            "subheading_2": "",
            "subheading_2_de": "",
            "subheading_2_fr": "",
            "subheading_color_2": "#000000",
            "subheading_size_2": 16,
            "subheading_image_2": "shopify://shop_images/Group_373_32fe9ecc-1edf-4990-a82e-a89d6f9b3839.png",
            "subheading_image_2_position": "",
            "subheading_image_2_link": "",
            "subheading_image_2_width": 500,
            "collection": "",
            "buttongroup_label": "",
            "buttongroup_label_de": "",
            "buttongroup_label_fr": "",
            "button_label": "",
            "button_label_de": "",
            "button_label_fr": "",
            "link": "",
            "button_color": "#007bff",
            "button2_label": "",
            "button2_label_de": "",
            "button2_label_fr": "",
            "link2": "",
            "link2_de": "",
            "link2_fr": "",
            "button2_color": "#007bff",
            "button_text_color": "#ffffff",
            "column_1title": "",
            "column_1title_de": "",
            "column_1title_fr": "",
            "column_1description": "",
            "column_1description_de": "",
            "column_1description_fr": "",
            "column_2title": "",
            "column_2title_de": "",
            "column_2title_fr": "",
            "column_2description": "",
            "column_2description_de": "",
            "column_2description_fr": "",
            "column_3title": "",
            "column_3title_de": "",
            "column_3title_fr": "",
            "column_3description": "",
            "column_3description_de": "",
            "column_3description_fr": "",
            "column_4title": "",
            "column_4title_de": "",
            "column_4title_fr": "",
            "column_4description": "",
            "column_4description_de": "",
            "column_4description_fr": "",
            "liquid_content2": ""
          }
        }
      },
      "block_order": ["slide_C7yrmJ", "slide_DnriaM"],
      "custom_css": [
        "ul,ol {margin: 0; padding: 0; list-style: disc;}",
        ".two-column-slide__content {align-items: flex-start !important;}",
        "@media (max-width: 768px) {.two-column-slide__heading p:nth-of-type(1) {font-size: 24px !important; line-height: 26px !important; padding: 30px 0 0 0; } .two-column-slide__text p {font-size: 14px !important; line-height: 20px !important; } .custom-button {font-size: 16px !important; } .first-heading {font-size: 26px !important; }}"
      ],
      "settings": {
        "section_id": "",
        "mobile_font_size_heading": 24,
        "mobile_line_height_heading": 26,
        "mobile_font_size_text": 16,
        "mobile_line_height_text": 20,
        "mobile_slide_padding_top": 30
      }
    },
    "custom_firework_video_KqXdaw": {
      "type": "custom_firework_video",
      "settings": {
        "mode": "row",
        "source": "manual",
        "manual_playlist_id": "oPNnja"
      }
    },
    "custom_sale_tab_2_MgyCnJ": {
      "type": "custom-sale-tab-2",
      "name": "Custom Sale Tabs 2",
      "settings": {
        "title": "",
        "title_de": "",
        "title_fr": "",
        "background_color": "#ffffff",
        "background_position": "center center",
        "background_size": "cover",
        "background_align_items": "center",
        "background_padding_top": 20,
        "background_padding_right": 20,
        "background_padding_bottom": 20,
        "background_padding_left": 20,
        "ad_link": "",
        "ad_button_color": "#000000",
        "ad_button_text_color": "#ffffff",
        "title_1": "",
        "title_1_de": "",
        "title_1_fr": "",
        "heading_color_1": "#000000",
        "heading_size_1": 24,
        "button_label": "",
        "button_label_de": "",
        "button_label_fr": "",
        "product_source_trekking7ltd": "collection",
        "trekking7ltd_collection": "trekking-7-my23",
        "trekking7ltd_products": [],
        "product_source_trekking7": "collection",
        "trekking7_collection": "mountain-7-2024",
        "trekking7_products": [],
        "product_source_mountain7": "custom",
        "mountain7_collection": "",
        "mountain7_products": [
          "4750xl-nr-bk-oe-pro-amparo",
          "ach-2-0-6ks-130-bk-adaptor-chain",
          "motor-upgrade-20nm",
          "hepha-708wh-battery-for-trekking-7",
          "804wh-battery-trekking-7"
        ],
        "product_source_mountain7carbon": "custom",
        "mountain7carbon_collection": "",
        "mountain7carbon_products": [],
        "product_source_city7": "collection",
        "city7_collection": "",
        "city7_products": [],
        "show_description": true
      }
    },
    "collapsible_tabs_qETzUn": {
      "type": "collapsible-tabs",
      "blocks": {
        "question_RHawyY": {
          "type": "question",
          "settings": {
            "title": "Q: How much can I save in total on the Trekking 7 LTD Long Range?",
            "title_de": "F: Wieviel kann ich insgesamt beim Trekking 7 LTD Long Range sparen?",
            "title_fr": "Q : Combien puis-je économiser en tout sur le Trekking 7 LTD Long Range ?",
            "answer": "<p>A:  For the LTD Long Range model (RRP: €2,499), you get the following offers:</p><p>-€500:  Price discount, the final price is €1,999.</p>",
            "answer_de": "<p>A：Für das Modell LTD Long Range (UVP: 2.499 €) erhalten Sie folgende Angebote:</p><p>-500 €:  Preisrabatt, der Endpreis beträgt 1.999 €.</p>",
            "answer_fr": "<p>R :Pour le modèle LTD Long Range (PDSF : 2.499 €), vous bénéficiez des offres suivantes :</p><p>-500 € : Réduction de prix, le prix final est de 1.999 €.</p>",
            "liquid_content": "",
            "liquid_content_de": "",
            "liquid_content_fr": "",
            "answer_2": "",
            "answer_2_de": "",
            "answer_2_fr": ""
          }
        },
        "question_KyPrx4": {
          "type": "question",
          "settings": {
            "title": "Q: What discounts are available for the Trekking 7 LTD Ultra?",
            "title_de": "F: Welche Rabatte gibt es für das Trekking 7 LTD Ultra?",
            "title_fr": "Q : Quelles remises sont disponibles pour le Trekking 7 LTD Ultra ?",
            "answer": "<p>A: For the Trekking 7 LTD Ultra (RRP: €2,999), you get the following offers:</p><p>-€400:  Price discount, the final price is €2,599.</p>",
            "answer_de": "<p>A: Für das Trekking 7 LTD Ultra (UVP: 2.999 €) erhalten Sie folgende Angebote:</p><p>-400 €: Preisrabatt, der Endpreis beträgt 2.599 €.</p>",
            "answer_fr": "<p>R : Pour le Trekking 7 LTD Ultra (PDSF : 2.999 €), vous bénéficiez des offres suivantes :</p><p>-400 € : Réduction de prix, le prix final est de 2.599 €.</p>",
            "liquid_content": "",
            "liquid_content_de": "",
            "liquid_content_fr": "",
            "answer_2": "",
            "answer_2_de": "",
            "answer_2_fr": ""
          }
        },
        "question_CqpMaE": {
          "type": "question",
          "settings": {
            "title": "Q: What discounts are available for the Trekking 7 SE Long Range?",
            "title_de": "Q: Welche Rabatte sind für das Trekking 7 SE Long Range verfügbar?",
            "title_fr": "Q: Quels rabais sont disponibles pour le Trekking 7 SE Long Range ?",
            "answer": "<p>A: For the Trekking 7 SE Long Range (RRP: €2,799), you get the following offers:</p><p>-€300: Price discount, the final price is €2,499.</p><p>-€285: Free 3-year Alteos Comfort Protection insurance. <a href=\"/pages/versicherung\" target=\"_blank\" title=\"Alteos Versicherung\">Learn more</a></p>",
            "answer_de": "<p>A: Für das Trekking 7 SE Long Range (UVP: 2.799 €) erhalten Sie folgende Angebote:</p><p>-300 €: Preisnachlass, der Endpreis beträgt 2.499 €.</p><p>-285 €: Kostenlose 3-jährige Alteos Comfort Protection Versicherung. <a href=\"/pages/versicherung\" target=\"_blank\" title=\"Alteos Versicherung\">Mehr erfahren</a></p>",
            "answer_fr": "<p>R: Pour le Trekking 7 SE Long Range (PVP : 2 799 €), vous bénéficiez des offres suivantes :- 400 € : Remise, le prix final est de 2 399 €.</p>",
            "liquid_content": "",
            "liquid_content_de": "",
            "liquid_content_fr": "",
            "answer_2": "",
            "answer_2_de": "",
            "answer_2_fr": ""
          }
        },
        "question_awRpRT": {
          "type": "question",
          "settings": {
            "title": "Q: What discounts are available for the Trekking 7 SE Ultra?",
            "title_de": "F: Welche Rabatte gibt es für das Trekking 7 SE Ultra?",
            "title_fr": "Q : Quelles réductions sont disponibles pour le Trekking 7 SE Ultra ?",
            "answer": "<p>A: For the Trekking 7 SE Long Range (RRP: €3,299), you get the following offers:</p><p>-€400: Price discount, the final price is €2,899.</p><p>-€285: Free 3-year Alteos Comfort Protection insurance. <a href=\"/pages/versicherung\" target=\"_blank\" title=\"Alteos Versicherung\">Learn more</a></p>",
            "answer_de": "<p>A: Für das Trekking 7 SE Ultra (UVP: 3.299 €) erhalten Sie folgende Angebote:</p><p>- 400 €: Preisnachlass, der Endpreis beträgt 2.899 €.</p><p>- 285 €: Kostenlose 3-jährige Alteos Comfort Protection Versicherung. <a href=\"/pages/versicherung\" target=\"_blank\" title=\"Alteos Versicherung\">Mehr erfahren</a></p>",
            "answer_fr": "<p>R: Pour le Trekking 7 SE Ultra (PVP : 3 299 €), vous bénéficiez des offres suivantes :- 500 € : Remise, le prix final est de 2 799 €.</p>",
            "liquid_content": "",
            "liquid_content_de": "",
            "liquid_content_fr": "",
            "answer_2": "",
            "answer_2_de": "",
            "answer_2_fr": ""
          }
        },
        "question_9nk4ah": {
          "type": "question",
          "settings": {
            "title": "Q: What is the promotion period?",
            "title_de": "F: Was ist der Aktionszeitraum?",
            "title_fr": "Q : Quelle est la période de promotion ?",
            "answer": "<p>A: The promotion period is from May 1, 2025, to May 31, 2025.</p>",
            "answer_de": "<p>A: Der Aktionszeitraum ist vom 1. Mai 2025 bis zum 31. Mai 2025.</p>",
            "answer_fr": "<p>R : La période de promotion est du 1er mai 2025 au 31 mai 2025.</p>",
            "liquid_content": "",
            "liquid_content_de": "",
            "liquid_content_fr": "",
            "answer_2": "",
            "answer_2_de": "",
            "answer_2_fr": ""
          }
        },
        "question_XBJtyf": {
          "type": "question",
          "settings": {
            "title": "Q: Is the offer only valid on hepha.com?",
            "title_de": "F: Gilt das Angebot nur auf hepha.com?",
            "title_fr": "Q : L'offre est-elle valable uniquement sur hepha.com ?",
            "answer": "<p>A: This promotion is valid for both <a href=\"https://hepha.com/\" title=\"https://hepha.com\">hepha.com</a> and authorized dealers.</p><p>Orders placed on <a href=\"https://hepha.com/\" title=\"https://hepha.com\">hepha.com</a> are shipped by HEPHA GmbH.</p><p>If you wish to purchase from a dealer, please contact them directly for information on products and orders, as they will be happy to assist you.</p>",
            "answer_de": "<p>A: Diese Werbeaktion gilt für <a href=\"https://hepha.com/de/pages/hepha.com\">hepha.com</a> und Händler.<br/><br/>Bestellungen auf <a href=\"https://hepha.com/de\" title=\"https://hepha.com/de\">hepha.com</a> werden von der HEPHA GmbH versendet.<br/><br/>Wenn Sie beim Händler kaufen möchten, wenden Sie sich bitte direkt an den Händler, um Informationen zu Produkten und Bestellungen zu erhalten. Sie werden Ihnen gerne weiterhelfen.</p>",
            "answer_fr": "<p>R : Cette promotion est valable à la fois sur hepha.com et chez les revendeurs. Les commandes sur <a href=\"https://hepha.com/fr-fr\" title=\"https://hepha.com/fr-fr\">hepha.com</a> sont expédiées par HEPHA GmbH. Si vous souhaitez acheter auprès d'un revendeur, veuillez contacter directement le revendeur pour obtenir des informations sur les produits et les commandes. Ils se feront un plaisir de vous aider. </p>",
            "liquid_content": "",
            "liquid_content_de": "",
            "liquid_content_fr": "",
            "answer_2": "",
            "answer_2_de": "",
            "answer_2_fr": ""
          }
        },
        "question_ytzVBz": {
          "type": "question",
          "settings": {
            "title": "Q: What are the contents of the free Alteos Comfort Protection insurance package?",
            "title_de": "F: Was sind die Inhalte des kostenlosen Alteos Komfortschutz-Versicherungspakets?",
            "title_fr": "",
            "answer": "<p>A: Alteos Comfort Protection Benefits<br/><br/>- Up to 3 years of insurance coverage<br/>- Coverage for commercial use<br/>- Mobility protection<br/>- Coverage for theft, robbery, vandalism, and burglary<br/>- Theft protection for the battery and accessories<br/>- Coverage for material and manufacturing defects<br/>- Protection against operational errors<br/>- Coverage for damage due to falls, accidents, moisture, electronics, and natural forces<br/>- Wear and tear coverage for individual parts (excluding tires and brakes) up to €150 per year (Premium)<br/><br/>Click <a href=\"https://hepha.com/pages/versicherung\" target=\"_blank\" title=\"Alteos Versicherung\">here</a> to learn more about the Alteos Comfort Protection insurance package.</p>",
            "answer_de": "<p>A: Leistungen Alteos Komfortschutz<br/><br/>- bis 3 Jahre Versicherungsdauer<br/>- Gewerbliche Nutzung<br/>- Mobilitätsschutz<br/>- Diebstahl, Raub, Vandalismus, inkl. Einbruch<br/>- Diebstahl von Akku und Zubehör<br/>- Material- und Produktionsfehler<br/>- Bedienungsfehler<br/>- Schäden (durch Sturz, Unfall, Feuchtigkeit, Elektronik, Naturgewalten)<br/>- Verschleiß von Einzelteilen außer Reifen/Bremsen (Premium) bis 150 EUR pro Jahr<br/><br/>Klicken Sie <a href=\"https://hepha.com/de/pages/versicherung\" title=\"Alteos Versicherung\">hier</a>, um mehr über das Alteos Komfortschutz-Versicherungspaket zu erfahren.</p>",
            "answer_fr": "",
            "liquid_content": "",
            "liquid_content_de": "",
            "liquid_content_fr": "",
            "answer_2": "",
            "answer_2_de": "",
            "answer_2_fr": ""
          }
        },
        "question_bbRFXj": {
          "type": "question",
          "settings": {
            "title": "Q: How long is my bicycle insured?",
            "title_de": "F: Wie lange ist mein Fahrrad versichert?",
            "title_fr": "",
            "answer": "<p>A: The contract period for the Alteos Comfort Protection is 3 years and it ends automatically. Please be sure to keep all purchase receipts for your Hepha E-Bike for insurance purposes.</p>",
            "answer_de": "<p>A: Die Vertragslaufzeit für den Alteos Komfortschutz beträgt 3 Jahre und endet automatisch. Bitte bewahre alle Kaufbelege für dein Hepha E-Bike für den Versicherungsfall auf.</p>",
            "answer_fr": "",
            "liquid_content": "",
            "liquid_content_de": "",
            "liquid_content_fr": "",
            "answer_2": "",
            "answer_2_de": "",
            "answer_2_fr": ""
          }
        },
        "question_x8ARnP": {
          "type": "question",
          "settings": {
            "title": "Q: What are the differences between the HEPHA Trekking 7, HEPHA Trekking 7 LTD, and HEPHA Trekking 7 SE?",
            "title_de": "F: Welche Unterschiede gibt es zwischen dem HEPHA Trekking 7, HEPHA-Trekking 7 LTD und HEPHA-Trekking 7 SE?",
            "title_fr": "Q: Quelles sont les différences entre le HEPHA Trekking 7, le HEPHA Trekking 7 LTD et le HEPHA Trekking 7 SE ?",
            "answer": "<p>A: The frame design of the HEPHA Trekking 7 SE and Trekking 7 LTD is the same, but the drive unit is different.</p>",
            "answer_de": "<p>A: Das Rahmendesign des HEPHA Trekking 7 SE und Trekking 7 LTD ist gleich, aber die Antriebseinheit ist unterschiedlich.</p>",
            "answer_fr": "<p>R :  Le design du cadre du HEPHA Trekking 7 SE est différent de celui du HEPHA Trekking 7, mais toutes les autres caractéristiques sont identiques.</p>",
            "liquid_content": "{% if request.locale.iso_code == 'de' %}\n<table border=\"1\" width=\"100%\">\n    <tr>\n        <th></th>\n        <th>Trekking 7 LTD</th>\n        <th>Trekking 7 SE</th>\n        <th>Trekking 7</th>\n    </tr>\n       <tr>\n        <td>zul. Gesamtgewicht</td>\n        <td>130 KG</td>\n        <td>130 KG</td>\n        <td>150 KG</td>\n    </tr>\n    <tr>\n        <td>motor</td>\n        <td>HEPHA DU-P100</td>\n        <td>HEPHA P101C</td>\n        <td>HEPHA P101C</td>\n    </tr>\n    <tr>\n        <td>Akku</td>\n        <td>HEPHA BT-P100, 708Wh</td>\n        <td>HEPHA BT-100B, 708Wh/804Wh</td>\n        <td>HEPHA BT-100B, 708Wh/804Wh</td>\n    </tr>\n    <tr>\n        <td>display</td>\n        <td>HEPHA SC-P100 (2.8” Color), abnehmbar</td>\n        <td>Long Range: HEPHA SC-201 (1.96” Color), non-removable<br>Performance & Ultra: HEPHA SC-351 (3.50“ Color), unabnehmbar</td>\n        <td>Long Range: HEPHA SC-201 (1.96” Color), non-removable<br>Performance & Ultra: HEPHA SC-351 (3.50“ Color), unabnehmbar</td>\n    </tr>\n    <tr>\n        <td>Gepäckträger System</td>\n        <td>Long Range: CARRYMORE QR.<br>Ultra/Performance: CARRYMORE QR.</td>\n        <td>Long Range: CARRYMORE QR.<br>Ultra/Performance: MIK HD QR.</td>\n        <td>Long Range: CARRYMORE QR.<br>Ultra/Performance: MIK HD QR.</td>\n    </tr>\n    <tr>\n        <td>Frontlicht</td>\n        <td>30 Lux</td>\n        <td>50 Lux</td>\n        <td>50 Lux</td>\n    </tr>\n   </table>\n\n{% elsif request.locale.iso_code == 'fr' %}\n<table border=\"1\" width=\"100%\">\n    <tr>\n        <th></th>\n        <th>Trekking 7 LTD</th>\n        <th>Trekking 7 SE</th>\n        <th>Trekking 7</th>\n    </tr>\n       <tr>\n        <td>Poids total autorisé</td>\n        <td>130 KG</td>\n        <td>130 KG</td>\n        <td>150 KG</td>\n    </tr>\n    <tr>\n        <td>Moteur</td>\n        <td>HEPHA DU-P100</td>\n        <td>HEPHA P101C</td>\n        <td>HEPHA P101C</td>\n    </tr>\n    <tr>\n        <td>Batterie</td>\n        <td>HEPHA BT-P100, 708Wh</td>\n        <td>HEPHA BT-100B, 708Wh/804Wh</td>\n        <td>HEPHA BT-100B, 708Wh/804Wh</td>\n    </tr>\n    <tr>\n        <td>Écran</td>\n        <td>HEPHA SC-P100 (2.8” Couleur), amovible</td>\n        <td>Long Range: HEPHA SC-201 (1.96” Couleur), non amovible<br>Performance & Ultra: HEPHA SC-351 (3.50“ Couleur), non amovible</td>\n        <td>Long Range: HEPHA SC-201 (1.96” Couleur), non amovible<br>Performance & Ultra: HEPHA SC-351 (3.50“ Couleur), non amovible</td>\n    </tr>\n    <tr>\n        <td>Système de porte-bagages</td>\n        <td>Long Range: CARRYMORE QR.<br>Ultra/Performance: CARRYMORE QR.</td>\n        <td>Long Range: CARRYMORE QR.<br>Ultra/Performance: MIK HD QR.</td>\n        <td>Long Range: CARRYMORE QR.<br>Ultra/Performance: MIK HD QR.</td>\n    </tr>\n    <tr>\n        <td>Éclairage avant</td>\n        <td>30 Lux</td>\n        <td>50 Lux</td>\n        <td>50 Lux</td>\n    </tr>\n    </table>\n{% else %}\n<table border=\"1\" width=\"100%\">\n    <tr>\n        <th></th>\n        <th>Trekking 7 LTD</th>\n        <th>Trekking 7 SE</th>\n        <th>Trekking 7</th>\n    </tr>\n       <tr>\n        <td>max. permissible weight</td>\n        <td>130 KG</td>\n        <td>130 KG</td>\n        <td>150 KG</td>\n    </tr>\n    <tr>\n        <td>motor</td>\n        <td>HEPHA DU-P100</td>\n        <td>HEPHA P101C</td>\n        <td>HEPHA P101C</td>\n    </tr>\n    <tr>\n        <td>battery</td>\n        <td>HEPHA BT-P100, 708Wh</td>\n        <td>HEPHA BT-100B, 708Wh/804Wh</td>\n        <td>HEPHA BT-100B, 708Wh/804Wh</td>\n    </tr>\n    <tr>\n        <td>display</td>\n        <td>HEPHA SC-P100 (2.8” Color), removable</td>\n        <td>Long Range: HEPHA SC-201 (1.96” Color), non-removable<br>Performance & Ultra: HEPHA SC-351 (3.50“ Color), non-removable</td>\n        <td>Long Range: HEPHA SC-201 (1.96” Color), non-removable<br>Performance & Ultra: HEPHA SC-351 (3.50“ Color), non-removable</td>\n    </tr>\n    <tr>\n        <td>carrier system</td>\n        <td>Long Range: CARRYMORE QR.<br>Ultra/Performance: CARRYMORE QR.</td>\n        <td>Long Range: CARRYMORE QR.<br>Ultra/Performance: MIK HD QR.</td>\n        <td>Long Range: CARRYMORE QR.<br>Ultra/Performance: MIK HD QR.</td>\n    </tr>\n    <tr>\n        <td>front light</td>\n        <td>30 Lux</td>\n        <td>50 Lux</td>\n        <td>50 Lux</td>\n    </tr>\n    </table>\n{% endif %}",
            "liquid_content_de": "",
            "liquid_content_fr": "",
            "answer_2": "",
            "answer_2_de": "",
            "answer_2_fr": ""
          }
        },
        "question_y3KgTG": {
          "type": "question",
          "settings": {
            "title": "Q: What are the advantages of a 100 Nm motor compared with an 80 Nm motor?",
            "title_de": "F: Welche Vorteile hat ein Motor mit 100 Nm im Vergleich zu einem Motor mit 80 Nm?",
            "title_fr": "Q : Quels sont les avantages d'un moteur de 100 Nm par rapport à un moteur de 80 Nm ?",
            "answer": "<p>A: Advantages of the 100 Nm motor<br/><br/>Greater Power: With higher torque, the 100 Nm motor provides more powerful output, offering faster acceleration and better climbing ability.<br/><br/>Smoother Riding Experience: The 100 Nm motor delivers a smoother riding experience, especially in situations requiring more power during starts, climbs, and rides.<br/><br/>Suitable for Mountain Riding: It is more suitable for mountain biking or handling complex terrains due to its ability to tackle challenges effectively.<br/><br/>Increased Security: No matter where you're riding the e-bike, the motor will ensure sufficient support to reach a stable basic speed. This ensures a safer lane and reduces the risk of tipping.</p>",
            "answer_de": "<p>A: Vorteile des 100-Nm-Motors:<br/>- Höhere Leistung: Mit einem höheren Drehmoment bietet der 100-Nm-Motor eine stärkere Leistung, die eine schnellere Beschleunigung und bessere Steigfähigkeit ermöglicht.<br/>- Sanfteres Fahrgefühl: Der 100-Nm-Motor sorgt für ein sanfteres Fahrgefühl, insbesondere in Situationen, die mehr Leistung beim Anfahren, Bergauffahren und Fahren erfordern.<br/>- Geeignet für Mountainbiking: Er ist besser geeignet für das Mountainbiken oder die Bewältigung komplexer Gelände aufgrund seiner Fähigkeit, Herausforderungen effektiv zu bewältigen.</p>",
            "answer_fr": "<p>R : Avantages du moteur 100 Nm :<br/><br/>- Plus de puissance : Avec un couple plus élevé, le moteur de 100 Nm fournit une sortie plus puissante, offrant une accélération plus rapide et une meilleure capacité de montée.<br/>- Une expérience de conduite plus douce : Le moteur de 100 Nm offre une expérience de conduite plus souple, en particulier dans les situations nécessitant plus de puissance lors des démarrages, des montées et des randonnées.<br/>- Adapté à la pratique du VTT : Il est plus adapté au VTT ou à la gestion de terrains complexes grâce à sa capacité à relever efficacement les défis.<br/>- Sécurité accrue : Quel que soit l'endroit où vous conduisez le vélo électrique, le moteur veille à vous fournir une assistance suffisante pour atteindre une vitesse de base stable, garantissant une trajectoire plus sûre et réduisant le risque de basculement.<br/>- Efficacité énergétique : Comparé au moteur de 100 Nm, le moteur de 80 Nm peut consommer moins d'énergie de la batterie dans des conditions de conduite similaires, ce qui augmente l'autonomie.</p>",
            "liquid_content": "",
            "liquid_content_de": "",
            "liquid_content_fr": "",
            "answer_2": "",
            "answer_2_de": "",
            "answer_2_fr": ""
          }
        },
        "question_QGJegJ": {
          "type": "question",
          "settings": {
            "title": "Q: How do I know the motor torque of my HEPHA E-Bike?",
            "title_de": "F: Wie kann ich das Motordrehmoment meines Hepha E-Bikes ermitteln?",
            "title_fr": "Q : Comment puis-je connaître le couple moteur de mon Hepha E-Bike ?",
            "answer": "<p>A: You can find the torque of your HEPHA E-Bike motor within the HEPHA App on the \"My E-Bike\" page.</p>",
            "answer_de": "<p>A: Innerhalb der HEPHA App auf der Seite \"Mein E-Bike\" können Sie das Drehmoment Ihres E-Bike Motors ablesen.</p>",
            "answer_fr": "<p>R : Dans l'application HEPHA, sur la page \"My E-Bike\", vous pouvez trouver le couple du moteur de votre E-Bike.</p>",
            "liquid_content": "",
            "liquid_content_de": "",
            "liquid_content_fr": "",
            "answer_2": "",
            "answer_2_de": "",
            "answer_2_fr": ""
          }
        },
        "question_TCfyCq": {
          "type": "question",
          "settings": {
            "title": "Q: What are the differences between the P100 and P101C drive systems?",
            "title_de": "F: Was sind die Unterschiede zwischen den Antriebssystemen P100 und P101C?",
            "title_fr": "Q : Quelles sont les différences entre les systèmes de propulsion P100 et P101C ?",
            "answer": "<p>A: The P100 and <a href=\"https://hepha.com/pages/a-motor-to-overtake-the-bike-market\" target=\"_blank\">P101C</a> share the same riding technology, but the P101C features several enhancements:</p><p>1. Transition from the spline to the international ISIS crank standard.</p><p>2. Change in software communication language from PLC (Power Line Communication) to CAN.</p><p>3. More slots for additional assistance systems.</p><p>4. New design of the motor and markings.</p>",
            "answer_de": "<p>A: Die P100 und <a href=\"https://hepha.com/de/pages/hepha-e-bike-antrieb\" target=\"_blank\">P101C</a> teilen sich die gleiche Fahrtechnologie, aber das P101C bietet mehrere Verbesserungen:</p><p>1. Umstellung vom Spline- auf den internationalen ISIS-Kurbelstandard.</p><p>2. Änderung der Software-Kommunikationssprache von PLC (Power Line Communication) zu CAN.</p><p>3. Mehr Steckplätze für zusätzliche Assistenzsysteme.</p><p>4. Neues Design des Motors und Markierungen.</p>",
            "answer_fr": "<p>R : Les P100 et <a href=\"https://hepha.com/fr-fr/pages/a-motor-to-overtake-the-bike-market\" target=\"_blank\">P101C</a> partagent la même technologie de conduite, mais le P101C présente plusieurs améliorations :</p><p>1. Transition du standard de manivelle spline au standard international ISIS.</p><p>2. Changement de la langue de communication logicielle de PLC (Communication par ligne électrique) à CAN.</p><p>3. Plus de slots pour des systèmes d'assistance supplémentaires.</p><p>4. Nouveau design du moteur et nouvelles marquages.</p>",
            "liquid_content": "",
            "liquid_content_de": "",
            "liquid_content_fr": "",
            "answer_2": "",
            "answer_2_de": "",
            "answer_2_fr": ""
          }
        }
      },
      "block_order": [
        "question_RHawyY",
        "question_KyPrx4",
        "question_CqpMaE",
        "question_awRpRT",
        "question_9nk4ah",
        "question_XBJtyf",
        "question_ytzVBz",
        "question_bbRFXj",
        "question_x8ARnP",
        "question_y3KgTG",
        "question_QGJegJ",
        "question_TCfyCq"
      ],
      "custom_css": [
        ".collapsible-tabs {max-width: 1100px;}",
        ".collapsible-tabs__heading {text-align: center;}"
      ],
      "settings": { "title": "FAQ", "title_de": "FAQ", "title_fr": "FAQ" }
    }
  },
  "order": [
    "custom_two_colum_banner_Peq7dK",
    "custom_two_colum_banner_RjcLFC",
    "custom_two_colum_banner_7kgaJE",
    "custom_firework_video_KqXdaw",
    "custom_sale_tab_2_MgyCnJ",
    "collapsible_tabs_qETzUn"
  ]
}
