{
  "sections": {
    "custom_two_colum_banner_Peq7dK": {
      "type": "custom-two-colum-banner",
      "blocks": {
        "slide_G6TEhx": {
          "type": "slide",
          "settings": {
            "image": "shopify://shop_images/Frame133_9.jpg",
            "background_color": "rgba(0,0,0,0)",
            "background_size": "cover",
            "background_position": "bottom",
            "background_align_items": "center",
            "background_padding_top": 40,
            "background_padding_left": 40,
            "background_padding_right": 40,
            "background_padding_bottom": 40,
            "liquid_content": "<style>\n#shopify-section-template--23913512927500__custom_two_colum_banner_Peq7dK .two-column-slide__heading, #shopify-section-template--23913512927500__custom_two_colum_banner_Peq7dK .two-column-slide__text {\n    margin: 0 0 30px 0;\n    text-align: left;\n    width: 800px;\n}\n#shopify-section-template--23913512927500__custom_two_colum_banner_Peq7dK .two-column-slide {\n    align-items: flex-start !important;\n}\n#shopify-section-template--23913512927500__custom_two_colum_banner_Peq7dK .two-column-slide__heading h2 {\n    font-size: 66px;\n    font-weight: bold;\n    font-family: Helvetica, \"Helvetica Neue\", Arial, \"Lucida Grande\", sans-serif !important;\n    text-align: center !important;\ncolor:#ffffff;\nline-height: 1;\n}\n\n#shopify-section-template--23913512927500__custom_two_colum_banner_Peq7dK .custom-button-group {\n    position: absolute;\n    right: 100px;\n    bottom: 100px;\n}\n\n#shopify-section-template--23913512927500__custom_two_colum_banner_Peq7dK .two-column-slide__heading h5 {\n    font-size: 30px;\n    font-weight: bold;\n    font-family: Helvetica, \"Helvetica Neue\", Arial, \"Lucida Grande\", sans-serif !important;\n    text-align: center !important;\ncolor:#ffffff;\npadding: 0;\n}\n\n#shopify-section-template--23913512927500__custom_two_colum_banner_Peq7dK .two-column-slide__heading h6 {\n    font-size: 24px;\n    font-weight: bold;\n    font-family: Helvetica, \"Helvetica Neue\", Arial, \"Lucida Grande\", sans-serif !important;\n    text-align: center !important;\n    color: #ffffff;\npadding: 0;\n}\n\n#shopify-section-template--23913512927500__custom_two_colum_banner_Peq7dK .two-column-slide__text p {\n    font-weight: bold;\n    font-family: Helvetica, \"Helvetica Neue\", Arial, \"Lucida Grande\", sans-serif !important;\n}\n\n#shopify-section-template--23913512927500__custom_two_colum_banner_Peq7dK .two-column-slide__content {\n    align-items: center !important;\n}\n\n#shopify-section-template--23889897095436__custom_two_colum_banner_Peq7dK .custom-button {\n    font-size: 24px !important;\n    font-weight: bold !important;\n}\n\n#shopify-section-template--23913512927500__custom_two_colum_banner_Peq7dK .custom-button-group span {\n    font-size: 15px !important;\n}\n#shopify-section-template--23913512927500__custom_two_colum_banner_Peq7dK .two-column-slide__heading, #shopify-section-template--23913512927500__custom_two_colum_banner_Peq7dK .two-column-slide__text {\n    width: 900px;\n}\n@media (max-width: 768px) {\n    #shopify-section-template--23913512927500__custom_two_colum_banner_Peq7dK .two-column-slide__text h5 {\n        font-size: 18px !important; \n    }\n\n    #shopify-section-template--23913512927500__custom_two_colum_banner_Peq7dK .two-column-slide__text p {\n        font-size: 18px !important; \n    }\n\n    #shopify-section-template--23913512927500__custom_two_colum_banner_Peq7dK .two-column-slide__heading p {\n        font-size: 12px;\n    }\n\n    #shopify-section-template--23913512927500__custom_two_colum_banner_Peq7dK .two-column-slide__heading h2 {\n        font-size: 30px !important; \n white-space: normal !important; \n        overflow-wrap: break-word; \n        word-wrap: break-word; \n    }\n\n    #shopify-section-template--23913512927500__custom_two_colum_banner_Peq7dK .two-column-slide__heading,  #shopify-section-template--23913512927500__custom_two_colum_banner_Peq7dK.two-column-slide__text {\n        margin: 0 0 10px 0 !important;\n    }\n\n#shopify-section-template--23913512927500__custom_two_colum_banner_Peq7dK .two-column-slide__heading p{\n  text-align: left !important;\n}\n\n#Slide-template--23951800434956__custom_two_colum_banner_Peq7dK-1 .custom-button-group {\n    display: none !important;\n}\n\n#shopify-section-template--23913512927500__custom_two_colum_banner_Peq7dK .two-column-slide__content {\n            padding-top: 30px;\n}\n#shopify-section-template--23913512927500__custom_two_colum_banner_Peq7dK .two-column-slide__heading h5 {\n    font-size: 18px;\n}\n\n#shopify-section-template--23913512927500__custom_two_colum_banner_Peq7dK .two-column-slide__content {\n        max-width: 600px;\n    }\n\n#shopify-section-template--23913512927500__custom_two_colum_banner_Peq7dK .custom-button-group {\n    position: static;\n}\n\n#shopify-section-template--23913512927500__custom_two_colum_banner_Peq7dK .two-column-slide__heading h6 {\n    font-size: 18px;\n    white-space: normal !important; \n        overflow-wrap: break-word; \n        word-wrap: break-word; \n}\n    .two-column-slide__heading {\n        width: 100% !important;\n    }\n}\n</style>",
            "subheading_image_title_link": "",
            "subheading_image_title_position": "",
            "title_1": "<h6>Flash Sale</h6><h2>Save up to €1,100</h2><h6>Free 100Nm Upgrade / Free Abus Folding Lock</h6>",
            "title_1_de": "<h6>Blitzangebote</h6><h2>Bis zu €1.100 sparen</h2><h6>Gratis 100Nm Upgrade / Gratis Abus Faltschloss</h6>",
            "title_1_fr": "<h6>Ventes Flash</h6><h2>Économisez jusqu'à 1 100 €</h2><h6>Mise à niveau gratuite de 100Nm / Antivol pliant Abus gratuit</h6>",
            "heading_color_1": "#ffffff",
            "heading_size_1": 60,
            "subheading_1": "",
            "subheading_1_de": "",
            "subheading_1_fr": "",
            "subheading_color_1": "#000000",
            "subheading_size_1": 30,
            "liquid_content3": "",
            "subheading_image_1_link": "",
            "subheading_image_1_position": "",
            "subheading_image_1b_position": "",
            "subheading_image_1b_link": "",
            "title_2": "",
            "title_2_de": "",
            "title_2_fr": "",
            "heading_color_2": "#000000",
            "heading_size_2": 24,
            "subheading_2": "",
            "subheading_2_de": "",
            "subheading_2_fr": "",
            "subheading_color_2": "#000000",
            "subheading_size_2": 20,
            "subheading_image_2_position": "",
            "subheading_image_2_link": "",
            "collection": "",
            "buttongroup_label": "",
            "buttongroup_label_de": "",
            "buttongroup_label_fr": "",
            "button_label": "Buy now",
            "button_label_de": "Jetzt kaufen",
            "button_label_fr": "Achetez maintenant",
            "link": "#shopify-section-template--23913512927500__custom_sale_tab_3_F6gyF3",
            "button_color": "#2b7dde",
            "button2_label": "",
            "button2_label_de": "",
            "button2_label_fr": "",
            "link2": "shopify://products/trekking7-ltd-ultra",
            "link2_de": "shopify://products/trekking7-ltd-ultra",
            "link2_fr": "shopify://products/trekking7-ltd-ultra",
            "button2_color": "#69a7ea",
            "button_text_color": "#ffffff",
            "column_1title": "",
            "column_1title_de": "",
            "column_1title_fr": "",
            "column_1description": "",
            "column_1description_de": "",
            "column_1description_fr": "",
            "column_2title": "",
            "column_2title_de": "",
            "column_2title_fr": "",
            "column_2description": "",
            "column_2description_de": "",
            "column_2description_fr": "",
            "column_3title": "",
            "column_3title_de": "",
            "column_3title_fr": "",
            "column_3description": "",
            "column_3description_de": "",
            "column_3description_fr": "",
            "column_4title": "",
            "column_4title_de": "",
            "column_4title_fr": "",
            "column_4description": "",
            "column_4description_de": "",
            "column_4description_fr": "",
            "liquid_content2": "<div class=\"custom-data\">22/5/2025 - 31/5/2025</div>\n<style>\n.custom-data {\n    position: absolute;\n    right: 100px;\n    bottom: 50px;\n    font-size: 24px;\n    font-weight: bold;\n    font-family: Helvetica, \"Helvetica Neue\", Arial, \"Lucida Grande\", sans-serif !important;\n    color: #ffffff;\npadding: 0;\n}\n\n@media (max-width: 768px) {\n.custom-data {\nfont-size: 18px;\nposition: static;\n}\n}\n</style>"
          }
        }
      },
      "block_order": ["slide_G6TEhx"],
      "custom_css": [
        ".two-column-slide__heading p,.two-column-slide__text p {margin: 0 !important; text-align: center;}",
        ".custom-button {font-weight: bold;}",
        "@media (max-width: 768px) {.two-column-slide__text {font-size: 23px !important; line-height: 24px !important; } .two-column-slide {background-size: cover !important; } .custom-button {font-size: 12px !important; font-weight: bold !important; } .two-column-slides {flex-direction: column-reverse !important; height: 100% !important; }}"
      ],
      "settings": {
        "section_id": "",
        "mobile_font_size_heading": 40,
        "mobile_line_height_heading": 42,
        "mobile_font_size_text": 20,
        "mobile_line_height_text": 24,
        "mobile_slide_padding_top": 30
      }
    },
    "custom_two_colum_banner_kji6Re": {
      "type": "custom-two-colum-banner",
      "blocks": {
        "slide_V4kB3j": {
          "type": "slide",
          "settings": {
            "background_color": "#fee0c6",
            "background_size": "cover",
            "background_position": "center",
            "background_align_items": "center",
            "background_padding_top": 0,
            "background_padding_left": 0,
            "background_padding_right": 0,
            "background_padding_bottom": 0,
            "liquid_content": "",
            "subheading_image_title_link": "",
            "subheading_image_title_position": "",
            "title_1": "<p>Six-time price-performance winner:</p>",
            "title_1_de": "<p><strong>Sechsmaliger Preis-Leistungs-Sieger:</strong></p>",
            "title_1_fr": "<p>Six fois primé pour son rapport qualité-prix :</p>",
            "heading_color_1": "#000000",
            "heading_size_1": 24,
            "subheading_1": "",
            "subheading_1_de": "",
            "subheading_1_fr": "",
            "subheading_color_1": "#000000",
            "subheading_size_1": 16,
            "liquid_content3": "",
            "subheading_image_1": "shopify://shop_images/Frame_208_e5de2c77-9bf3-464c-9cea-fcf183f865b2.png",
            "subheading_image_1_link": "",
            "subheading_image_1_width": 500,
            "subheading_image_1_position": "",
            "subheading_image_1b_position": "",
            "subheading_image_1b_link": "",
            "title_2": "<p>Six-time design award winner:</p>",
            "title_2_de": "<p>Sechsmaliger Design-Preis-Gewinner:</p>",
            "title_2_fr": "<p>Six fois lauréat du prix du design<strong> :</strong></p>",
            "heading_color_2": "#000000",
            "heading_size_2": 24,
            "subheading_2": "",
            "subheading_2_de": "",
            "subheading_2_fr": "",
            "subheading_color_2": "#000000",
            "subheading_size_2": 16,
            "subheading_image_2": "shopify://shop_images/Group_373_32fe9ecc-1edf-4990-a82e-a89d6f9b3839.png",
            "subheading_image_2_position": "",
            "subheading_image_2_link": "",
            "subheading_image_2_width": 500,
            "collection": "",
            "buttongroup_label": "",
            "buttongroup_label_de": "",
            "buttongroup_label_fr": "",
            "button_label": "",
            "button_label_de": "",
            "button_label_fr": "",
            "link": "",
            "button_color": "#007bff",
            "button2_label": "",
            "button2_label_de": "",
            "button2_label_fr": "",
            "link2": "",
            "link2_de": "",
            "link2_fr": "",
            "button2_color": "#007bff",
            "button_text_color": "#ffffff",
            "column_1title": "",
            "column_1title_de": "",
            "column_1title_fr": "",
            "column_1description": "",
            "column_1description_de": "",
            "column_1description_fr": "",
            "column_2title": "",
            "column_2title_de": "",
            "column_2title_fr": "",
            "column_2description": "",
            "column_2description_de": "",
            "column_2description_fr": "",
            "column_3title": "",
            "column_3title_de": "",
            "column_3title_fr": "",
            "column_3description": "",
            "column_3description_de": "",
            "column_3description_fr": "",
            "column_4title": "",
            "column_4title_de": "",
            "column_4title_fr": "",
            "column_4description": "",
            "column_4description_de": "",
            "column_4description_fr": "",
            "liquid_content2": ""
          }
        },
        "slide_Ew43jA": {
          "type": "slide",
          "settings": {
            "image": "shopify://shop_images/RUD7295_SR_018e5048-cb24-4a70-be67-b39a449dfa1b.jpg",
            "background_color": "#ffffff",
            "background_size": "cover",
            "background_position": "center",
            "background_align_items": "center",
            "background_padding_top": 0,
            "background_padding_left": 0,
            "background_padding_right": 0,
            "background_padding_bottom": 0,
            "liquid_content": "",
            "subheading_image_title_link": "",
            "subheading_image_title_position": "",
            "title_1": "",
            "title_1_de": "",
            "title_1_fr": "",
            "heading_color_1": "#000000",
            "heading_size_1": 24,
            "subheading_1": "",
            "subheading_1_de": "",
            "subheading_1_fr": "",
            "subheading_color_1": "#000000",
            "subheading_size_1": 16,
            "liquid_content3": "",
            "subheading_image_1_link": "",
            "subheading_image_1_position": "",
            "subheading_image_1b_position": "",
            "subheading_image_1b_link": "",
            "title_2": "",
            "title_2_de": "",
            "title_2_fr": "",
            "heading_color_2": "#000000",
            "heading_size_2": 24,
            "subheading_2": "",
            "subheading_2_de": "",
            "subheading_2_fr": "",
            "subheading_color_2": "#000000",
            "subheading_size_2": 16,
            "subheading_image_2_position": "",
            "subheading_image_2_link": "",
            "collection": "",
            "buttongroup_label": "",
            "buttongroup_label_de": "",
            "buttongroup_label_fr": "",
            "button_label": "",
            "button_label_de": "",
            "button_label_fr": "",
            "link": "",
            "button_color": "#007bff",
            "button2_label": "",
            "button2_label_de": "",
            "button2_label_fr": "",
            "link2": "",
            "link2_de": "",
            "link2_fr": "",
            "button2_color": "#007bff",
            "button_text_color": "#ffffff",
            "column_1title": "",
            "column_1title_de": "",
            "column_1title_fr": "",
            "column_1description": "",
            "column_1description_de": "",
            "column_1description_fr": "",
            "column_2title": "",
            "column_2title_de": "",
            "column_2title_fr": "",
            "column_2description": "",
            "column_2description_de": "",
            "column_2description_fr": "",
            "column_3title": "",
            "column_3title_de": "",
            "column_3title_fr": "",
            "column_3description": "",
            "column_3description_de": "",
            "column_3description_fr": "",
            "column_4title": "",
            "column_4title_de": "",
            "column_4title_fr": "",
            "column_4description": "",
            "column_4description_de": "",
            "column_4description_fr": "",
            "liquid_content2": ""
          }
        }
      },
      "block_order": ["slide_V4kB3j", "slide_Ew43jA"],
      "custom_css": [
        "@media (max-width: 768px) {.two-column-slide__heading p {font-size: 24px; line-height: 28px; } .two-column-slide {padding-top: 0 !important; min-height: 500px; padding-left: 0px !important; padding-right: 0px !important; }}"
      ],
      "settings": {
        "section_id": "",
        "mobile_font_size_heading": 20,
        "mobile_line_height_heading": 20,
        "mobile_font_size_text": 20,
        "mobile_line_height_text": 24,
        "mobile_slide_padding_top": 30
      }
    },
    "custom_sale_tab_3_F6gyF3": {
      "type": "custom-sale-tab-3",
      "custom_css": [
        ".product-content-section {padding: 50px 50px 0 50px;}",
        ".product-column {width: 48%; height: auto;}",
        "@media (max-width: 768px) {.product-content-section {padding: 50px 20px 0 20px; }}"
      ],
      "name": "Custom Sale Tabs 3",
      "settings": {
        "title": "",
        "title_de": "",
        "title_fr": "",
        "background_color": "#ffffff",
        "background_position": "center center",
        "background_size": "cover",
        "background_align_items": "center",
        "background_padding_top": 20,
        "background_padding_right": 20,
        "background_padding_bottom": 20,
        "background_padding_left": 20,
        "ad_link": "",
        "ad_button_color": "#000000",
        "ad_button_text_color": "#ffffff",
        "title_1": "",
        "title_1_de": "",
        "title_1_fr": "",
        "heading_color_1": "#000000",
        "heading_size_1": 24,
        "button_label": "",
        "button_label_de": "",
        "button_label_fr": "",
        "product_source_trekking7ltd": "collection",
        "trekking7ltd_collection": "bike-promotion",
        "trekking7ltd_products": [],
        "show_description": true
      }
    },
    "custom_imagerow_jAg74G": {
      "type": "custom-imagerow",
      "blocks": {
        "module_TWgKEf": {
          "type": "module",
          "settings": {
            "image": "shopify://shop_images/alteos-logo-750x500.19dda821_acce078d-b5f1-4121-975f-e95a256820f6.png",
            "subheading_image_1_width": 200,
            "module_big_title": "",
            "module_title": "Alteos insurance (ONLY VALID IN GERMANY)",
            "module_title_de": "E-BIKE-KOMFORTSCHUTZ* (NUR GÜLTIG IN DEUTSCHLAND)",
            "module_title_fr": "Alteos insurance",
            "description": "<p>Free insurance cover - Buy Trekking 7 SE and enjoy 3 years of Alteos insurance!</p>",
            "description_de": "<p>Kostenloser Versicherungsschutz - Kaufen Sie Trekking 7 SE und Genießen Sie 3 Jahre Alteos-Versicherung!</p>",
            "description_fr": "",
            "background_color": "#ffffff",
            "button1_text": "Learn more ",
            "button1_text_de": "Mehr entdecken",
            "button1_text_fr": "",
            "button1_url": "shopify://pages/versicherung",
            "button1_background_color": "#010101",
            "button1_text_color": "#ffffff"
          }
        },
        "module_webMtL": {
          "type": "module",
          "settings": {
            "image": "shopify://shop_images/Click-1.svg",
            "subheading_image_1_width": 130,
            "module_big_title": "",
            "module_title": "Click&Collect Service",
            "module_title_de": "Click&Collect Service",
            "module_title_fr": "Click&Collect Service",
            "description": "<p>Free Shipping | Professional After-Sales Service<br/>Order your HEPHA E-bike online and pick it up at a nearby dealer!</p>",
            "description_de": "<p>Kostenloser Versand | Professioneller After-Sales-Service<br/>Bestellen Sie Ihr HEPHA E-Bike online und holen Sie es bei einem nahegelegenen Händler ab!</p>",
            "description_fr": "",
            "background_color": "#ffffff",
            "button1_text": "Learn more ",
            "button1_text_de": "Mehr entdecken",
            "button1_text_fr": "",
            "button1_url": "shopify://pages/click-collect-at-your-local-dealer",
            "button1_background_color": "#010101",
            "button1_text_color": "#ffffff"
          }
        }
      },
      "block_order": ["module_TWgKEf", "module_webMtL"],
      "custom_css": [
        ".product-content-section {padding: 0 64px 0 50px; margin-top: -20px;}",
        ".smallmodule {gap: 20px;}",
        ".smallmodulerow {max-width: 1300px;}",
        ".module {padding: 0 0 20px !important; margin: 0; width: 46%;}",
        ".module-description {padding: 0 20px;}",
        ".imgrowrow {width: 100%; background: #eee; margin-bottom: 20px; height: 240px; display: flex; justify-content: center; align-items: center;}",
        "@media (max-width: 768px) {.product-content-section {padding: 0 20px 0 20px; } .module {width: 100%; margin-bottom: 0 !important; } .module-description {font-size: 16px !important; }}"
      ],
      "name": "Custom Image row",
      "settings": {
        "title": "",
        "title_de": "",
        "title_fr": "",
        "title_font_size": 21,
        "description_font_size": 16
      }
    },
    "custom_liquid_dbXEPa": {
      "type": "custom-liquid",
      "name": "Custom Liquid",
      "settings": {
        "full_width": true,
        "show_space": false,
        "code": "<style>\n.module {\n    justify-content: flex-start  !important;\n}\n</style>"
      }
    },
    "17415882502d62e51b": {
      "type": "apps",
      "blocks": {
        "loox_reviews_loox_card_carousel_section_3HRVwE": {
          "type": "shopify://apps/loox-reviews/blocks/loox-card-carousel-section/5c3b337f-fd14-4df5-b1d6-80ec13e6e28e",
          "settings": {
            "maxWidth": 1600,
            "borderRadius": 8,
            "itemsPerView": 5,
            "mobileItemsPerView": 1,
            "maxNumberOfCharacters": 100,
            "imageRatio": "0.72",
            "reviewerNameColor": "#000000",
            "textColor": "#000000",
            "itemBackgroundColor": "#ffffff",
            "starsColor": "",
            "starsBackgroundColor": "#ffffff",
            "arrows_backgroundColor": "#ffffff",
            "arrows_iconColor": "#9a9a9a",
            "shadow": "offset-dark",
            "border_active": false,
            "border_width": 2,
            "border_color": "#000000",
            "productIds": ""
          }
        }
      },
      "block_order": ["loox_reviews_loox_card_carousel_section_3HRVwE"],
      "custom_css": [
        ".fully-spaced-row--medium {margin-bottom: 100px;}",
        ".loox-v2-carousel-app .loox-v2-carousel-container.has-round-arrows {padding-left: 0; padding-right: 0;}"
      ],
      "settings": {
        "full_width": false,
        "show_space": true,
        "title": "Customer reviews",
        "title_de": "Kundenrezensionen",
        "title_fr": "Commentaires client"
      }
    },
    "collapsible_tabs_qETzUn": {
      "type": "collapsible-tabs",
      "blocks": {
        "question_RHawyY": {
          "type": "question",
          "settings": {
            "title": "Q: How much can I save in total on the Trekking 7 LTD Long Range?",
            "title_de": "F: Wieviel kann ich insgesamt beim Trekking 7 LTD Long Range sparen?",
            "title_fr": "Q : Combien puis-je économiser en tout sur le Trekking 7 LTD Long Range ?",
            "answer": "<p>A: For the LTD Long Range model (RRP: €2,499), you can save a total of €1,100:</p><p>€700: Price discount, bringing the final price down to €1,799.</p><p>€400: Free 100Nm Upgrade</p>",
            "answer_de": "<p>A: Beim Modell LTD Long Range (UVP: 2.499 €) können Sie insgesamt 1.100 € sparen:</p><p>700 €: Preisnachlass, der Endpreis beträgt 1.799 €.</p><p>400 €: Gratis 100Nm Upgrade</p>",
            "answer_fr": "<p>R: Pour le modèle LTD Long Range (PVP : 2 499 €), vous pouvez économiser un total de 1 100 € :</p><p>700 € : Remise de prix, le prix final est de 1 799 €.</p><p>400 € : Mise à niveau gratuite de 100Nm</p>",
            "liquid_content": "",
            "liquid_content_de": "",
            "liquid_content_fr": "",
            "answer_2": "",
            "answer_2_de": "",
            "answer_2_fr": ""
          }
        },
        "question_KyPrx4": {
          "type": "question",
          "settings": {
            "title": "Q: What discounts are available for the Trekking 7 LTD Ultra?",
            "title_de": "F: Welche Rabatte gibt es für das Trekking 7 LTD Ultra?",
            "title_fr": "Q : Quelles remises sont disponibles pour le Trekking 7 LTD Ultra ?",
            "answer": "<p>A: For the Trekking 7 LTD Ultra (RRP: €2,999), you can take advantage of the following offers:</p><p>€700: Price discount, bringing the final price down to €2,299.</p><p>€85: Free Abus Folding Lock</p>",
            "answer_de": "<p>A: Für das Trekking 7 LTD Ultra (UVP: 2.999 €) können Sie von folgenden Angeboten profitieren:</p><p>700 €: Preisnachlass, der Endpreis beträgt 2.299 €.</p><p>85 €: Gratis Abus Faltschloss</p>",
            "answer_fr": "<p>R: Pour le Trekking 7 LTD Ultra (PVP : 2 999 €), vous pouvez bénéficier des offres suivantes :</p><p>700 € : Remise de prix, le prix final est de 2 299 €.</p><p>85 € : Antivol pliant Abus gratuit</p>",
            "liquid_content": "",
            "liquid_content_de": "",
            "liquid_content_fr": "",
            "answer_2": "",
            "answer_2_de": "",
            "answer_2_fr": ""
          }
        },
        "question_CqpMaE": {
          "type": "question",
          "settings": {
            "title": "Q: What discounts are available for the Trekking 7 SE Long Range?",
            "title_de": "F: Welche Rabatte sind für das Trekking 7 SE Long Range verfügbar?",
            "title_fr": "Q: Quels rabais sont disponibles pour le Trekking 7 SE Long Range ?",
            "answer": "<p>A: For the Trekking 7 SE Long Range (RRP: €2,799), you get the following offers:</p><p>-€300: Price discount, the final price is €2,499.</p><p>-€285: Free 3-year Alteos Comfort Protection insurance. <a href=\"/pages/versicherung\" target=\"_blank\" title=\"Alteos Versicherung\">Learn more</a></p>",
            "answer_de": "<p>A: Für das Trekking 7 SE Long Range (UVP: 2.799 €) erhalten Sie folgende Angebote:</p><p>-300 €: Preisnachlass, der Endpreis beträgt 2.499 €.</p><p>-285 €: Kostenlose 3-jährige Alteos Comfort Protection Versicherung. <a href=\"/pages/versicherung\" target=\"_blank\" title=\"Alteos Versicherung\">Mehr erfahren</a></p>",
            "answer_fr": "<p>R: Pour le Trekking 7 SE Long Range (PVP : 2 799 €), vous bénéficiez des offres suivantes :- 400 € : Remise, le prix final est de 2 399 €.</p>",
            "liquid_content": "",
            "liquid_content_de": "",
            "liquid_content_fr": "",
            "answer_2": "",
            "answer_2_de": "",
            "answer_2_fr": ""
          }
        },
        "question_awRpRT": {
          "type": "question",
          "settings": {
            "title": "Q: What discounts are available for the Trekking 7 SE Ultra?",
            "title_de": "F: Welche Rabatte gibt es für das Trekking 7 SE Ultra?",
            "title_fr": "Q : Quelles réductions sont disponibles pour le Trekking 7 SE Ultra ?",
            "answer": "<p>A: For the Trekking 7 SE Ultra  (RRP: €3,299), you get the following offers:</p><p>-€400: Price discount, the final price is €2,899.</p><p>-€285: Free 3-year Alteos Comfort Protection insurance. <a href=\"/pages/versicherung\" target=\"_blank\" title=\"Alteos Versicherung\">Learn more</a></p>",
            "answer_de": "<p>A: Für das Trekking 7 SE Ultra (UVP: 3.299 €) erhalten Sie folgende Angebote:</p><p>- 400 €: Preisnachlass, der Endpreis beträgt 2.899 €.</p><p>- 285 €: Kostenlose 3-jährige Alteos Comfort Protection Versicherung. <a href=\"/pages/versicherung\" target=\"_blank\" title=\"Alteos Versicherung\">Mehr erfahren</a></p>",
            "answer_fr": "<p>R: Pour le Trekking 7 SE Ultra (PVP : 3 299 €), vous bénéficiez des offres suivantes :- 500 € : Remise, le prix final est de 2 799 €.</p>",
            "liquid_content": "",
            "liquid_content_de": "",
            "liquid_content_fr": "",
            "answer_2": "",
            "answer_2_de": "",
            "answer_2_fr": ""
          }
        },
        "question_UXgx8x": {
          "type": "question",
          "settings": {
            "title": "Q: How do I get a free 100Nm upgrade, a free Abus folding lock, or free insurance?",
            "title_de": "F： Wie erhalte ich ein Gratis 100Nm Upgrade, ein Gratis Abus Faltschloss oder eine Gratis Versicherung?",
            "title_fr": "Q : Comment obtenir une mise à niveau gratuite de 100Nm ou un antivol pliant Abus gratuit ?",
            "answer": "<p>A:</p><ol><li>Select the desired E-Bike and go to the product page.</li><li>On the right side of the product page, choose the size and color, and check the displayed free accessories in the \"Compatible accessories\" section.</li><li>Click the \"Add\" button.</li><li>Click the \"Add to Cart\" button.</li><li>Ensure that the free gifts are in your cart. Then click \"Check out\" to complete the purchase.</li></ol>",
            "answer_de": "<p>A：</p><ol><li>Wählen Sie das gewünschte E-Bike aus und gehen Sie zur Produktseite.</li><li>Wählen Sie auf der rechten Seite der Produktseite die Größe und Farbe aus und überprüfen Sie das angezeigte kostenlose Zubehör im Bereich „Passendes Zubehör“. </li><li>3. Klicken Sie auf die Schaltfläche „Add“.</li><li>Klicken Sie auf die Schaltfläche „In den Warenkorb“.</li><li>Stellen Sie sicher, dass sich die kostenlosen Geschenke in Ihrem Warenkorb befinden. Klicken Sie dann auf „Jetzt kaufen“, um den Kauf abzuschließen.</li></ol>",
            "answer_fr": "<p>A :</p><p>1. Sélectionnez le vélo électrique souhaité et allez à la page du produit.</p><p>2. Sur le côté droit de la page du produit, choisissez la taille et la couleur, et vérifiez les accessoires gratuits affichés dans la section \"Accessoires compatible:\".</p><p>3. Cliquez sur le bouton \"Add\".</p><p>4. Cliquez sur le bouton \"Ajouter au panier\".</p><p>5. Assurez-vous que les cadeaux gratuits sont dans votre panier. Ensuite, cliquez sur \"Paiement\" pour finaliser l'achat.<br/><br/></p>",
            "liquid_content": "",
            "liquid_content_de": "",
            "liquid_content_fr": "",
            "answer_2": "",
            "answer_2_de": "",
            "answer_2_fr": ""
          }
        },
        "question_9nk4ah": {
          "type": "question",
          "settings": {
            "title": "Q: What is the promotion period?",
            "title_de": "F: Was ist der Aktionszeitraum?",
            "title_fr": "Q : Quelle est la période de promotion ?",
            "answer": "<p>A: The promotion period is from May 22, 2025, to May 31, 2025.</p>",
            "answer_de": "<p>A: Die Aktionszeitraum ist vom 22. Mai 2025 bis zum 31. Mai 2025.</p>",
            "answer_fr": "<p>R: La période de promotion est du 22 mai 2025 au 31 mai 2025.</p>",
            "liquid_content": "",
            "liquid_content_de": "",
            "liquid_content_fr": "",
            "answer_2": "",
            "answer_2_de": "",
            "answer_2_fr": ""
          }
        },
        "question_XBJtyf": {
          "type": "question",
          "settings": {
            "title": "Q: Is the offer only valid on hepha.com?",
            "title_de": "F: Gilt das Angebot nur auf hepha.com?",
            "title_fr": "Q : L'offre est-elle valable uniquement sur hepha.com ?",
            "answer": "<p>A: This promotion is valid for both <a href=\"https://hepha.com/\" title=\"https://hepha.com\">hepha.com</a> and authorized dealers.</p><p>Orders placed on <a href=\"https://hepha.com/\" title=\"https://hepha.com\">hepha.com</a> are shipped by HEPHA GmbH.</p><p>If you wish to purchase from a dealer, please contact them directly for information on products and orders, as they will be happy to assist you.</p>",
            "answer_de": "<p>A: Diese Werbeaktion gilt für <a href=\"https://hepha.com/de/pages/hepha.com\">hepha.com</a> und Händler.<br/><br/>Bestellungen auf <a href=\"https://hepha.com/de\" title=\"https://hepha.com/de\">hepha.com</a> werden von der HEPHA GmbH versendet.<br/><br/>Wenn Sie beim Händler kaufen möchten, wenden Sie sich bitte direkt an den Händler, um Informationen zu Produkten und Bestellungen zu erhalten. Sie werden Ihnen gerne weiterhelfen.</p>",
            "answer_fr": "<p>R : Cette promotion est valable à la fois sur hepha.com et chez les revendeurs. Les commandes sur <a href=\"https://hepha.com/fr-fr\" title=\"https://hepha.com/fr-fr\">hepha.com</a> sont expédiées par HEPHA GmbH. Si vous souhaitez acheter auprès d'un revendeur, veuillez contacter directement le revendeur pour obtenir des informations sur les produits et les commandes. Ils se feront un plaisir de vous aider. </p>",
            "liquid_content": "",
            "liquid_content_de": "",
            "liquid_content_fr": "",
            "answer_2": "",
            "answer_2_de": "",
            "answer_2_fr": ""
          }
        },
        "question_ytzVBz": {
          "type": "question",
          "settings": {
            "title": "Q: What are the contents of the free Alteos Comfort Protection insurance package?",
            "title_de": "F: Was sind die Inhalte des kostenlosen Alteos Komfortschutz-Versicherungspakets?",
            "title_fr": "",
            "answer": "<p>A: Alteos Comfort Protection Benefits<br/><br/>- Up to 3 years of insurance coverage<br/>- Coverage for commercial use<br/>- Mobility protection<br/>- Coverage for theft, robbery, vandalism, and burglary<br/>- Theft protection for the battery and accessories<br/>- Coverage for material and manufacturing defects<br/>- Protection against operational errors<br/>- Coverage for damage due to falls, accidents, moisture, electronics, and natural forces<br/>- Wear and tear coverage for individual parts (excluding tires and brakes) up to €150 per year (Premium)<br/><br/>Click <a href=\"https://hepha.com/pages/versicherung\" target=\"_blank\" title=\"Alteos Versicherung\">here</a> to learn more about the Alteos Comfort Protection insurance package.</p>",
            "answer_de": "<p>A: Leistungen Alteos Komfortschutz<br/><br/>- bis 3 Jahre Versicherungsdauer<br/>- Gewerbliche Nutzung<br/>- Mobilitätsschutz<br/>- Diebstahl, Raub, Vandalismus, inkl. Einbruch<br/>- Diebstahl von Akku und Zubehör<br/>- Material- und Produktionsfehler<br/>- Bedienungsfehler<br/>- Schäden (durch Sturz, Unfall, Feuchtigkeit, Elektronik, Naturgewalten)<br/>- Verschleiß von Einzelteilen außer Reifen/Bremsen (Premium) bis 150 EUR pro Jahr<br/><br/>Klicken Sie <a href=\"https://hepha.com/de/pages/versicherung\" title=\"Alteos Versicherung\">hier</a>, um mehr über das Alteos Komfortschutz-Versicherungspaket zu erfahren.</p>",
            "answer_fr": "",
            "liquid_content": "",
            "liquid_content_de": "",
            "liquid_content_fr": "",
            "answer_2": "",
            "answer_2_de": "",
            "answer_2_fr": ""
          }
        },
        "question_bbRFXj": {
          "type": "question",
          "settings": {
            "title": "Q: How long is my bicycle insured?",
            "title_de": "F: Wie lange ist mein Fahrrad versichert?",
            "title_fr": "",
            "answer": "<p>A: The contract period for the Alteos Comfort Protection is 3 years and it ends automatically. Please be sure to keep all purchase receipts for your Hepha E-Bike for insurance purposes.</p>",
            "answer_de": "<p>A: Die Vertragslaufzeit für den Alteos Komfortschutz beträgt 3 Jahre und endet automatisch. Bitte bewahre alle Kaufbelege für dein Hepha E-Bike für den Versicherungsfall auf.</p>",
            "answer_fr": "",
            "liquid_content": "",
            "liquid_content_de": "",
            "liquid_content_fr": "",
            "answer_2": "",
            "answer_2_de": "",
            "answer_2_fr": ""
          }
        },
        "question_x8ARnP": {
          "type": "question",
          "settings": {
            "title": "Q: What are the differences between the HEPHA Trekking 7, HEPHA Trekking 7 LTD, and HEPHA Trekking 7 SE?",
            "title_de": "F: Welche Unterschiede gibt es zwischen dem HEPHA Trekking 7, HEPHA-Trekking 7 LTD und HEPHA-Trekking 7 SE?",
            "title_fr": "Q: Quelles sont les différences entre le HEPHA Trekking 7, le HEPHA Trekking 7 LTD et le HEPHA Trekking 7 SE ?",
            "answer": "<p>A: The frame design of the HEPHA Trekking 7 SE and Trekking 7 LTD is the same, but the drive unit is different.</p>",
            "answer_de": "<p>A: Das Rahmendesign des HEPHA Trekking 7 SE und Trekking 7 LTD ist gleich, aber die Antriebseinheit ist unterschiedlich.</p>",
            "answer_fr": "<p>R :  Le design du cadre du HEPHA Trekking 7 SE est différent de celui du HEPHA Trekking 7, mais toutes les autres caractéristiques sont identiques.</p>",
            "liquid_content": "{% if request.locale.iso_code == 'de' %}\n<table border=\"1\" width=\"100%\">\n    <tr>\n        <th></th>\n        <th>Trekking 7 LTD</th>\n        <th>Trekking 7 SE</th>\n        <th>Trekking 7</th>\n    </tr>\n       <tr>\n        <td>zul. Gesamtgewicht</td>\n        <td>130 KG</td>\n        <td>130 KG</td>\n        <td>150 KG</td>\n    </tr>\n    <tr>\n        <td>motor</td>\n        <td>HEPHA DU-P100</td>\n        <td>HEPHA P101C</td>\n        <td>HEPHA P101C</td>\n    </tr>\n    <tr>\n        <td>Akku</td>\n        <td>HEPHA BT-P100, 708Wh</td>\n        <td>HEPHA BT-100B, 708Wh/804Wh</td>\n        <td>HEPHA BT-100B, 708Wh/804Wh</td>\n    </tr>\n    <tr>\n        <td>display</td>\n        <td>HEPHA SC-P100 (2.8” Color), abnehmbar</td>\n        <td>Long Range: HEPHA SC-201 (1.96” Color), non-removable<br>Performance & Ultra: HEPHA SC-351 (3.50“ Color), unabnehmbar</td>\n        <td>Long Range: HEPHA SC-201 (1.96” Color), non-removable<br>Performance & Ultra: HEPHA SC-351 (3.50“ Color), unabnehmbar</td>\n    </tr>\n    <tr>\n        <td>Gepäckträger System</td>\n        <td>Long Range: CARRYMORE QR.<br>Ultra/Performance: CARRYMORE QR.</td>\n        <td>Long Range: CARRYMORE QR.<br>Ultra/Performance: MIK HD QR.</td>\n        <td>Long Range: CARRYMORE QR.<br>Ultra/Performance: MIK HD QR.</td>\n    </tr>\n    <tr>\n        <td>Frontlicht</td>\n        <td>30 Lux</td>\n        <td>30 Lux</td>\n        <td>50 Lux</td>\n    </tr>\n   </table>\n\n{% elsif request.locale.iso_code == 'fr' %}\n<table border=\"1\" width=\"100%\">\n    <tr>\n        <th></th>\n        <th>Trekking 7 LTD</th>\n        <th>Trekking 7 SE</th>\n        <th>Trekking 7</th>\n    </tr>\n       <tr>\n        <td>Poids total autorisé</td>\n        <td>130 KG</td>\n        <td>130 KG</td>\n        <td>150 KG</td>\n    </tr>\n    <tr>\n        <td>Moteur</td>\n        <td>HEPHA DU-P100</td>\n        <td>HEPHA P101C</td>\n        <td>HEPHA P101C</td>\n    </tr>\n    <tr>\n        <td>Batterie</td>\n        <td>HEPHA BT-P100, 708Wh</td>\n        <td>HEPHA BT-100B, 708Wh/804Wh</td>\n        <td>HEPHA BT-100B, 708Wh/804Wh</td>\n    </tr>\n    <tr>\n        <td>Écran</td>\n        <td>HEPHA SC-P100 (2.8” Couleur), amovible</td>\n        <td>Long Range: HEPHA SC-201 (1.96” Couleur), non amovible<br>Performance & Ultra: HEPHA SC-351 (3.50“ Couleur), non amovible</td>\n        <td>Long Range: HEPHA SC-201 (1.96” Couleur), non amovible<br>Performance & Ultra: HEPHA SC-351 (3.50“ Couleur), non amovible</td>\n    </tr>\n    <tr>\n        <td>Système de porte-bagages</td>\n        <td>Long Range: CARRYMORE QR.<br>Ultra/Performance: CARRYMORE QR.</td>\n        <td>Long Range: CARRYMORE QR.<br>Ultra/Performance: MIK HD QR.</td>\n        <td>Long Range: CARRYMORE QR.<br>Ultra/Performance: MIK HD QR.</td>\n    </tr>\n    <tr>\n        <td>Éclairage avant</td>\n        <td>30 Lux</td>\n        <td>30 Lux</td>\n        <td>50 Lux</td>\n    </tr>\n    </table>\n{% else %}\n<table border=\"1\" width=\"100%\">\n    <tr>\n        <th></th>\n        <th>Trekking 7 LTD</th>\n        <th>Trekking 7 SE</th>\n        <th>Trekking 7</th>\n    </tr>\n       <tr>\n        <td>max. permissible weight</td>\n        <td>130 KG</td>\n        <td>130 KG</td>\n        <td>150 KG</td>\n    </tr>\n    <tr>\n        <td>motor</td>\n        <td>HEPHA DU-P100</td>\n        <td>HEPHA P101C</td>\n        <td>HEPHA P101C</td>\n    </tr>\n    <tr>\n        <td>battery</td>\n        <td>HEPHA BT-P100, 708Wh</td>\n        <td>HEPHA BT-100B, 708Wh/804Wh</td>\n        <td>HEPHA BT-100B, 708Wh/804Wh</td>\n    </tr>\n    <tr>\n        <td>display</td>\n        <td>HEPHA SC-P100 (2.8” Color), removable</td>\n        <td>Long Range: HEPHA SC-201 (1.96” Color), non-removable<br>Performance & Ultra: HEPHA SC-351 (3.50“ Color), non-removable</td>\n        <td>Long Range: HEPHA SC-201 (1.96” Color), non-removable<br>Performance & Ultra: HEPHA SC-351 (3.50“ Color), non-removable</td>\n    </tr>\n    <tr>\n        <td>carrier system</td>\n        <td>Long Range: CARRYMORE QR.<br>Ultra/Performance: CARRYMORE QR.</td>\n        <td>Long Range: CARRYMORE QR.<br>Ultra/Performance: MIK HD QR.</td>\n        <td>Long Range: CARRYMORE QR.<br>Ultra/Performance: MIK HD QR.</td>\n    </tr>\n    <tr>\n        <td>front light</td>\n        <td>30 Lux</td>\n        <td>30 Lux</td>\n        <td>50 Lux</td>\n    </tr>\n    </table>\n{% endif %}",
            "liquid_content_de": "",
            "liquid_content_fr": "",
            "answer_2": "",
            "answer_2_de": "",
            "answer_2_fr": ""
          }
        },
        "question_y3KgTG": {
          "type": "question",
          "settings": {
            "title": "Q: What are the advantages of a 100 Nm motor compared with an 80 Nm motor?",
            "title_de": "F: Welche Vorteile hat ein Motor mit 100 Nm im Vergleich zu einem Motor mit 80 Nm?",
            "title_fr": "Q : Quels sont les avantages d'un moteur de 100 Nm par rapport à un moteur de 80 Nm ?",
            "answer": "<p>A: Advantages of the 100 Nm motor<br/><br/>Greater Power: With higher torque, the 100 Nm motor provides more powerful output, offering faster acceleration and better climbing ability.<br/><br/>Smoother Riding Experience: The 100 Nm motor delivers a smoother riding experience, especially in situations requiring more power during starts, climbs, and rides.<br/><br/>Suitable for Mountain Riding: It is more suitable for mountain biking or handling complex terrains due to its ability to tackle challenges effectively.<br/><br/>Increased Security: No matter where you're riding the e-bike, the motor will ensure sufficient support to reach a stable basic speed. This ensures a safer lane and reduces the risk of tipping.</p>",
            "answer_de": "<p>A: Vorteile des 100-Nm-Motors:<br/>- Höhere Leistung: Mit einem höheren Drehmoment bietet der 100-Nm-Motor eine stärkere Leistung, die eine schnellere Beschleunigung und bessere Steigfähigkeit ermöglicht.<br/>- Sanfteres Fahrgefühl: Der 100-Nm-Motor sorgt für ein sanfteres Fahrgefühl, insbesondere in Situationen, die mehr Leistung beim Anfahren, Bergauffahren und Fahren erfordern.<br/>- Geeignet für Mountainbiking: Er ist besser geeignet für das Mountainbiken oder die Bewältigung komplexer Gelände aufgrund seiner Fähigkeit, Herausforderungen effektiv zu bewältigen.</p>",
            "answer_fr": "<p>R : Avantages du moteur 100 Nm :<br/><br/>- Plus de puissance : Avec un couple plus élevé, le moteur de 100 Nm fournit une sortie plus puissante, offrant une accélération plus rapide et une meilleure capacité de montée.<br/>- Une expérience de conduite plus douce : Le moteur de 100 Nm offre une expérience de conduite plus souple, en particulier dans les situations nécessitant plus de puissance lors des démarrages, des montées et des randonnées.<br/>- Adapté à la pratique du VTT : Il est plus adapté au VTT ou à la gestion de terrains complexes grâce à sa capacité à relever efficacement les défis.<br/>- Sécurité accrue : Quel que soit l'endroit où vous conduisez le vélo électrique, le moteur veille à vous fournir une assistance suffisante pour atteindre une vitesse de base stable, garantissant une trajectoire plus sûre et réduisant le risque de basculement.<br/>- Efficacité énergétique : Comparé au moteur de 100 Nm, le moteur de 80 Nm peut consommer moins d'énergie de la batterie dans des conditions de conduite similaires, ce qui augmente l'autonomie.</p>",
            "liquid_content": "",
            "liquid_content_de": "",
            "liquid_content_fr": "",
            "answer_2": "",
            "answer_2_de": "",
            "answer_2_fr": ""
          }
        },
        "question_QGJegJ": {
          "type": "question",
          "settings": {
            "title": "Q: How do I know the motor torque of my HEPHA E-Bike?",
            "title_de": "F: Wie kann ich das Motordrehmoment meines Hepha E-Bikes ermitteln?",
            "title_fr": "Q : Comment puis-je connaître le couple moteur de mon Hepha E-Bike ?",
            "answer": "<p>A: You can find the torque of your HEPHA E-Bike motor within the HEPHA App on the \"My E-Bike\" page.</p>",
            "answer_de": "<p>A: Innerhalb der HEPHA App auf der Seite \"Mein E-Bike\" können Sie das Drehmoment Ihres E-Bike Motors ablesen.</p>",
            "answer_fr": "<p>R : Dans l'application HEPHA, sur la page \"My E-Bike\", vous pouvez trouver le couple du moteur de votre E-Bike.</p>",
            "liquid_content": "",
            "liquid_content_de": "",
            "liquid_content_fr": "",
            "answer_2": "",
            "answer_2_de": "",
            "answer_2_fr": ""
          }
        },
        "question_TCfyCq": {
          "type": "question",
          "settings": {
            "title": "Q: What are the differences between the P100 and P101C drive systems?",
            "title_de": "F: Was sind die Unterschiede zwischen den Antriebssystemen P100 und P101C?",
            "title_fr": "Q : Quelles sont les différences entre les systèmes de propulsion P100 et P101C ?",
            "answer": "<p>A: The P100 and <a href=\"https://hepha.com/pages/a-motor-to-overtake-the-bike-market\" target=\"_blank\">P101C</a> share the same riding technology, but the P101C features several enhancements:</p><p>1. Transition from the spline to the international ISIS crank standard.</p><p>2. Change in software communication language from PLC (Power Line Communication) to CAN.</p><p>3. More slots for additional assistance systems.</p><p>4. New design of the motor and markings.</p>",
            "answer_de": "<p>A: Die P100 und <a href=\"https://hepha.com/de/pages/hepha-e-bike-antrieb\" target=\"_blank\">P101C</a> teilen sich die gleiche Fahrtechnologie, aber das P101C bietet mehrere Verbesserungen:</p><p>1. Umstellung vom Spline- auf den internationalen ISIS-Kurbelstandard.</p><p>2. Änderung der Software-Kommunikationssprache von PLC (Power Line Communication) zu CAN.</p><p>3. Mehr Steckplätze für zusätzliche Assistenzsysteme.</p><p>4. Neues Design des Motors und Markierungen.</p>",
            "answer_fr": "<p>R : Les P100 et <a href=\"https://hepha.com/fr-fr/pages/a-motor-to-overtake-the-bike-market\" target=\"_blank\">P101C</a> partagent la même technologie de conduite, mais le P101C présente plusieurs améliorations :</p><p>1. Transition du standard de manivelle spline au standard international ISIS.</p><p>2. Changement de la langue de communication logicielle de PLC (Communication par ligne électrique) à CAN.</p><p>3. Plus de slots pour des systèmes d'assistance supplémentaires.</p><p>4. Nouveau design du moteur et nouvelles marquages.</p>",
            "liquid_content": "",
            "liquid_content_de": "",
            "liquid_content_fr": "",
            "answer_2": "",
            "answer_2_de": "",
            "answer_2_fr": ""
          }
        }
      },
      "block_order": [
        "question_RHawyY",
        "question_KyPrx4",
        "question_CqpMaE",
        "question_awRpRT",
        "question_UXgx8x",
        "question_9nk4ah",
        "question_XBJtyf",
        "question_ytzVBz",
        "question_bbRFXj",
        "question_x8ARnP",
        "question_y3KgTG",
        "question_QGJegJ",
        "question_TCfyCq"
      ],
      "custom_css": [
        ".collapsible-tabs {max-width: 1100px;}",
        ".collapsible-tabs__heading {text-align: center;}"
      ],
      "settings": { "title": "FAQ", "title_de": "FAQ", "title_fr": "FAQ" }
    }
  },
  "order": [
    "custom_two_colum_banner_Peq7dK",
    "custom_two_colum_banner_kji6Re",
    "custom_sale_tab_3_F6gyF3",
    "custom_imagerow_jAg74G",
    "custom_liquid_dbXEPa",
    "17415882502d62e51b",
    "collapsible_tabs_qETzUn"
  ]
}
