{
  "sections": {
    "main": {
      "type": "main-page",
      "disabled": true,
      "settings": { "show_page_title": false, "full_width": false }
    },
    "custom_two_colum_banner_bTefqW": {
      "type": "custom-two-colum-banner",
      "blocks": {
        "slide_XXakWH": {
          "type": "slide",
          "settings": {
            "image": "shopify://shop_images/HEPHA_Orange_Background_240c974b-5e2d-4346-ab9f-07a8a5b9d4e8.jpg",
            "background_color": "rgba(0,0,0,0)",
            "liquid_content4": "",
            "background_size": "cover",
            "background_position": "center",
            "background_align_items": "center",
            "background_padding_top": 0,
            "background_padding_left": 40,
            "background_padding_right": 40,
            "background_padding_bottom": 40,
            "liquid_content": "<style>\n#shopify-section-template--23986128912652__custom_two_colum_banner_bTefqW .two-column-slide__text h3 {\n    font-size: 24px;\n    color: #ffffff;\n    text-align: center;\n}\n#shopify-section-template--23986128912652__custom_two_colum_banner_bTefqW .two-column-slide__text h4 {\n    color: #ffffff;\n    text-align: center;\n}\n\n@media (max-width: 768px) {\n    #shopify-section-template--23986128912652__custom_two_colum_banner_bTefqW .two-column-slide__text h3 {\n        font-size: 20px;\n    }\n </style>",
            "subheading_image_title_link": "",
            "subheading_image_title_width": 200,
            "subheading_image_title_position": "",
            "title_1": "<p>Strong as Goliath,  <br/>light as David.</p>",
            "title_1_de": "<p>Stark wie Goliath, <br/>leicht wie David.</p>",
            "title_1_fr": "",
            "title_1_fi": "",
            "heading_color_1": "#ffffff",
            "heading_size_1": 55,
            "subheading_1": "<h4>Visit us at the world's largest bicycle trade fair – test, ride, celebrate!</h4><h4>Halle 12.0/A21, Frankfurt Messe, Jun 27-29, 2025</h4>",
            "subheading_1_de": "<h3>Besuche uns auf der EUROBIKE 2025 – Test, Ride, Celebrate!</h3><h4>Halle 12.0/A21, Frankfurt Messe, Jun 27-29, 2025</h4>",
            "subheading_1_fr": "",
            "subheading_1_fi": "",
            "subheading_color_1": "#ffffff",
            "subheading_size_1": 20,
            "liquid_content3": "",
            "subheading_image_1_link": "",
            "subheading_image_1_width": 0,
            "subheading_image_1_position": "",
            "subheading_image_1b_position": "",
            "subheading_image_1b_link": "",
            "title_2": "",
            "title_2_de": "",
            "title_2_fr": "",
            "title_2_fi": "",
            "heading_color_2": "#ffffff",
            "heading_size_2": 20,
            "subheading_2": "",
            "subheading_2_de": "",
            "subheading_2_fr": "",
            "subheading_2_fi": "",
            "subheading_color_2": "#000000",
            "subheading_size_2": 16,
            "subheading_image_2_position": "",
            "subheading_image_2_link": "",
            "collection": "",
            "buttongroup_label": "",
            "buttongroup_label_de": "",
            "buttongroup_label_fr": "",
            "buttongroup_label_fi": "",
            "button_label": "",
            "button_label_de": "",
            "button_label_fr": "",
            "button_label_fi": "",
            "link": "",
            "button_color": "rgba(0,0,0,0)",
            "button2_label": "",
            "button2_label_de": "",
            "button2_label_fr": "",
            "button2_label_fi": "",
            "link2": "",
            "link2_de": "",
            "link2_fr": "",
            "link2_fi": "",
            "button2_color": "rgba(0,0,0,0)",
            "button_text_color": "rgba(0,0,0,0)",
            "column_1title": "",
            "column_1title_de": "",
            "column_1title_fr": "",
            "column_1title_fi": "",
            "column_1description": "",
            "column_1description_de": "",
            "column_1description_fr": "",
            "column_1description_fi": "",
            "column_2title": "",
            "column_2title_de": "",
            "column_2title_fr": "",
            "column_2title_fi": "",
            "column_2description": "",
            "column_2description_de": "",
            "column_2description_fr": "",
            "column_2description_fi": "",
            "column_3title": "",
            "column_3title_de": "",
            "column_3title_fr": "",
            "column_3title_fi": "",
            "column_3description": "",
            "column_3description_de": "",
            "column_3description_fr": "",
            "column_3description_fi": "",
            "column_4title": "",
            "column_4title_de": "",
            "column_4title_fr": "",
            "column_4title_fi": "",
            "column_4description": "",
            "column_4description_de": "",
            "column_4description_fr": "",
            "column_4description_fi": "",
            "liquid_content2": "",
            "liquid_content5": ""
          }
        }
      },
      "block_order": ["slide_XXakWH"],
      "custom_css": [
        ".two-column-slides {height: 500px !important;}",
        ".two-column-slide__content {max-width: 1000px; align-items: center;}",
        ".two-column-slide__heading p,.two-column-slide__text p {margin: 0; text-align: center;}",
        ".two-column-slide__heading,.two-column-slide__text {margin: 0 0 10px 0;}",
        "@media (max-width: 768px) {.two-column-slides {height: 400px !important; } .two-column-slide__heading {font-size: 30px !important; line-height: 1.2 !important; } .two-column-slide__text {font-size: 14px !important; line-height: 1.2 !important; }}"
      ],
      "settings": {
        "section_id": "",
        "mobile_font_size_heading": 40,
        "mobile_line_height_heading": 42,
        "mobile_font_size_text": 20,
        "mobile_line_height_text": 24,
        "mobile_slide_padding_top": 30
      }
    },
    "custom_two_colum_banner_NJ84mJ": {
      "type": "custom-two-colum-banner",
      "blocks": {
        "slide_9BMcBf": {
          "type": "slide",
          "settings": {
            "background_color": "#cbc4bc",
            "liquid_content4": "",
            "background_size": "cover",
            "background_position": "center",
            "background_align_items": "center",
            "background_padding_top": 40,
            "background_padding_left": 40,
            "background_padding_right": 40,
            "background_padding_bottom": 40,
            "liquid_content": "",
            "subheading_image_title_link": "",
            "subheading_image_title_position": "",
            "title_1": "",
            "title_1_de": "",
            "title_1_fr": "",
            "title_1_fi": "",
            "heading_color_1": "#000000",
            "heading_size_1": 24,
            "subheading_1": "",
            "subheading_1_de": "",
            "subheading_1_fr": "",
            "subheading_1_fi": "",
            "subheading_color_1": "#000000",
            "subheading_size_1": 16,
            "liquid_content3": "",
            "subheading_image_1": "shopify://shop_images/Trekking_8_51b2438f-f789-4fd7-9a0f-2c110a34564b.png",
            "subheading_image_1_link": "",
            "subheading_image_1_width": 800,
            "subheading_image_1_position": "",
            "subheading_image_1b_position": "",
            "subheading_image_1b_link": "",
            "title_2": "",
            "title_2_de": "",
            "title_2_fr": "",
            "title_2_fi": "",
            "heading_color_2": "#000000",
            "heading_size_2": 24,
            "subheading_2": "<p><strong>What we unveil here bridges, for the first time, realms once apart—marking not just our leap into a new era, but a revolution in motion. Intrigued? Come discover it at our booth!</strong></p>",
            "subheading_2_de": "<p><strong>Was wir dort vorstellen, verbindet erstmals bislang getrennte Welten – nicht nur für uns ein Aufbruch in eine neue Zeit. Neugierig? Dann bei uns am Stand vorbeischauen!</strong></p>",
            "subheading_2_fr": "",
            "subheading_2_fi": "",
            "subheading_color_2": "#000000",
            "subheading_size_2": 20,
            "subheading_image_2_position": "",
            "subheading_image_2_link": "",
            "collection": "",
            "buttongroup_label": "",
            "buttongroup_label_de": "",
            "buttongroup_label_fr": "",
            "buttongroup_label_fi": "",
            "button_label": "",
            "button_label_de": "",
            "button_label_fr": "",
            "button_label_fi": "",
            "link": "",
            "button_color": "#007bff",
            "button2_label": "",
            "button2_label_de": "",
            "button2_label_fr": "",
            "button2_label_fi": "",
            "link2": "",
            "link2_de": "",
            "link2_fr": "",
            "link2_fi": "",
            "button2_color": "#007bff",
            "button_text_color": "#ffffff",
            "column_1title": "",
            "column_1title_de": "",
            "column_1title_fr": "",
            "column_1title_fi": "",
            "column_1description": "",
            "column_1description_de": "",
            "column_1description_fr": "",
            "column_1description_fi": "",
            "column_2title": "",
            "column_2title_de": "",
            "column_2title_fr": "",
            "column_2title_fi": "",
            "column_2description": "",
            "column_2description_de": "",
            "column_2description_fr": "",
            "column_2description_fi": "",
            "column_3title": "",
            "column_3title_de": "",
            "column_3title_fr": "",
            "column_3title_fi": "",
            "column_3description": "",
            "column_3description_de": "",
            "column_3description_fr": "",
            "column_3description_fi": "",
            "column_4title": "",
            "column_4title_de": "",
            "column_4title_fr": "",
            "column_4title_fi": "",
            "column_4description": "",
            "column_4description_de": "",
            "column_4description_fr": "",
            "column_4description_fi": "",
            "liquid_content2": "",
            "liquid_content5": ""
          }
        }
      },
      "block_order": ["slide_9BMcBf"],
      "custom_css": [
        ".two-column-slides {height: 600px !important;}",
        ".two-column-slide__text {margint-top: 20px;}",
        ".two-column-slide__heading p,.two-column-slide__text p {margin: 20px; text-align: center; font-family: var(--heading-font-family);}",
        ".two-column-slide__content {max-width: 700px;}",
        "@media (max-width: 768px) {.two-column-slide {padding: 20px !important; min-height: 400px !important; } .two-column-slides {height: 400px !important; } .two-column-slide__text {font-size: 14px !important; line-height: 1.2 !important; }}"
      ],
      "name": "Two Column Slideshow",
      "settings": {
        "section_id": "",
        "mobile_font_size_heading": 40,
        "mobile_line_height_heading": 42,
        "mobile_font_size_text": 20,
        "mobile_line_height_text": 24,
        "mobile_slide_padding_top": 30
      }
    },
    "custom_two_colum_banner_Yw6pnD": {
      "type": "custom-two-colum-banner",
      "blocks": {
        "slide_HxW9bR": {
          "type": "slide",
          "settings": {
            "background_color": "#c3b6c9",
            "liquid_content4": "",
            "background_size": "cover",
            "background_position": "center",
            "background_align_items": "center",
            "background_padding_top": 40,
            "background_padding_left": 40,
            "background_padding_right": 40,
            "background_padding_bottom": 40,
            "liquid_content": "",
            "subheading_image_title_link": "",
            "subheading_image_title_position": "",
            "title_1": "",
            "title_1_de": "",
            "title_1_fr": "",
            "title_1_fi": "",
            "heading_color_1": "#000000",
            "heading_size_1": 24,
            "subheading_1": "",
            "subheading_1_de": "",
            "subheading_1_fr": "",
            "subheading_1_fi": "",
            "subheading_color_1": "#000000",
            "subheading_size_1": 16,
            "liquid_content3": "",
            "subheading_image_1": "shopify://shop_images/City_8_5a23c471-a5e9-408e-b427-5fa05ab141ed.png",
            "subheading_image_1_link": "",
            "subheading_image_1_width": 800,
            "subheading_image_1_position": "",
            "subheading_image_1b_position": "",
            "subheading_image_1b_link": "",
            "title_2": "",
            "title_2_de": "",
            "title_2_fr": "",
            "title_2_fi": "",
            "heading_color_2": "#000000",
            "heading_size_2": 24,
            "subheading_2": "<p><strong>What we unveil here bridges, for the first time, realms once apart—marking not just our leap into a new era, but a revolution in motion. Intrigued? Come discover it at our booth!</strong></p>",
            "subheading_2_de": "<p><strong>Was wir dort vorstellen, verbindet erstmals bislang getrennte Welten – nicht nur für uns ein Aufbruch in eine neue Zeit. Neugierig? Dann bei uns am Stand vorbeischauen!</strong></p>",
            "subheading_2_fr": "",
            "subheading_2_fi": "",
            "subheading_color_2": "#000000",
            "subheading_size_2": 20,
            "subheading_image_2_position": "",
            "subheading_image_2_link": "",
            "collection": "",
            "buttongroup_label": "",
            "buttongroup_label_de": "",
            "buttongroup_label_fr": "",
            "buttongroup_label_fi": "",
            "button_label": "",
            "button_label_de": "",
            "button_label_fr": "",
            "button_label_fi": "",
            "link": "",
            "button_color": "#007bff",
            "button2_label": "",
            "button2_label_de": "",
            "button2_label_fr": "",
            "button2_label_fi": "",
            "link2": "",
            "link2_de": "",
            "link2_fr": "",
            "link2_fi": "",
            "button2_color": "#007bff",
            "button_text_color": "#ffffff",
            "column_1title": "",
            "column_1title_de": "",
            "column_1title_fr": "",
            "column_1title_fi": "",
            "column_1description": "",
            "column_1description_de": "",
            "column_1description_fr": "",
            "column_1description_fi": "",
            "column_2title": "",
            "column_2title_de": "",
            "column_2title_fr": "",
            "column_2title_fi": "",
            "column_2description": "",
            "column_2description_de": "",
            "column_2description_fr": "",
            "column_2description_fi": "",
            "column_3title": "",
            "column_3title_de": "",
            "column_3title_fr": "",
            "column_3title_fi": "",
            "column_3description": "",
            "column_3description_de": "",
            "column_3description_fr": "",
            "column_3description_fi": "",
            "column_4title": "",
            "column_4title_de": "",
            "column_4title_fr": "",
            "column_4title_fi": "",
            "column_4description": "",
            "column_4description_de": "",
            "column_4description_fr": "",
            "column_4description_fi": "",
            "liquid_content2": "",
            "liquid_content5": ""
          }
        }
      },
      "block_order": ["slide_HxW9bR"],
      "custom_css": [
        ".two-column-slides {height: 600px !important;}",
        ".two-column-slide__text {margint-top: 20px;}",
        ".two-column-slide__heading p,.two-column-slide__text p {margin: 20px; text-align: center; font-family: var(--heading-font-family);}",
        ".two-column-slide__content {max-width: 700px;}",
        "@media (max-width: 768px) {.two-column-slide {padding: 20px !important; min-height: 400px !important; } .two-column-slides {height: 400px !important; } .two-column-slide__text {font-size: 14px !important; line-height: 1.2 !important; }}"
      ],
      "name": "Two Column Slideshow",
      "settings": {
        "section_id": "",
        "mobile_font_size_heading": 40,
        "mobile_line_height_heading": 42,
        "mobile_font_size_text": 20,
        "mobile_line_height_text": 24,
        "mobile_slide_padding_top": 30
      }
    },
    "custom_two_colum_banner_gdxePH": {
      "type": "custom-two-colum-banner",
      "blocks": {
        "slide_HyD6Uy": {
          "type": "slide",
          "settings": {
            "background_color": "#bdbdbd",
            "liquid_content4": "",
            "background_size": "cover",
            "background_position": "center",
            "background_align_items": "center",
            "background_padding_top": 40,
            "background_padding_left": 40,
            "background_padding_right": 40,
            "background_padding_bottom": 40,
            "liquid_content": "",
            "subheading_image_title": "shopify://shop_images/Urban_8_6a7db42c-1d05-4b88-8ecc-824b30a52031.png",
            "subheading_image_title_link": "",
            "subheading_image_title_position": "",
            "title_1": "",
            "title_1_de": "",
            "title_1_fr": "",
            "title_1_fi": "",
            "heading_color_1": "#000000",
            "heading_size_1": 24,
            "subheading_1": "<p><strong>If the dawn of a new generation weren’t thrilling enough, we will also present many new attractive models that you can test ride directly!.</strong></p>",
            "subheading_1_de": "<p><strong>Wäre die Vorstellung der neuen Generation nicht schon mehr als genug, stellen wir auch viele neue attraktive Modelle vor, die ihr direkt Testfahren könnt!</strong></p>",
            "subheading_1_fr": "",
            "subheading_1_fi": "",
            "subheading_color_1": "#000000",
            "subheading_size_1": 20,
            "liquid_content3": "",
            "subheading_image_1_link": "",
            "subheading_image_1_position": "",
            "subheading_image_1b_position": "",
            "subheading_image_1b_link": "",
            "title_2": "",
            "title_2_de": "",
            "title_2_fr": "",
            "title_2_fi": "",
            "heading_color_2": "#000000",
            "heading_size_2": 24,
            "subheading_2": "",
            "subheading_2_de": "",
            "subheading_2_fr": "",
            "subheading_2_fi": "",
            "subheading_color_2": "#000000",
            "subheading_size_2": 16,
            "subheading_image_2_position": "",
            "subheading_image_2_link": "",
            "collection": "",
            "buttongroup_label": "",
            "buttongroup_label_de": "",
            "buttongroup_label_fr": "",
            "buttongroup_label_fi": "",
            "button_label": "",
            "button_label_de": "",
            "button_label_fr": "",
            "button_label_fi": "",
            "link": "",
            "button_color": "#007bff",
            "button2_label": "",
            "button2_label_de": "",
            "button2_label_fr": "",
            "button2_label_fi": "",
            "link2": "",
            "link2_de": "",
            "link2_fr": "",
            "link2_fi": "",
            "button2_color": "#007bff",
            "button_text_color": "#ffffff",
            "column_1title": "",
            "column_1title_de": "",
            "column_1title_fr": "",
            "column_1title_fi": "",
            "column_1description": "",
            "column_1description_de": "",
            "column_1description_fr": "",
            "column_1description_fi": "",
            "column_2title": "",
            "column_2title_de": "",
            "column_2title_fr": "",
            "column_2title_fi": "",
            "column_2description": "",
            "column_2description_de": "",
            "column_2description_fr": "",
            "column_2description_fi": "",
            "column_3title": "",
            "column_3title_de": "",
            "column_3title_fr": "",
            "column_3title_fi": "",
            "column_3description": "",
            "column_3description_de": "",
            "column_3description_fr": "",
            "column_3description_fi": "",
            "column_4title": "",
            "column_4title_de": "",
            "column_4title_fr": "",
            "column_4title_fi": "",
            "column_4description": "",
            "column_4description_de": "",
            "column_4description_fr": "",
            "column_4description_fi": "",
            "liquid_content2": "",
            "liquid_content5": ""
          }
        }
      },
      "block_order": ["slide_HyD6Uy"],
      "custom_css": [
        ".two-column-slides {height: 600px !important;}",
        ".two-column-slide__text {margint-top: 20px;}",
        ".two-column-slide__heading p,.two-column-slide__text p {margin: 20px; text-align: center; font-family: var(--heading-font-family);}",
        ".two-column-slide__content {max-width: 700px;}",
        "@media (max-width: 768px) {.two-column-slide {padding: 20px !important; min-height: 400px !important; } .two-column-slides {height: 400px !important; } .two-column-slide__text {font-size: 14px !important; line-height: 1.2 !important; }}"
      ],
      "name": "Two Column Slideshow",
      "settings": {
        "section_id": "",
        "mobile_font_size_heading": 40,
        "mobile_line_height_heading": 42,
        "mobile_font_size_text": 20,
        "mobile_line_height_text": 24,
        "mobile_slide_padding_top": 30
      }
    },
    "newsletter_wMpLf6": {
      "type": "newsletter",
      "name": "Newsletter",
      "settings": {
        "title": "Available from 03/2026!",
        "subheading": "<p>Subscribe for exclusive updates！</p>",
        "tags": "Eurobike2025,newsletter",
        "color_scheme": "default"
      }
    },
    "go_to_top_7GCBMj": {
      "type": "go-to-top",
      "name": "Go to top",
      "settings": {}
    }
  },
  "order": [
    "main",
    "custom_two_colum_banner_bTefqW",
    "custom_two_colum_banner_NJ84mJ",
    "custom_two_colum_banner_Yw6pnD",
    "custom_two_colum_banner_gdxePH",
    "newsletter_wMpLf6",
    "go_to_top_7GCBMj"
  ]
}
