{
  "sections": {
    "main": {
      "type": "main-contact",
      "blocks": {
        "484dd8d8-7407-4738-9e4b-de4824aa579c": {
          "type": "custom_input",
          "settings": {
            "title": "Name",
            "type": "text",
            "required": true,
            "half_width": false
          }
        },
        "7d286091-721c-4086-8c58-dbfee1a6e9a1": {
          "type": "email_input",
          "settings": { "half_width": false }
        },
        "custom_dropdown_zmhQaa": {
          "type": "custom_dropdown",
          "settings": {
            "title": "Reason for contacting us",
            "multiple_options": "General\nWarranty Claim\nOrder\nComplaint\nApp & Connection",
            "half_width": false
          }
        },
        "412300cc-cc6b-4bec-bfcc-ecdd84e5c709": {
          "type": "phone_input",
          "settings": { "required": false, "half_width": false }
        },
        "6d078027-1a3a-4685-a75b-5bc67031c62f": {
          "type": "custom_input",
          "settings": {
            "title": "Order/frame number",
            "type": "text",
            "required": false,
            "half_width": false
          }
        },
        "message": {
          "type": "message_input",
          "settings": { "half_width": false }
        }
      },
      "block_order": [
        "484dd8d8-7407-4738-9e4b-de4824aa579c",
        "7d286091-721c-4086-8c58-dbfee1a6e9a1",
        "custom_dropdown_zmhQaa",
        "412300cc-cc6b-4bec-bfcc-ecdd84e5c709",
        "6d078027-1a3a-4685-a75b-5bc67031c62f",
        "message"
      ],
      "settings": {
        "show_page_title": true,
        "use_columns": false,
        "contact_title": "",
        "contact_text": "<p><strong>Hints: We highly recommend you send us a detailed description with photos or videos and we can get back to you soon.</strong></p>"
      }
    }
  },
  "order": ["main"]
}
