{
  "sections": {
    "custom_two_colum_banner_XGjjj4": {
      "type": "custom-two-colum-banner",
      "blocks": {
        "slide_zYEjJi": {
          "type": "slide",
          "settings": {
            "image": "shopify://shop_images/HEPHA-Trekking7_01_grey.jpg",
            "background_color": "rgba(0,0,0,0)",
            "background_size": "cover",
            "background_position": "center",
            "background_align_items": "center",
            "background_padding_top": 0,
            "background_padding_left": 0,
            "background_padding_right": 0,
            "background_padding_bottom": 0,
            "liquid_content": "",
            "subheading_image_title_link": "",
            "subheading_image_title_position": "",
            "title_1": "<p>Payment and Finance</p>",
            "title_1_de": "<p>Zahlung und Finanzierung</p>",
            "title_1_fr": "<p>Paiement et Financement</p>",
            "heading_color_1": "#ffffff",
            "heading_size_1": 50,
            "subheading_1": "",
            "subheading_1_de": "",
            "subheading_1_fr": "",
            "subheading_color_1": "rgba(0,0,0,0)",
            "subheading_size_1": 0,
            "liquid_content3": "",
            "subheading_image_1_link": "",
            "subheading_image_1_position": "",
            "subheading_image_1b_position": "",
            "subheading_image_1b_link": "",
            "title_2": "",
            "title_2_de": "",
            "title_2_fr": "",
            "heading_color_2": "#000000",
            "heading_size_2": 24,
            "subheading_2": "",
            "subheading_2_de": "",
            "subheading_2_fr": "",
            "subheading_color_2": "#000000",
            "subheading_size_2": 16,
            "subheading_image_2_position": "",
            "subheading_image_2_link": "",
            "collection": "",
            "buttongroup_label": "",
            "buttongroup_label_de": "",
            "buttongroup_label_fr": "",
            "button_label": "",
            "button_label_de": "",
            "button_label_fr": "",
            "link": "",
            "button_color": "#007bff",
            "button2_label": "",
            "button2_label_de": "",
            "button2_label_fr": "",
            "link2": "",
            "link2_de": "",
            "link2_fr": "",
            "button2_color": "#007bff",
            "button_text_color": "#ffffff",
            "column_1title": "",
            "column_1title_de": "",
            "column_1title_fr": "",
            "column_1description": "",
            "column_1description_de": "",
            "column_1description_fr": "",
            "column_2title": "",
            "column_2title_de": "",
            "column_2title_fr": "",
            "column_2description": "",
            "column_2description_de": "",
            "column_2description_fr": "",
            "column_3title": "",
            "column_3title_de": "",
            "column_3title_fr": "",
            "column_3description": "",
            "column_3description_de": "",
            "column_3description_fr": "",
            "column_4title": "",
            "column_4title_de": "",
            "column_4title_fr": "",
            "column_4description": "",
            "column_4description_de": "",
            "column_4description_fr": "",
            "liquid_content2": ""
          }
        }
      },
      "block_order": ["slide_zYEjJi"],
      "custom_css": [
        ".two-column-slides {height: 500px;}",
        ".two-column-slide__content {align-items: center; max-width: 800px;}",
        "@media (max-width: 768px) {.two-column-slide__heading {font-size: 34px !important; line-height: 40px !important; } .two-column-slide__text {font-size: 18px !important; line-height: 24px !important; }}"
      ],
      "settings": {
        "section_id": "",
        "mobile_font_size_heading": 40,
        "mobile_line_height_heading": 42,
        "mobile_font_size_text": 20,
        "mobile_line_height_text": 24,
        "mobile_slide_padding_top": 30
      }
    },
    "custom_liquid_cAqMbX": {
      "type": "custom-liquid",
      "custom_css": [
        ".faq-index__item-container {top: calc(100px + var(--theme-sticky-header-height)); margin-top: 100px;}",
        "@media (min-width: 768px) {.faq-header {display: flex; justify-content: flex-start; }}"
      ],
      "settings": {
        "full_width": true,
        "show_space": true,
        "code": "<div class=\"container cc-animate-init cc-animate-in\" data-cc-animate=\"\">\n  <faq-header class=\"faq-header block\">\n    <div class=\"faq-index js\">\n      <div class=\"faq-index__sticky-container\" style=\"height: 7557.78px;\">\n        <div class=\"faq-index__item-container\">\n          <div class=\"faq-index-item\">\n            <a class=\"faq-index-item__link\" href=\"#shopify-section-template--23882788995340__custom_textarea_bFrB8X\">\n              {% if request.locale.iso_code == 'de' %}\n                Zahlung\n              {% elsif request.locale.iso_code == 'fr' %}\n                Paiement\n              {% else %}\n                Payment\n              {% endif %}\n            </a>\n          </div>\n          <div class=\"faq-index-item\">\n            <a class=\"faq-index-item__link\" href=\"#shopify-section-template--23882788995340__custom_imagerow_FEFM9Q\">\n              {% if request.locale.iso_code == 'de' %}\n                Finanzierung\n              {% elsif request.locale.iso_code == 'fr' %}\n                Financement\n              {% else %}\n                Finance\n              {% endif %}\n            </a>\n          </div>\n          <div class=\"faq-index-item\">\n            <a class=\"faq-index-item__link\" href=\"#shopify-section-template--23882788995340__custom_imagerow_Hza4XE\">\n              {% if localization.country.iso_code == 'DE' %}\n                Leasing\n              {% elsif localization.country.iso_code == 'AT' %}\n                Leasing\n              {% endif %}\n            </a>\n          </div>\n\n          <div class=\"faq-index-item\">\n            <a class=\"faq-index-item__link\" href=\"#shopify-section-template--23882788995340__contact_form_ayy8BG\">\n              {% if request.locale.iso_code == 'de' %}\n                Kontakt\n              {% elsif request.locale.iso_code == 'fr' %}\n                Contact\n              {% else %}\n                Contact\n              {% endif %}\n            </a>\n          </div>\n        </div>\n      </div>\n    </div>\n  </faq-header>\n</div>\n\n<script>\n  document.querySelectorAll('.faq-index-item__link').forEach(link => {\n    link.addEventListener('click', function(event) {\n      event.preventDefault(); \n      const targetId = this.getAttribute('href'); \n      const targetElement = document.querySelector(targetId); \n\n      if (targetElement) {\n        // 计算目标位置\n        const targetPosition = targetElement.getBoundingClientRect().top + window.scrollY - 100; // 上移100px\n        window.scrollTo({\n          top: targetPosition,\n          behavior: 'smooth'\n        }); \n      }\n    });\n  });\n\n  // 监听滚动事件\n  window.addEventListener('scroll', function() {\n    const footer = document.getElementById('pagefooter');\n    const container = document.querySelector('.container.cc-animate-init.cc-animate-in');\n\n    if (footer && container) {\n      const footerRect = footer.getBoundingClientRect();\n      // 检查页面底部是否在视口内\n      if (footerRect.top <= window.innerHeight) {\n        container.style.display = 'none'; // 隐藏容器\n      } else {\n        container.style.display = ''; // 显示容器\n      }\n    }\n  });\n</script>"
      }
    },
    "custom_textarea_bFrB8X": {
      "type": "custom_textarea",
      "custom_css": [
        ".custom-text-area {justify-content: center; text-align: center;}",
        ".description-and-items {text-align: center; justify-content: center;}",
        ".custom-text-area .header {justify-content: center; align-items: center !important;}",
        ".custom-tab-container {padding: 40px 0 0 0; margin-bottom: 0 !important;}",
        "@media (max-width: 768px) {.custom-text-area .header {flex-direction: column; } .custom-text-area, description-and-items {justify-content: center; text-align: center; }}"
      ],
      "settings": {
        "section_title": "Payment",
        "section_title_de": "Zahlung",
        "section_title_fr": "Paiement",
        "text_description": "To make paying for your order as simple and flexible as possible, we support multiple different payment methods. You can make your choice at the end of the checkout process.",
        "text_description_de": "Um die Bezahlung Ihrer Bestellung so einfach und flexibel wie möglich zu gestalten, unterstützen wir mehrere verschiedene Zahlungsmethoden. Sie können Ihre Wahl am Ende des Bestellvorgangs treffen. Möchten Sie ein E bike Fahrrad kaufen? Ganz einfach!",
        "text_description_fr": "Pour rendre le paiement de votre commande aussi simple et flexible que possible, nous prenons en charge plusieurs méthodes de paiement. Vous pouvez faire votre choix à la fin du processus de commande.",
        "title_font_size": 32,
        "text_font_size": 18,
        "show_item_list": true,
        "layout": "title_above",
        "item_font_size": 16,
        "custom_icon": "solid_dot"
      }
    },
    "custom_imagerow_P4dUXn": {
      "type": "custom-imagerow",
      "blocks": {
        "module_VtXcKM": {
          "type": "module",
          "settings": {
            "image": "shopify://shop_images/fd985e048246f9db4bee048f989a3e16.png",
            "subheading_image_1_width": 100,
            "module_big_title": "",
            "module_title": "paypal",
            "module_title_de": "paypal",
            "module_title_fr": "paypal",
            "description": "",
            "description_de": "",
            "description_fr": "",
            "background_color": "#ffffff",
            "button1_text": "",
            "button1_text_de": "",
            "button1_text_fr": "",
            "button1_url": "",
            "button1_background_color": "",
            "button1_text_color": ""
          }
        },
        "module_RxQbgY": {
          "type": "module",
          "settings": {
            "image": "shopify://shop_images/62b32650b223544c209f5eb6.png",
            "subheading_image_1_width": 100,
            "module_big_title": "",
            "module_title": "Klarna",
            "module_title_de": "Klarna",
            "module_title_fr": "Klarna",
            "description": "",
            "description_de": "",
            "description_fr": "",
            "background_color": "#ffffff",
            "button1_text": "",
            "button1_text_de": "",
            "button1_text_fr": "",
            "button1_url": "",
            "button1_background_color": "",
            "button1_text_color": ""
          }
        },
        "module_PDqg3t": {
          "type": "module",
          "settings": {
            "image": "shopify://shop_images/534029.webp",
            "module_big_title": "",
            "module_title": "Sofort",
            "module_title_de": "Sofort",
            "module_title_fr": "Sofort",
            "description": "",
            "description_de": "",
            "description_fr": "",
            "background_color": "#ffffff",
            "button1_text": "",
            "button1_text_de": "",
            "button1_text_fr": "",
            "button1_url": "",
            "button1_background_color": "",
            "button1_text_color": ""
          }
        },
        "module_4JRETh": {
          "type": "module",
          "settings": {
            "image": "shopify://shop_images/2945212.webp",
            "subheading_image_1_width": 100,
            "module_big_title": "",
            "module_title": "VISA",
            "module_title_de": "VISA",
            "module_title_fr": "VISA",
            "description": "",
            "description_de": "",
            "description_fr": "",
            "background_color": "#ffffff",
            "button1_text": "",
            "button1_text_de": "",
            "button1_text_fr": "",
            "button1_url": "",
            "button1_background_color": "",
            "button1_text_color": ""
          }
        },
        "module_eQDcBn": {
          "type": "module",
          "settings": {
            "image": "shopify://shop_images/Mastercard_new_logo-1200x865.png",
            "module_big_title": "",
            "module_title": "Mastercard",
            "module_title_de": "Mastercard",
            "module_title_fr": "Mastercard",
            "description": "",
            "description_de": "",
            "description_fr": "",
            "background_color": "#ffffff",
            "button1_text": "",
            "button1_text_de": "",
            "button1_text_fr": "",
            "button1_url": "",
            "button1_background_color": "",
            "button1_text_color": ""
          }
        },
        "module_iBQwP4": {
          "type": "module",
          "settings": {
            "image": "shopify://shop_images/png-transparent-maestro-payment-mastercard-debit-card-logo-mastercard-blue-text-payment_1_1802dac8-9d85-456c-8565-d112b7df5528.png",
            "subheading_image_1_width": 100,
            "module_big_title": "",
            "module_title": "Maestro",
            "module_title_de": "Maestro",
            "module_title_fr": "Maestro",
            "description": "",
            "description_de": "",
            "description_fr": "",
            "background_color": "#ffffff",
            "button1_text": "",
            "button1_text_de": "",
            "button1_text_fr": "",
            "button1_url": "",
            "button1_background_color": "",
            "button1_text_color": ""
          }
        },
        "module_yTac9B": {
          "type": "module",
          "settings": {
            "image": "shopify://shop_images/Amex_American_Express_Logo_PNG_-_4000x4000_5b31dee2-2902-409a-afa5-46528ae70a99.png",
            "subheading_image_1_width": 100,
            "module_big_title": "",
            "module_title": "American Express",
            "module_title_de": "American Express",
            "module_title_fr": "American Express",
            "description": "",
            "description_de": "",
            "description_fr": "",
            "background_color": "#ffffff",
            "button1_text": "",
            "button1_text_de": "",
            "button1_text_fr": "",
            "button1_url": "",
            "button1_background_color": "",
            "button1_text_color": ""
          }
        },
        "module_LhKNR6": {
          "type": "module",
          "settings": {
            "image": "shopify://shop_images/money-Real-time_bank_transfer.svg",
            "module_big_title": "",
            "module_title": "Bank Transfer",
            "module_title_de": "Überweisung",
            "module_title_fr": "virement",
            "description": "",
            "description_de": "",
            "description_fr": "",
            "background_color": "#ffffff",
            "button1_text": "",
            "button1_text_de": "",
            "button1_text_fr": "",
            "button1_url": "",
            "button1_background_color": "",
            "button1_text_color": ""
          }
        },
        "module_KY6imf": {
          "type": "module",
          "settings": {
            "image": "shopify://shop_images/kisspng-apple-pay-mobile-payment-apple-wallet-apple-pay-5b335f596d1794.0718049215300934014469.png",
            "subheading_image_1_width": 100,
            "module_big_title": "",
            "module_title": "Apple Pay",
            "module_title_de": "Apple Pay",
            "module_title_fr": "Apple Pay",
            "description": "",
            "description_de": "",
            "description_fr": "",
            "background_color": "#ffffff",
            "button1_text": "",
            "button1_text_de": "",
            "button1_text_fr": "",
            "button1_url": "",
            "button1_background_color": "",
            "button1_text_color": ""
          }
        },
        "module_eQkTmM": {
          "type": "module",
          "settings": {
            "image": "shopify://shop_images/7123945_logo_pay_google_gpay_icon_487145cc-fdf6-4487-afb3-160f94042535.png",
            "subheading_image_1_width": 100,
            "module_big_title": "",
            "module_title": "Google Pay",
            "module_title_de": "Google Pay",
            "module_title_fr": "Google Pay",
            "description": "",
            "description_de": "",
            "description_fr": "",
            "background_color": "#ffffff",
            "button1_text": "",
            "button1_text_de": "",
            "button1_text_fr": "",
            "button1_url": "",
            "button1_background_color": "",
            "button1_text_color": ""
          }
        },
        "module_MEkqqM": {
          "type": "module",
          "settings": {
            "image": "shopify://shop_images/ShopPay.png",
            "module_big_title": "",
            "module_title": "Shop pay",
            "module_title_de": "Shop pay",
            "module_title_fr": "Shop pay",
            "description": "",
            "description_de": "",
            "description_fr": "",
            "background_color": "#ffffff",
            "button1_text": "",
            "button1_text_de": "",
            "button1_text_fr": "",
            "button1_url": "",
            "button1_background_color": "",
            "button1_text_color": ""
          }
        }
      },
      "block_order": [
        "module_VtXcKM",
        "module_RxQbgY",
        "module_PDqg3t",
        "module_4JRETh",
        "module_eQDcBn",
        "module_iBQwP4",
        "module_yTac9B",
        "module_LhKNR6",
        "module_KY6imf",
        "module_eQkTmM",
        "module_MEkqqM"
      ],
      "custom_css": [
        ".product-content-section {padding: 0 20px;}",
        ".module {width: 14%; padding: 0 !important; border: none; height: 100% !important;}",
        ".iconrow-title {margin-bottom: 0 !important; display: none !important;}",
        ".module img {height: 100px; width: auto;}",
        "@media (max-width: 768px) {.module {width: 42% !important; }}"
      ],
      "settings": {
        "title": "",
        "title_de": "",
        "title_fr": "",
        "title_font_size": 16,
        "description_font_size": 16
      }
    },
    "custom_imagerow_FEFM9Q": {
      "type": "custom-imagerow",
      "blocks": {
        "module_YfanyC": {
          "type": "module",
          "settings": {
            "image": "shopify://shop_images/Klarna_Payment_Badge_svg.png",
            "subheading_image_1_width": 100,
            "module_big_title": "",
            "module_title": "Klarna",
            "module_title_de": "Klarna ",
            "module_title_fr": "Klarna ",
            "description": "<p>Payment in installments from 6 to 36 months.</p>",
            "description_de": "<p>Zahlung in Raten von 6 bis 36 Monaten.</p>",
            "description_fr": "<p>Paiement en plusieurs fois de 6 à 36 mois.</p>",
            "background_color": "#ffffff",
            "button1_text": "",
            "button1_text_de": "",
            "button1_text_fr": "",
            "button1_url": "",
            "button1_background_color": "",
            "button1_text_color": ""
          }
        },
        "module_jG6HdN": {
          "type": "module",
          "settings": {
            "image": "shopify://shop_images/20250214-163529.png",
            "subheading_image_1_width": 100,
            "module_big_title": "",
            "module_title": "Zinia",
            "module_title_de": "Zinia",
            "module_title_fr": "Zinia",
            "description": "<p>Payment in installments from 12 to 48 months, interest rate 7.9%.</p>",
            "description_de": "<p>Zahlung in Raten von 12 bis 48 Monaten, Zinssatz 7,9 %.</p>",
            "description_fr": "<p>Paiement en plusieurs fois de 12 à 48 mois.</p>",
            "background_color": "#ffffff",
            "button1_text": "",
            "button1_text_de": "",
            "button1_text_fr": "",
            "button1_url": "",
            "button1_background_color": "",
            "button1_text_color": ""
          }
        }
      },
      "block_order": ["module_YfanyC", "module_jG6HdN"],
      "custom_css": [
        ".module {align-items: flex-start; height: 260px !important; padding-left: 30px !important; padding-top: 30px !important;}",
        ".module-description p {text-align: left;}"
      ],
      "settings": {
        "title": "Finance",
        "title_de": "Finanzierung",
        "title_fr": "Financement",
        "title_font_size": 24,
        "description_font_size": 18
      }
    },
    "collapsible_tab_7GAqw4": {
      "type": "collapsible_tab",
      "blocks": {
        "panel_KcrxDJ": {
          "type": "panel",
          "settings": {
            "title": "Can I finance more than one item?",
            "title_de": "Kann ich mehr als einen Artikel finanzieren lassen?",
            "title_fr": "",
            "content_1": "<p>Yes, you can finance all items in your shopping cart.</p>",
            "content_1_de": "<p>Ja, du kannst dir sämtliche Artikel in deinem Warenkob finanzieren lassen.</p>",
            "content_1_fr": "",
            "content_2": "",
            "content_2_de": "",
            "content_2_fr": "",
            "content_3": "",
            "content_3_de": "",
            "content_3_fr": "",
            "content_4": "",
            "content_4_de": "",
            "content_4_fr": "",
            "content_5": "",
            "content_5_de": "",
            "content_5_fr": "",
            "content_6": "",
            "content_6_de": "",
            "content_6_fr": ""
          }
        },
        "panel_qmKB3D": {
          "type": "panel",
          "settings": {
            "title": "Is there a minimum amount for financing?",
            "title_de": "Gibt es einen Mindestbetrag für die Finanzierung?",
            "title_fr": "",
            "content_1": "<p>Yes, the total amount in the shopping cart (financing amount) must be at least €99.</p>",
            "content_1_de": "<p>Ja, der Betrag des Warenkorbs (Finanzierungsbetrag) muss mindestens 99 € betragen</p>",
            "content_1_fr": "",
            "content_2": "",
            "content_2_de": "",
            "content_2_fr": "",
            "content_3": "",
            "content_3_de": "",
            "content_3_fr": "",
            "content_4": "",
            "content_4_de": "",
            "content_4_fr": "",
            "content_5": "",
            "content_5_de": "",
            "content_5_fr": "",
            "content_6": "",
            "content_6_de": "",
            "content_6_fr": ""
          }
        },
        "panel_xi64FX": {
          "type": "panel",
          "settings": {
            "title": "When will I receive my order?",
            "title_de": "Wann erhalte ich meine Bestellung?",
            "title_fr": "",
            "content_1": "<p>Once your documents have been received by Santander Consumer Bank AG, reviewed, and positively assessed, the goods (if available) will be shipped to you.</p>",
            "content_1_de": "<p>Sobald deine Unterlagen bei der Santander Consumer Bank AG eingegangen sind, eingehend geprüft und positiv bewertet wurden, wird die Ware (sofern verfügbar) an dich versandt. </p>",
            "content_1_fr": "",
            "content_2": "",
            "content_2_de": "",
            "content_2_fr": "",
            "content_3": "",
            "content_3_de": "",
            "content_3_fr": "",
            "content_4": "",
            "content_4_de": "",
            "content_4_fr": "",
            "content_5": "",
            "content_5_de": "",
            "content_5_fr": "",
            "content_6": "",
            "content_6_de": "",
            "content_6_fr": ""
          }
        },
        "panel_pGDCLb": {
          "type": "panel",
          "settings": {
            "title": "Can I cancel the financing application?",
            "title_de": "Kann ich den Finanzierungsantrag stornieren?",
            "title_fr": "",
            "content_1": "<p>The statutory right of withdrawal applies to the purchase contract, which begins at the earliest upon receipt of the goods. If you wish to proceed with the purchase contract and only choose an alternative payment method, the financing contract must be canceled within the specified period. If you want to withdraw from the purchase contract, the financing contract will become void. For more information about the right of withdrawal, please refer to the withdrawal instructions in your financing contract.</p>",
            "content_1_de": "<p>Für den Kaufvertrag gilt das gesetzliche Widerrufsrecht, welches frühestens mit Erhalt der Ware beginnt. Wenn du mit dem Kaufvertrag fortfahren und nur eine alternative Zahlungsmethode wählen möchtest, muss der Finanzierungsvertrag innerhalb der angegebenen Frist widerrufen werden. Wenn du den Kaufvertrag widerrufen oder vom Kaufvertrag zurücktreten möchtest, erlischt der. Nähere Informationen zum Widerrufsrecht kannst du der Widerrufsbelehrung aus deinem Finanzierungsvertrag entnehmen.</p>",
            "content_1_fr": "",
            "content_2": "",
            "content_2_de": "",
            "content_2_fr": "",
            "content_3": "",
            "content_3_de": "",
            "content_3_fr": "",
            "content_4": "",
            "content_4_de": "",
            "content_4_fr": "",
            "content_5": "",
            "content_5_de": "",
            "content_5_fr": "",
            "content_6": "",
            "content_6_de": "",
            "content_6_fr": ""
          }
        },
        "panel_dK3jMb": {
          "type": "panel",
          "settings": {
            "title": "Why is a legitimacy check required?",
            "title_de": "Warum ist eine Legitimitätsprüfung erforderlich?",
            "title_fr": "",
            "content_1": "<p>Every bank is legally required to conduct a legitimacy check. This verification is for your own safety, ensuring that you can be unequivocally identified as the applicant for the financing. Note: If you are already a customer of Santander Consumer Bank, a new authentication may not be required under certain conditions.</p>",
            "content_1_de": "<p>Jede Bank ist gesetzlich verpflichtet, eine Legitimitätsprüfung durchzuführen. Diese Verifizierung dient deiner eigenen Sicherheit, um dich als Antragsteller der Finanzierung zweifelsfrei identifizieren zu konnen. Hinweis: Wenn du bereits Kunde der Santander Consumer Bank bist, ist unter bestimmten Voraussetzungen keine erneute Authentifizierung erforderlich</p>",
            "content_1_fr": "",
            "content_2": "",
            "content_2_de": "",
            "content_2_fr": "",
            "content_3": "",
            "content_3_de": "",
            "content_3_fr": "",
            "content_4": "",
            "content_4_de": "",
            "content_4_fr": "",
            "content_5": "",
            "content_5_de": "",
            "content_5_fr": "",
            "content_6": "",
            "content_6_de": "",
            "content_6_fr": ""
          }
        },
        "panel_JiV7mA": {
          "type": "panel",
          "settings": {
            "title": "Who can I contact if I have questions about my financing?",
            "title_de": "An wen kann ich mich wenden, wenn ich Fragen zu meiner Finanzierung habe?",
            "title_fr": "",
            "content_1": "<p>Your contact person for questions regarding your financing application is the Santander E-Commerce Team: 02161 - 690 7680 <a href=\"mailto:caps@santander.de\" target=\"_blank\">caps@santander.de</a>, Monday to Friday from 9:00 AM to 7:00 PM.</p>",
            "content_1_de": "<p>Dein Ansprechpartner für Fragen zu deinem Finanzierungsantrag ist das Santander E-Commerce Team: 02161 - 690 7680 caps@santander.de Montag bis Freitag von 9:00 bis 19:00 Uhr</p>",
            "content_1_fr": "",
            "content_2": "",
            "content_2_de": "",
            "content_2_fr": "",
            "content_3": "",
            "content_3_de": "",
            "content_3_fr": "",
            "content_4": "",
            "content_4_de": "",
            "content_4_fr": "",
            "content_5": "",
            "content_5_de": "",
            "content_5_fr": "",
            "content_6": "",
            "content_6_de": "",
            "content_6_fr": ""
          }
        },
        "panel_cjJFdc": {
          "type": "panel",
          "settings": {
            "title": "What should I do if I receive an error message?",
            "title_de": "Was soll ich tun, wenn ich eine Fehlermeldung erhalte?",
            "title_fr": "",
            "content_1": "<p>The browser-based Santander financing platform is compatible with the following internet browsers: Internet Explorer, Mozilla Firefox, and Opera. Functionality may not be guaranteed with other browsers (e.g., Safari or Google Chrome).</p>",
            "content_1_de": "<p>Die browsergestützte Santander Finanzierungsplattform ist mit den folgenden Internetbrowsern kompatibel: Internet Explorer, Mozilla Firefox und Opera. Bei anderen Browsern (z. B. Safari oder Google Chrome) kann die Funktionalität der Plattform nicht gewährleistet werden. </p>",
            "content_1_fr": "",
            "content_2": "",
            "content_2_de": "",
            "content_2_fr": "",
            "content_3": "",
            "content_3_de": "",
            "content_3_fr": "",
            "content_4": "",
            "content_4_de": "",
            "content_4_fr": "",
            "content_5": "",
            "content_5_de": "",
            "content_5_fr": "",
            "content_6": "",
            "content_6_de": "",
            "content_6_fr": ""
          }
        },
        "panel_VqVqJF": {
          "type": "panel",
          "settings": {
            "title": "Are there acceptance criteria for shopping cart financing?",
            "title_de": "Gibt es Annahmekriterien für eine Warekorbfinanzierung?",
            "title_fr": "",
            "content_1": "<p>The following requirements must generally be met: (1) Age of majority, (2) Main residence in Germany, (3) Possession of a checking account, (4) Regular income, (5) Valid ID or passport with a current proof of address for your main residence, and (6) For non-EU citizens, additional documentation such as residence and work permits and a current proof of address for your main residence are required.</p>",
            "content_1_de": "<p>Folgende Voraussetzungen müssen grundsätzlich erfüllt sein: (1) Volljährigkeit, (2) Hauptwohnsitz in Deutschland, (3) Verfügung über ein Girokonto, (4) Regelmäßiges Einkommen, (5) Besitz eines gültigen Personalausweises oder Reisepasses mit einem aktuellen Nachweis über die Anschrift Ihres Hauptwohnsitzes und (6) Bei Nicht-EU-Bürgern sind weitere Nachweise, wie Aufenthalts- und Arbeitserlaubnis und eine ein aktueller Nachweis über die Anschrift Ihres Hauptwohnsitzes erforderlich.</p>",
            "content_1_fr": "",
            "content_2": "",
            "content_2_de": "",
            "content_2_fr": "",
            "content_3": "",
            "content_3_de": "",
            "content_3_fr": "",
            "content_4": "",
            "content_4_de": "",
            "content_4_fr": "",
            "content_5": "",
            "content_5_de": "",
            "content_5_fr": "",
            "content_6": "",
            "content_6_de": "",
            "content_6_fr": ""
          }
        },
        "panel_xYfJkA": {
          "type": "panel",
          "settings": {
            "title": "Where is financing with Zinia by Santander available?",
            "title_de": "Wo ist die Finanzierung mit Zinia von Santander verfügbar?",
            "title_fr": "",
            "content_1": "<p>Currently, we offer financing with Santander only in Germany.</p>",
            "content_1_de": "<p>Aktuell bieten wir die Finanzierung mit Santander nur in Deutschland an.</p>",
            "content_1_fr": "",
            "content_2": "",
            "content_2_de": "",
            "content_2_fr": "",
            "content_3": "",
            "content_3_de": "",
            "content_3_fr": "",
            "content_4": "",
            "content_4_de": "",
            "content_4_fr": "",
            "content_5": "",
            "content_5_de": "",
            "content_5_fr": "",
            "content_6": "",
            "content_6_de": "",
            "content_6_fr": ""
          }
        }
      },
      "block_order": [
        "panel_KcrxDJ",
        "panel_qmKB3D",
        "panel_xi64FX",
        "panel_pGDCLb",
        "panel_dK3jMb",
        "panel_JiV7mA",
        "panel_cjJFdc",
        "panel_VqVqJF",
        "panel_xYfJkA"
      ],
      "settings": {
        "title": "FAQ about Financing by Zinia",
        "title_de": "FAQ zur Finanzierung durch Zinia",
        "title_fr": "FAQ sur les paiements échelonnés"
      }
    },
    "custom_imagerow_Hza4XE": {
      "type": "custom-imagerow",
      "blocks": {
        "module_QRH9LM": {
          "type": "module",
          "settings": {
            "image": "shopify://shop_images/Jobrad_logo_anthrazit_3x_798083de-c21f-4b41-94ba-75307e875b56.png",
            "subheading_image_1_width": 160,
            "module_big_title": "",
            "module_title": "Jobrad",
            "module_title_de": "Jobrad",
            "module_title_fr": "Jobrad",
            "description": "<p>With JobRad, you save up to 40% of the purchase price when acquiring a bicycle with leasable accessories.</p>",
            "description_de": "<p>Mit JobRad sparen Sie bis zu 40 % des Kaufpreises, wenn Sie ein Fahrrad mit leasbarem Zubehör erwerben.</p>",
            "description_fr": "",
            "background_color": "#ffffff",
            "button1_text": "Leasing",
            "button1_text_de": "Leasing",
            "button1_text_fr": "Leasing",
            "button1_url": "shopify://pages/jobrad",
            "button1_background_color": "#333333",
            "button1_text_color": "#ffffff"
          }
        },
        "module_LH7dt6": {
          "type": "module",
          "settings": {
            "image": "shopify://shop_images/dd-logo-dark-yellow_773f856c-6bb9-4754-9ff6-2ea3860fc4f1.png",
            "subheading_image_1_width": 260,
            "module_big_title": "",
            "module_title": "Deutsche Dienstrad",
            "module_title_de": "Deutsche Dienstrad",
            "module_title_fr": "",
            "description": "<p>Take advantage of tax benefits now and save up to 40%.</p>",
            "description_de": "<p>Jetzt Steuervorteil nutzen und bis zu 40 % sparen.</p>",
            "description_fr": "",
            "background_color": "#ffffff",
            "button1_text": "Leasing",
            "button1_text_de": "Leasing",
            "button1_text_fr": "",
            "button1_url": "shopify://pages/deutsche-dienstrad",
            "button1_background_color": "#333333",
            "button1_text_color": "#ffffff"
          }
        },
        "module_WGQx7j": {
          "type": "module",
          "settings": {
            "image": "shopify://shop_images/Bikeleasing-Logo-D-Claim.svg",
            "subheading_image_1_width": 280,
            "module_big_title": "",
            "module_title": "Bikeleasing",
            "module_title_de": "Bikeleasing",
            "module_title_fr": "",
            "description": "<p>Take advantage of tax benefits now and save up to 40%.</p>",
            "description_de": "<p>Profitiere jetzt von Steuervorteilen und spare bis zu 40 %.</p>",
            "description_fr": "",
            "background_color": "#ffffff",
            "button1_text": "Leasing",
            "button1_text_de": "Leasing",
            "button1_text_fr": "Leasing",
            "button1_url": "shopify://pages/save-with-bikeleasing",
            "button1_background_color": "#333333",
            "button1_text_color": "#ffffff"
          }
        },
        "module_Pxf9DD": {
          "type": "module",
          "settings": {
            "image": "shopify://shop_images/Businessbike.svg",
            "subheading_image_1_width": 200,
            "module_big_title": "",
            "module_title": "Business bike",
            "module_title_de": "Business bike",
            "module_title_fr": "",
            "description": "<p>Save up to 40% on leasing a new Hepha E-bike.</p>",
            "description_de": "<p>Spare bis zu 40 % beim Leasing eines neuen Hepha E-bikes</p>",
            "description_fr": "",
            "background_color": "#ffffff",
            "button1_text": "Leasing",
            "button1_text_de": "Leasing",
            "button1_text_fr": "Leasing",
            "button1_url": "shopify://pages/business-bike",
            "button1_background_color": "#333333",
            "button1_text_color": "#ffffff"
          }
        }
      },
      "block_order": [
        "module_QRH9LM",
        "module_LH7dt6",
        "module_WGQx7j",
        "module_Pxf9DD"
      ],
      "custom_css": [
        ".module {width: 48%; align-items: flex-start; height: 360px !important; padding-left: 30px !important; padding-top: 30px !important;}",
        ".module-description {text-align: left;}"
      ],
      "settings": {
        "title": "Leasing",
        "title_de": "Leasing",
        "title_fr": "",
        "title_font_size": 24,
        "description_font_size": 18
      }
    },
    "contact_form_ayy8BG": {
      "type": "contact-form",
      "blocks": {
        "custom_input_Q3aDP8": {
          "type": "custom_input",
          "settings": {
            "title": "Name *",
            "type": "text",
            "required": true,
            "half_width": false
          }
        },
        "custom_input_48m3nG": {
          "type": "custom_input",
          "settings": {
            "title": "Email *",
            "type": "text",
            "required": true,
            "half_width": false
          }
        },
        "custom_input_DLXAMQ": {
          "type": "custom_input",
          "settings": {
            "title": "Phone",
            "type": "number",
            "required": false,
            "half_width": false
          }
        },
        "custom_input_89WA4L": {
          "type": "custom_input",
          "settings": {
            "title": "Order/frame number",
            "type": "text",
            "required": false,
            "half_width": false
          }
        },
        "message_input_tXRLkU": {
          "type": "message_input",
          "settings": { "required": true, "half_width": false }
        }
      },
      "block_order": [
        "custom_input_Q3aDP8",
        "custom_input_48m3nG",
        "custom_input_DLXAMQ",
        "custom_input_89WA4L",
        "message_input_tXRLkU"
      ],
      "custom_css": [
        ".flexible-layout,.fixed-layout {flex-wrap: wrap;}",
        ".lightish-spaced-row {text-align: center;}",
        ".reading-width {max-width: 1100px; margin-bottom: 200px;}"
      ],
      "settings": {
        "contact_title": "Contact",
        "contact_text": "",
        "color_scheme": "default"
      }
    }
  },
  "order": [
    "custom_two_colum_banner_XGjjj4",
    "custom_liquid_cAqMbX",
    "custom_textarea_bFrB8X",
    "custom_imagerow_P4dUXn",
    "custom_imagerow_FEFM9Q",
    "collapsible_tab_7GAqw4",
    "custom_imagerow_Hza4XE",
    "contact_form_ayy8BG"
  ]
}
