{
  "parent": "page.payment-new.json",
  "context": { "market": "austria" },
  "sections": {
    "custom_imagerow_FEFM9Q": {
      "custom_css": [
        ".module {width: 48%; align-items: flex-start; height: 300px !important; padding-left: 30px !important; padding-top: 30px !important;}",
        ".smallmodule {width: 600px;}",
        ".module-description {text-align: left;}"
      ],
      "settings": {},
      "blocks": { "module_jG6HdN": { "disabled": true, "settings": {} } }
    },
    "custom_imagerow_Hza4XE": {
      "custom_css": [
        ".module {width: 48%; align-items: flex-start; height: 360px !important; padding-left: 30px !important; padding-top: 30px !important;}",
        ".smallmodule {width: 600px;}",
        ".module-description {text-align: left;}"
      ],
      "settings": {},
      "blocks": {
        "module_LH7dt6": { "disabled": true, "settings": {} },
        "module_WGQx7j": { "disabled": true, "settings": {} },
        "module_Pxf9DD": { "disabled": true, "settings": {} }
      }
    },
    "collapsible_tab_7GAqw4": { "disabled": true, "settings": {}, "blocks": {} }
  }
}
