{
  "parent": "page.page-promotion-2025-04-01.json",
  "context": { "market": "55f1a620-11fa-47e5-a7b3-0611f12cc0d4" },
  "sections": {
    "collapsible_tabs_qETzUn": {
      "settings": {},
      "blocks": {
        "question_3GyJL": {
          "type": "question",
          "disabled": false,
          "settings": {
            "title": "Q: What are the benefits of the Click & Collect (C&C) ?",
            "title_de": "F: Was sind die Vorteile des Click & Collect (C&C) ?",
            "title_fr": "",
            "answer": "<p>A:</p><p>1. You can pick up your order directly from the dealer's store, saving the €39 shipping fee.</p><p>2. Professional dealers can assist with the professional assembly and adjustment of your E-Bike.</p><p>3. Worry-free after-sales service: for any after-sales issues, you can contact your nearest dealer for assistance.</p>",
            "answer_de": "<p>A:</p><p>1. Sie können Ihre Bestellung direkt im Geschäft des Händlers abholen und sparen die 39 € Versandkosten.   </p><p>2. Professionelle Händler können Ihnen bei der fachgerechten Montage und Einstellung Ihres E-Bikes helfen. </p><p>3. Sorgenfreier After-Sales-Service: Bei allen Nachverkaufsproblemen können Sie sich an den nächstgelegenen Händler wenden.</p>",
            "answer_fr": "",
            "liquid_content": "",
            "liquid_content_de": "",
            "liquid_content_fr": "",
            "image": null,
            "answer_2": "",
            "answer_2_de": "",
            "answer_2_fr": "",
            "image_2": null
          }
        },
        "question_DBbFT": {
          "type": "question",
          "disabled": false,
          "settings": {
            "title": "Q: How many dealers currently support Click & Collect (C&C)?",
            "title_de": "F: Wie viele Händler unterstützen derzeit Click & Collect (C&C)?",
            "title_fr": "",
            "answer": "<p>A: Currently, there are 60 dealers in Germany that support the C&C model. However, they are mainly concentrated in Bavaria, North Rhine-Westphalia, and Lower Saxony. There are also a few in other cities.</p>",
            "answer_de": "<p>A: Derzeit gibt es in Deutschland 60 Händler, die das C&C-Modell unterstützen. Sie sind jedoch hauptsächlich in Bayern, Nordrhein-Westfalen und Niedersachsen konzentriert. Es gibt auch einige wenige in anderen Städten.</p>",
            "answer_fr": "",
            "liquid_content": "",
            "liquid_content_de": "",
            "liquid_content_fr": "",
            "image": null,
            "answer_2": "",
            "answer_2_de": "",
            "answer_2_fr": "",
            "image_2": null
          }
        },
        "question_fLVnp": {
          "type": "question",
          "disabled": false,
          "settings": {
            "title": "Q：How to use Click & Collect",
            "title_de": "F: Wie benutzt man Click & Collect",
            "title_fr": "",
            "answer": "<p> A： </p><p>Step 1 - Add the E-Bike you like to the cart and then click the \"Checkout\" to enter the checkout page. </p><p>Step 2 - Select the ‘Pickup in store’ delivery option and choose the local dealer you want to pick your bike up from.</p><p>Step 3 - Enter your information and complete your order.</p><p>Step 4 - We will send you the order confirmation. As soon as your bike’s ready to collect, the dealer will contact you.</p>",
            "answer_de": "<p>A:</p><p>Schritt 1 - Fügen Sie das gewünschte E-Bike dem Warenkorb hinzu und klicken Sie dann auf \"Jetzt kaufen\" um zur Kasse-Seite zu gelangen.</p><p>Schritt 2 - Wählen Sie die Lieferoption \"Abholung im Shop\" und wählen Sie den lokalen Händler aus, bei dem Sie Ihr Fahrrad abholen möchten.</p><p>Schritt 3 - Geben Sie Ihre Informationen ein und schließen Sie Ihre Bestellung ab.</p><p>Schritt 4 - Wir senden Ihnen die Bestellbestätigung. Sobald Ihr Fahrrad abholbereit ist, wird der Händler Sie kontaktieren.<br/><br/></p>",
            "answer_fr": "",
            "liquid_content": "",
            "liquid_content_de": "",
            "liquid_content_fr": "",
            "image": null,
            "answer_2": "",
            "answer_2_de": "",
            "answer_2_fr": "",
            "image_2": null
          }
        },
        "question_hbHRn": {
          "type": "question",
          "disabled": false,
          "settings": {
            "title": "Q: If I choose C&C, who should I pay?",
            "title_de": "F: Wenn ich C&C wähle, an wen soll ich zahlen?",
            "title_fr": "",
            "answer": "<p>A: You need to pay the dealer when you pick up your order at the dealer's store.</p>",
            "answer_de": "<p>A: Sie müssen den Händler bezahlen, wenn Sie Ihre Bestellung im Geschäft des Händlers abholen.</p>",
            "answer_fr": "",
            "liquid_content": "",
            "liquid_content_de": "",
            "liquid_content_fr": "",
            "image": null,
            "answer_2": "",
            "answer_2_de": "",
            "answer_2_fr": "",
            "image_2": null
          }
        }
      },
      "block_order": [
        "question_RHawyY",
        "question_KyPrx4",
        "question_CqpMaE",
        "question_awRpRT",
        "question_UXgx8x",
        "question_x8ARnP",
        "question_9nk4ah",
        "question_XBJtyf",
        "question_ytzVBz",
        "question_bbRFXj",
        "question_y3KgTG",
        "question_QGJegJ",
        "question_3GyJL",
        "question_DBbFT",
        "question_fLVnp",
        "question_hbHRn",
        "question_TCfyCq"
      ]
    }
  }
}
