{
  "parent": "page.promotion-page.json",
  "context": { "market": "austria" },
  "sections": {
    "collapsible_tabs_qETzUn": {
      "settings": {},
      "blocks": {
        "question_awRpRT": {
          "settings": {
            "answer": "<p>A: When purchasing the Trekking 7 SE Ultra, German customers receive a €400 discount and a free Alteos insurance package. Customers from France and Austria receive an additional €100 compensation on top of the €400 discount (please contact <a href=\"mailto:service@hepha.com\" title=\"mailto:service@hepha.com \">service@hepha.com</a> to get the discount code). Click <a href=\"/products/trekking-7-se-ultra\" title=\"Trekking 7 SE Ultra\">here</a> to learn more about the Hepha Trekking 7 SE.</p>",
            "answer_de": "<p>A: Beim Kauf des Trekking 7 SE Ultra erhalten deutsche Kunden einen Rabatt von 400 € und ein kostenloses Alteos-Versicherungspaket. Kunden aus Frankreich und Österreich erhalten zusätzlich zu dem Rabatt von 400 € weitere 100 € als Entschädigung (bitte kontaktieren Sie <a href=\"mailto:service@hepha.com\">service@hepha.com</a>, um den Rabattcode zu erhalten). Klicken Sie <a href=\"/products/trekking-7-se-ultra\" title=\"Trekking 7 SE Ultra\">hier</a>, um mehr über das Hepha Trekking 7 SE zu erfahren.</p>"
          }
        },
        "question_XBJtyf": {
          "settings": {
            "answer_de": "<p>A: Diese Werbeaktion gilt für <a href=\"https://hepha.com/de-at\" title=\"https://hepha.com/de-at\">hepha.com</a> und Händler.<br/><br/>Bestellungen auf <a href=\"https://hepha.com/de-at\" title=\"https://hepha.com/de-at\">hepha.com</a> werden von der HEPHA GmbH versendet.<br/><br/>Wenn Sie beim Händler kaufen möchten, wenden Sie sich bitte direkt an den Händler, um Informationen zu Produkten und Bestellungen zu erhalten. Sie werden Ihnen gerne weiterhelfen.<br/><br/>Die Preise auf der Amazon werden von Amazon festgelegt.</p>",
            "answer": "<p>A: This promotion is valid for both <a href=\"https://hepha.com/en-at\" title=\"https://hepha.com/en-at\">hepha.com</a> and authorized dealers.</p><p>Orders placed on <a href=\"https://hepha.com/en-at\" title=\"https://hepha.com/en-at\">hepha.com</a> are shipped by HEPHA GmbH.</p><p>If you wish to purchase from a dealer, please contact them directly for information on products and orders, as they will be happy to assist you.</p><p>Prices on Amazon are set by Amazon.</p>"
          }
        },
        "question_ytzVBz": { "disabled": true, "settings": {} },
        "question_bbRFXj": { "disabled": true, "settings": {} }
      }
    }
  }
}
