{
  "parent": "page.mountain-collection.json",
  "context": { "market": "france" },
  "sections": {
    "custom_slideshow_tab_RGFFnK": {
      "settings": {
        "footer_description": "or Pay with Instalment Plans",
        "footer_description_de": "",
        "footer_description_fr": "Paiement en plusieurs fois"
      },
      "blocks": {}
    },
    "custom_slideshow_tab_Lxtebk": {
      "settings": {
        "footer_description": "or Pay with Instalment Plans",
        "footer_description_de": "",
        "footer_description_fr": "Paiement en plusieurs fois"
      },
      "blocks": {}
    },
    "custom_slideshow_tab_xgxENH": {
      "settings": {
        "footer_description": "or Pay with Instalment Plans",
        "footer_description_de": "",
        "footer_description_fr": "Paiement en plusieurs fois"
      },
      "blocks": {}
    }
  }
}
