{
  "parent": "page.city-collection.json",
  "context": { "market": "france" },
  "sections": {
    "custom_slideshow_tab_RGFFnK": {
      "settings": {
        "footer_description": "Pay in 3 interest-free",
        "footer_description_fr": "Paiement en 3 fois sans frais"
      },
      "blocks": {}
    },
    "custom_slideshow_tab_Lxtebk": {
      "settings": {
        "footer_description": "Pay in 3 interest-free",
        "footer_description_fr": "Paiement en 3 fois sans frais"
      },
      "blocks": {}
    }
  }
}
