{
  "parent": "page.career.json",
  "context": { "market": "finland" },
  "sections": {
    "collapsible_tab_bdw9hJ": {
      "disabled": true,
      "settings": {},
      "blocks": {
        "panel_UDNXPB": { "disabled": true, "settings": {} },
        "panel_ia66H9": { "disabled": true, "settings": {} },
        "panel_3JCCrY": { "disabled": true, "settings": {} },
        "panel_pfKRXK": { "disabled": true, "settings": {} },
        "panel_d9JzeD": { "disabled": true, "settings": {} }
      }
    }
  }
}
