{
  "sections": {
    "custom_two_colum_banner_nrB8ya": {
      "type": "custom-two-colum-banner",
      "blocks": {
        "slide_nfEmdw": {
          "type": "slide",
          "settings": {
            "image": "shopify://shop_images/RUD8662_SR.jpg",
            "background_color": "#ffffff",
            "background_size": "cover",
            "background_position": "top",
            "background_align_items": "center",
            "background_padding_top": 0,
            "background_padding_left": 0,
            "background_padding_right": 0,
            "background_padding_bottom": 0,
            "liquid_content": "",
            "subheading_image_title_link": "",
            "subheading_image_title_position": "",
            "title_1": "",
            "title_1_de": "",
            "title_1_fr": "",
            "heading_color_1": "#000000",
            "heading_size_1": 24,
            "subheading_1": "",
            "subheading_1_de": "",
            "subheading_1_fr": "",
            "subheading_color_1": "#000000",
            "subheading_size_1": 16,
            "liquid_content3": "",
            "subheading_image_1_link": "",
            "subheading_image_1_position": "",
            "subheading_image_1b_position": "",
            "subheading_image_1b_link": "",
            "title_2": "",
            "title_2_de": "",
            "title_2_fr": "",
            "heading_color_2": "#000000",
            "heading_size_2": 24,
            "subheading_2": "",
            "subheading_2_de": "",
            "subheading_2_fr": "",
            "subheading_color_2": "#000000",
            "subheading_size_2": 16,
            "subheading_image_2_position": "",
            "subheading_image_2_link": "",
            "collection": "",
            "buttongroup_label": "",
            "buttongroup_label_de": "",
            "buttongroup_label_fr": "",
            "button_label": "",
            "button_label_de": "",
            "button_label_fr": "",
            "link": "",
            "button_color": "#007bff",
            "button2_label": "",
            "button2_label_de": "",
            "button2_label_fr": "",
            "link2": "",
            "link2_de": "",
            "link2_fr": "",
            "button2_color": "#007bff",
            "button_text_color": "#ffffff",
            "column_1title": "",
            "column_1title_de": "",
            "column_1title_fr": "",
            "column_1description": "",
            "column_1description_de": "",
            "column_1description_fr": "",
            "column_2title": "",
            "column_2title_de": "",
            "column_2title_fr": "",
            "column_2description": "",
            "column_2description_de": "",
            "column_2description_fr": "",
            "column_3title": "",
            "column_3title_de": "",
            "column_3title_fr": "",
            "column_3description": "",
            "column_3description_de": "",
            "column_3description_fr": "",
            "column_4title": "",
            "column_4title_de": "",
            "column_4title_fr": "",
            "column_4description": "",
            "column_4description_de": "",
            "column_4description_fr": "",
            "liquid_content2": ""
          }
        },
        "slide_6a4GFJ": {
          "type": "slide",
          "settings": {
            "background_color": "#3c9dca",
            "background_size": "cover",
            "background_position": "center",
            "background_align_items": "center",
            "background_padding_top": 0,
            "background_padding_left": 0,
            "background_padding_right": 0,
            "background_padding_bottom": 0,
            "liquid_content": "",
            "subheading_image_title_link": "",
            "subheading_image_title_position": "",
            "title_1": "<p>How you can test ride a HEPHA E-Bike</p>",
            "title_1_de": "<p>Ein HEPHA E-Bike testfahren</p>",
            "title_1_fr": "<p>Voici comment vous pouvez essayer un vélo électrique HEPHA</p>",
            "heading_color_1": "#f8f8f8",
            "heading_size_1": 40,
            "subheading_1": "<p>There are several options available to you for this purpose. Below you'll find more detailed information about each of these options!</p>",
            "subheading_1_de": "<p>Hierzu stehen Ihnen grundsätzlich mehrere Möglichkeiten zur Verfügung. Unten finden Sie nähere Infos zu jeder dieser Optionen!</p>",
            "subheading_1_fr": "<p>Pour ce faire, plusieurs options s'offrent à vous. Vous trouverez ci-dessous des informations détaillées sur chacune de ces possibilités !</p>",
            "subheading_color_1": "#fafafa",
            "subheading_size_1": 18,
            "liquid_content3": "",
            "subheading_image_1_link": "",
            "subheading_image_1_position": "",
            "subheading_image_1b_position": "",
            "subheading_image_1b_link": "",
            "title_2": "",
            "title_2_de": "",
            "title_2_fr": "",
            "heading_color_2": "#000000",
            "heading_size_2": 24,
            "subheading_2": "",
            "subheading_2_de": "",
            "subheading_2_fr": "",
            "subheading_color_2": "#000000",
            "subheading_size_2": 16,
            "subheading_image_2_position": "",
            "subheading_image_2_link": "",
            "collection": "",
            "buttongroup_label": "",
            "buttongroup_label_de": "",
            "buttongroup_label_fr": "",
            "button_label": "",
            "button_label_de": "",
            "button_label_fr": "",
            "link": "",
            "button_color": "#007bff",
            "button2_label": "",
            "button2_label_de": "",
            "button2_label_fr": "",
            "link2": "",
            "link2_de": "",
            "link2_fr": "",
            "button2_color": "#007bff",
            "button_text_color": "#ffffff",
            "column_1title": "",
            "column_1title_de": "",
            "column_1title_fr": "",
            "column_1description": "",
            "column_1description_de": "",
            "column_1description_fr": "",
            "column_2title": "",
            "column_2title_de": "",
            "column_2title_fr": "",
            "column_2description": "",
            "column_2description_de": "",
            "column_2description_fr": "",
            "column_3title": "",
            "column_3title_de": "",
            "column_3title_fr": "",
            "column_3description": "",
            "column_3description_de": "",
            "column_3description_fr": "",
            "column_4title": "",
            "column_4title_de": "",
            "column_4title_fr": "",
            "column_4description": "",
            "column_4description_de": "",
            "column_4description_fr": "",
            "liquid_content2": ""
          }
        }
      },
      "block_order": ["slide_nfEmdw", "slide_6a4GFJ"],
      "custom_css": [
        "@media (max-width: 768px) {.two-column-slide__heading {font-size: 34px !important; line-height: 40px !important; } .two-column-slide__text {font-size: 18px !important; line-height: 24px !important; } .two-column-slide__content {padding: 40px 0; }}"
      ],
      "settings": {
        "section_id": "",
        "mobile_font_size_heading": 40,
        "mobile_line_height_heading": 42,
        "mobile_font_size_text": 20,
        "mobile_line_height_text": 24,
        "mobile_slide_padding_top": 30
      }
    },
    "custom_textarea_G9GMVg": {
      "type": "custom_textarea",
      "custom_css": [
        ".custom-tab-container {margin-bottom: 0px !important; padding: 0 !important;}",
        ".custom-text-area {justify-content: center; text-align: center; padding: 60px 0 0 0;}",
        ".description-and-items {text-align: left; justify-content: center;}",
        ".text-description {width: 76% !important; justify-content: center; display: flex; flex-direction: column;}"
      ],
      "settings": {
        "section_title": "At our Factory in Maisach",
        "section_title_de": "Bei uns im Werk in Maisach",
        "section_title_fr": "Dans notre usine à Maisach",
        "text_description": "<p>Test the bikes directly where we develop and assemble them and receive interesting insights and let our experienced product experts advise you.</p>\n\n<p><b>Book an appointment directly below (mandatory) and visit us at our factory in Maisach near Munich.</b></p>\n\n<p>If you do not know exactly which bike you want to test please choose one that might be interesting.</p>",
        "text_description_de": "<p>Testen Sie unsere E-Bikes dort wo sie entwickelt und montiert werden und gewinnen Sie interessante Einblicke.</p>\n\n<p><b>Buchen Sie jetzt einen Termin (verpflichtend) und besuchen Sie unseren Hauptsitz in Maisach bei München.</b></p>\n\n<p>Sollten Sie noch nicht genau wissen, welches Modell Sie gerne Probefahren würden, wählen Sie ein in Frage kommendes Modell.</p>",
        "text_description_fr": "<p>Testez les vélos directement là où nous les développons et les assemblons, recevez des informations intéressantes et laissez-vous conseiller par nos experts produits expérimentés.</p>\n\n<p><b>Prenez rendez-vous directement ci-dessous (obligatoire) et venez nous rendre visite dans notre usine de Maisach, près de Munich.</b></p>\n\n<p>Si vous ne savez pas exactement quel vélo vous voulez tester, choisissez-en un qui pourrait être intéressant.</p>",
        "title_font_size": 30,
        "text_font_size": 18,
        "show_item_list": true,
        "layout": "title_above",
        "item_font_size": 16,
        "custom_icon": "solid_dot"
      }
    },
    "custom_textarea_BFbFX6": {
      "type": "custom_textarea",
      "blocks": {
        "list_item_jfwzhQ": {
          "type": "list_item",
          "settings": {
            "item_text": "Test rides only with confirmed appointment",
            "item_text_de": "Probefahrten nur mit bestätigtem Termin",
            "item_text_fr": "Essais uniquement sur rendez-vous confirmé"
          }
        },
        "list_item_wAdMRC": {
          "type": "list_item",
          "settings": {
            "item_text": "Ordering possible on site",
            "item_text_de": "Bestellung vor Ort möglich",
            "item_text_fr": "Possibilité de commander sur place"
          }
        },
        "list_item_NCJdKb": {
          "type": "list_item",
          "settings": {
            "item_text": "No conversions possible",
            "item_text_de": "keine Umbauten möglich",
            "item_text_fr": "Aucune conversion possible"
          }
        },
        "list_item_mPMNC4": {
          "type": "list_item",
          "settings": {
            "item_text": "Most of the models available throughout",
            "item_text_de": "ein Großteil der Modelle durchgehend verfügbar",
            "item_text_fr": "La plupart des modèles disponibles sur l'ensemble du territoire"
          }
        }
      },
      "block_order": [
        "list_item_jfwzhQ",
        "list_item_wAdMRC",
        "list_item_NCJdKb",
        "list_item_mPMNC4"
      ],
      "disabled": true,
      "custom_css": [
        ".custom-tab-container {margin-bottom: 0px !important; padding: 0 !important;}",
        ".custom-text-area {justify-content: center; text-align: center; padding: 20px 0 0 0;}",
        ".description-and-items {text-align: left; justify-content: center;}",
        ".text-description {width: 76% !important; justify-content: center; display: flex; flex-direction: column;}"
      ],
      "settings": {
        "section_title": "Please note",
        "section_title_de": "Bitte beachten",
        "section_title_fr": "A noter",
        "text_description": "Test rides are only available with a confirmed appointment. If you decide to purchase an e-bike, you cannot take it home immediately; it will be shipped to you, or in rare cases, a second appointment may be arranged. Alternatively, you can visit a HEPHA dealer near you. Custom modifications such as changing tires, handlebars, or grips cannot be done at the Maisach factory, so HEPHA dealers are the better option for adjustments. Additionally, due to seasonal changes in the test fleet, we cannot always guarantee the availability of the exact test bike you booked, but we will provide a comparable model to ensure a meaningful test ride.",
        "text_description_de": "Probefahrten sind nur nach vorheriger Terminabsprache möglich. Wenn Sie sich für den Kauf eines E-Bikes entscheiden, können Sie es nicht sofort mit nach Hause nehmen; es wird Ihnen zugeschickt, oder in seltenen Fällen kann ein zweiter Termin vereinbart werden. Alternativ können Sie auch einen HEPHA-Händler in Ihrer Nähe aufsuchen. Individuelle Anpassungen wie z.B. der Wechsel von Reifen, Lenker oder Griffen können im Werk Maisach nicht vorgenommen werden, daher sind HEPHA-Händler die bessere Wahl für Anpassungen. Außerdem können wir aufgrund von saisonalen Änderungen in der Testflotte nicht immer garantieren, dass genau das von Ihnen gebuchte Testrad zur Verfügung steht, aber wir stellen Ihnen ein vergleichbares Modell zur Verfügung, um eine aussagekräftige Testfahrt zu gewährleisten.",
        "text_description_fr": "Les essais ne sont possibles que sur rendez-vous confirmé. Si vous décidez d'acheter un vélo électrique, vous ne pourrez pas l'emporter immédiatement chez vous ; il vous sera expédié ou, dans de rares cas, un second rendez-vous pourra être fixé. Vous pouvez également vous rendre chez un revendeur HEPHA près de chez vous. Les modifications personnalisées telles que le changement de pneus, de guidon ou de poignées ne peuvent pas être effectuées à l'usine Maisach, c'est pourquoi les revendeurs HEPHA sont la meilleure option pour les ajustements. En outre, en raison des changements saisonniers dans la flotte d'essai, nous ne pouvons pas toujours garantir la disponibilité du vélo d'essai exact que vous avez réservé, mais nous vous fournirons un modèle comparable pour assurer un essai significatif.",
        "title_font_size": 30,
        "text_font_size": 18,
        "show_item_list": true,
        "layout": "title_above",
        "item_font_size": 16,
        "custom_icon": "solid_dot"
      }
    },
    "custom_liquid_KwKFND": {
      "type": "custom-liquid",
      "custom_css": [
        ".strongly-spaced-row,.fully-spaced-row--medium {margin-top: 0; margin-bottom: 80px;}"
      ],
      "settings": {
        "full_width": false,
        "show_space": true,
        "code": "<center>\n<iframe width=\"900\" height=\"550\" src=\"https://book.timify.com?accountId=65d7109919d903c88e16a1c9&fullscreen=1&hideCloseButton=1&showGuestBookingForm=1&locale=de-de\"></iframe>\n</center>"
      }
    },
    "custom_textarea_NbBPYT": {
      "type": "custom_textarea",
      "custom_css": [
        ".custom-tab-container {margin-bottom: 0px !important; padding: 0 !important;}",
        ".custom-text-area {justify-content: center; text-align: center; padding: 60px 0 0 0;}",
        ".description-and-items {text-align: left; justify-content: center;}",
        ".text-description {width: 76% !important; justify-content: center; display: flex; flex-direction: column;}"
      ],
      "settings": {
        "section_title": "At a HEPHA dealer",
        "section_title_de": "HEPHA Fachhändler",
        "section_title_fr": "Chez un revendeur HEPHA",
        "text_description": "<p>At one of our HEPHA retailers, you can expect comprehensive advice and, of course, a test ride. Naturally, you can also purchase your new HEPHA E-Bike directly there!</p>\n<p>Get in touch with the HEPHA retailer in advance and schedule an appointment. You can find the contact information on the map below!\n</p>\n<ul>\n        <li>Dealer: customer services, product sale and test ride</li>\n        <li>HEPHA Factory: HEPHA company headquarter</li>\n        <li>Service Center: customer services only</li>\n        <li>Test Center: test ride only</li>\n    </ul>",
        "text_description_de": "<p>Bei einem unserer HEPHA Händler erwartet Sie eine umfassende Beratung und natürlich eine Testfahrt. Selbstverständlich können Sie Ihr neues HEPHA E-Bike dort direkt erwerben!</p>\n<p>Setzen Sie sich dazu mit dem HEPHA-Händler in Verbindung und vereinbaren Sie einen Termin. Nutzen Sie dazu die Kontaktinformationen in der Karte oder das Formular unten!</p>\n<ul> <li>Händler: Kundenservice, Produktverkauf und Testfahrt</li> <li>HEPHA-Fabrik: HEPHA Unternehmenssitz</li> <li>Servicezentrum: Nur Kundenservice</li> <li>Testzentrum: Nur Testfahrt</li> </ul>",
        "text_description_fr": "<p>Chez l'un de nos revendeurs HEPHA, vous pouvez vous attendre à des conseils complets et bien sûr à un essai. Bien entendu, vous pouvez également acheter votre nouveau vélo électrique HEPHA directement sur place !</p>\n<p>Prenez contact avec le revendeur HEPHA à l'avance et fixez un rendez-vous. Vous trouverez les coordonnées sur la carte ci-dessous !</p>\n<ul> <li>Revendeur : services à la clientèle, vente de produits et essai de conduite</li> <li>Usine HEPHA : siège de l'entreprise HEPHA</li> <li>Centre de services : uniquement services à la clientèle</li> <li>Centre d'essai : uniquement essai de conduite</li> </ul>",
        "title_font_size": 30,
        "text_font_size": 18,
        "show_item_list": true,
        "layout": "title_above",
        "item_font_size": 16,
        "custom_icon": "solid_dot"
      }
    },
    "173622007722100f0d": {
      "type": "apps",
      "blocks": {
        "sc_store_locator_map_map_BU6gn8": {
          "type": "shopify://apps/sc-store-locator-map/blocks/map/4ca379c6-722c-49d3-b6ec-a7fe7c1061a5",
          "settings": {
            "distance_unit": "KM",
            "display_title": false,
            "display_header_html": false,
            "display_search": true,
            "display_footer_html": false,
            "search_text": "#121212",
            "search_background": "linear-gradient(180deg, rgba(245, 245, 245, 1), rgba(243, 243, 243, 1) 100%)",
            "display_addresses_sidebar": true,
            "map_theme": "default",
            "google_maps_language": "en"
          }
        }
      },
      "block_order": ["sc_store_locator_map_map_BU6gn8"],
      "custom_css": [
        "button#submitBtn {flex-grow: 0.3; color: white; background: black; max-width: 120px;}"
      ],
      "settings": {
        "full_width": false,
        "show_space": true,
        "title": "",
        "title_de": "",
        "title_fr": ""
      }
    },
    "custom_liquid_GiPxmB": {
      "type": "custom-liquid",
      "settings": {
        "full_width": true,
        "show_space": true,
        "code": "{% style %}\n .main_search_label{\nposition: relative;\ntext-align: left;\n    width: 100%;\n}\n.distance_label,.search_limit_label,#filters_text,#submitBtn  {\n    position: relative;\ndisplay: flex;\n    align-items: center;\nmin-width:80px;\n    text-align: left;\njustify-content: flex-end;\nwhite-space: nowrap;\n}\nbutton#submitBtn {\n    justify-content: center;\n}\n.pac-target-input::placeholder {\n    color: transparent; \n}\n@media (max-width: 800px) {\n  .main_search_label {\n      height: 50px;\n}\n.distance_label::after,   .search_limit_label::after {\n      left: 0;\n}\n}\n    {% if request.locale.iso_code == 'de' %}\n .main_search_label,.distance_label,.search_limit_label,#filters_text,#submitBtn,label[for=\"search_filter_17635\"],label[for=\"search_filter_17640\"]  {\n    color: transparent !important; \nwhite-space: nowrap;\n}\nlabel[for=\"search_filter_17640\"],label[for=\"search_filter_17635\"]{\n    position: relative;\ndisplay: flex;\n}\n .main_search_label::after{\ncontent: \"Finden Sie Standorte in der Nähe dieses Standorts\";\n     visibility: visible;\n    color: initial;\n    position: absolute;\n    left: 0;\n}\n.distance_label::after {\n            content: \"Distanz\";\n              visibility: visible;\n    color: initial;\nposition: absolute;\n    right: 0;\n        }\n        .search_limit_label::after {\n            content: \"Ergebnisse\";\n    color: initial;\nposition: absolute;\n    right: 0;\n        }\n#filters_text::after {\n content: \"Such-Filter\";\n    color: initial;\nposition: absolute;\n    left: 0;\n}\n#submitBtn::after {\n    content: \"Suchen\";\n  color: white;\nposition: absolute;\n    margin: 0 auto;\n}\nlabel[for=\"search_filter_17640\"]::after {\n    content: \"Händler\"; \ncolor: initial;\nposition: absolute;\n    left: 20px;\nmargin-top:-25px;\n}\nlabel[for=\"search_filter_17635\"]::after {\n    content: \"Servicezentrum\"; \ncolor: initial;\nposition: absolute;\n    left: 20px;\nmargin-top:-25px;\n}\n{% elsif request.locale.iso_code == 'fr' %}\n .main_search_label,.distance_label,.search_limit_label,#filters_text,#submitBtn,label[for=\"search_filter_17635\"],label[for=\"search_filter_17640\"],label[for=\"search_filter_17634\"] {\n color: transparent !important; \nwhite-space: nowrap;\n}\nlabel[for=\"search_filter_17640\"],label[for=\"search_filter_17635\"],label[for=\"search_filter_17634\"]{\n    position: relative;\ndisplay: flex;\n}\n .main_search_label::after{\ncontent: \"Trouver des sites près de\";\n              visibility: visible;\n    color: initial;\nposition: absolute;\n    left: 0;\n}\n        .distance_label::after {\n            content: \"Distance\";\n              visibility: visible;\n    color: initial;\nposition: absolute;\n    right: 0;\n        }\n        .search_limit_label::after {\n            content: \"Ergebnisse\";\n    color: initial;\nposition: absolute;\n    right: 0;\n        }\n#filters_text::after {\n content: \"Filtres de recherche\";\n    color: initial;\nposition: absolute;\n    left: 0;\n}\n#submitBtn::after {\n    content: \"Recherche\";\n  color: white;\nposition: absolute;\n    margin: 0 auto;\n}\nlabel[for=\"search_filter_17640\"]::after {\n    content: \"Revendeur\"; \ncolor: initial;\nposition: absolute;\n    left: 20px;\nmargin-top:-25px;\n}\nlabel[for=\"search_filter_17635\"]::after {\n    content: \"Centre de service\"; \ncolor: initial;\nposition: absolute;\n    left: 20px;\nmargin-top:-25px;\n}\nlabel[for=\"search_filter_17634\"]::after {\n    content: \"Centre d'essai\"; \ncolor: initial;\nposition: absolute;\n    left: 20px;\nmargin-top:-25px;\n}\n    {% endif %}\n{% endstyle %}"
      }
    },
    "custom_textarea_XGtb4R": {
      "type": "custom_textarea",
      "disabled": true,
      "custom_css": [
        ".custom-tab-container {margin-bottom: 0px !important; padding: 0 !important;}",
        ".custom-text-area {justify-content: center; text-align: center; padding: 60px 0 0 0;}",
        ".description-and-items {text-align: left; justify-content: center;}",
        ".text-description {width: 76% !important; justify-content: center; display: flex; flex-direction: column;}"
      ],
      "settings": {
        "section_title": "Request a test ride at a HEPHA dealer",
        "section_title_de": "Hier können Sie eine Testfahrt bei einem HEPHA-Händler anfragen",
        "section_title_fr": "Ici, vous pouvez demander un essai auprès d'un distributeur HEPHA",
        "text_description": "You can test our bikes at our dealers. Simply check the available dealer shops on the map above using the filter and fill out the form below. Our customer specialist will contact you and arrange the service for you.",
        "text_description_de": "Sie können unsere Fahrräder bei unseren Händlern testen. Überprüfen Sie einfach die verfügbaren Händlershops auf der oben stehenden Karte mithilfe des Filters und füllen Sie das untenstehende Formular aus. Unser Kundenspezialist wird sich mit Ihnen in Verbindung setzen und den Service für Sie arrangieren.",
        "text_description_fr": "Vous pouvez tester nos vélos dans nos concessions. Il vous suffit de vérifier les magasins de concession disponibles sur la carte ci-dessus en utilisant le filtre et de remplir le formulaire ci-dessous. Notre spécialiste client vous contactera et organisera le service pour vous.",
        "title_font_size": 30,
        "text_font_size": 18,
        "show_item_list": true,
        "layout": "title_above",
        "item_font_size": 16,
        "custom_icon": "solid_dot"
      }
    },
    "custom_liquid_HWRACi": {
      "type": "custom-liquid",
      "disabled": true,
      "custom_css": [
        ".strongly-spaced-row,.fully-spaced-row--medium {margin-top: 0; margin-bottom: 80px;}"
      ],
      "settings": {
        "full_width": false,
        "show_space": true,
        "code": "{% if request.locale.iso_code == 'de' %}\n\n\n\n<!--pifyform-start-->\n<style>\n  .pifyform.formloading iframe {\n    visibility: hidden !important;\n  }\n\n  .pifyform.formloading {\n    background-image: url(https://form-builder.pifyapp.com/assets/images/loading.gif?v=4.6);\n    background-position: center 30px;\n    background-size: 30px 30px;\n    background-repeat: no-repeat;\n  }\n</style>\n<div id=\"pifyform-11281\" class=\"pifyform\" style=\"margin:10px 0;\">\n  <script charset=\"UTF-8\" defer>\n    document.getElementById(\"pifyform-11281\").classList.add(\"formloading\");(function(h){function n(a){return null===a?null:a.scrollHeight>a.clientHeight?a:n(a.parentNode)}function t(b){if(b.data && typeof(b.data)==\"string\"){var f =null;try{f=JSON.parse(b.data);}catch(e){}if(f!=null&&f.height!=undefined){if(f.formId==undefined){d.style.height=f.height+\"px\"}else if(\"pifyform-\"+f.formId==d.id){d.style.height=f.height+\"px\"}}if(f!=null&&f.redirect!=undefined&&f.redirect!=\"\"){window.location.href=f.redirect;}if(f!=null&&f.retsetHeight!=undefined&&f.retsetHeight){d.style.height=\"520px\";window.location.href=\"#pifyform-11281\";}if(document.getElementsByClassName('lazyframe').length>0){var lazyframe=document.getElementsByClassName('lazyframe')[0];lazyframe.style.height=\"100%\";lazyframe.removeAttribute(\"data-ratio\");lazyframe.parentNode.style.overflow='hidden'} if(f!=null&&f.getter){b={};var f=[].concat(f.getter),k,h=f.length,m,c,g,e;for(k=0;k<h;k++){m=k;c=f[k]||{};c.n&&(m=c.n);g=null;try{switch(c.t){case \"window\":e=window;break;case \"scrollParent\":e=n(a)||window;break;default:e=a}if(c.e)if(\"rect\"===c.v){g={};var l=e.getBoundingClientRect();g={top:l.top,left:l.left,width:l.width,height:l.height}}else g=e[c.v].apply(e,[].concat(c.e))||!0;else c.s?(e[c.v]=c.s,g=!0):g=e[c.v]||!1}catch(u){}b[m]=g}b.innerState=!p&&!q;a.contentWindow.postMessage(JSON.stringify({queryRes:b}),\"*\")}}}var d = document.getElementById(\"pifyform-11281\");var a = document.createElement(\"iframe\");d.style.overflowY=\"auto\";d.style.overflowX=\"hidden\";var p=d.style.height&&\"auto\"!==d.style.height,q=\"absolute\"===d.style.position||window.getComputedStyle&&\"absolute\"===window.getComputedStyle(d,null).getPropertyValue(\"position\")||d.currentStyle&&\"absolute\"===d.currentStyle.position;h.addEventListener&&h.addEventListener(\"message\",t,!1);a.src=\"https://form-builder-an.pifyapp.com/form/s/11281\";a.id=\"form-iframe-11281\";a.onload=function(){document.getElementById(\"pifyform-11281\").classList.remove(\"formloading\");a.contentWindow.postMessage(JSON.stringify({parentUrl: window.location.href}), \"*\");};a.frameBorder=0;a.scrolling=\"no\";a.style.display=\"block\";a.style.minWidth=\"100%\";a.style.width=\"100px\";a.style.height=\"100%\";a.style.border=\"none\";a.style.overflow=\"auto\";setTimeout(function(){if(!document.getElementById(\"form-iframe-11281\")){d.appendChild(a);}},50);})(window);\n  </script>\n</div>\n<!--pifyform-end-->\n\n{% else %}\n\n{% if request.locale.iso_code == 'fr' %}\n\n<!--pifyform-start-->\n<style>\n  .pifyform.formloading iframe {\n    visibility: hidden !important;\n  }\n\n  .pifyform.formloading {\n    background-image: url(https://form-builder.pifyapp.com/assets/images/loading.gif?v=4.6);\n    background-position: center 30px;\n    background-size: 30px 30px;\n    background-repeat: no-repeat;\n  }\n</style>\n<div id=\"pifyform-11282\" class=\"pifyform\" style=\"margin:10px 0;\">\n  <script charset=\"UTF-8\" defer>\n    document.getElementById(\"pifyform-11282\").classList.add(\"formloading\");(function(h){function n(a){return null===a?null:a.scrollHeight>a.clientHeight?a:n(a.parentNode)}function t(b){if(b.data && typeof(b.data)==\"string\"){var f =null;try{f=JSON.parse(b.data);}catch(e){}if(f!=null&&f.height!=undefined){if(f.formId==undefined){d.style.height=f.height+\"px\"}else if(\"pifyform-\"+f.formId==d.id){d.style.height=f.height+\"px\"}}if(f!=null&&f.redirect!=undefined&&f.redirect!=\"\"){window.location.href=f.redirect;}if(f!=null&&f.retsetHeight!=undefined&&f.retsetHeight){d.style.height=\"520px\";window.location.href=\"#pifyform-11282\";}if(document.getElementsByClassName('lazyframe').length>0){var lazyframe=document.getElementsByClassName('lazyframe')[0];lazyframe.style.height=\"100%\";lazyframe.removeAttribute(\"data-ratio\");lazyframe.parentNode.style.overflow='hidden'} if(f!=null&&f.getter){b={};var f=[].concat(f.getter),k,h=f.length,m,c,g,e;for(k=0;k<h;k++){m=k;c=f[k]||{};c.n&&(m=c.n);g=null;try{switch(c.t){case \"window\":e=window;break;case \"scrollParent\":e=n(a)||window;break;default:e=a}if(c.e)if(\"rect\"===c.v){g={};var l=e.getBoundingClientRect();g={top:l.top,left:l.left,width:l.width,height:l.height}}else g=e[c.v].apply(e,[].concat(c.e))||!0;else c.s?(e[c.v]=c.s,g=!0):g=e[c.v]||!1}catch(u){}b[m]=g}b.innerState=!p&&!q;a.contentWindow.postMessage(JSON.stringify({queryRes:b}),\"*\")}}}var d = document.getElementById(\"pifyform-11282\");var a = document.createElement(\"iframe\");d.style.overflowY=\"auto\";d.style.overflowX=\"hidden\";var p=d.style.height&&\"auto\"!==d.style.height,q=\"absolute\"===d.style.position||window.getComputedStyle&&\"absolute\"===window.getComputedStyle(d,null).getPropertyValue(\"position\")||d.currentStyle&&\"absolute\"===d.currentStyle.position;h.addEventListener&&h.addEventListener(\"message\",t,!1);a.src=\"https://form-builder-an.pifyapp.com/form/s/11282\";a.id=\"form-iframe-11282\";a.onload=function(){document.getElementById(\"pifyform-11282\").classList.remove(\"formloading\");a.contentWindow.postMessage(JSON.stringify({parentUrl: window.location.href}), \"*\");};a.frameBorder=0;a.scrolling=\"no\";a.style.display=\"block\";a.style.minWidth=\"100%\";a.style.width=\"100px\";a.style.height=\"100%\";a.style.border=\"none\";a.style.overflow=\"auto\";setTimeout(function(){if(!document.getElementById(\"form-iframe-11282\")){d.appendChild(a);}},50);})(window);\n  </script>\n</div>\n<!--pifyform-end-->\n\n{% else %}\n\n<!--pifyform-start-->\n<style>\n  .pifyform.formloading iframe {\n    visibility: hidden !important;\n  }\n\n  .pifyform.formloading {\n    background-image: url(https://form-builder.pifyapp.com/assets/images/loading.gif?v=4.6);\n    background-position: center 30px;\n    background-size: 30px 30px;\n    background-repeat: no-repeat;\n  }\n</style>\n<div id=\"pifyform-11262\" class=\"pifyform\" style=\"margin:10px 0;\">\n  <script charset=\"UTF-8\" defer>\n    document.getElementById(\"pifyform-11262\").classList.add(\"formloading\");(function(h){function n(a){return null===a?null:a.scrollHeight>a.clientHeight?a:n(a.parentNode)}function t(b){if(b.data && typeof(b.data)==\"string\"){var f =null;try{f=JSON.parse(b.data);}catch(e){}if(f!=null&&f.height!=undefined){if(f.formId==undefined){d.style.height=f.height+\"px\"}else if(\"pifyform-\"+f.formId==d.id){d.style.height=f.height+\"px\"}}if(f!=null&&f.redirect!=undefined&&f.redirect!=\"\"){window.location.href=f.redirect;}if(f!=null&&f.retsetHeight!=undefined&&f.retsetHeight){d.style.height=\"520px\";window.location.href=\"#pifyform-11262\";}if(document.getElementsByClassName('lazyframe').length>0){var lazyframe=document.getElementsByClassName('lazyframe')[0];lazyframe.style.height=\"100%\";lazyframe.removeAttribute(\"data-ratio\");lazyframe.parentNode.style.overflow='hidden'} if(f!=null&&f.getter){b={};var f=[].concat(f.getter),k,h=f.length,m,c,g,e;for(k=0;k<h;k++){m=k;c=f[k]||{};c.n&&(m=c.n);g=null;try{switch(c.t){case \"window\":e=window;break;case \"scrollParent\":e=n(a)||window;break;default:e=a}if(c.e)if(\"rect\"===c.v){g={};var l=e.getBoundingClientRect();g={top:l.top,left:l.left,width:l.width,height:l.height}}else g=e[c.v].apply(e,[].concat(c.e))||!0;else c.s?(e[c.v]=c.s,g=!0):g=e[c.v]||!1}catch(u){}b[m]=g}b.innerState=!p&&!q;a.contentWindow.postMessage(JSON.stringify({queryRes:b}),\"*\")}}}var d = document.getElementById(\"pifyform-11262\");var a = document.createElement(\"iframe\");d.style.overflowY=\"auto\";d.style.overflowX=\"hidden\";var p=d.style.height&&\"auto\"!==d.style.height,q=\"absolute\"===d.style.position||window.getComputedStyle&&\"absolute\"===window.getComputedStyle(d,null).getPropertyValue(\"position\")||d.currentStyle&&\"absolute\"===d.currentStyle.position;h.addEventListener&&h.addEventListener(\"message\",t,!1);a.src=\"https://form-builder-an.pifyapp.com/form/s/11262\";a.id=\"form-iframe-11262\";a.onload=function(){document.getElementById(\"pifyform-11262\").classList.remove(\"formloading\");a.contentWindow.postMessage(JSON.stringify({parentUrl: window.location.href}), \"*\");};a.frameBorder=0;a.scrolling=\"no\";a.style.display=\"block\";a.style.minWidth=\"100%\";a.style.width=\"100px\";a.style.height=\"100%\";a.style.border=\"none\";a.style.overflow=\"auto\";setTimeout(function(){if(!document.getElementById(\"form-iframe-11262\")){d.appendChild(a);}},50);})(window);\n  </script>\n</div>\n<!--pifyform-end-->\n\n{% endif %}\n\n{% endif %}"
      }
    },
    "custom_two_colum_banner_mqnQfe": {
      "type": "custom-two-colum-banner",
      "blocks": {
        "slide_L9NfmB": {
          "type": "slide",
          "settings": {
            "background_color": "#3c9dca",
            "background_size": "cover",
            "background_position": "center",
            "background_align_items": "center",
            "background_padding_top": 0,
            "background_padding_left": 0,
            "background_padding_right": 0,
            "background_padding_bottom": 0,
            "liquid_content": "",
            "subheading_image_title_link": "",
            "subheading_image_title_position": "",
            "title_1": "<p>Test Ride with Our Partners</p>",
            "title_1_de": "<p>Testfahrt mit unseren Partnern<br/></p>",
            "title_1_fr": "<p>Essai de conduite avec nos partenaires</p>",
            "heading_color_1": "#ffffff",
            "heading_size_1": 40,
            "subheading_1": "<p>With our external cooperation partners, you can independently book test rides in different cities. These are free for up to one hour.<br/><br/>Select a city near you from the list below to book. Please kindly always contact our partners to book a Test Ride in advance before you visit them.</p>",
            "subheading_1_de": "<p>Bei unseren externen Kooperationspartnern können Sie selbstständig Probefahrten in verschiedenen Städten buchen. Diese sind bis zu einer Stunde lang kostenlos.<br/><br/>Wählen Sie eine Stadt in Ihrer Nähe aus der Liste unten aus, um zu buchen. Bitte kontaktieren Sie immer unsere Partner, um eine Testfahrt im Voraus zu buchen, bevor Sie sie besuchen.</p>",
            "subheading_1_fr": "<p>Grâce à nos partenaires externes, vous pouvez réserver des trajets d'essai dans différentes villes. Ces essais sont gratuits et ne durent pas plus d'une heure.<br/><br/>Sélectionnez une ville près de chez vous dans la liste ci-dessous pour réserver. Veuillez toujours contacter nos partenaires pour réserver un essai à l'avance avant de vous rendre sur place.</p>",
            "subheading_color_1": "#ffffff",
            "subheading_size_1": 18,
            "liquid_content3": "",
            "subheading_image_1_link": "",
            "subheading_image_1_position": "",
            "subheading_image_1b_position": "",
            "subheading_image_1b_link": "",
            "title_2": "",
            "title_2_de": "",
            "title_2_fr": "",
            "heading_color_2": "#000000",
            "heading_size_2": 24,
            "subheading_2": "",
            "subheading_2_de": "",
            "subheading_2_fr": "",
            "subheading_color_2": "#000000",
            "subheading_size_2": 16,
            "subheading_image_2_position": "",
            "subheading_image_2_link": "",
            "collection": "",
            "buttongroup_label": "",
            "buttongroup_label_de": "",
            "buttongroup_label_fr": "",
            "button_label": "",
            "button_label_de": "",
            "button_label_fr": "",
            "link": "",
            "button_color": "#007bff",
            "button2_label": "",
            "button2_label_de": "",
            "button2_label_fr": "",
            "link2": "",
            "link2_de": "",
            "link2_fr": "",
            "button2_color": "#007bff",
            "button_text_color": "#ffffff",
            "column_1title": "",
            "column_1title_de": "",
            "column_1title_fr": "",
            "column_1description": "",
            "column_1description_de": "",
            "column_1description_fr": "",
            "column_2title": "",
            "column_2title_de": "",
            "column_2title_fr": "",
            "column_2description": "",
            "column_2description_de": "",
            "column_2description_fr": "",
            "column_3title": "",
            "column_3title_de": "",
            "column_3title_fr": "",
            "column_3description": "",
            "column_3description_de": "",
            "column_3description_fr": "",
            "column_4title": "",
            "column_4title_de": "",
            "column_4title_fr": "",
            "column_4description": "",
            "column_4description_de": "",
            "column_4description_fr": "",
            "liquid_content2": ""
          }
        },
        "slide_J3pbxz": {
          "type": "slide",
          "settings": {
            "background_color": "#eaeaea",
            "background_size": "cover",
            "background_position": "center",
            "background_align_items": "center",
            "background_padding_top": 0,
            "background_padding_left": 0,
            "background_padding_right": 0,
            "background_padding_bottom": 0,
            "liquid_content": "",
            "subheading_image_title_link": "",
            "subheading_image_title_position": "",
            "title_1": "<p>Berlin:<br/>Veloroo CycleHub</p>",
            "title_1_de": "<p>Berlin:<br/>Veloroo CycleHub</p>",
            "title_1_fr": "<p>Paris:<br/>Les Hauts Vélos</p>",
            "heading_color_1": "#000000",
            "heading_size_1": 30,
            "subheading_1": "<p><strong>Add:<br/></strong>Chausseestr 124, 10115 Berlin<br/><br/><strong>Tel:<br/></strong>0049 (0)1512 8998641<br/><br/><strong>Mail:<br/></strong><a href=\"mailto:Cyclehub@veloroo.de\">Cyclehub@veloroo.de</a></p>",
            "subheading_1_de": "<p><strong>Add:<br/></strong>Chausseestr 124, 10115 Berlin<br/><br/><strong>Tel:<br/></strong>0049 (0)1512 8998641<br/><br/><strong>Mail:<br/></strong><a href=\"mailto:Cyclehub@veloroo.de\">Cyclehub@veloroo.de</a></p>",
            "subheading_1_fr": "<p><strong>Add:</strong><br/>14 rue Sainte-Cécile75009 Paris<br/><br/><strong>Tél:<br/></strong>0033 09 73 88 90 96<br/><br/><strong>Mail:<br/></strong><a href=\"mailto:contact%40lhv.store?subject=&body=\">contact@lhv.store</a></p>",
            "subheading_color_1": "#000000",
            "subheading_size_1": 20,
            "liquid_content3": "",
            "subheading_image_1_link": "",
            "subheading_image_1_position": "",
            "subheading_image_1b_position": "",
            "subheading_image_1b_link": "",
            "title_2": "",
            "title_2_de": "",
            "title_2_fr": "",
            "heading_color_2": "#000000",
            "heading_size_2": 24,
            "subheading_2": "",
            "subheading_2_de": "",
            "subheading_2_fr": "",
            "subheading_color_2": "#000000",
            "subheading_size_2": 16,
            "subheading_image_2_position": "",
            "subheading_image_2_link": "",
            "collection": "",
            "buttongroup_label": "",
            "buttongroup_label_de": "",
            "buttongroup_label_fr": "",
            "button_label": "Book now",
            "button_label_de": "Jetzt buchen",
            "button_label_fr": "Réserver maintenant",
            "link": "https://veloroo.de/test-centre/",
            "button_color": "#202223",
            "button2_label": "",
            "button2_label_de": "",
            "button2_label_fr": "",
            "link2": "",
            "link2_de": "",
            "link2_fr": "",
            "button2_color": "#007bff",
            "button_text_color": "#ffffff",
            "column_1title": "",
            "column_1title_de": "",
            "column_1title_fr": "",
            "column_1description": "",
            "column_1description_de": "",
            "column_1description_fr": "",
            "column_2title": "",
            "column_2title_de": "",
            "column_2title_fr": "",
            "column_2description": "",
            "column_2description_de": "",
            "column_2description_fr": "",
            "column_3title": "",
            "column_3title_de": "",
            "column_3title_fr": "",
            "column_3description": "",
            "column_3description_de": "",
            "column_3description_fr": "",
            "column_4title": "",
            "column_4title_de": "",
            "column_4title_fr": "",
            "column_4description": "",
            "column_4description_de": "",
            "column_4description_fr": "",
            "liquid_content2": ""
          }
        }
      },
      "block_order": ["slide_L9NfmB", "slide_J3pbxz"],
      "custom_css": [
        "@media (max-width: 768px) {.two-column-slide__heading {font-size: 28px !important; line-height: 40px !important; } .two-column-slide__text {font-size: 18px !important; line-height: 24px !important; } .two-column-slide__content {padding: 40px 0; }}"
      ],
      "settings": {
        "section_id": "",
        "mobile_font_size_heading": 40,
        "mobile_line_height_heading": 42,
        "mobile_font_size_text": 20,
        "mobile_line_height_text": 24,
        "mobile_slide_padding_top": 30
      }
    },
    "custom_product_tab_test_m9aDPj": {
      "type": "custom-product-tab-test",
      "settings": {
        "title": "Explore more HEPHA E-Bikes",
        "title_de": "Entdecken Sie mehr HEPHA E-Bikes",
        "title_fr": "Découvrez d'autres vélos électriques HEPHA",
        "image": "shopify://shop_images/HEPHA-Trekking7_01_grey_7ff138ad-9f41-4981-b752-1bd80fee72c0.jpg",
        "background_color": "#ffffff",
        "background_position": "center center",
        "background_size": "cover",
        "background_align_items": "flex-start",
        "background_padding_top": 20,
        "background_padding_right": 20,
        "background_padding_bottom": 20,
        "background_padding_left": 20,
        "ad_link": "shopify://collections/hepha-ebikes",
        "ad_button_color": "#000000",
        "ad_button_text_color": "#ffffff",
        "title_1": "<p>Not sure which E-Bike is right for you? Discover and compare our full range of E-Bikes to find the perfect model for your adventures.</p>",
        "title_1_de": "<p>Nicht sicher, welches E-Bike das richtige für Sie ist? Entdecken und vergleichen Sie unser gesamtes Sortiment an E-Bikes, um das perfekte Modell für Ihre Abenteuer zu finden.</p>",
        "title_1_fr": "<p>Vous n’êtes pas sûr de quel vélo électrique est fait pour vous ? Découvrez et comparez notre gamme complète de vélos électriques pour trouver le modèle parfait pour vos aventures.</p>",
        "heading_color_1": "#ffffff",
        "heading_size_1": 18,
        "button_label": "Explore all E-Bikes!",
        "button_label_de": "Entdecke alle E-Bikes!",
        "button_label_fr": "Découvrez tous modèles !",
        "product_source_trekking7ltd": "collection",
        "trekking7ltd_collection": "trekking-7-my23",
        "trekking7ltd_products": [],
        "product_source_trekking7": "collection",
        "trekking7_collection": "new-bike-2024",
        "trekking7_products": [],
        "product_source_mountain7": "collection",
        "mountain7_collection": "mountain-7-2024",
        "mountain7_products": [],
        "product_source_mountain7carbon": "collection",
        "mountain7carbon_collection": "mountain-7-carbon",
        "mountain7carbon_products": [],
        "product_source_city7": "collection",
        "city7_collection": "city-e-bike",
        "city7_products": [],
        "show_description": true
      }
    }
  },
  "order": [
    "custom_two_colum_banner_nrB8ya",
    "custom_textarea_G9GMVg",
    "custom_textarea_BFbFX6",
    "custom_liquid_KwKFND",
    "custom_textarea_NbBPYT",
    "173622007722100f0d",
    "custom_liquid_GiPxmB",
    "custom_textarea_XGtb4R",
    "custom_liquid_HWRACi",
    "custom_two_colum_banner_mqnQfe",
    "custom_product_tab_test_m9aDPj"
  ]
}
