{
  "parent": "page.promotion-2025-06.json",
  "context": { "market": "france" },
  "sections": {
    "custom_two_colum_banner_Peq7dK": {
      "settings": {},
      "blocks": {
        "slide_G6TEhx": {
          "settings": {
            "title_1": "<h6>Summer Sale</h6><h2>Trekking 7 SE</h2><h6>Save up to €500</h6>",
            "title_1_de": "<p>Sommerschlussverkauf</p><h2>Trekking 7 SE</h2><h6>Sparen Sie bis zu €400  + Gratis Versicherung</h6>"
          }
        }
      }
    },
    "collapsible_tabs_qETzUn": {
      "settings": {},
      "blocks": {
        "question_CqpMaE": {
          "settings": {
            "answer": "<p>A: For the Trekking 7 SE Long Range (RRP: €2,799), you get the following offers:</p><p>-€400: Price discount, the final price is €2,399.</p>",
            "answer_de": "<p>A: Für das Trekking 7 SE Long Range (UVP: 2.799 €) erhalten Sie folgende Angebote:</p><p>-400 €: Preisnachlass, der Endpreis beträgt 2.399 €.</p>",
            "answer_fr": "<p>R: Pour le Trekking 7 SE Long Range (PVP : 2 799 €), vous bénéficiez des offres suivantes :</p><p>- 400 € : Remise, le prix final est de 2 399 €.</p>"
          }
        },
        "question_awRpRT": {
          "settings": {
            "answer": "<p>A: For the Trekking 7 SE Ultra  (RRP: €3,299), you get the following offers:</p><p>-€500: Price discount, the final price is €2,799.</p>",
            "answer_de": "<p>A: Für das Trekking 7 SE Ultra (UVP: 3.299 €) erhalten Sie folgende Angebote:</p><p>- 500 €: Preisnachlass, der Endpreis beträgt 2.799 €.</p>",
            "answer_fr": "<p>R: Pour le Trekking 7 SE Ultra (PVP : 3 299 €), vous bénéficiez des offres suivantes :</p><p>- 500 € : Remise, le prix final est de 2 799 €.</p>"
          }
        },
        "question_ytzVBz": { "disabled": true, "settings": {} },
        "question_bbRFXj": { "disabled": true, "settings": {} }
      }
    },
    "custom_imagerow_MfjKmf": {
      "settings": {},
      "blocks": {},
      "block_order": []
    }
  },
  "order": [
    "custom_two_colum_banner_Peq7dK",
    "custom_two_colum_banner_kji6Re",
    "custom_liquid_dbXEPa",
    "custom_sale_tab_3_F6gyF3",
    "custom_imagerow_jAg74G",
    "custom_sale_tab_3_4Mhfkx",
    "custom_imagerow_MfjKmf",
    "17415882502d62e51b",
    "collapsible_tabs_qETzUn"
  ]
}
