{
  "sections": {
    "custom_two_colum_banner_9UhdKh": {
      "type": "custom-two-colum-banner",
      "blocks": {
        "slide_b4t8hw": {
          "type": "slide",
          "settings": {
            "background_color": "#ecf0f1",
            "liquid_content4": "",
            "background_size": "cover",
            "background_position": "center",
            "background_align_items": "center",
            "background_padding_top": 0,
            "background_padding_left": 0,
            "background_padding_right": 0,
            "background_padding_bottom": 0,
            "liquid_content": "",
            "subheading_image_title_link": "",
            "subheading_image_title_position": "",
            "title_1": "<p>A motor to overtake the bike market.</p>",
            "title_1_de": "<p>Zum Überholen entwickelt.</p>",
            "title_1_fr": "<p>Conçu pour dépasser.</p>",
            "title_1_fi": "<p>Moottori joka on tehty valloittamaan markkina.</p>",
            "heading_color_1": "#000000",
            "heading_size_1": 60,
            "subheading_1": "<p>As one of the very few e-bike brands, we employ our own drive system in our e-bikes. Developed by around 100 engineers for almost 5 years, this system is characterized by numerous innovative features, which we will briefly introduce to you here.</p>",
            "subheading_1_de": "<p>Als einer der ganz wenigen Hersteller setzen wir bei unseren E-Bikes ein eigenes Antriebssystem ein. Dieses wurde in einem Zeitraum von fast 5 Jahren von rund 100 Ingenieuren für uns entwickelt und zeichnet sich durch viele innovative Features aus, die wir Ihnen hier kurz vorstellen.</p>",
            "subheading_1_fr": "<p>En tant que l'un des rares fabricants, nous utilisons notre propre système de propulsion dans nos vélos électriques. Celui-ci a été développé sur une période de près de 5 ans par environ 100 ingénieurs et se distingue par de nombreuses fonctionnalités innovantes, que nous vous présenterons brièvement ici.</p>",
            "subheading_1_fi": "<p>Yhtenä harvoista sähköpyörämerkeistä käytämme omavalmistamaamme sähkömoottorijärjestelmää. Noin sadan insinöörin kehittämä järjestelmä on täynnä innovatiivisia ominaisuuksia, joita esittelemme seuraavaksi sinulle lyhyesti.</p>",
            "subheading_color_1": "#000000",
            "subheading_size_1": 18,
            "liquid_content3": "",
            "subheading_image_1_link": "",
            "subheading_image_1_position": "",
            "subheading_image_1b_position": "",
            "subheading_image_1b_link": "",
            "title_2": "",
            "title_2_de": "",
            "title_2_fr": "",
            "title_2_fi": "",
            "heading_color_2": "#000000",
            "heading_size_2": 24,
            "subheading_2": "",
            "subheading_2_de": "",
            "subheading_2_fr": "",
            "subheading_2_fi": "",
            "subheading_color_2": "#000000",
            "subheading_size_2": 16,
            "subheading_image_2_position": "",
            "subheading_image_2_link": "",
            "collection": "",
            "buttongroup_label": "",
            "buttongroup_label_de": "",
            "buttongroup_label_fr": "",
            "buttongroup_label_fi": "",
            "button_label": "",
            "button_label_de": "",
            "button_label_fr": "",
            "button_label_fi": "",
            "link": "",
            "button_color": "#007bff",
            "button2_label": "",
            "button2_label_de": "",
            "button2_label_fr": "",
            "button2_label_fi": "",
            "link2": "",
            "link2_de": "",
            "link2_fr": "",
            "link2_fi": "",
            "button2_color": "#007bff",
            "button_text_color": "#ffffff",
            "column_1title": "",
            "column_1title_de": "",
            "column_1title_fr": "",
            "column_1title_fi": "",
            "column_1description": "",
            "column_1description_de": "",
            "column_1description_fr": "",
            "column_1description_fi": "",
            "column_2title": "",
            "column_2title_de": "",
            "column_2title_fr": "",
            "column_2title_fi": "",
            "column_2description": "",
            "column_2description_de": "",
            "column_2description_fr": "",
            "column_2description_fi": "",
            "column_3title": "",
            "column_3title_de": "",
            "column_3title_fr": "",
            "column_3title_fi": "",
            "column_3description": "",
            "column_3description_de": "",
            "column_3description_fr": "",
            "column_3description_fi": "",
            "column_4title": "",
            "column_4title_de": "",
            "column_4title_fr": "",
            "column_4title_fi": "",
            "column_4description": "",
            "column_4description_de": "",
            "column_4description_fr": "",
            "column_4description_fi": "",
            "liquid_content2": "",
            "liquid_content5": ""
          }
        },
        "slide_ELCJbe": {
          "type": "slide",
          "settings": {
            "image": "shopify://shop_images/HEPHA_MY24_P101_Exploded_View_1.png",
            "background_color": "#ecf0f1",
            "liquid_content4": "",
            "background_size": "contain",
            "background_position": "center",
            "background_align_items": "center",
            "background_padding_top": 0,
            "background_padding_left": 0,
            "background_padding_right": 0,
            "background_padding_bottom": 0,
            "liquid_content": "",
            "subheading_image_title_link": "",
            "subheading_image_title_position": "",
            "title_1": "",
            "title_1_de": "",
            "title_1_fr": "",
            "title_1_fi": "",
            "heading_color_1": "#000000",
            "heading_size_1": 50,
            "subheading_1": "",
            "subheading_1_de": "",
            "subheading_1_fr": "",
            "subheading_1_fi": "",
            "subheading_color_1": "#000000",
            "subheading_size_1": 16,
            "liquid_content3": "",
            "subheading_image_1_link": "",
            "subheading_image_1_position": "",
            "subheading_image_1b_position": "",
            "subheading_image_1b_link": "",
            "title_2": "",
            "title_2_de": "",
            "title_2_fr": "",
            "title_2_fi": "",
            "heading_color_2": "#000000",
            "heading_size_2": 24,
            "subheading_2": "",
            "subheading_2_de": "",
            "subheading_2_fr": "",
            "subheading_2_fi": "",
            "subheading_color_2": "#000000",
            "subheading_size_2": 16,
            "subheading_image_2_position": "",
            "subheading_image_2_link": "",
            "collection": "",
            "buttongroup_label": "",
            "buttongroup_label_de": "",
            "buttongroup_label_fr": "",
            "buttongroup_label_fi": "",
            "button_label": "",
            "button_label_de": "",
            "button_label_fr": "",
            "button_label_fi": "",
            "link": "",
            "button_color": "#007bff",
            "button2_label": "",
            "button2_label_de": "",
            "button2_label_fr": "",
            "button2_label_fi": "",
            "link2": "",
            "link2_de": "",
            "link2_fr": "",
            "link2_fi": "",
            "button2_color": "#007bff",
            "button_text_color": "#ffffff",
            "column_1title": "",
            "column_1title_de": "",
            "column_1title_fr": "",
            "column_1title_fi": "",
            "column_1description": "",
            "column_1description_de": "",
            "column_1description_fr": "",
            "column_1description_fi": "",
            "column_2title": "",
            "column_2title_de": "",
            "column_2title_fr": "",
            "column_2title_fi": "",
            "column_2description": "",
            "column_2description_de": "",
            "column_2description_fr": "",
            "column_2description_fi": "",
            "column_3title": "",
            "column_3title_de": "",
            "column_3title_fr": "",
            "column_3title_fi": "",
            "column_3description": "",
            "column_3description_de": "",
            "column_3description_fr": "",
            "column_3description_fi": "",
            "column_4title": "",
            "column_4title_de": "",
            "column_4title_fr": "",
            "column_4title_fi": "",
            "column_4description": "",
            "column_4description_de": "",
            "column_4description_fr": "",
            "column_4description_fi": "",
            "liquid_content2": "",
            "liquid_content5": ""
          }
        }
      },
      "block_order": ["slide_b4t8hw", "slide_ELCJbe"],
      "custom_css": [
        "@media (max-width: 768px) {.two-column-slide__heading {font-size: 34px !important; line-height: 40px !important; } .two-column-slide__text {font-size: 18px !important; line-height: 24px !important; } .two-column-slide__content {padding: 40px 0; } .two-column-slide {background-size: cover !important; min-height: 400px; } .banner-title h1 {font-size: 30px !important; }}"
      ],
      "settings": {
        "section_id": "",
        "mobile_font_size_heading": 40,
        "mobile_line_height_heading": 42,
        "mobile_font_size_text": 20,
        "mobile_line_height_text": 24,
        "mobile_slide_padding_top": 30
      }
    },
    "custom_two_colum_banner_gPHUzF": {
      "type": "custom-two-colum-banner",
      "blocks": {
        "slide_4WxwA9": {
          "type": "slide",
          "settings": {
            "image": "shopify://shop_images/RUD6181_SR_1.jpg",
            "background_color": "#ffffff",
            "liquid_content4": "",
            "background_size": "cover",
            "background_position": "center",
            "background_align_items": "center",
            "background_padding_top": 0,
            "background_padding_left": 0,
            "background_padding_right": 0,
            "background_padding_bottom": 0,
            "liquid_content": "",
            "subheading_image_title_link": "",
            "subheading_image_title_position": "",
            "title_1": "",
            "title_1_de": "",
            "title_1_fr": "",
            "title_1_fi": "",
            "heading_color_1": "#000000",
            "heading_size_1": 24,
            "subheading_1": "",
            "subheading_1_de": "",
            "subheading_1_fr": "",
            "subheading_1_fi": "",
            "subheading_color_1": "#000000",
            "subheading_size_1": 16,
            "liquid_content3": "",
            "subheading_image_1_link": "",
            "subheading_image_1_position": "",
            "subheading_image_1b_position": "",
            "subheading_image_1b_link": "",
            "title_2": "",
            "title_2_de": "",
            "title_2_fr": "",
            "title_2_fi": "",
            "heading_color_2": "#000000",
            "heading_size_2": 24,
            "subheading_2": "",
            "subheading_2_de": "",
            "subheading_2_fr": "",
            "subheading_2_fi": "",
            "subheading_color_2": "#000000",
            "subheading_size_2": 16,
            "subheading_image_2_position": "",
            "subheading_image_2_link": "",
            "collection": "",
            "buttongroup_label": "",
            "buttongroup_label_de": "",
            "buttongroup_label_fr": "",
            "buttongroup_label_fi": "",
            "button_label": "",
            "button_label_de": "",
            "button_label_fr": "",
            "button_label_fi": "",
            "link": "",
            "button_color": "#007bff",
            "button2_label": "",
            "button2_label_de": "",
            "button2_label_fr": "",
            "button2_label_fi": "",
            "link2": "",
            "link2_de": "",
            "link2_fr": "",
            "link2_fi": "",
            "button2_color": "#007bff",
            "button_text_color": "#ffffff",
            "column_1title": "",
            "column_1title_de": "",
            "column_1title_fr": "",
            "column_1title_fi": "",
            "column_1description": "",
            "column_1description_de": "",
            "column_1description_fr": "",
            "column_1description_fi": "",
            "column_2title": "",
            "column_2title_de": "",
            "column_2title_fr": "",
            "column_2title_fi": "",
            "column_2description": "",
            "column_2description_de": "",
            "column_2description_fr": "",
            "column_2description_fi": "",
            "column_3title": "",
            "column_3title_de": "",
            "column_3title_fr": "",
            "column_3title_fi": "",
            "column_3description": "",
            "column_3description_de": "",
            "column_3description_fr": "",
            "column_3description_fi": "",
            "column_4title": "",
            "column_4title_de": "",
            "column_4title_fr": "",
            "column_4title_fi": "",
            "column_4description": "",
            "column_4description_de": "",
            "column_4description_fr": "",
            "column_4description_fi": "",
            "liquid_content2": "",
            "liquid_content5": ""
          }
        },
        "slide_kRh4Y7": {
          "type": "slide",
          "settings": {
            "background_color": "#66ad78",
            "liquid_content4": "",
            "background_size": "cover",
            "background_position": "center",
            "background_align_items": "center",
            "background_padding_top": 0,
            "background_padding_left": 0,
            "background_padding_right": 0,
            "background_padding_bottom": 0,
            "liquid_content": "",
            "subheading_image_title_link": "",
            "subheading_image_title_position": "",
            "title_1": "<p>Drive lighter, <br/>faster, longer.</p>",
            "title_1_de": "<p>Leichter, kraftvoller &<br/>effizienter</p>",
            "title_1_fr": "<p>Roulez plus léger, plus vite,<br/>plus longtemps.</p>",
            "title_1_fi": "<p>Aja kevyemmin, <br/>nopeammin ja pidempään.</p>",
            "heading_color_1": "#c6ffd1",
            "heading_size_1": 46,
            "subheading_1": "<p>Experience the HEPHA advantage with our P101 motor, offering unmatched power-to-weight ratio and efficiency. Enjoy longer rides with superior performance on any terrain.</p>",
            "subheading_1_de": "<p>Unser HEPHA P100-Antrieb ist leichter und kraftvoller als die meisten Systeme anderer Hersteller. Darüber hinaus ist es deutlich effizienter, vermeidet Leistungsreduktion durch Wärme und ermöglicht somit eine spürbar höhere Reichweite. Hinzu kommt das serienmäßige Schnelladegerät, das den Akku 1,5-mal schneller auflädt als herkömmliche Ladegeräte.</p>",
            "subheading_1_fr": "<p>Découvrez l'avantage HEPHA avec notre moteur P101, qui offre un rapport poids/puissance et une efficacité inégalés. Profitez de trajets plus longs avec des performances supérieures sur tous les terrains.</p>",
            "subheading_1_fi": "<p>HEPHA:n P101-moottori tarjoaa kuljettajallensa markkinoilla vertaansa vailla olevan teho-painosuhteen ja raakaa voimaa helpottamaan hankalimmankin ylämäen valloittamista. Nauti HEPHA:n loistavasta suorituskyvystä kaikilla alustoilla.</p>",
            "subheading_color_1": "#ffffff",
            "subheading_size_1": 18,
            "liquid_content3": "",
            "subheading_image_1_link": "",
            "subheading_image_1_position": "",
            "subheading_image_1b_position": "",
            "subheading_image_1b_link": "",
            "title_2": "",
            "title_2_de": "",
            "title_2_fr": "",
            "title_2_fi": "",
            "heading_color_2": "#000000",
            "heading_size_2": 24,
            "subheading_2": "",
            "subheading_2_de": "",
            "subheading_2_fr": "",
            "subheading_2_fi": "",
            "subheading_color_2": "#000000",
            "subheading_size_2": 16,
            "subheading_image_2_position": "",
            "subheading_image_2_link": "",
            "collection": "",
            "buttongroup_label": "",
            "buttongroup_label_de": "",
            "buttongroup_label_fr": "",
            "buttongroup_label_fi": "",
            "button_label": "",
            "button_label_de": "",
            "button_label_fr": "",
            "button_label_fi": "",
            "link": "",
            "button_color": "#007bff",
            "button2_label": "",
            "button2_label_de": "",
            "button2_label_fr": "",
            "button2_label_fi": "",
            "link2": "",
            "link2_de": "",
            "link2_fr": "",
            "link2_fi": "",
            "button2_color": "#007bff",
            "button_text_color": "#ffffff",
            "column_1title": "",
            "column_1title_de": "",
            "column_1title_fr": "",
            "column_1title_fi": "",
            "column_1description": "",
            "column_1description_de": "",
            "column_1description_fr": "",
            "column_1description_fi": "",
            "column_2title": "",
            "column_2title_de": "",
            "column_2title_fr": "",
            "column_2title_fi": "",
            "column_2description": "",
            "column_2description_de": "",
            "column_2description_fr": "",
            "column_2description_fi": "",
            "column_3title": "",
            "column_3title_de": "",
            "column_3title_fr": "",
            "column_3title_fi": "",
            "column_3description": "",
            "column_3description_de": "",
            "column_3description_fr": "",
            "column_3description_fi": "",
            "column_4title": "",
            "column_4title_de": "",
            "column_4title_fr": "",
            "column_4title_fi": "",
            "column_4description": "",
            "column_4description_de": "",
            "column_4description_fr": "",
            "column_4description_fi": "",
            "liquid_content2": "",
            "liquid_content5": ""
          }
        }
      },
      "block_order": ["slide_4WxwA9", "slide_kRh4Y7"],
      "custom_css": [
        "@media (max-width: 768px) {.two-column-slide__heading {font-size: 34px !important; line-height: 40px !important; } .two-column-slide__text {font-size: 18px !important; line-height: 24px !important; } .two-column-slide__content {padding: 40px 0; }}"
      ],
      "settings": {
        "section_id": "",
        "mobile_font_size_heading": 40,
        "mobile_line_height_heading": 42,
        "mobile_font_size_text": 20,
        "mobile_line_height_text": 24,
        "mobile_slide_padding_top": 30
      }
    },
    "custom_two_colum_banner_gt9FyJ": {
      "type": "custom-two-colum-banner",
      "blocks": {
        "slide_TyG6xd": {
          "type": "slide",
          "settings": {
            "background_color": "#f2a112",
            "liquid_content4": "",
            "background_size": "cover",
            "background_position": "center",
            "background_align_items": "center",
            "background_padding_top": 0,
            "background_padding_left": 0,
            "background_padding_right": 0,
            "background_padding_bottom": 0,
            "liquid_content": "",
            "subheading_image_title_link": "",
            "subheading_image_title_position": "",
            "title_1": "<p>A real powerhouse</p>",
            "title_1_de": "<p>Ein echtes Kraftwerk</p>",
            "title_1_fr": "<p>Une véritable centrale électrique</p>",
            "title_1_fi": "<p>Pysäyttämätöntä voimaa</p>",
            "heading_color_1": "#ffe6ae",
            "heading_size_1": 46,
            "subheading_1": "<p>At its core lies the Hepha P101C motor, offering ample reserves with a maximum torque of up to 100 Nm. Equipped with 4 sensors and rapid motor control, it reacts sensitively in every situation, making it extremely intuitive to handle. Moreover, its subtle noise development seamlessly integrates it into the e-bike experience.</p>",
            "subheading_1_de": "<p>Im Zentrum befindet sich der Hepha P101C Motor, der mit einem maximalen Drehmoment von bis zu 100 Nm viel Reserven bietet. Dank seiner 4 Sensoren und der schnellen Motorsteuerung reagiert er in jeder Situation sensibel und lässt sich dadurch äußerst intuitiv steuern. Dank seiner dezenten Geräuschentwicklung fügt er sich darüber hinaus harmonisch in das E-Bike-Erlebnis ein.</p>",
            "subheading_1_fr": "<p>Au cœur se trouve le moteur Hepha P101C, offrant des réserves importantes avec un couple maximal pouvant atteindre 100 Nm. Doté de 4 capteurs et d'un contrôle moteur rapide, il réagit de manière sensible dans toutes les situations, le rendant extrêmement intuitif à manipuler. De plus, son développement sonore discret s'intègre harmonieusement à l'expérience du vélo électrique.</p>",
            "subheading_1_fi": "<p>Kaiken ytimessä on HEPHA P101C -moottori, joka tarjoaa huikean 100Nm:n väännön. Moottori on varustettu neljällä tarkalla anturilla ja nopeatoimisella moottorinohjauksella, joka reagoi herkästi jokaisessa tilanteessa. Tämä tekee P101C:stä äärimmäisen loogisen ja helpon hallita. Lisäksi moottori on alan standardeihin verrattuna hiljainen, ja hienovarainen moottoriääni sulautuu saumattomasti muuhun ajon aikaiseen äänimaailmaan.</p>",
            "subheading_color_1": "#ffffff",
            "subheading_size_1": 18,
            "liquid_content3": "",
            "subheading_image_1_link": "",
            "subheading_image_1_position": "",
            "subheading_image_1b_position": "",
            "subheading_image_1b_link": "",
            "title_2": "",
            "title_2_de": "",
            "title_2_fr": "",
            "title_2_fi": "",
            "heading_color_2": "#000000",
            "heading_size_2": 24,
            "subheading_2": "",
            "subheading_2_de": "",
            "subheading_2_fr": "",
            "subheading_2_fi": "",
            "subheading_color_2": "#000000",
            "subheading_size_2": 16,
            "subheading_image_2_position": "",
            "subheading_image_2_link": "",
            "collection": "",
            "buttongroup_label": "",
            "buttongroup_label_de": "",
            "buttongroup_label_fr": "",
            "buttongroup_label_fi": "",
            "button_label": "",
            "button_label_de": "",
            "button_label_fr": "",
            "button_label_fi": "",
            "link": "",
            "button_color": "#007bff",
            "button2_label": "",
            "button2_label_de": "",
            "button2_label_fr": "",
            "button2_label_fi": "",
            "link2": "",
            "link2_de": "",
            "link2_fr": "",
            "link2_fi": "",
            "button2_color": "#007bff",
            "button_text_color": "#ffffff",
            "column_1title": "",
            "column_1title_de": "",
            "column_1title_fr": "",
            "column_1title_fi": "",
            "column_1description": "",
            "column_1description_de": "",
            "column_1description_fr": "",
            "column_1description_fi": "",
            "column_2title": "",
            "column_2title_de": "",
            "column_2title_fr": "",
            "column_2title_fi": "",
            "column_2description": "",
            "column_2description_de": "",
            "column_2description_fr": "",
            "column_2description_fi": "",
            "column_3title": "",
            "column_3title_de": "",
            "column_3title_fr": "",
            "column_3title_fi": "",
            "column_3description": "",
            "column_3description_de": "",
            "column_3description_fr": "",
            "column_3description_fi": "",
            "column_4title": "",
            "column_4title_de": "",
            "column_4title_fr": "",
            "column_4title_fi": "",
            "column_4description": "",
            "column_4description_de": "",
            "column_4description_fr": "",
            "column_4description_fi": "",
            "liquid_content2": "",
            "liquid_content5": ""
          }
        },
        "slide_tMjjJY": {
          "type": "slide",
          "settings": {
            "image": "shopify://shop_images/RUD0593_1.jpg",
            "background_color": "#ffffff",
            "liquid_content4": "",
            "background_size": "cover",
            "background_position": "center",
            "background_align_items": "center",
            "background_padding_top": 0,
            "background_padding_left": 0,
            "background_padding_right": 0,
            "background_padding_bottom": 0,
            "liquid_content": "",
            "subheading_image_title_link": "",
            "subheading_image_title_position": "",
            "title_1": "",
            "title_1_de": "",
            "title_1_fr": "",
            "title_1_fi": "",
            "heading_color_1": "#000000",
            "heading_size_1": 24,
            "subheading_1": "",
            "subheading_1_de": "",
            "subheading_1_fr": "",
            "subheading_1_fi": "",
            "subheading_color_1": "#000000",
            "subheading_size_1": 16,
            "liquid_content3": "",
            "subheading_image_1_link": "",
            "subheading_image_1_position": "",
            "subheading_image_1b_position": "",
            "subheading_image_1b_link": "",
            "title_2": "",
            "title_2_de": "",
            "title_2_fr": "",
            "title_2_fi": "",
            "heading_color_2": "#000000",
            "heading_size_2": 24,
            "subheading_2": "",
            "subheading_2_de": "",
            "subheading_2_fr": "",
            "subheading_2_fi": "",
            "subheading_color_2": "#000000",
            "subheading_size_2": 16,
            "subheading_image_2_position": "",
            "subheading_image_2_link": "",
            "collection": "",
            "buttongroup_label": "",
            "buttongroup_label_de": "",
            "buttongroup_label_fr": "",
            "buttongroup_label_fi": "",
            "button_label": "",
            "button_label_de": "",
            "button_label_fr": "",
            "button_label_fi": "",
            "link": "",
            "button_color": "#007bff",
            "button2_label": "",
            "button2_label_de": "",
            "button2_label_fr": "",
            "button2_label_fi": "",
            "link2": "",
            "link2_de": "",
            "link2_fr": "",
            "link2_fi": "",
            "button2_color": "#007bff",
            "button_text_color": "#ffffff",
            "column_1title": "",
            "column_1title_de": "",
            "column_1title_fr": "",
            "column_1title_fi": "",
            "column_1description": "",
            "column_1description_de": "",
            "column_1description_fr": "",
            "column_1description_fi": "",
            "column_2title": "",
            "column_2title_de": "",
            "column_2title_fr": "",
            "column_2title_fi": "",
            "column_2description": "",
            "column_2description_de": "",
            "column_2description_fr": "",
            "column_2description_fi": "",
            "column_3title": "",
            "column_3title_de": "",
            "column_3title_fr": "",
            "column_3title_fi": "",
            "column_3description": "",
            "column_3description_de": "",
            "column_3description_fr": "",
            "column_3description_fi": "",
            "column_4title": "",
            "column_4title_de": "",
            "column_4title_fr": "",
            "column_4title_fi": "",
            "column_4description": "",
            "column_4description_de": "",
            "column_4description_fr": "",
            "column_4description_fi": "",
            "liquid_content2": "",
            "liquid_content5": ""
          }
        }
      },
      "block_order": ["slide_TyG6xd", "slide_tMjjJY"],
      "custom_css": [
        "@media (max-width: 768px) {.two-column-slide__heading {font-size: 34px !important; line-height: 40px !important; } .two-column-slide__text {font-size: 18px !important; line-height: 24px !important; } .two-column-slide__content {padding: 40px 0; }}"
      ],
      "settings": {
        "section_id": "",
        "mobile_font_size_heading": 40,
        "mobile_line_height_heading": 42,
        "mobile_font_size_text": 20,
        "mobile_line_height_text": 24,
        "mobile_slide_padding_top": 30
      }
    },
    "custom_sildeshow_tab_2_UAHbr8": {
      "type": "custom_sildeshow_tab_2",
      "custom_css": [
        ".slidefooter-button,.banner-tab-content,.slidefooter-row {display: none;}",
        ".bannertitle {position: relative; margin-bottom: 20px;}",
        ".bannertitle h1 {color: rgb(180, 218, 255); font-size: 30px;}",
        ".bannertitle p,.column-item .column-title,.column-item p {color: white;}",
        ".banner-right-column {display: flex; justify-content: center; align-items: center; background-color: rgb(43, 125, 222);}",
        ".slidedescription {display: block;}",
        ".columns-container {width: 500px;}"
      ],
      "settings": {
        "banner_left_image": "shopify://shop_images/Hepha_Look_7_73ee7e06-cf44-4a94-826d-47d0b3cb67bd.jpg",
        "background_size": "cover",
        "background_position": "center",
        "banner_left_title": "",
        "banner_left_title_de": "",
        "banner_left_title_fr": "",
        "banner_left_text_color": "#ffffff",
        "banner_left_text_size": 20,
        "banner_left_description": "",
        "banner_left_description_de": "",
        "banner_left_description_fr": "",
        "banner_left_description_color": "#ffffff",
        "banner_left_description_size": 14,
        "banner_left_background_color": "",
        "banner_title": "Compact, lightweight and efficient",
        "banner_title_de": "Kompakt, leicht und effizient",
        "banner_title_fr": "Compact, léger et efficace",
        "banner_description": "Thanks to its clever construction and magnesium housing, engineers have managed to reduce its weight to just 2.8 kg. This currently marks one of the highest power densities in the market (35.71 Nm per kg). Despite its performance, the P101 remains extremely compact and, thanks to its innovative thermal system, exceptionally efficient.",
        "banner_description_de": "Dank seiner klugen Konstruktion und dem Magnesium-Gehäuse haben es die Ingenieure geschafft, sein Gewicht auf gerade 2,8 kg zu drücken. Damit markiert er aktuell mitunter die höchste Leistungsdichte im Markt (35,71 Nm pro kg). Darüber hinaus ist der P101 trotz seiner Leistung extrem kompakt und dank seines innovativen thermischen Systems extrem effizient.",
        "banner_description_fr": "Grâce à sa conception intelligente et à son boîtier en magnésium, les ingénieurs ont réussi à réduire son poids à seulement 2,8 kg. Il marque actuellement l'une des densités de puissance les plus élevées sur le marché (35,71 Nm par kg). De plus, malgré sa performance, le P101 reste extrêmement compact et, grâce à son système thermique innovant, extrêmement efficace.",
        "column_1_title": "Weight",
        "column_1_title_de": "Gewicht",
        "column_1_title_fr": "Poids",
        "column_1_description": "2.8 kg",
        "column_1_description_de": "2.8 kg",
        "column_1_description_fr": "2.8 kg",
        "column_2_title": "Sensors",
        "column_2_title_de": "Sensoren",
        "column_2_title_fr": "Poids",
        "column_2_description": "4",
        "column_2_description_de": "4",
        "column_2_description_fr": "4",
        "column_3_title": "Housing",
        "column_3_title_de": "Gehäuse",
        "column_3_title_fr": "Boîtier",
        "column_3_description": "Magnesium",
        "column_3_description_de": "Magnesium",
        "column_3_description_fr": "Magnesium",
        "column_4_title": "",
        "column_4_title_de": "",
        "column_4_title_fr": "",
        "column_4_description": "",
        "column_4_description_de": "",
        "column_4_description_fr": "",
        "footer_title": "",
        "footer_title_de": "",
        "footer_title_fr": "",
        "footer_description": "",
        "footer_description_de": "",
        "footer_description_fr": "",
        "footer_button_url": "",
        "footer_button_text": "",
        "footer_button_text_de": "",
        "footer_button_text_fr": ""
      }
    },
    "custom_liquid_tmeYtE": {
      "type": "custom-liquid",
      "settings": {
        "full_width": true,
        "show_space": true,
        "code": "<style>\n.slidedescription {\n  font-family:\"SF Mono\", Menlo, Consolas, Monaco, \"Liberation Mono\", \"Lucida Console\", monospace, \"Apple Color Emoji\", \"Segoe UI Emoji\", \"Segoe UI Symbol\";\n}\n</style>"
      }
    },
    "custom_textarea_NEiiA3": {
      "type": "custom_textarea",
      "custom_css": ["p {margin-bottom: 0;}"],
      "settings": {
        "section_title": "A package to fulfill  your best lifestyle.",
        "section_title_de": "Ein Antrieb, der Ihnen keine grenzen mehr setzt.",
        "section_title_fr": "Un ensemble de services pour vous permettre de vivre au mieux de votre vie.",
        "section_title_fi": "Kokonaisvaltainen paketti, joka täydentää elämäntapaasi.",
        "text_description": "",
        "text_description_de": "",
        "text_description_fr": "",
        "text_description_fi": "",
        "title_font_size": 50,
        "text_font_size": 16,
        "show_item_list": true,
        "layout": "title_above",
        "item_font_size": 16,
        "custom_icon": "solid_dot"
      }
    },
    "custom_sildeshow_tab_2_KMjgfk": {
      "type": "custom_sildeshow_tab_2",
      "custom_css": [
        ".slidefooter-button,.banner-tab-content,.slidefooter-row {display: none;}",
        ".bannertitle {position: relative; margin-bottom: 20px;}",
        ".bannertitle h1 {color: white; font-size: 30px;}",
        ".bannertitle p,.column-item .column-title,.column-item p {color: white;}",
        ".banner-right-column {display: flex; justify-content: center; align-items: center; background-color: rgb(250, 105, 89); padding: 40px 20px;}",
        ".slidedescription {display: block;}",
        ".columns-container {max-width: 500px;}"
      ],
      "settings": {
        "banner_left_image": "shopify://shop_images/Frame_21_4b06297d-0428-4575-a845-a3b5bfc55f67.jpg",
        "background_size": "cover",
        "background_position": "center",
        "banner_left_title": "",
        "banner_left_title_de": "",
        "banner_left_title_fr": "",
        "banner_left_text_color": "#ffffff",
        "banner_left_text_size": 20,
        "banner_left_description": "",
        "banner_left_description_de": "",
        "banner_left_description_fr": "",
        "banner_left_description_color": "#ffffff",
        "banner_left_description_size": 14,
        "banner_left_background_color": "",
        "banner_title": "State-of-the-art battery technology",
        "banner_title_de": "Modernste Batterietechnologie",
        "banner_title_fr": "Technologie de batterie de pointe",
        "banner_description": "With capacities of 708Wh and 804Wh respectively, the HEPHA lithium-ion batteries provide ample range and energy reserves for every situation. Despite their high capacity, they are remarkably compact and comparatively lightweight, placing them at the forefront of energy density in the market.",
        "banner_description_de": "Mit ihren 708 bzw. 804 Wh Kapazität sorgen die HEPHA Lithium-Ionen-Akkus für genügend Reichweite und Energiereserven für jede Situation. Trotz ihrer hohen Kapazität sind sie ungewöhnlich kompakt und vergleichsweise leicht, weswegen sie auch aktuell in puncto Energiedichte am obersten Ende im Markt liegen.",
        "banner_description_fr": "Avec des capacités respectives de 708 Wh et 804 Wh, les batteries lithium-ion HEPHA offrent une autonomie et des réserves d'énergie suffisantes pour toutes les situations. Malgré leur capacité élevée, elles sont remarquablement compactes et relativement légères, les plaçant en tête de la densité énergétique sur le marché.",
        "column_1_title": "Capacity",
        "column_1_title_de": "Kapazität",
        "column_1_title_fr": "Capacité",
        "column_1_description": "804 Wh / 708 Wh",
        "column_1_description_de": "804 Wh / 708 Wh",
        "column_1_description_fr": "804 Wh / 708 Wh",
        "column_2_title": "Weight",
        "column_2_title_de": "Gewicht",
        "column_2_title_fr": "Poids",
        "column_2_description": "4.03 kg / 3.8 kg",
        "column_2_description_de": "4.03 kg / 3.8 kg",
        "column_2_description_fr": "4.03 kg / 3.8 kg",
        "column_3_title": "Size",
        "column_3_title_de": "Größe",
        "column_3_title_fr": "Taille",
        "column_3_description": "94 x 68.5 x 367 mm",
        "column_3_description_de": "94 x 68.5 x 367 mm",
        "column_3_description_fr": "94 x 68.5 x 367 mm",
        "column_4_title": "Cell type",
        "column_4_title_de": "Zelltyp",
        "column_4_title_fr": "Type de cellule",
        "column_4_description": "21700",
        "column_4_description_de": "21700",
        "column_4_description_fr": "21700",
        "footer_title": "Footer Title",
        "footer_title_de": "",
        "footer_title_fr": "",
        "footer_description": "Footer Description",
        "footer_description_de": "",
        "footer_description_fr": "",
        "footer_button_url": "",
        "footer_button_text": "button",
        "footer_button_text_de": "",
        "footer_button_text_fr": ""
      }
    },
    "custom_sildeshow_tab_2_LbakJE": {
      "type": "custom_sildeshow_tab_2",
      "custom_css": [
        ".slidefooter-button,.banner-tab-content,.slidefooter-row {display: none;}",
        ".bannertitle {position: relative; margin-bottom: 20px;}",
        ".bannertitle h1 {color: white; font-size: 30px;}",
        ".bannertitle p,.column-item .column-title,.column-item p {color: white;}",
        ".banner-right-column {display: flex; justify-content: center; align-items: center; background-color: rgb(242, 161, 18); padding: 40px 20px;}",
        ".slidedescription {display: block;}",
        ".columns-container {max-width: 500px;}"
      ],
      "settings": {
        "banner_left_image": "shopify://shop_images/Frame_284.jpg",
        "background_size": "cover",
        "background_position": "center",
        "banner_left_title": "",
        "banner_left_title_de": "",
        "banner_left_title_fr": "",
        "banner_left_text_color": "#ffffff",
        "banner_left_text_size": 20,
        "banner_left_description": "",
        "banner_left_description_de": "",
        "banner_left_description_fr": "",
        "banner_left_description_color": "#ffffff",
        "banner_left_description_size": 14,
        "banner_left_background_color": "",
        "banner_title": "Standard rapid charger",
        "banner_title_de": "Serienmäßiges Schnellladegerät",
        "banner_title_fr": "Chargeur rapide standard",
        "banner_description": "To get you back on the move quickly, we provide a standard rapid charger with every HEPHA. With its 6A output, it charges the 708Wh battery to half capacity in just 1.6 hours and fully in 4 hours. The HEPHA Charger is dust and waterproof, making it suitable for any journey. This visually appealing charger can also be installed as a wall box.",
        "banner_description_de": "Damit Sie schnell wieder mobil werden, spendieren wir jedem HEPHA serienmäßig ein Schnelladegerät. Mit seinen 6 A lädt es den 708 Wh Akku innerhalb von nur 1,6 h wieder zur Hälfte und in 4 Stunden komplett auf. Der HEPHA Charger ist staub- und wassergeschützt und kann somit auf jede Tour mitgenommen werden. Der optisch attraktive Lader kann auch als Wallbox installiert werden.",
        "banner_description_fr": "Pour vous remettre rapidement en mouvement, nous fournissons un chargeur rapide standard avec chaque HEPHA. Avec sa sortie de 6 A, il charge la batterie de 708 Wh à moitié en seulement 1,6 heures et complètement en 4 heures. Le chargeur HEPHA est étanche à la poussière et à l'eau, ce qui le rend adapté à tous les trajets. Ce chargeur visuellement attrayant peut également être installé comme boîtier mural.",
        "column_1_title": "Charging current",
        "column_1_title_de": "Ladestrom",
        "column_1_title_fr": "Courant de charge",
        "column_1_description": "6 A",
        "column_1_description_de": "6 A",
        "column_1_description_fr": "6 A",
        "column_2_title": "Sealing",
        "column_2_title_de": "Dichtigkeit",
        "column_2_title_fr": "Étanchéité",
        "column_2_description": "IP65",
        "column_2_description_de": "IP65",
        "column_2_description_fr": "IP65",
        "column_3_title": "Weight",
        "column_3_title_de": "Gewicht",
        "column_3_title_fr": "Poids",
        "column_3_description": "635g",
        "column_3_description_de": "635g",
        "column_3_description_fr": "635g",
        "column_4_title": "Charging time (708 Wh)",
        "column_4_title_de": "Ladezeit (708Wh)",
        "column_4_title_fr": "Temps de charge (708 Wh)",
        "column_4_description": "4h (100%), 1.6h (50%)",
        "column_4_description_de": "4h (100%), 1.6h (50%)",
        "column_4_description_fr": "4h (100%), 1.6h (50%)",
        "footer_title": "Footer Title",
        "footer_title_de": "",
        "footer_title_fr": "",
        "footer_description": "Footer Description",
        "footer_description_de": "",
        "footer_description_fr": "",
        "footer_button_url": "",
        "footer_button_text": "button",
        "footer_button_text_de": "",
        "footer_button_text_fr": ""
      }
    },
    "custom_two_colum_banner_Lz3mQi": {
      "type": "custom-two-colum-banner",
      "blocks": {
        "slide_yRxJJf": {
          "type": "slide",
          "settings": {
            "background_color": "#e391a6",
            "liquid_content4": "",
            "background_size": "cover",
            "background_position": "center",
            "background_align_items": "center",
            "background_padding_top": 0,
            "background_padding_left": 0,
            "background_padding_right": 0,
            "background_padding_bottom": 0,
            "liquid_content": "",
            "subheading_image_title_link": "",
            "subheading_image_title_position": "",
            "title_1": "<p>Monitor your e-bike<br/>using Hepha’s App</p>",
            "title_1_de": "<p>Kontrollieren Sie Ihr E-Bike<br/>mit der HEPHA-App.</p>",
            "title_1_fr": "<p>Surveillez votre vélo électrique à<br/>l'aide de l'application HEPHA</p>",
            "title_1_fi": "<p>HEPHA-sovellus – Älykäs kumppani sähköpyörällesi</p>",
            "heading_color_1": "#ffe0e8",
            "heading_size_1": 36,
            "subheading_1": "<p>Unlock the full potential of your HEPHA E-Bike with our free app. Record your rides, configure your E-Bike, and get assistance for your queries. Curious?</p>",
            "subheading_1_de": "<p>Nutzen Sie das volle Potenzial Ihres HEPHA E-Bikes mit der kostenlosen App: Passen Sie den Antrieb perfekt an sich an, sehen Sie sich Tourenauswertungen an und erhalten Sie Unterstützung bei Service-Themen!</p>",
            "subheading_1_fr": "<p>Exploitez tout le potentiel de votre HEPHA E-Bike grâce à notre application gratuite. Enregistrez vos trajets, configurez votre E-Bike et obtenez de l'aide pour vos questions. Vous êtes curieux ?</p>",
            "subheading_1_fi": "<p>Ota HEPHA-sähköpyöräsi koko potentiaali käyttöön ilmaisella mobiilisovelluksella: tallenna ajosi, konfiguroi moottorin avustustasot ja löydä apua tukipalvelusta.</p>",
            "subheading_color_1": "#ffe0e8",
            "subheading_size_1": 18,
            "liquid_content3": "",
            "subheading_image_1_link": "",
            "subheading_image_1_position": "",
            "subheading_image_1b_position": "",
            "subheading_image_1b_link": "",
            "title_2": "",
            "title_2_de": "",
            "title_2_fr": "",
            "title_2_fi": "",
            "heading_color_2": "#000000",
            "heading_size_2": 24,
            "subheading_2": "",
            "subheading_2_de": "",
            "subheading_2_fr": "",
            "subheading_2_fi": "",
            "subheading_color_2": "#000000",
            "subheading_size_2": 16,
            "subheading_image_2_position": "",
            "subheading_image_2_link": "",
            "collection": "",
            "buttongroup_label": "",
            "buttongroup_label_de": "",
            "buttongroup_label_fr": "",
            "buttongroup_label_fi": "",
            "button_label": "Discover Hepha’s App",
            "button_label_de": "Entdecken Sie die Hepha App",
            "button_label_fr": "Découvrez l'application Hepha",
            "button_label_fi": "Löydä Hephan sovellus",
            "link": "shopify://pages/app",
            "button_color": "#ffe0e8",
            "button2_label": "",
            "button2_label_de": "",
            "button2_label_fr": "",
            "button2_label_fi": "",
            "link2": "",
            "link2_de": "",
            "link2_fr": "",
            "link2_fi": "",
            "button2_color": "#007bff",
            "button_text_color": "#e391a6",
            "column_1title": "",
            "column_1title_de": "",
            "column_1title_fr": "",
            "column_1title_fi": "",
            "column_1description": "",
            "column_1description_de": "",
            "column_1description_fr": "",
            "column_1description_fi": "",
            "column_2title": "",
            "column_2title_de": "",
            "column_2title_fr": "",
            "column_2title_fi": "",
            "column_2description": "",
            "column_2description_de": "",
            "column_2description_fr": "",
            "column_2description_fi": "",
            "column_3title": "",
            "column_3title_de": "",
            "column_3title_fr": "",
            "column_3title_fi": "",
            "column_3description": "",
            "column_3description_de": "",
            "column_3description_fr": "",
            "column_3description_fi": "",
            "column_4title": "",
            "column_4title_de": "",
            "column_4title_fr": "",
            "column_4title_fi": "",
            "column_4description": "",
            "column_4description_de": "",
            "column_4description_fr": "",
            "column_4description_fi": "",
            "liquid_content2": "",
            "liquid_content5": ""
          }
        },
        "slide_L8tUEr": {
          "type": "slide",
          "settings": {
            "image": "shopify://shop_images/app_432ee281-bc29-43b1-9f76-b357a74d18a6.png",
            "background_color": "#ffffff",
            "liquid_content4": "",
            "background_size": "cover",
            "background_position": "center",
            "background_align_items": "center",
            "background_padding_top": 0,
            "background_padding_left": 0,
            "background_padding_right": 0,
            "background_padding_bottom": 0,
            "liquid_content": "",
            "subheading_image_title_link": "",
            "subheading_image_title_position": "",
            "title_1": "",
            "title_1_de": "",
            "title_1_fr": "",
            "title_1_fi": "",
            "heading_color_1": "#000000",
            "heading_size_1": 24,
            "subheading_1": "",
            "subheading_1_de": "",
            "subheading_1_fr": "",
            "subheading_1_fi": "",
            "subheading_color_1": "#000000",
            "subheading_size_1": 16,
            "liquid_content3": "",
            "subheading_image_1_link": "",
            "subheading_image_1_position": "",
            "subheading_image_1b_position": "",
            "subheading_image_1b_link": "",
            "title_2": "",
            "title_2_de": "",
            "title_2_fr": "",
            "title_2_fi": "",
            "heading_color_2": "#000000",
            "heading_size_2": 24,
            "subheading_2": "",
            "subheading_2_de": "",
            "subheading_2_fr": "",
            "subheading_2_fi": "",
            "subheading_color_2": "#000000",
            "subheading_size_2": 16,
            "subheading_image_2_position": "",
            "subheading_image_2_link": "",
            "collection": "",
            "buttongroup_label": "",
            "buttongroup_label_de": "",
            "buttongroup_label_fr": "",
            "buttongroup_label_fi": "",
            "button_label": "",
            "button_label_de": "",
            "button_label_fr": "",
            "button_label_fi": "",
            "link": "",
            "button_color": "#007bff",
            "button2_label": "",
            "button2_label_de": "",
            "button2_label_fr": "",
            "button2_label_fi": "",
            "link2": "",
            "link2_de": "",
            "link2_fr": "",
            "link2_fi": "",
            "button2_color": "#007bff",
            "button_text_color": "#ffffff",
            "column_1title": "",
            "column_1title_de": "",
            "column_1title_fr": "",
            "column_1title_fi": "",
            "column_1description": "",
            "column_1description_de": "",
            "column_1description_fr": "",
            "column_1description_fi": "",
            "column_2title": "",
            "column_2title_de": "",
            "column_2title_fr": "",
            "column_2title_fi": "",
            "column_2description": "",
            "column_2description_de": "",
            "column_2description_fr": "",
            "column_2description_fi": "",
            "column_3title": "",
            "column_3title_de": "",
            "column_3title_fr": "",
            "column_3title_fi": "",
            "column_3description": "",
            "column_3description_de": "",
            "column_3description_fr": "",
            "column_3description_fi": "",
            "column_4title": "",
            "column_4title_de": "",
            "column_4title_fr": "",
            "column_4title_fi": "",
            "column_4description": "",
            "column_4description_de": "",
            "column_4description_fr": "",
            "column_4description_fi": "",
            "liquid_content2": "",
            "liquid_content5": ""
          }
        }
      },
      "block_order": ["slide_yRxJJf", "slide_L8tUEr"],
      "custom_css": [
        "@media (max-width: 768px) {.two-column-slide__heading {font-size: 34px !important; line-height: 40px !important; } .two-column-slide__text {font-size: 18px !important; line-height: 24px !important; } .two-column-slide__content {padding: 40px 0; }}"
      ],
      "settings": {
        "section_id": "",
        "mobile_font_size_heading": 40,
        "mobile_line_height_heading": 42,
        "mobile_font_size_text": 20,
        "mobile_line_height_text": 24,
        "mobile_slide_padding_top": 30
      }
    },
    "custom_two_colum_banner_Hm6zwc": {
      "type": "custom-two-colum-banner",
      "blocks": {
        "slide_EAUWbj": {
          "type": "slide",
          "settings": {
            "image": "shopify://shop_images/RUD2436_2.jpg",
            "background_color": "#ffffff",
            "liquid_content4": "",
            "background_size": "cover",
            "background_position": "center",
            "background_align_items": "center",
            "background_padding_top": 0,
            "background_padding_left": 0,
            "background_padding_right": 0,
            "background_padding_bottom": 0,
            "liquid_content": "",
            "subheading_image_title_link": "",
            "subheading_image_title_position": "",
            "title_1": "",
            "title_1_de": "",
            "title_1_fr": "",
            "title_1_fi": "",
            "heading_color_1": "#000000",
            "heading_size_1": 24,
            "subheading_1": "",
            "subheading_1_de": "",
            "subheading_1_fr": "",
            "subheading_1_fi": "",
            "subheading_color_1": "#000000",
            "subheading_size_1": 16,
            "liquid_content3": "",
            "subheading_image_1_link": "",
            "subheading_image_1_position": "",
            "subheading_image_1b_position": "",
            "subheading_image_1b_link": "",
            "title_2": "",
            "title_2_de": "",
            "title_2_fr": "",
            "title_2_fi": "",
            "heading_color_2": "#000000",
            "heading_size_2": 24,
            "subheading_2": "",
            "subheading_2_de": "",
            "subheading_2_fr": "",
            "subheading_2_fi": "",
            "subheading_color_2": "#000000",
            "subheading_size_2": 16,
            "subheading_image_2_position": "",
            "subheading_image_2_link": "",
            "collection": "",
            "buttongroup_label": "",
            "buttongroup_label_de": "",
            "buttongroup_label_fr": "",
            "buttongroup_label_fi": "",
            "button_label": "",
            "button_label_de": "",
            "button_label_fr": "",
            "button_label_fi": "",
            "link": "",
            "button_color": "#007bff",
            "button2_label": "",
            "button2_label_de": "",
            "button2_label_fr": "",
            "button2_label_fi": "",
            "link2": "",
            "link2_de": "",
            "link2_fr": "",
            "link2_fi": "",
            "button2_color": "#007bff",
            "button_text_color": "#ffffff",
            "column_1title": "",
            "column_1title_de": "",
            "column_1title_fr": "",
            "column_1title_fi": "",
            "column_1description": "",
            "column_1description_de": "",
            "column_1description_fr": "",
            "column_1description_fi": "",
            "column_2title": "",
            "column_2title_de": "",
            "column_2title_fr": "",
            "column_2title_fi": "",
            "column_2description": "",
            "column_2description_de": "",
            "column_2description_fr": "",
            "column_2description_fi": "",
            "column_3title": "",
            "column_3title_de": "",
            "column_3title_fr": "",
            "column_3title_fi": "",
            "column_3description": "",
            "column_3description_de": "",
            "column_3description_fr": "",
            "column_3description_fi": "",
            "column_4title": "",
            "column_4title_de": "",
            "column_4title_fr": "",
            "column_4title_fi": "",
            "column_4description": "",
            "column_4description_de": "",
            "column_4description_fr": "",
            "column_4description_fi": "",
            "liquid_content2": "",
            "liquid_content5": ""
          }
        },
        "slide_CR8jNk": {
          "type": "slide",
          "settings": {
            "background_color": "#698aa8",
            "liquid_content4": "",
            "background_size": "cover",
            "background_position": "center",
            "background_align_items": "center",
            "background_padding_top": 0,
            "background_padding_left": 0,
            "background_padding_right": 0,
            "background_padding_bottom": 0,
            "liquid_content": "",
            "subheading_image_title_link": "",
            "subheading_image_title_position": "",
            "title_1": "<p>High Resolution Display</p>",
            "title_1_de": "<p>Hochauflösendes Display</p>",
            "title_1_fr": "<p>Affichage haute résolution</p>",
            "title_1_fi": "<p>Korkearesoluutioinen näyttö</p>",
            "heading_color_1": "#ffffff",
            "heading_size_1": 40,
            "subheading_1": "<p>Our two new displays feature IPS technology and therefore deliver razor-sharp images from every angle.Depending on the version, you get a 1.96 inch or 3.5 inch display, controlled via the associated remote.</p>",
            "subheading_1_de": "<p>Unsere beiden neuen Displays sind mit der IPS-Technologie ausgestattet und liefern daher aus jedem Blickwinkel gestochen scharfe Ansichten. 1,96 Zoll oder 3,5 Zoll, gesteuert über die dazugehörige Fernbedienung, sind je nach Ausführung möglich.</p>",
            "subheading_1_fr": "<p>Nos deux nouveaux écrans sont dotés de la technologie IPS et offrent donc des images d'une netteté incroyable sous tous les angles. Selon la version, vous bénéficiez d'un écran de 1,96 pouces ou de 3,5 pouces, contrôlé via la télécommande associée.</p>",
            "subheading_1_fi": "<p>Kaksi uutta näyttöämme sisältävät IPS-teknologiaa, joka tarjoaa teräväpiirtoisen kuvanlaadun joka kulmasta katsoessa. Pyörämallista riippuen, pyörässä on joko 1,96 tuuman tai 3,5 tuuman näyttö, jota ohjataan pyörän ohjaustankoon kiinnitetyllä ohjainkytkimellä.</p>",
            "subheading_color_1": "#ffffff",
            "subheading_size_1": 18,
            "liquid_content3": "",
            "subheading_image_1_link": "",
            "subheading_image_1_position": "",
            "subheading_image_1b_position": "",
            "subheading_image_1b_link": "",
            "title_2": "",
            "title_2_de": "",
            "title_2_fr": "",
            "title_2_fi": "",
            "heading_color_2": "#000000",
            "heading_size_2": 24,
            "subheading_2": "",
            "subheading_2_de": "",
            "subheading_2_fr": "",
            "subheading_2_fi": "",
            "subheading_color_2": "#000000",
            "subheading_size_2": 16,
            "subheading_image_2_position": "",
            "subheading_image_2_link": "",
            "collection": "",
            "buttongroup_label": "",
            "buttongroup_label_de": "",
            "buttongroup_label_fr": "",
            "buttongroup_label_fi": "",
            "button_label": "",
            "button_label_de": "",
            "button_label_fr": "",
            "button_label_fi": "",
            "link": "",
            "button_color": "#007bff",
            "button2_label": "",
            "button2_label_de": "",
            "button2_label_fr": "",
            "button2_label_fi": "",
            "link2": "",
            "link2_de": "",
            "link2_fr": "",
            "link2_fi": "",
            "button2_color": "#007bff",
            "button_text_color": "#ffffff",
            "column_1title": "",
            "column_1title_de": "",
            "column_1title_fr": "",
            "column_1title_fi": "",
            "column_1description": "",
            "column_1description_de": "",
            "column_1description_fr": "",
            "column_1description_fi": "",
            "column_2title": "",
            "column_2title_de": "",
            "column_2title_fr": "",
            "column_2title_fi": "",
            "column_2description": "",
            "column_2description_de": "",
            "column_2description_fr": "",
            "column_2description_fi": "",
            "column_3title": "",
            "column_3title_de": "",
            "column_3title_fr": "",
            "column_3title_fi": "",
            "column_3description": "",
            "column_3description_de": "",
            "column_3description_fr": "",
            "column_3description_fi": "",
            "column_4title": "",
            "column_4title_de": "",
            "column_4title_fr": "",
            "column_4title_fi": "",
            "column_4description": "",
            "column_4description_de": "",
            "column_4description_fr": "",
            "column_4description_fi": "",
            "liquid_content2": "",
            "liquid_content5": ""
          }
        }
      },
      "block_order": ["slide_EAUWbj", "slide_CR8jNk"],
      "custom_css": [
        "@media (max-width: 768px) {.two-column-slide__heading {font-size: 34px !important; line-height: 40px !important; } .two-column-slide__text {font-size: 18px !important; line-height: 24px !important; } .two-column-slide__content {padding: 40px 0; } .two-column-slide {padding-top: 0 !important; min-height: 400px; }}"
      ],
      "settings": {
        "section_id": "",
        "mobile_font_size_heading": 40,
        "mobile_line_height_heading": 42,
        "mobile_font_size_text": 20,
        "mobile_line_height_text": 24,
        "mobile_slide_padding_top": 30
      }
    },
    "custom_product_tab_test_m9aDPj": {
      "type": "custom-product-tab-test",
      "custom_css": [
        "@media (max-width: 768px) {.explore-title {margin-left: 0; padding: 20px; }}"
      ],
      "settings": {
        "title": "Explore more HEPHA E-Bikes",
        "title_de": "Entdecken Sie mehr HEPHA E-Bikes",
        "title_fr": "Découvrez d'autres vélos électriques HEPHA",
        "title_fi": "Tutustu lisää HEPHA E-Bike-malleihin",
        "image": "shopify://shop_images/HEPHA-Trekking7_01_grey_7ff138ad-9f41-4981-b752-1bd80fee72c0.jpg",
        "background_color": "#ffffff",
        "background_position": "center center",
        "background_size": "cover",
        "background_align_items": "flex-start",
        "background_padding_top": 20,
        "background_padding_right": 20,
        "background_padding_bottom": 20,
        "background_padding_left": 20,
        "ad_link": "shopify://collections/hepha-ebikes",
        "ad_button_color": "#000000",
        "ad_button_text_color": "#ffffff",
        "title_1": "<p>Not sure which E-Bike is right for you? Discover and compare our full range of E-Bikes to find the perfect model for your adventures.</p>",
        "title_1_de": "<p>Nicht sicher, welches E-Bike das richtige für Sie ist? Entdecken und vergleichen Sie unser gesamtes Sortiment an E-Bikes, um das perfekte Modell für Ihre Abenteuer zu finden.</p>",
        "title_1_fr": "<p>Vous n’êtes pas sûr de quel vélo électrique est fait pour vous ? Découvrez et comparez notre gamme complète de vélos électriques pour trouver le modèle parfait pour vos aventures.</p>",
        "title_1_fi": "<p>Etkö ole varma, mikä sähköpyörämalli sopii sinulle? Tutustu ja vertaa koko valikoimaamme löytääksesi täydellisen pyörän omaan käyttötarkoitukseesi.</p>",
        "heading_color_1": "#ffffff",
        "heading_size_1": 18,
        "button_label": "Explore all E-Bikes!",
        "button_label_de": "Entdecke alle E-Bikes!",
        "button_label_fr": "Découvrez tous modèles !",
        "button_label_fi": "Tutki koko mallistoa!",
        "product_source_trekking7ltd": "collection",
        "trekking7ltd_collection": "trekking-7-my23",
        "trekking7ltd_products": [],
        "product_source_trekking7": "collection",
        "trekking7_collection": "new-bike-2024",
        "trekking7_products": [],
        "product_source_mountain7": "collection",
        "mountain7_collection": "mountain-7-2024",
        "mountain7_products": [],
        "product_source_mountain7carbon": "collection",
        "mountain7carbon_collection": "mountain-7-carbon",
        "mountain7carbon_products": [],
        "product_source_city7": "collection",
        "city7_collection": "city-e-bike",
        "city7_products": [],
        "show_description": true
      }
    }
  },
  "order": [
    "custom_two_colum_banner_9UhdKh",
    "custom_two_colum_banner_gPHUzF",
    "custom_two_colum_banner_gt9FyJ",
    "custom_sildeshow_tab_2_UAHbr8",
    "custom_liquid_tmeYtE",
    "custom_textarea_NEiiA3",
    "custom_sildeshow_tab_2_KMjgfk",
    "custom_sildeshow_tab_2_LbakJE",
    "custom_two_colum_banner_Lz3mQi",
    "custom_two_colum_banner_Hm6zwc",
    "custom_product_tab_test_m9aDPj"
  ]
}
