{
  "parent": "page.leasing.json",
  "context": { "market": "france" },
  "sections": {
    "rich_text_44BmH": {
      "type": "rich-text",
      "disabled": false,
      "settings": {
        "height": "large",
        "text_alignment": "center",
        "full_width": false,
        "color_scheme": "default"
      },
      "blocks": {
        "heading_KdkTz": {
          "type": "heading",
          "disabled": false,
          "settings": {
            "title": "Leasing a Bike are not yet available in France.",
            "use_h1": true
          }
        }
      },
      "block_order": ["heading_KdkTz"]
    },
    "custom_two_colum_banner_hCHz6r": {
      "disabled": true,
      "settings": {},
      "blocks": {
        "slide_3GfLkH": {
          "settings": {
            "title_1": "<p>Leasing a Bike n'est pas encore disponible en France.</p>"
          }
        }
      }
    },
    "custom_imagerow_bdGbPF": {
      "disabled": true,
      "settings": {},
      "blocks": {}
    },
    "custom_two_colum_banner_ywjqMD": {
      "disabled": true,
      "settings": {},
      "blocks": {}
    },
    "collapsible_tab_TzU9tc": { "disabled": true, "settings": {}, "blocks": {} }
  },
  "order": [
    "rich_text_44BmH",
    "custom_two_colum_banner_hCHz6r",
    "custom_imagerow_bdGbPF",
    "custom_two_colum_banner_ywjqMD",
    "collapsible_tab_TzU9tc"
  ]
}
