{
  "parent": "page.page-promotion-2025-04-01.json",
  "context": { "market": "france" },
  "sections": {
    "custom_imagerow_jAg74G": {
      "disabled": true,
      "settings": {},
      "blocks": {}
    },
    "collapsible_tabs_qETzUn": {
      "settings": {},
      "blocks": {
        "question_CqpMaE": {
          "settings": {
            "answer": "<p>A: For the Trekking 7 SE Long Range (RRP: €2,799), you get the following offers:</p><p>-€400: Price discount, the final price is €2,399.</p>",
            "answer_fr": "<p>R: Pour le Trekking 7 SE Long Range (PVP : 2 799 €), vous bénéficiez des offres suivantes :</p><p>- 400 € : Remise, le prix final est de 2 399 €.</p>"
          }
        },
        "question_awRpRT": {
          "settings": {
            "answer": "<p>A: For the Trekking 7 SE Long Range (RRP: €3,299), you get the following offers:</p><p>-€500: Price discount, the final price is €2,799.</p>",
            "answer_fr": "<p>R: Pour le Trekking 7 SE Ultra (PVP : 3 299 €), vous bénéficiez des offres suivantes :</p><p>- 500 € : Remise, le prix final est de 2 799 €.</p>"
          }
        },
        "question_UXgx8x": {
          "settings": {
            "title": "Q: How do I get a free 100Nm upgrade, a free Abus folding lock?",
            "title_de": "F： Wie erhalte ich ein Gratis 100Nm Upgrade, ein Gratis Abus Faltschloss?",
            "answer": "<p>A:</p><ol><li>Select the desired E-Bike and go to the product page.</li><li>On the right side of the product page, choose the size and color, and check the displayed free accessories in the \"Compatible accessories\" section.</li><li>Click the \"Add\" button.</li><li>Click the \"Add to Cart\" button.</li><li>Ensure that the free gifts are in your cart. Then click \"Check out\" to complete the purchase.A:</li><li>Select the desired E-Bike and go to the product page.</li><li>On the right side of the product page, choose the size and color, and check the displayed free accessories in the \"Compatible accessories\" section.</li><li>Click the \"Add\" button.</li><li>Click the \"Add to Cart\" button.</li><li>Ensure that the free gifts are in your cart. Then click \"Check out\" to complete the purchase.</li></ol>",
            "answer_de": "<p>F： Wie erhalte ich ein Gratis 100Nm Upgrade, ein Gratis Abus Faltschloss?A：</p><ol><li>Wählen Sie das gewünschte E-Bike aus und gehen Sie zur Produktseite.</li><li>Wählen Sie auf der rechten Seite der Produktseite die Größe und Farbe aus und überprüfen Sie das angezeigte kostenlose Zubehör im Bereich „Passendes Zubehör“. 3. Klicken Sie auf die Schaltfläche „Add“.</li><li>Klicken Sie auf die Schaltfläche „In den Warenkorb“.</li><li>Stellen Sie sicher, dass sich die kostenlosen Geschenke in Ihrem Warenkorb befinden. Klicken Sie dann auf „Jetzt kaufen“, um den Kauf abzuschließen.</li></ol>"
          }
        },
        "question_bbRFXj": { "disabled": true, "settings": {} },
        "question_ytzVBz": { "disabled": true, "settings": {} }
      }
    }
  }
}
