{
  "sections": {
    "main": {
      "type": "main-product",
      "blocks": {
        "title": { "type": "title", "settings": {} },
        "loox_reviews_loox_rating_rikqwX": {
          "type": "shopify://apps/loox-reviews/blocks/loox-rating/5c3b337f-fd14-4df5-b1d6-80ec13e6e28e",
          "settings": {
            "contentSize": 16,
            "pattern": "",
            "hideText": false,
            "alignment": "",
            "layout": "",
            "textColor": "",
            "starColor": "",
            "showAllReviews": false,
            "looxOpenFloatingWidget": false,
            "emptyRatingWidget": false
          }
        },
        "price": {
          "type": "price",
          "settings": {
            "show_tax_and_shipping": false,
            "enable_product_reviews_by_price": true
          }
        },
        "description_JNVXj3": {
          "type": "description",
          "settings": {
            "show_in_tab": false,
            "open_tab": false,
            "icon": "",
            "show_in_quickbuy": false
          }
        },
        "custom_liquid_JXyE6x": {
          "type": "custom-liquid",
          "settings": {
            "custom_liquid": "<strong>{{ 'ebike.shipping_time' | t }}:</strong> {{ product.metafields.custom.shipping_time.value }}</br>\n<strong>{{ 'ebike.delivery_period' | t }}:</strong> {{ product.metafields.custom.delivery_period.value }}",
            "show_in_quickbuy": false
          }
        },
        "variant_picker_pJPtbN": {
          "type": "variant-picker",
          "settings": {
            "show_single": false,
            "selector_style": "listed",
            "dynamic_availability": "show",
            "enable_size_chart": false,
            "size_chart_label": "Size guide",
            "size_chart_variant": "Size",
            "size_chart_page": ""
          }
        },
        "buy_buttons_XCfCeB": {
          "type": "buy-buttons",
          "settings": {
            "show_quantity_selector": true,
            "enable_payment_button": true,
            "show_backorder_text": false,
            "show_pickup_availability": false,
            "show_gift_card_recipient": false,
            "enable_contact_notify": false
          }
        },
        "sharing_fkH7VM": {
          "type": "sharing",
          "settings": {
            "show_twitter": true,
            "show_facebook": true,
            "show_pinterest": true,
            "show_linkedin": true,
            "show_whatsapp": true,
            "show_snapchat": true,
            "show_threads": true,
            "show_tumblr": true,
            "show_twitch": true
          }
        }
      },
      "block_order": [
        "title",
        "loox_reviews_loox_rating_rikqwX",
        "price",
        "description_JNVXj3",
        "custom_liquid_JXyE6x",
        "variant_picker_pJPtbN",
        "buy_buttons_XCfCeB",
        "sharing_fkH7VM"
      ],
      "custom_css": [
        ".product-detail .gallery {height: 100%;}",
        ".product-detail .detail {padding: 50px 30px;}"
      ],
      "settings": {
        "show_breadcrumbs": false,
        "select_first_variant": true,
        "show_location_underneath": false,
        "inventory_transfers_enable": false,
        "enable_sticky_columns": true,
        "enable_sticky_atc": true,
        "sticky_atc_position": "end",
        "sticky_atc_mobile": true,
        "sticky_atc_behavior": "add_to_cart",
        "sticky_atc_button_style": "secondary",
        "gallery_size": "medium",
        "gallery_layout": "carousel-under",
        "enable_zoom": true,
        "show_alt_text": false,
        "alt_text_icon": "",
        "enable_video_autoplay": false,
        "enable_video_looping": false,
        "enable_media_grouping": false,
        "media_grouping_option": "Color,Colour,Couleur,Farbe"
      }
    },
    "custom_related_product_pbhYzr": {
      "type": "custom_related_product",
      "custom_css": [
        ".carousel-wrapper {position: relative; margin-bottom: 50px; margin-top: 50px;}"
      ],
      "settings": {}
    },
    "custom_accesories_specificaation_4YRBwz": {
      "type": "custom_accesories_specificaation",
      "custom_css": [".info-container {padding: 50px 60px 0 60px;}"],
      "settings": {}
    },
    "1734426983ef42e6de": {
      "type": "apps",
      "blocks": {
        "loox_reviews_loox_dynamic_section_xWcFjn": {
          "type": "shopify://apps/loox-reviews/blocks/loox-dynamic-section/5c3b337f-fd14-4df5-b1d6-80ec13e6e28e",
          "settings": {
            "only_photos": false,
            "aggregated": false,
            "limit": 20,
            "hide_thumbnails": false,
            "maxwidth": 1080,
            "is_sample": true
          }
        }
      },
      "block_order": ["loox_reviews_loox_dynamic_section_xWcFjn"],
      "settings": {
        "full_width": false,
        "show_space": true,
        "title": "",
        "title_de": "",
        "title_fr": ""
      }
    }
  },
  "order": [
    "main",
    "custom_related_product_pbhYzr",
    "custom_accesories_specificaation_4YRBwz",
    "1734426983ef42e6de"
  ]
}
