{
  "sections": {
    "main": {
      "type": "main-product",
      "blocks": {
        "title": { "type": "title", "settings": {} },
        "loox_reviews_loox_rating_4LcXpt": {
          "type": "shopify://apps/loox-reviews/blocks/loox-rating/5c3b337f-fd14-4df5-b1d6-80ec13e6e28e",
          "settings": {
            "contentSize": 16,
            "pattern": "",
            "hideText": false,
            "alignment": "",
            "layout": "",
            "textColor": "",
            "starColor": "",
            "showAllReviews": false,
            "looxOpenFloatingWidget": false,
            "emptyRatingWidget": false
          }
        },
        "price": {
          "type": "price",
          "settings": {
            "show_tax_and_shipping": false,
            "enable_product_reviews_by_price": true
          }
        },
        "financinginfo_EPKHcm": { "type": "financinginfo", "settings": {} },
        "description_JNVXj3": {
          "type": "description",
          "settings": {
            "show_in_tab": false,
            "open_tab": false,
            "icon": "",
            "show_in_quickbuy": false
          }
        },
        "specification_simple_KR3q47": {
          "type": "specification_simple",
          "settings": {}
        },
        "variant_picker_BNiCD8": {
          "type": "variant-picker",
          "settings": {
            "show_single": true,
            "selector_style": "listed",
            "dynamic_availability": "show",
            "enable_size_chart": false,
            "size_chart_label": "",
            "size_chart_variant": "",
            "size_chart_page": ""
          }
        },
        "variant_description_app_metafield_9LbpaA": {
          "type": "shopify://apps/variant-description/blocks/app-metafield/dee11698-5b0b-4a0f-9562-ea29cbe9c77e",
          "settings": {
            "namespace": "custom",
            "key": "size",
            "show_product_description": false,
            "fallback_richtext": "",
            "fallback_liquid": "",
            "product_description_selector": "",
            "custom_liquid": ""
          }
        },
        "pop_up_AAc34B": {
          "type": "pop-up",
          "settings": {
            "text": "Which frame size fit me?",
            "text_de": "Welche Rahmengröße passt zu mir?",
            "text_fr": "Quelle taille de cadre me convient ?",
            "style": "link",
            "page": "trekking-sizechart",
            "show_in_quickbuy": false
          }
        },
        "selleasy_lb_upsell_addon_block_dWnQBC": {
          "type": "shopify://apps/selleasy/blocks/lb-upsell-addon-block/790c1a03-a71f-4bc1-9869-00dad526d3c2",
          "disabled": true,
          "settings": {}
        },
        "usedbike_4GGmp3": {
          "type": "usedbike",
          "settings": {
            "text": "Save with Used - Like New",
            "text_de": "Sparen Sie mit gebrauchten Fahrrädern - Wie Neu",
            "text_fr": "Économisez avec des vélos d'occasion - Comme Neuf",
            "currentprice": "From €1,999.00",
            "currentprice_de": "Ab 1.999,00 €",
            "currentprice_fr": "À partir de 1 999,00 €",
            "wasprice": "",
            "wasprice_de": "",
            "wasprice_fr": "",
            "url": "shopify://collections/used-bikes"
          }
        },
        "buy_buttons_ieLink": {
          "type": "buy-buttons",
          "settings": {
            "show_quantity_selector": false,
            "enable_payment_button": true,
            "show_backorder_text": false,
            "show_pickup_availability": false,
            "show_gift_card_recipient": false,
            "enable_contact_notify": false,
            "contact_expert_content": "",
            "notify_me_content": ""
          }
        },
        "pop_up_zVXKyw": {
          "type": "pop-up",
          "disabled": true,
          "settings": {
            "text": "Click & Collect at your local dealer",
            "text_de": "Click & Collect bei Ihrem lokalen Händler",
            "text_fr": "Click & Collect chez votre revendeur local",
            "style": "link",
            "page": "click-collect-at-your-local-dealer",
            "show_in_quickbuy": false
          }
        },
        "custom_liquid_wBiDyC": {
          "type": "custom-liquid",
          "settings": {
            "custom_liquid": "{% render 'custom-bidex-find-dealers' %}",
            "show_in_quickbuy": false
          }
        },
        "sharing_Hmw8qb": {
          "type": "sharing",
          "settings": {
            "show_twitter": true,
            "show_facebook": true,
            "show_pinterest": true,
            "show_linkedin": true,
            "show_whatsapp": true,
            "show_snapchat": true,
            "show_threads": true,
            "show_tumblr": true,
            "show_twitch": true
          }
        },
        "leasingbike_LNR9yY": {
          "type": "leasingbike",
          "settings": {
            "jobrad_url": "shopify://pages/jobrad",
            "bikeleasing_url": "shopify://pages/save-with-bikeleasing",
            "deutsche_url": "shopify://pages/deutsche-dienstrad",
            "businessbike_url": "shopify://pages/business-bike"
          }
        },
        "accordion_DPPTVK": {
          "type": "accordion",
          "settings": {
            "title": "Financing with one of our partners",
            "title_de": "Finanzierung mit einem unserer Partner",
            "title_fr": "Financer avec l'un de nos partenaires",
            "icon": "",
            "content": "",
            "content_de": "",
            "content_fr": "",
            "page": "",
            "custom_liquid": "{% render \"financing\" %}",
            "open": false,
            "show_in_quickbuy": false
          }
        },
        "accordion_VTmjJ4": {
          "type": "accordion",
          "settings": {
            "title": "Click & Collect at your local dealer",
            "title_de": "Click & Collect bei Ihrem lokalen Händler",
            "title_fr": "Click & Collect chez votre revendeur local",
            "icon": "",
            "content": "<p>When you order a bike from <a href=\"https://hepha.com\" target=\"_blank\" title=\"https://hepha.com\">hepha.com</a>, we’ll ship it for free to a dealer of your choice through our Click & Collect service. Once your bike arrives, the dealer will reach out to arrange a pickup time. Enjoy personalized assistance, test rides, and expert advice with this service. <a href=\"/pages/click-collect-at-your-local-dealer\" target=\"_blank\" title=\"Click & Collect at your local dealer\">Learn more</a></p>",
            "content_de": "<p>Wenn Sie ein Fahrrad bei <a href=\"https://hepha.com/de\" target=\"_blank\" title=\"https://hepha.com/de\">hepha.com</a> bestellen, versenden wir es kostenlos an einen Händler Ihrer Wahl über unseren Click & Collect-Service. Sobald Ihr Fahrrad angekommen ist, wird der Händler Sie kontaktieren, um einen Abholtermin zu vereinbaren. Genießen Sie mit diesem Service persönliche Unterstützung, Testfahrten und Expertenrat. <a href=\"/pages/click-collect-at-your-local-dealer\" target=\"_blank\" title=\"Click & Collect at your local dealer\">Erfahren Sie mehr</a></p>",
            "content_fr": "<p>Vous commandez un vélo sur <a href=\"https://hepha.com/fr-fr\" target=\"_blank\" title=\"https://hepha.com/fr-fr\">hepha.com</a>, nous l'expédierons gratuitement à un revendeur de votre choix grâce à notre service Click & Collect. Une fois votre vélo arrivé, le revendeur vous contactera pour organiser un rendez-vous pour le récupérer. Profitez de l'assistance personnalisée, des essais de conduite et des conseils d'experts avec ce service. <a href=\"/pages/click-collect-at-your-local-dealer\" target=\"_blank\" title=\"Click & Collect at your local dealer\">En savoir plus</a></p>",
            "page": "",
            "custom_liquid": "",
            "open": false,
            "show_in_quickbuy": false
          }
        }
      },
      "block_order": [
        "title",
        "loox_reviews_loox_rating_4LcXpt",
        "price",
        "financinginfo_EPKHcm",
        "description_JNVXj3",
        "specification_simple_KR3q47",
        "variant_picker_BNiCD8",
        "variant_description_app_metafield_9LbpaA",
        "pop_up_AAc34B",
        "selleasy_lb_upsell_addon_block_dWnQBC",
        "usedbike_4GGmp3",
        "buy_buttons_ieLink",
        "pop_up_zVXKyw",
        "custom_liquid_wBiDyC",
        "sharing_Hmw8qb",
        "leasingbike_LNR9yY",
        "accordion_DPPTVK",
        "accordion_VTmjJ4"
      ],
      "custom_css": [".btn-success.gw-button-widget {display: none;}"],
      "settings": {
        "show_breadcrumbs": false,
        "select_first_variant": true,
        "show_location_underneath": false,
        "inventory_transfers_enable": false,
        "enable_sticky_columns": true,
        "enable_sticky_atc": true,
        "sticky_atc_position": "end",
        "sticky_atc_mobile": true,
        "sticky_atc_behavior": "add_to_cart",
        "sticky_atc_button_style": "secondary",
        "gallery_size": "large",
        "gallery_layout": "carousel-under",
        "enable_zoom": true,
        "show_alt_text": false,
        "alt_text_icon": "",
        "enable_video_autoplay": false,
        "enable_video_looping": false,
        "enable_media_grouping": true,
        "media_grouping_option": "Choose from the following colors,Wählen Sie aus den folgenden Rahmenfarben, Choisissez parmi les couleurs suivantes"
      }
    },
    "highlight_slideshow_RwNBeW": {
      "type": "highlight_slideshow",
      "blocks": {
        "customslide_d9gGHp": {
          "type": "customslide",
          "settings": {
            "image": "shopify://shop_images/Frame_4_cc25d6c4-cb64-4830-ad7c-db64a2af05b8.jpg",
            "title": "100 Nm motor",
            "title_de": "100 Nm Motor",
            "title_fr": "Moteur de 100 Nm",
            "description": "The particularly powerful 100 Nm  motor is one of the most powerful and efficient on the market!",
            "description_de": "Der kraftvolle Motor des bietet mit seinen 100 Nm genügend Kraft für praktisch alle Fälle. Dazu ist er besonders effizient für lange Touren!",
            "description_fr": "Avec le moteur de 100 Nm, le offre suffisamment de force pour pratiquement toutes les situations. De plus, il est particulièrement efficace pour les longs trajets !",
            "description_richtext": "",
            "description_richtext_de": "",
            "description_richtext_fr": ""
          }
        },
        "customslide_xzEtgz": {
          "type": "customslide",
          "settings": {
            "image": "shopify://shop_images/Frame_6.jpg",
            "title": "708Wh battery",
            "title_de": "708Wh Akku",
            "title_fr": "708Wh batterie",
            "description": "The battery is perfectly integrated into the frame and offers 708Wh capacity with state-of-the-art cell technology. It can be removed or charged on the bike.",
            "description_de": "Der Akku des Ultra ist perfekt in den Rahmen integriert und bietet eine Kapazität von 708Wh mit modernster Zelltechnologie. Er kann herausgenommen oder am Fahrrad aufgeladen werden.",
            "description_fr": "La batterie de 708Wh est parfaitement intégrée au cadre et offre une capacité de 708Wh avec une technologie de cellules de pointe. Elle peut être retirée ou chargée sur le vélo.",
            "description_richtext": "",
            "description_richtext_de": "",
            "description_richtext_fr": ""
          }
        },
        "customslide_w6bRXi": {
          "type": "customslide",
          "settings": {
            "image": "shopify://shop_images/Frame_377_77b0c983-39ff-4d1c-9972-46079a9e94e1.jpg",
            "title": "6A fast charger",
            "title_de": "6A Schnellladegerät",
            "title_fr": "Chargeur rapide 6A",
            "description": "Quickly mobile again - no problem with our standard HEPHA quick charger. With its 6A, it charges almost 1.5 times faster than conventional chargers. It can be used both on the road and as a detachable wallbox at home!",
            "description_de": "Schnell wieder mobil - mit unserem serienmäßigen HEPHA Schnellladegerät kein Problem. Es lädt fast 1,5 mal schneller als herkömmliche Ladegeräte. Es ist sowohl mobil auf der Tour als auch als abnehmbare Wallbox zuhause einsetzbar!",
            "description_fr": "De nouveau rapidement mobile – aucun problème avec notre chargeur rapide HEPHA standard. Avec ses 6A, il charge presque 1,5 fois plus vite que les chargeurs classiques. Il peut être utilisé aussi bien en déplacement que comme boîtier mural amovible à la maison !",
            "description_richtext": "",
            "description_richtext_de": "",
            "description_richtext_fr": ""
          }
        },
        "customslide_nLX7XD": {
          "type": "customslide",
          "settings": {
            "image": "shopify://shop_images/Frame_50.jpg",
            "title": "Hepha SC-P100 2.8'' display",
            "title_de": "Hepha SC-P100 2.8'' Display",
            "title_fr": "Hepha SC-P100 2.8'' display",
            "description": "The compact 2,8\" display sits well protected to the left of the stem. Thanks to the high-quality IPS technology, it is very easy to read even in bright light.",
            "description_de": "Das kompakte 2,8\"-Display sitzt gut geschützt links neben dem Vorbau. Dank der hochwertigen IPS-Technologie ist es auch bei hellem Licht sehr gut ablesbar.",
            "description_fr": "L'écran compact de 2,8\" est bien protégé à gauche de la potence. Grâce à la technologie IPS de haute qualité, il est très facile à lire, même en cas de forte luminosité.",
            "description_richtext": "",
            "description_richtext_de": "",
            "description_richtext_fr": ""
          }
        },
        "customslide_YiXArq": {
          "type": "customslide",
          "settings": {
            "image": "shopify://shop_images/Frame_373.jpg",
            "title": "Special e-bike suspension fork",
            "title_de": "Spezielle E-Bike Federgabel",
            "title_fr": "Fourche à suspension spéciale pour vélo électrique",
            "description": "The Suntour NEX-25 with its 63mm suspension travel provides additional comfort, dampens vibrations and compensates for bumps.",
            "description_de": "Die Suntour NEX-25 mit ihren 63mm Federweg sorgt für zusätzlichen Komfort, dämpft Vibrationen und gleicht Unebenheiten aus.",
            "description_fr": "Le Suntour NEX-25 avec son débattement de suspension de 63mm offre un confort supplémentaire, amortit les vibrations et compense les bosses.",
            "description_richtext": "",
            "description_richtext_de": "",
            "description_richtext_fr": ""
          }
        },
        "customslide_PDe39J": {
          "type": "customslide",
          "settings": {
            "image": "shopify://shop_images/Frame_384.jpg",
            "title": "10-speed gearshift",
            "title_de": "10-Gang Schaltung",
            "title_fr": "Boîte de vitesses à 10 vitesses",
            "description": "With the reliable Shimano Cues gears and its 10 gears, every tour or mountain loses its terror.",
            "description_de": "Mit der zuverlässigen Shimano Cues-Schaltung und seinen 10-Gängen verliert jede Tour oder Berg den Schrecken.",
            "description_fr": "Avec le système fiable de transmission Shimano Cues et ses 10 vitesses, chaque randonnée ou montagne perd sa terreur.",
            "description_richtext": "",
            "description_richtext_de": "",
            "description_richtext_fr": ""
          }
        },
        "customslide_xNRe9a": {
          "type": "customslide",
          "settings": {
            "image": "shopify://shop_images/Frame_369.jpg",
            "title": "Hydraulic disc brakes",
            "title_de": "Hydraulische Scheibenbremsen",
            "title_fr": "Freins à disque hydrauliques",
            "description": "The two hydraulic disc brakes with 180mm brake discs at the front bring you safely to a halt at all times.",
            "description_de": "Die beiden hydraulischen Scheibenbremsen mit 180mm Bremsscheibe vorne bringen Sie jederzeit sicher zum Stehen..",
            "description_fr": "Les deux freins à disque hydrauliques avec disques de frein de 180mm à l'avant vous permettent de vous arrêter en toute sécurité à tout moment.",
            "description_richtext": "",
            "description_richtext_de": "",
            "description_richtext_fr": ""
          }
        },
        "customslide_4LgfiM": {
          "type": "customslide",
          "settings": {
            "image": "shopify://shop_images/Frame_381.jpg",
            "title": "Multifunctional luggage carrier",
            "title_de": "Multifunktionaler Gepäckträger",
            "title_fr": "Porte-bagages multifonctionnel",
            "description": "The robust pannier rack always has a solution at hand: whether for panniers on the side or for quickly clicking in baskets thanks to the universal Carry-More interface.",
            "description_de": "Der robuste Gepäckträger hat immer eine Lösung parat: ob für seitlichen Packtaschen oder für das schnelle Einklicken von Körben dank der universellen Carry-More Schnittstelle..",
            "description_fr": "Le porte-bagages robuste a toujours une solution à portée de main : que ce soit pour les sacoches latérales ou pour cliquer rapidement dans les paniers grâce à l'interface universelle Carry-More.",
            "description_richtext": "",
            "description_richtext_de": "",
            "description_richtext_fr": ""
          }
        },
        "customslide_YYDHAd": {
          "type": "customslide",
          "settings": {
            "image": "shopify://shop_images/Frame_374.jpg",
            "title": "Automatic light sensor",
            "title_de": "Automatischer Lichtsensor",
            "title_fr": "Capteur de lumière automatique",
            "description": "The light on your Trekking 7 is controlled fully automatically by a light sensor. This is particularly practical in suddenly changing light conditions, such as tunnels!",
            "description_de": "Das Licht an Ihrem Trekking 7 wird vollautomatisch durch einen Lichtsensor gesteuert. Besonders praktisch bei plötzlich wechselnden Lichtverhältnissen, wie Tunneln!.",
            "description_fr": "L'éclairage de votre Trekking 7 est contrôlé de manière entièrement automatique par un capteur de lumière. Cela est particulièrement pratique en cas de changement soudain de la luminosité, comme dans les tunnels !",
            "description_richtext": "",
            "description_richtext_de": "",
            "description_richtext_fr": ""
          }
        },
        "customslide_GGPMkw": {
          "type": "customslide",
          "settings": {
            "image": "shopify://shop_images/app_432ee281-bc29-43b1-9f76-b357a74d18a6.png",
            "title": "Smart APP",
            "title_de": "Smarte APP",
            "title_fr": "Application intelligente",
            "description": "With the HEPHA APP, you can unlock the full potential of your e-bike: record rides, configure your e-bike, update your system or get help with questions.",
            "description_de": "Mit der HEPHA APP setzen Sie das volle Potenzial Ihres E-Bikes frei: Zeichnen Sie Fahrten auf, konfigurieren Sie Ihr E-Bike, updaten Sie Ihr System oder erhalten Sie Hilfe bei Fragen.",
            "description_fr": "Avec l'application HEPHA, vous pouvez exploiter tout le potentiel de votre vélo électrique : enregistrer des trajets, configurer votre vélo électrique, mettre à jour votre système ou obtenir de l'aide en cas de questions.",
            "description_richtext": "",
            "description_richtext_de": "",
            "description_richtext_fr": ""
          }
        }
      },
      "block_order": [
        "customslide_d9gGHp",
        "customslide_xzEtgz",
        "customslide_w6bRXi",
        "customslide_nLX7XD",
        "customslide_YiXArq",
        "customslide_PDe39J",
        "customslide_xNRe9a",
        "customslide_4LgfiM",
        "customslide_YYDHAd",
        "customslide_GGPMkw"
      ],
      "settings": {}
    },
    "custom_two_colum_banner_kji6Re": {
      "type": "custom-two-colum-banner",
      "blocks": {
        "slide_Ew43jA": {
          "type": "slide",
          "settings": {
            "image": "shopify://shop_images/image-4_6effb223-5f16-4677-a4bf-2478febbd3c1.jpg",
            "background_color": "#ffffff",
            "background_size": "cover",
            "background_position": "right",
            "background_align_items": "center",
            "background_padding_top": 0,
            "background_padding_left": 0,
            "background_padding_right": 0,
            "background_padding_bottom": 0,
            "liquid_content": "",
            "subheading_image_title_link": "",
            "subheading_image_title_position": "",
            "title_1": "",
            "title_1_de": "",
            "title_1_fr": "",
            "heading_color_1": "#000000",
            "heading_size_1": 24,
            "subheading_1": "",
            "subheading_1_de": "",
            "subheading_1_fr": "",
            "subheading_color_1": "#000000",
            "subheading_size_1": 16,
            "liquid_content3": "",
            "subheading_image_1_link": "",
            "subheading_image_1_position": "",
            "subheading_image_1b_position": "",
            "subheading_image_1b_link": "",
            "title_2": "",
            "title_2_de": "",
            "title_2_fr": "",
            "heading_color_2": "#000000",
            "heading_size_2": 24,
            "subheading_2": "",
            "subheading_2_de": "",
            "subheading_2_fr": "",
            "subheading_color_2": "#000000",
            "subheading_size_2": 16,
            "subheading_image_2_position": "",
            "subheading_image_2_link": "",
            "collection": "",
            "buttongroup_label": "",
            "buttongroup_label_de": "",
            "buttongroup_label_fr": "",
            "button_label": "",
            "button_label_de": "",
            "button_label_fr": "",
            "link": "",
            "button_color": "#007bff",
            "button2_label": "",
            "button2_label_de": "",
            "button2_label_fr": "",
            "link2": "",
            "link2_de": "",
            "link2_fr": "",
            "button2_color": "#007bff",
            "button_text_color": "#ffffff",
            "column_1title": "",
            "column_1title_de": "",
            "column_1title_fr": "",
            "column_1description": "",
            "column_1description_de": "",
            "column_1description_fr": "",
            "column_2title": "",
            "column_2title_de": "",
            "column_2title_fr": "",
            "column_2description": "",
            "column_2description_de": "",
            "column_2description_fr": "",
            "column_3title": "",
            "column_3title_de": "",
            "column_3title_fr": "",
            "column_3description": "",
            "column_3description_de": "",
            "column_3description_fr": "",
            "column_4title": "",
            "column_4title_de": "",
            "column_4title_fr": "",
            "column_4description": "",
            "column_4description_de": "",
            "column_4description_fr": "",
            "liquid_content2": ""
          }
        },
        "slide_V4kB3j": {
          "type": "slide",
          "settings": {
            "background_color": "#739fb2",
            "background_size": "cover",
            "background_position": "center",
            "background_align_items": "center",
            "background_padding_top": 0,
            "background_padding_left": 0,
            "background_padding_right": 0,
            "background_padding_bottom": 0,
            "liquid_content": "",
            "subheading_image_title_link": "",
            "subheading_image_title_position": "",
            "title_1": "<p>Six-time price-performance winner:</p>",
            "title_1_de": "<p><strong>Sechsmaliger Preis-Leistungs-Sieger:</strong></p>",
            "title_1_fr": "<p>Six fois primé pour son rapport qualité-prix :</p>",
            "heading_color_1": "#000000",
            "heading_size_1": 24,
            "subheading_1": "",
            "subheading_1_de": "",
            "subheading_1_fr": "",
            "subheading_color_1": "#000000",
            "subheading_size_1": 16,
            "liquid_content3": "",
            "subheading_image_1": "shopify://shop_images/Frame_208_e5de2c77-9bf3-464c-9cea-fcf183f865b2.png",
            "subheading_image_1_link": "",
            "subheading_image_1_width": 500,
            "subheading_image_1_position": "",
            "subheading_image_1b_position": "",
            "subheading_image_1b_link": "",
            "title_2": "<p><strong>Five-time design award winner:</strong></p>",
            "title_2_de": "<p>Fünfmaliger Design-Preis-Gewinner:</p>",
            "title_2_fr": "<p>Cinq fois lauréat du prix du design<strong> :</strong></p>",
            "heading_color_2": "#000000",
            "heading_size_2": 24,
            "subheading_2": "",
            "subheading_2_de": "",
            "subheading_2_fr": "",
            "subheading_color_2": "#000000",
            "subheading_size_2": 16,
            "subheading_image_2": "shopify://shop_images/Frame_213_9e91c69e-ef50-4f03-9979-74581a0bc088.png",
            "subheading_image_2_position": "",
            "subheading_image_2_link": "",
            "subheading_image_2_width": 500,
            "collection": "",
            "buttongroup_label": "",
            "buttongroup_label_de": "",
            "buttongroup_label_fr": "",
            "button_label": "",
            "button_label_de": "",
            "button_label_fr": "",
            "link": "",
            "button_color": "#007bff",
            "button2_label": "",
            "button2_label_de": "",
            "button2_label_fr": "",
            "link2": "",
            "link2_de": "",
            "link2_fr": "",
            "button2_color": "#007bff",
            "button_text_color": "#ffffff",
            "column_1title": "",
            "column_1title_de": "",
            "column_1title_fr": "",
            "column_1description": "",
            "column_1description_de": "",
            "column_1description_fr": "",
            "column_2title": "",
            "column_2title_de": "",
            "column_2title_fr": "",
            "column_2description": "",
            "column_2description_de": "",
            "column_2description_fr": "",
            "column_3title": "",
            "column_3title_de": "",
            "column_3title_fr": "",
            "column_3description": "",
            "column_3description_de": "",
            "column_3description_fr": "",
            "column_4title": "",
            "column_4title_de": "",
            "column_4title_fr": "",
            "column_4description": "",
            "column_4description_de": "",
            "column_4description_fr": "",
            "liquid_content2": ""
          }
        }
      },
      "block_order": ["slide_Ew43jA", "slide_V4kB3j"],
      "settings": {
        "section_id": "",
        "mobile_font_size_heading": 20,
        "mobile_line_height_heading": 20,
        "mobile_font_size_text": 20,
        "mobile_line_height_text": 24,
        "mobile_slide_padding_top": 30
      }
    },
    "custom_specification_PKQFRT": {
      "type": "custom_specification",
      "settings": {}
    },
    "custom_frame_geometry_TTnCVB": {
      "type": "custom_frame_geometry",
      "blocks": {
        "low_step_zVryfC": {
          "type": "low_step",
          "settings": {
            "low_step_image": "shopify://shop_images/trekking7-overview-frame-low_a15b9cd0-5a61-4dbb-bdbc-f07904cb7f48.jpg",
            "frame_height_low": "460 mm",
            "frame_height_low_L": "490 mm",
            "seat_tube_angle_low": "74°",
            "seat_tube_angle_low_L": "74°",
            "fork_offset_low": "43 mm",
            "fork_offset_low_L": "43 mm",
            "seat_angle_low": "74°",
            "seat_angle_low_L": "74°",
            "head_tube_length_low": "160 mm",
            "head_tube_length_low_L": "170 mm",
            "head_tube_angle_low": "68.5°",
            "head_tube_angle_low_L": "68.5°",
            "top_tube_horizontal_low": "591 mm",
            "top_tube_horizontal_low_L": "629 mm",
            "chain_stay_length_low": "484 mm",
            "chain_stay_length_low_L": "484 mm",
            "bottom_bracket_drop_low": "60 mm",
            "bottom_bracket_drop_low_L": "60 mm",
            "wheelbase_low": "1.162 mm",
            "wheelbase_low_L": "1201",
            "stack_low": "637 mm",
            "stack_low_L": "647 mm",
            "reach_low": "408 mm",
            "reach_low_L": "443 mm",
            "standover_height_low": "720 mm",
            "standover_height_low_L": "720 mm",
            "seat_height_min_low": "850 mm",
            "seat_height_min_low_L": "850 mm",
            "seat_height_max_low": "1000 mm",
            "seat_height_max_low_L": "1050 mm"
          }
        },
        "high_step_myUyXC": {
          "type": "high_step",
          "settings": {
            "high_step_image": "shopify://shop_images/trekking7-overview-frame-high-optimized_24604beb-9ae2-42ea-8727-4f67d2b188ed.jpg",
            "frame_height_high": "490 mm",
            "frame_height_high_L": "520 mm",
            "seat_tube_angle_high": "74°",
            "seat_tube_angle_high_L": "74°",
            "fork_offset_high": "43 mm",
            "fork_offset_high_L": "43 mm",
            "seat_angle_high": "74°",
            "seat_angle_high_L": "74°",
            "head_tube_length_high": "170 mm",
            "head_tube_length_high_L": "170 mm",
            "head_tube_angle_high": "68.5°",
            "head_tube_angle_high_L": "68.5°",
            "top_tube_horizontal_high": "629 mm",
            "top_tube_horizontal_high_L": "629 mm",
            "chain_stay_length_high": "484 mm",
            "chain_stay_length_high_L": "484 mm",
            "bottom_bracket_drop_high": "60 mm",
            "bottom_bracket_drop_high_L": "60 mm",
            "wheelbase_high": "1.201 mm",
            "wheelbase_high_L": "1201",
            "stack_high": "647 mm",
            "stack_high_L": "647 mm",
            "reach_high": "443 mm",
            "reach_high_L": "443 mm",
            "standover_height_high": "760 mm",
            "standover_height_high_L": "780 mm",
            "seat_height_min_high": "860 mm",
            "seat_height_min_high_L": "890 mm",
            "seat_height_max_high": "1050 mm",
            "seat_height_max_high_L": "1080 mm"
          }
        }
      },
      "block_order": ["low_step_zVryfC", "high_step_myUyXC"],
      "settings": {
        "background_image": "shopify://shop_images/Frame_143.png",
        "mobile_background_image": "shopify://shop_images/Frame_143.png"
      }
    },
    "173442611857857522": {
      "type": "apps",
      "blocks": {
        "loox_reviews_loox_dynamic_section_p3bDHL": {
          "type": "shopify://apps/loox-reviews/blocks/loox-dynamic-section/5c3b337f-fd14-4df5-b1d6-80ec13e6e28e",
          "settings": {
            "only_photos": false,
            "aggregated": false,
            "limit": 20,
            "hide_thumbnails": false,
            "maxwidth": 1080,
            "is_sample": true
          }
        }
      },
      "block_order": ["loox_reviews_loox_dynamic_section_p3bDHL"],
      "settings": {
        "full_width": false,
        "show_space": true,
        "title": "",
        "title_de": "",
        "title_fr": ""
      }
    },
    "custom_product_tab_test_m9aDPj": {
      "type": "custom-product-tab-test",
      "settings": {
        "title": "Related Products",
        "title_de": "Ähnliche Modelle",
        "title_fr": "Modèles associés",
        "image": "shopify://shop_images/HEPHA-Trekking7_01_grey_7ff138ad-9f41-4981-b752-1bd80fee72c0.jpg",
        "background_color": "#ffffff",
        "background_position": "center center",
        "background_size": "cover",
        "background_align_items": "flex-start",
        "background_padding_top": 20,
        "background_padding_right": 20,
        "background_padding_bottom": 20,
        "background_padding_left": 20,
        "ad_link": "shopify://collections/hepha-ebikes",
        "ad_button_color": "#000000",
        "ad_button_text_color": "#ffffff",
        "title_1": "<p>Not sure which E-Bike is right for you? Discover and compare our full range of E-Bikes to find the perfect model for your adventures.</p>",
        "title_1_de": "<p>Nicht sicher, welches E-Bike das richtige für Sie ist? Entdecken und vergleichen Sie unser gesamtes Sortiment an E-Bikes, um das perfekte Modell für Ihre Abenteuer zu finden.</p>",
        "title_1_fr": "<p>Vous n’êtes pas sûr de quel vélo électrique est fait pour vous ? Découvrez et comparez notre gamme complète de vélos électriques pour trouver le modèle parfait pour vos aventures.</p>",
        "heading_color_1": "#ffffff",
        "heading_size_1": 18,
        "button_label": "Explore all E-Bikes!",
        "button_label_de": "Entdecke alle E-Bikes!",
        "button_label_fr": "Découvrez tous modèles !",
        "product_source_trekking7ltd": "collection",
        "trekking7ltd_collection": "trekking-7-my23",
        "trekking7ltd_products": [],
        "product_source_trekking7": "collection",
        "trekking7_collection": "new-bike-2024",
        "trekking7_products": [],
        "product_source_mountain7": "collection",
        "mountain7_collection": "mountain-7-2024",
        "mountain7_products": [],
        "product_source_mountain7carbon": "collection",
        "mountain7carbon_collection": "mountain-7-carbon",
        "mountain7carbon_products": [],
        "product_source_city7": "collection",
        "city7_collection": "city-e-bike",
        "city7_products": [],
        "show_description": true
      }
    },
    "custom_recommend_product_modal_zwh7A4": {
      "type": "custom_recommend_product_modal",
      "settings": {}
    },
    "custom_stickybar_d8zDYz": { "type": "custom-stickybar", "settings": {} },
    "custom_recommend_product_modal_7nNzfM": {
      "type": "custom_recommend_product_modal",
      "settings": {}
    }
  },
  "order": [
    "main",
    "highlight_slideshow_RwNBeW",
    "custom_two_colum_banner_kji6Re",
    "custom_specification_PKQFRT",
    "custom_frame_geometry_TTnCVB",
    "173442611857857522",
    "custom_product_tab_test_m9aDPj",
    "custom_recommend_product_modal_zwh7A4",
    "custom_stickybar_d8zDYz",
    "custom_recommend_product_modal_7nNzfM"
  ]
}
