{
  "parent": "product.city-7-ultra.json",
  "context": { "market": "55f1a620-11fa-47e5-a7b3-0611f12cc0d4" },
  "sections": {
    "main": {
      "settings": {},
      "blocks": {
        "variant_picker_BNiCD8": { "disabled": false, "settings": {} },
        "buy_buttons_ieLink": {
          "disabled": false,
          "settings": { "show_pickup_availability": true }
        },
        "accordion_DPPTVK": { "disabled": false, "settings": {} },
        "accordion_VTmjJ4": { "disabled": false, "settings": {} },
        "variant_description_app_metafield_9LbpaA": {
          "disabled": false,
          "settings": {}
        },
        "pop_up_AAc34B": { "disabled": false, "settings": {} },
        "selleasy_lb_upsell_addon_block_dWnQBC": {
          "disabled": false,
          "settings": {}
        },
        "pop_up_zVXKyw": { "disabled": false, "settings": {} },
        "sharing_Hmw8qb": { "disabled": false, "settings": {} },
        "leasingbike_LNR9yY": { "disabled": false, "settings": {} }
      }
    }
  }
}
