{
  "sections": {
    "main": {
      "type": "main-product",
      "blocks": {
        "title": { "type": "title", "settings": {} },
        "loox_reviews_loox_rating_4LcXpt": {
          "type": "shopify://apps/loox-reviews/blocks/loox-rating/5c3b337f-fd14-4df5-b1d6-80ec13e6e28e",
          "settings": {
            "contentSize": 16,
            "pattern": "",
            "hideText": false,
            "alignment": "",
            "layout": "",
            "textColor": "",
            "starColor": "",
            "showAllReviews": false,
            "looxOpenFloatingWidget": false,
            "emptyRatingWidget": false
          }
        },
        "price": {
          "type": "price",
          "settings": {
            "show_tax_and_shipping": false,
            "enable_product_reviews_by_price": true
          }
        },
        "financinginfo_4hxHzR": { "type": "financinginfo", "settings": {} },
        "description_JNVXj3": {
          "type": "description",
          "settings": {
            "show_in_tab": false,
            "open_tab": false,
            "icon": "",
            "show_in_quickbuy": false
          }
        },
        "specification_simple_KR3q47": {
          "type": "specification_simple",
          "settings": {}
        },
        "payever_widget_finexp_TUdUtz": {
          "type": "payever-widget-finexp",
          "settings": {}
        },
        "variant_picker_BNiCD8": {
          "type": "variant-picker",
          "settings": {
            "show_single": false,
            "selector_style": "listed",
            "dynamic_availability": "show",
            "enable_size_chart": false,
            "size_chart_label": "",
            "size_chart_variant": "",
            "size_chart_page": ""
          }
        },
        "variant_description_app_metafield_9LbpaA": {
          "type": "shopify://apps/variant-description/blocks/app-metafield/dee11698-5b0b-4a0f-9562-ea29cbe9c77e",
          "settings": {
            "namespace": "custom",
            "key": "size",
            "show_product_description": false,
            "fallback_richtext": "",
            "fallback_liquid": "",
            "product_description_selector": "",
            "custom_liquid": ""
          }
        },
        "pop_up_AAc34B": {
          "type": "pop-up",
          "settings": {
            "text": "Which frame size fit me?",
            "text_de": "Welche Rahmengröße passt zu mir?",
            "text_fr": "Quelle taille de cadre me convient ?",
            "style": "link",
            "page": "trekking2024-sizechart",
            "show_in_quickbuy": false
          }
        },
        "selleasy_lb_upsell_addon_block_dWnQBC": {
          "type": "shopify://apps/selleasy/blocks/lb-upsell-addon-block/790c1a03-a71f-4bc1-9869-00dad526d3c2",
          "settings": {}
        },
        "buy_buttons_ieLink": {
          "type": "buy-buttons",
          "settings": {
            "show_quantity_selector": false,
            "enable_payment_button": true,
            "show_backorder_text": false,
            "show_pickup_availability": false,
            "show_gift_card_recipient": false,
            "enable_contact_notify": false,
            "contact_expert_content": "",
            "notify_me_content": ""
          }
        },
        "pop_up_zVXKyw": {
          "type": "pop-up",
          "disabled": true,
          "settings": {
            "text": "Click & Collect at your local dealer",
            "text_de": "Click & Collect bei Ihrem lokalen Händler",
            "text_fr": "Click & Collect chez votre revendeur local",
            "style": "link",
            "page": "click-collect-at-your-local-dealer",
            "show_in_quickbuy": false
          }
        },
        "sharing_Hmw8qb": {
          "type": "sharing",
          "settings": {
            "show_twitter": true,
            "show_facebook": true,
            "show_pinterest": true,
            "show_linkedin": true,
            "show_whatsapp": true,
            "show_snapchat": false,
            "show_threads": true,
            "show_tumblr": false,
            "show_twitch": false
          }
        },
        "leasingbike_LNR9yY": {
          "type": "leasingbike",
          "settings": {
            "jobrad_url": "shopify://pages/jobrad",
            "bikeleasing_url": "shopify://pages/save-with-bikeleasing",
            "deutsche_url": "shopify://pages/deutsche-dienstrad",
            "businessbike_url": "shopify://pages/business-bike"
          }
        },
        "accordion_DPPTVK": {
          "type": "accordion",
          "settings": {
            "title": "Financing with one of our partners",
            "title_de": "Finanzierung mit einem unserer Partner",
            "title_fr": "Financer avec l'un de nos partenaires",
            "icon": "",
            "content": "",
            "content_de": "",
            "content_fr": "",
            "page": "",
            "custom_liquid": "{% render \"financing\" %}",
            "open": false,
            "show_in_quickbuy": false
          }
        },
        "accordion_VTmjJ4": {
          "type": "accordion",
          "settings": {
            "title": "Click & Collect at your local dealer",
            "title_de": "Click & Collect bei Ihrem lokalen Händler",
            "title_fr": "Click & Collect chez votre revendeur local",
            "icon": "",
            "content": "<p>When you order a bike from <a href=\"https://hepha.com\" target=\"_blank\" title=\"https://hepha.com\">hepha.com</a>, we’ll ship it for free to a dealer of your choice through our Click & Collect service. Once your bike arrives, the dealer will reach out to arrange a pickup time. Enjoy personalized assistance, test rides, and expert advice with this service. <a href=\"/pages/click-collect-at-your-local-dealer\" target=\"_blank\" title=\"Click & Collect at your local dealer\">Learn more</a></p>",
            "content_de": "<p>Wenn Sie ein Fahrrad bei <a href=\"https://hepha.com/de\" target=\"_blank\" title=\"https://hepha.com/de\">hepha.com</a> bestellen, versenden wir es kostenlos an einen Händler Ihrer Wahl über unseren Click & Collect-Service. Sobald Ihr Fahrrad angekommen ist, wird der Händler Sie kontaktieren, um einen Abholtermin zu vereinbaren. Genießen Sie mit diesem Service persönliche Unterstützung, Testfahrten und Expertenrat. <a href=\"/pages/click-collect-at-your-local-dealer\" target=\"_blank\" title=\"Click & Collect at your local dealer\">Erfahren Sie mehr</a></p>",
            "content_fr": "<p>Vous commandez un vélo sur <a href=\"https://hepha.com/fr-fr\" target=\"_blank\" title=\"https://hepha.com/fr-fr\">hepha.com</a>, nous l'expédierons gratuitement à un revendeur de votre choix grâce à notre service Click & Collect. Une fois votre vélo arrivé, le revendeur vous contactera pour organiser un rendez-vous pour le récupérer. Profitez de l'assistance personnalisée, des essais de conduite et des conseils d'experts avec ce service. <a href=\"/pages/click-collect-at-your-local-dealer\" target=\"_blank\" title=\"Click & Collect at your local dealer\">En savoir plus</a></p>",
            "page": "",
            "custom_liquid": "",
            "open": false,
            "show_in_quickbuy": false
          }
        }
      },
      "block_order": [
        "title",
        "loox_reviews_loox_rating_4LcXpt",
        "price",
        "financinginfo_4hxHzR",
        "description_JNVXj3",
        "specification_simple_KR3q47",
        "payever_widget_finexp_TUdUtz",
        "variant_picker_BNiCD8",
        "variant_description_app_metafield_9LbpaA",
        "pop_up_AAc34B",
        "selleasy_lb_upsell_addon_block_dWnQBC",
        "buy_buttons_ieLink",
        "pop_up_zVXKyw",
        "sharing_Hmw8qb",
        "leasingbike_LNR9yY",
        "accordion_DPPTVK",
        "accordion_VTmjJ4"
      ],
      "custom_css": [],
      "settings": {
        "show_breadcrumbs": true,
        "select_first_variant": true,
        "show_location_underneath": false,
        "inventory_transfers_enable": false,
        "enable_sticky_columns": true,
        "enable_sticky_atc": true,
        "sticky_atc_position": "end",
        "sticky_atc_mobile": true,
        "sticky_atc_behavior": "add_to_cart",
        "sticky_atc_button_style": "secondary",
        "gallery_size": "large",
        "gallery_layout": "carousel-under",
        "enable_zoom": false,
        "show_alt_text": false,
        "alt_text_icon": "",
        "enable_video_autoplay": false,
        "enable_video_looping": false,
        "enable_media_grouping": true,
        "media_grouping_option": "Choose from the following colors,Wählen Sie aus den folgenden Rahmenfarben, Choisissez parmi les couleurs suivantes"
      }
    },
    "custom_carousel_image_FiLngH": {
      "type": "custom-carousel-image",
      "blocks": {
        "customslide_heWx9W": {
          "type": "customslide",
          "settings": {
            "image": "shopify://shop_images/City-7_Long-Range_gallery_02.jpg"
          }
        },
        "customslide_kVcKwK": {
          "type": "customslide",
          "settings": {
            "image": "shopify://shop_images/City-7_Long-Range_gallery_03_2048x2048_22628d4e-5f51-47ac-920d-ca8ca81c3760.png"
          }
        },
        "customslide_DCJR4c": {
          "type": "customslide",
          "settings": {
            "image": "shopify://shop_images/City-7_Long-Range_gallery_04.png"
          }
        },
        "customslide_hxPaJa": {
          "type": "customslide",
          "settings": {
            "image": "shopify://shop_images/City-7_Long-Range_banner_02.jpg"
          }
        },
        "customslide_H7LtNi": {
          "type": "customslide",
          "disabled": true,
          "settings": {
            "image": "shopify://shop_images/Group_399_3d919bc3-349e-4227-91da-3d052b5053d9.jpg"
          }
        },
        "customslide_4BT34g": {
          "type": "customslide",
          "disabled": true,
          "settings": {
            "image": "shopify://shop_images/Group_400_f93782df-4196-4931-86dd-8b784b6be06e.jpg"
          }
        }
      },
      "block_order": [
        "customslide_heWx9W",
        "customslide_kVcKwK",
        "customslide_DCJR4c",
        "customslide_hxPaJa",
        "customslide_H7LtNi",
        "customslide_4BT34g"
      ],
      "disabled": true,
      "settings": {}
    },
    "custom_textarea_NV64QN": {
      "type": "custom_textarea",
      "blocks": {
        "list_item_dPbd8x": {
          "type": "list_item",
          "settings": {
            "item_text": "Powerful 100 Nm motor",
            "item_text_de": "Kraftvoller 100 Nm Motor",
            "item_text_fr": "Moteur puissant de 100 Nm",
            "item_text_fi": ""
          }
        },
        "list_item_Mg33QU": {
          "type": "list_item",
          "settings": {
            "item_text": "Battery with 600 Wh capacity",
            "item_text_de": "Akku mit 600 Wh Kapazität",
            "item_text_fr": "Batterie d'une capacité de 600 Wh",
            "item_text_fi": ""
          }
        },
        "list_item_k8QRTR": {
          "type": "list_item",
          "settings": {
            "item_text": "Shimano Nexus hub gears",
            "item_text_de": "Shimano Nexus Nabenschaltung",
            "item_text_fr": "Moyeux Shimano Nexus",
            "item_text_fi": ""
          }
        },
        "list_item_awbTm4": {
          "type": "list_item",
          "settings": {
            "item_text": "Low-maintenance belt drive",
            "item_text_de": "Wartungsarmer Riemenantrieb",
            "item_text_fr": "entraînement par courroie nécessitant peu d'entretien",
            "item_text_fi": ""
          }
        },
        "list_item_zQwhEi": {
          "type": "list_item",
          "settings": {
            "item_text": "Quick charger",
            "item_text_de": "Schnellladegerät",
            "item_text_fr": "Chargeur rapide",
            "item_text_fi": ""
          }
        },
        "list_item_GfRpFj": {
          "type": "list_item",
          "settings": {
            "item_text": "Luggage carrier with MIK HD interface",
            "item_text_de": "Gepäckträger mit MIK HD-Schnittstelle",
            "item_text_fr": "Porte-bagages avec interface MIK HD",
            "item_text_fi": ""
          }
        }
      },
      "block_order": [
        "list_item_dPbd8x",
        "list_item_Mg33QU",
        "list_item_k8QRTR",
        "list_item_awbTm4",
        "list_item_zQwhEi",
        "list_item_GfRpFj"
      ],
      "settings": {
        "section_title": "City 8 Performance – The City Pro.",
        "section_title_de": "City 8 Performance – Der City-Profi.",
        "section_title_fr": "City 8 Performance – Le pro de la ville.",
        "section_title_fi": "",
        "text_description": "This one’s made for your daily ride. With suspension fork, high-performance brakes and bright lighting, it turns every commute into a comfort zone.\nThe belt drive and Shimano Nexus hub work silently and cleanly. Maintenance? Almost none. Power? A clear yes: 100 Nm torque and 600 Wh battery mean range, response and rhythm.\nThis is city riding – the HEPHA way.",
        "text_description_de": "Tägliche Wege? Kann man genießen. Mit Federgabel, starken Bremsen und hellem Licht bringt das City 8 Performance Komfort in die Stadt.\nDer leise Riemenantrieb und die Shimano Nexus-Nabe laufen sauber und fast wartungsfrei. Dazu 100 Nm Drehmoment und ein 600 Wh Akku für reichlich Energie im Alltag.\nSo fährt Stadt – à la HEPHA.",
        "text_description_fr": "Ce vélo, c’est ton confort quotidien. Avec fourche suspendue, freins puissants et éclairage LED, chaque trajet devient plaisir.\nLa courroie et le moyeu Nexus roulent sans bruit, sans effort. Entretien ? Presque rien. Et côté énergie ? 100 Nm et 600 Wh pour t’emmener partout.\nLa ville, selon HEPHA.",
        "text_description_fi": "",
        "title_font_size": 50,
        "text_font_size": 18,
        "show_item_list": true,
        "layout": "title_above",
        "item_font_size": 16,
        "custom_icon": "checkmark"
      }
    },
    "custom_two_colum_banner_giBJKD": {
      "type": "custom-two-colum-banner",
      "blocks": {
        "slide_NLVjLr": {
          "type": "slide",
          "settings": {
            "background_color": "#30353f",
            "liquid_content4": "",
            "background_size": "cover",
            "background_position": "center",
            "background_align_items": "center",
            "background_padding_top": 0,
            "background_padding_left": 0,
            "background_padding_right": 0,
            "background_padding_bottom": 0,
            "liquid_content": "",
            "subheading_image_title_link": "",
            "subheading_image_title_position": "",
            "title_1": "<p>Your reliable companion for everyday life and adventures</p>",
            "title_1_de": "<p>Dein zuverlässiger Begleiter für Alltag und Abenteuer</p>",
            "title_1_fr": "<p>Ton compagnon fiable pour le quotidien et l'aventure</p>",
            "title_1_fi": "",
            "heading_color_1": "#ffffff",
            "heading_size_1": 50,
            "subheading_1": "<p>Whether it's your daily commute to work or relaxed weekend excursions - the City 7 Long Range is your reliable companion. The comfortable seating position ensures a relaxed ride, while the powerful motor effortlessly masters inclines. With a long range and low-maintenance drive, you are independent and carefree on the road - perfect for anyone who values comfort and reliability.</p>",
            "subheading_1_de": "<p>Ob täglicher Arbeitsweg oder entspannte Wochenendausflüge – das <strong>City 7 Long Range</strong> ist dein zuverlässiger Begleiter. Die komfortable Sitzposition sorgt für entspanntes Fahren, während der kraftvolle Motor mühelos Steigungen meistert. Mit <strong>hoher Reichweite</strong> und wartungsarmem Antrieb bist du unabhängig und sorglos unterwegs – perfekt für alle, die Wert auf Komfort und Zuverlässigkeit legen.</p>",
            "subheading_1_fr": "<p>Que ce soit pour aller au travail tous les jours ou pour des excursions décontractées le week-end, le City 7 Long Range est ton compagnon fiable. La position d'assise confortable assure une conduite détendue, tandis que le moteur puissant vient à bout des côtes sans effort. Avec une grande autonomie et un entraînement nécessitant peu d'entretien, tu es indépendant et sans souci sur la route - parfait pour tous ceux qui attachent de l'importance au confort et à la fiabilité.</p>",
            "subheading_1_fi": "",
            "subheading_color_1": "#ffffff",
            "subheading_size_1": 18,
            "liquid_content3": "",
            "subheading_image_1_link": "",
            "subheading_image_1_width": 400,
            "subheading_image_1_position": "",
            "subheading_image_1b_position": "",
            "subheading_image_1b_link": "",
            "title_2": "",
            "title_2_de": "",
            "title_2_fr": "",
            "title_2_fi": "",
            "heading_color_2": "#000000",
            "heading_size_2": 24,
            "subheading_2": "",
            "subheading_2_de": "",
            "subheading_2_fr": "",
            "subheading_2_fi": "",
            "subheading_color_2": "#000000",
            "subheading_size_2": 16,
            "subheading_image_2_position": "",
            "subheading_image_2_link": "",
            "collection": "",
            "buttongroup_label": "",
            "buttongroup_label_de": "",
            "buttongroup_label_fr": "",
            "buttongroup_label_fi": "",
            "button_label": "",
            "button_label_de": "",
            "button_label_fr": "",
            "button_label_fi": "",
            "link": "",
            "button_color": "#007bff",
            "button2_label": "",
            "button2_label_de": "",
            "button2_label_fr": "",
            "button2_label_fi": "",
            "link2": "",
            "link2_de": "",
            "link2_fr": "",
            "link2_fi": "",
            "button2_color": "#007bff",
            "button_text_color": "#ffffff",
            "column_1title": "",
            "column_1title_de": "",
            "column_1title_fr": "",
            "column_1title_fi": "",
            "column_1description": "",
            "column_1description_de": "",
            "column_1description_fr": "",
            "column_1description_fi": "",
            "column_2title": "",
            "column_2title_de": "",
            "column_2title_fr": "",
            "column_2title_fi": "",
            "column_2description": "",
            "column_2description_de": "",
            "column_2description_fr": "",
            "column_2description_fi": "",
            "column_3title": "",
            "column_3title_de": "",
            "column_3title_fr": "",
            "column_3title_fi": "",
            "column_3description": "",
            "column_3description_de": "",
            "column_3description_fr": "",
            "column_3description_fi": "",
            "column_4title": "",
            "column_4title_de": "",
            "column_4title_fr": "",
            "column_4title_fi": "",
            "column_4description": "",
            "column_4description_de": "",
            "column_4description_fr": "",
            "column_4description_fi": "",
            "liquid_content2": "",
            "liquid_content5": ""
          }
        },
        "slide_YiV7jU": {
          "type": "slide",
          "settings": {
            "image": "shopify://shop_images/City-7_Long-Range_banner_02.jpg",
            "background_color": "#ffffff",
            "liquid_content4": "",
            "background_size": "cover",
            "background_position": "center",
            "background_align_items": "center",
            "background_padding_top": 0,
            "background_padding_left": 0,
            "background_padding_right": 0,
            "background_padding_bottom": 0,
            "liquid_content": "",
            "subheading_image_title_link": "",
            "subheading_image_title_position": "",
            "title_1": "",
            "title_1_de": "",
            "title_1_fr": "",
            "title_1_fi": "",
            "heading_color_1": "#000000",
            "heading_size_1": 24,
            "subheading_1": "",
            "subheading_1_de": "",
            "subheading_1_fr": "",
            "subheading_1_fi": "",
            "subheading_color_1": "#000000",
            "subheading_size_1": 16,
            "liquid_content3": "",
            "subheading_image_1_link": "",
            "subheading_image_1_position": "",
            "subheading_image_1b_position": "",
            "subheading_image_1b_link": "",
            "title_2": "",
            "title_2_de": "",
            "title_2_fr": "",
            "title_2_fi": "",
            "heading_color_2": "#000000",
            "heading_size_2": 24,
            "subheading_2": "",
            "subheading_2_de": "",
            "subheading_2_fr": "",
            "subheading_2_fi": "",
            "subheading_color_2": "#000000",
            "subheading_size_2": 16,
            "subheading_image_2_position": "",
            "subheading_image_2_link": "",
            "collection": "",
            "buttongroup_label": "",
            "buttongroup_label_de": "",
            "buttongroup_label_fr": "",
            "buttongroup_label_fi": "",
            "button_label": "",
            "button_label_de": "",
            "button_label_fr": "",
            "button_label_fi": "",
            "link": "",
            "button_color": "#007bff",
            "button2_label": "",
            "button2_label_de": "",
            "button2_label_fr": "",
            "button2_label_fi": "",
            "link2": "",
            "link2_de": "",
            "link2_fr": "",
            "link2_fi": "",
            "button2_color": "#007bff",
            "button_text_color": "#ffffff",
            "column_1title": "",
            "column_1title_de": "",
            "column_1title_fr": "",
            "column_1title_fi": "",
            "column_1description": "",
            "column_1description_de": "",
            "column_1description_fr": "",
            "column_1description_fi": "",
            "column_2title": "",
            "column_2title_de": "",
            "column_2title_fr": "",
            "column_2title_fi": "",
            "column_2description": "",
            "column_2description_de": "",
            "column_2description_fr": "",
            "column_2description_fi": "",
            "column_3title": "",
            "column_3title_de": "",
            "column_3title_fr": "",
            "column_3title_fi": "",
            "column_3description": "",
            "column_3description_de": "",
            "column_3description_fr": "",
            "column_3description_fi": "",
            "column_4title": "",
            "column_4title_de": "",
            "column_4title_fr": "",
            "column_4title_fi": "",
            "column_4description": "",
            "column_4description_de": "",
            "column_4description_fr": "",
            "column_4description_fi": "",
            "liquid_content2": "",
            "liquid_content5": ""
          }
        }
      },
      "block_order": ["slide_NLVjLr", "slide_YiV7jU"],
      "disabled": true,
      "settings": {
        "section_id": "",
        "mobile_font_size_heading": 40,
        "mobile_line_height_heading": 42,
        "mobile_font_size_text": 20,
        "mobile_line_height_text": 24,
        "mobile_slide_padding_top": 30
      }
    },
    "highlight_slideshow_wd7rDD": {
      "type": "highlight_slideshow",
      "blocks": {
        "customslide_GCDzxU": {
          "type": "customslide",
          "settings": {
            "image": "shopify://shop_images/Highlight-Gallery_P101C.png",
            "title": "Powerful & efficient 100 Nm Motor",
            "title_de": "Leistungsstarker & effizienter 100 Nm Motor",
            "title_fr": "Moteur puissant et efficace de 100 Nm",
            "description": "With its 100 Nm, the powerful motor of the Long Range offers enough power for practically any situation. It is also particularly efficient for long tours!",
            "description_de": "Der kraftvolle Motor des Long Range bietet mit seinen 100 Nm genügend Power für praktisch jede Situation. Auch auf langen Touren ist er besonders effizient!",
            "description_fr": "Avec ses 100 Nm, le puissant moteur du Long Range offre suffisamment de puissance pour pratiquement toutes les situations. Il est également particulièrement efficace pour les longs trajets !",
            "description_richtext": "",
            "description_richtext_de": "",
            "description_richtext_fr": ""
          }
        },
        "customslide_e4tEdG": {
          "type": "customslide",
          "settings": {
            "image": "shopify://shop_images/Frame_372_1_3cb3d463-648a-40ab-a786-f86877a96eb9.jpg",
            "title": "708 Wh battery",
            "title_de": "708 Wh Akku",
            "title_fr": "Batterie de 708 Wh",
            "description": "The battery of the Long Range is perfectly integrated into the frame. Together with the very efficient motor, its 708 Wh enables above-average ranges. It can be removed or charged on the bike.",
            "description_de": "Der Akku des Long Range ist perfekt in den Rahmen integriert. Zusammen mit dem sehr effizienten Motor ermöglicht er mit 708 Wh überdurchschnittliche Reichweiten. Er kann herausgenommen oder am Fahrrad aufgeladen werden.",
            "description_fr": "La batterie du Long Range est parfaitement intégrée au cadre. Associée au moteur très efficace, ses 708 Wh permettent des autonomies supérieures à la moyenne. Elle peut être retirée ou rechargée sur le vélo.",
            "description_richtext": "",
            "description_richtext_de": "",
            "description_richtext_fr": ""
          }
        },
        "customslide_jHRL7H": {
          "type": "customslide",
          "settings": {
            "image": "shopify://shop_images/Frame_377_77b0c983-39ff-4d1c-9972-46079a9e94e1.jpg",
            "title": "6 A fast charger",
            "title_de": "6 A Schnellladegerät",
            "title_fr": "Chargeur rapide 6 A",
            "description": "Quickly mobile again - no problem with our standard HEPHA quick charger. With its 6 A, it charges almost 1.5 times faster than conventional chargers. It can be used both on the road and as a detachable wallbox at home!",
            "description_de": "Schnell wieder mobil - mit unserem serienmäßigen HEPHA Schnellladegerät kein Problem. Es lädt fast 1,5 mal schneller als herkömmliche Ladegeräte. Es ist sowohl mobil auf der Tour als auch als abnehmbare Wallbox zuhause einsetzbar!",
            "description_fr": "De nouveau rapidement mobile – aucun problème avec notre chargeur rapide HEPHA standard. Avec ses 6 A, il charge presque 1,5 fois plus vite que les chargeurs classiques. Il peut être utilisé aussi bien en déplacement que comme boîtier mural amovible à la maison !",
            "description_richtext": "",
            "description_richtext_de": "",
            "description_richtext_fr": ""
          }
        },
        "customslide_jC4XnW": {
          "type": "customslide",
          "settings": {
            "image": "shopify://shop_images/Frame_376_132dc3eb-7169-45f9-b1b8-484ff6cfbce6.jpg",
            "title": "Crystal clear 1.96\" Display",
            "title_de": "kristallklarer 1.96\" Display",
            "title_fr": "Écran 1.96\" d'une clarté exceptionnelle",
            "description": "The compact 1.96\" display sits well protected to the left of the stem. Thanks to the high-quality IPS technology, it is very easy to read even in bright light.",
            "description_de": "Das kompakte 1.96\"-Display sitzt gut geschützt links am Vorbau. Dank hochwertiger IPS-Technologie ist es auch bei hellem Licht sehr gut lesbar.",
            "description_fr": "L'écran compact de 1.96\" est bien protégé à gauche de la tige. Grâce à la technologie IPS de haute qualité, il est très facile à lire même en pleine lumière.",
            "description_richtext": "",
            "description_richtext_de": "",
            "description_richtext_fr": ""
          }
        },
        "customslide_wdbYqw": {
          "type": "customslide",
          "settings": {
            "image": "shopify://shop_images/Highlight-Gallery_Shimano-Nexus.png",
            "title": "5-speed Shimano Nexus hub gears",
            "title_de": "5-Gang Shimano Nexus Nabenschaltung",
            "title_fr": "Moyeu Shimano Nexus à 5 vitesses",
            "description": "Robust, reliable, and built for maximum loads – the SHIMANO NEXUS INTER-5E is not just a gear hub; it’s a true revolution for e-bikes. Designed to meet the unique demands of powerful mid-drive motors, it ensures a smooth riding experience – whether on your daily commute or challenging tours.",
            "description_de": "Robust, zuverlässig und gemacht für höchste Belastungen – die SHIMANO NEXUS INTER-5E ist nicht einfach nur eine Getriebenabe, sondern eine echte Revolution für E-Bikes. Entwickelt für die besonderen Anforderungen leistungsstarker Mittelmotoren, sorgt sie für ein geschmeidiges Fahrerlebnis – egal ob auf der täglichen Pendelstrecke oder bei anspruchsvollen Touren.",
            "description_fr": "Robuste, fiable et conçue pour supporter des charges maximales – la SHIMANO NEXUS INTER-5E n’est pas qu’un simple moyeu à vitesses, c’est une véritable révolution pour les vélos électriques. Conçue pour répondre aux exigences uniques des moteurs centraux puissants, elle garantit une conduite fluide, que ce soit pour vos trajets quotidiens ou vos randonnées exigeantes.",
            "description_richtext": "",
            "description_richtext_de": "",
            "description_richtext_fr": ""
          }
        },
        "customslide_6yV7dp": {
          "type": "customslide",
          "settings": {
            "image": "shopify://shop_images/Highlight-Gallery_Carbon-Belt.png",
            "title": "Low-maintenance belt drive",
            "title_de": "wartungsarmer Riemenantrieb",
            "title_fr": "entraînement par courroie nécessitant peu d'entretien",
            "description": "No rattling, no grease, no rust – the Gates Carbon Drive CDX is the drivetrain for those who demand more. Durable, quiet, and incredibly strong, it handles every challenge, whether on long-distance rides or rough off-road terrain.",
            "description_de": "Kein Klappern, kein Schmieren, kein Rost – der Gates Carbon Drive CDX ist der Antrieb für alle, die mehr wollen. Langlebig, leise und unglaublich stark, trotzt er jeder Herausforderung, egal ob auf langen Strecken oder im rauen Off-Road-Terrain.",
            "description_fr": "Pas de bruit, pas de graisse, pas de rouille – le Gates Carbon Drive CDX est la transmission pour ceux qui en veulent plus. Durable, silencieux et incroyablement robuste, il relève tous les défis, que ce soit sur de longues distances ou en terrain accidenté.",
            "description_richtext": "",
            "description_richtext_de": "",
            "description_richtext_fr": ""
          }
        },
        "customslide_VCVhWi": {
          "type": "customslide",
          "settings": {
            "image": "shopify://shop_images/Frame_373_465529dc-8a77-4e97-bf68-a5b00643c0a6.jpg",
            "title": "Special e-bike suspension fork",
            "title_de": "Spezielle E-Bike Federgabel",
            "title_fr": "Fourche à suspension spéciale pour vélo électrique",
            "description": "The Suntour NEX-25 with its 63 mm suspension travel provides additional comfort, dampens vibrations and compensates for bumps.",
            "description_de": "Die Suntour NEX-25 mit ihren 63 mm Federweg sorgt für zusätzlichen Komfort, dämpft Vibrationen und gleicht Unebenheiten aus..",
            "description_fr": "Le Suntour NEX-25 avec son débattement de suspension de 63 mm offre un confort supplémentaire, amortit les vibrations et compense les bosses.",
            "description_richtext": "",
            "description_richtext_de": "",
            "description_richtext_fr": ""
          }
        },
        "customslide_E8AmnA": {
          "type": "customslide",
          "settings": {
            "image": "shopify://shop_images/Frame_381.jpg",
            "title": "Multifunctional luggage carrier",
            "title_de": "Multifunktionaler Gepäckträger",
            "title_fr": "Porte-bagages multifonctionnel",
            "description": "The robust pannier rack always has a solution at hand: whether for panniers on the side or for quickly clicking in baskets thanks to the universal MIK HD interface.",
            "description_de": "Der robuste Gepäckträger hat immer eine Lösung parat: ob für seitlichen Packtaschen oder für das schnelle Einklicken von Körben dank der universellen MIK HD Schnittstelle..",
            "description_fr": "Le porte-bagages robuste a toujours une solution à portée de main : que ce soit pour les sacoches latérales ou pour cliquer rapidement dans les paniers grâce à l'interface universelle MIK HD.",
            "description_richtext": "",
            "description_richtext_de": "",
            "description_richtext_fr": ""
          }
        },
        "customslide_NRQBUA": {
          "type": "customslide",
          "disabled": true,
          "settings": {
            "image": "shopify://shop_images/Frame_369.jpg",
            "title": "Hydraulic disc brakes",
            "title_de": "Hydraulische Scheibenbremsen",
            "title_fr": "Freins à disque hydrauliques",
            "description": "The two hydraulic disc brakes with 180 mm brake discs at the front bring you safely to a halt at all times.",
            "description_de": "Die beiden hydraulischen Scheibenbremsen mit 180mm Bremsscheibe vorne bringen Sie jederzeit sicher zum Stehen..",
            "description_fr": "Les deux freins à disque hydrauliques avec disques de frein de 180 mm à l'avant vous permettent de vous arrêter en toute sécurité à tout moment.",
            "description_richtext": "",
            "description_richtext_de": "",
            "description_richtext_fr": ""
          }
        },
        "customslide_EGmiPA": {
          "type": "customslide",
          "settings": {
            "image": "shopify://shop_images/Frame_374.png",
            "title": "Automatic light sensor",
            "title_de": "Automatischer Lichtsensor",
            "title_fr": "Capteur de lumière automatique",
            "description": "The light on your Trekking 7 is controlled fully automatically by a light sensor. This is particularly practical in suddenly changing light conditions, such as tunnels!",
            "description_de": "Das Licht an Ihrem Trekking 7 wird vollautomatisch durch einen Lichtsensor gesteuert. Besonders praktisch bei plötzlich wechselnden Lichtverhältnissen, wie Tunneln!.",
            "description_fr": "L'éclairage de votre Trekking 7 est contrôlé de manière entièrement automatique par un capteur de lumière. Cela est particulièrement pratique en cas de changement soudain de la luminosité, comme dans les tunnels !",
            "description_richtext": "",
            "description_richtext_de": "",
            "description_richtext_fr": ""
          }
        },
        "customslide_cTjT9b": {
          "type": "customslide",
          "settings": {
            "image": "shopify://shop_images/app_432ee281-bc29-43b1-9f76-b357a74d18a6.png",
            "title": "Smart APP",
            "title_de": "Smarte App",
            "title_fr": "Application intelligente",
            "description": "With the HEPHA APP, you can unlock the full potential of your e-bike: record rides, configure your e-bike, update your system or get help with questions.",
            "description_de": "Mit der HEPHA APP setzen Sie das volle Potenzial Ihres E-Bikes frei: Zeichnen Sie Fahrten auf, konfigurieren Sie Ihr E-Bike, updaten Sie Ihr System oder erhalten Sie Hilfe bei Fragen..",
            "description_fr": "Avec l'application HEPHA, vous pouvez exploiter tout le potentiel de votre vélo électrique : enregistrer des trajets, configurer votre vélo électrique, mettre à jour votre système ou obtenir de l'aide en cas de questions.",
            "description_richtext": "",
            "description_richtext_de": "",
            "description_richtext_fr": ""
          }
        }
      },
      "block_order": [
        "customslide_GCDzxU",
        "customslide_e4tEdG",
        "customslide_jHRL7H",
        "customslide_jC4XnW",
        "customslide_wdbYqw",
        "customslide_6yV7dp",
        "customslide_VCVhWi",
        "customslide_E8AmnA",
        "customslide_NRQBUA",
        "customslide_EGmiPA",
        "customslide_cTjT9b"
      ],
      "disabled": true,
      "settings": {}
    },
    "custom_specification_DXgxaL": {
      "type": "custom_specification",
      "settings": {}
    },
    "custom_frame_geometry_jXUWB7": {
      "type": "custom_frame_geometry",
      "blocks": {
        "step_through_VrJLXT": {
          "type": "step_through",
          "settings": {
            "step_through_image": "shopify://shop_images/hepha_trekking7_geo_step.png",
            "frame_height_low": "460 mm",
            "frame_height_low_L": "490 mm",
            "frame_height_low_S": "",
            "seat_tube_angle_low": "74°",
            "seat_tube_angle_low_L": "74°",
            "seat_tube_angle_low_S": "",
            "fork_offset_low": "43 mm",
            "fork_offset_low_L": "43 mm",
            "fork_offset_low_S": "",
            "seat_angle_low": "74°",
            "seat_angle_low_L": "74°",
            "seat_angle_low_S": "",
            "head_tube_length_low": "160 mm",
            "head_tube_length_low_L": "170 mm",
            "head_tube_length_low_S": "",
            "head_tube_angle_low": "68.5°",
            "head_tube_angle_low_L": "68.5°",
            "head_tube_angle_low_S": "",
            "top_tube_horizontal_low": "591 mm",
            "top_tube_horizontal_low_L": "629 mm",
            "top_tube_horizontal_low_S": "",
            "chain_stay_length_low": "484 mm",
            "chain_stay_length_low_L": "484 mm",
            "chain_stay_length_low_S": "",
            "bottom_bracket_drop_low": "60 mm",
            "bottom_bracket_drop_low_L": "60 mm",
            "bottom_bracket_drop_low_S": "",
            "wheelbase_low": "1162 mm",
            "wheelbase_low_L": "1201 mm",
            "wheelbase_low_S": "",
            "stack_low": "637 mm",
            "stack_low_L": "647 mm",
            "stack_low_S": "",
            "reach_low": "408 mm",
            "reach_low_L": "443 mm",
            "reach_low_S": "",
            "standover_height_low": "",
            "standover_height_low_L": "",
            "standover_height_low_S": "",
            "seat_height_min_low": "",
            "seat_height_min_low_L": "",
            "seat_height_min_low_S": "",
            "seat_height_max_low": "",
            "seat_height_max_low_L": "",
            "seat_height_max_low_S": ""
          }
        },
        "low_step_4hEKaJ": {
          "type": "low_step",
          "settings": {
            "low_step_image": "shopify://shop_images/hepha_trekking7_geo_step.png",
            "frame_height_low": "460 mm",
            "frame_height_low_L": "490 mm",
            "seat_tube_angle_low": "74°",
            "seat_tube_angle_low_L": "74°",
            "fork_offset_low": "43 mm",
            "fork_offset_low_L": "43 mm",
            "seat_angle_low": "74°",
            "seat_angle_low_L": "74°",
            "head_tube_length_low": "160 mm",
            "head_tube_length_low_L": "170 mm",
            "head_tube_angle_low": "68.5°",
            "head_tube_angle_low_L": "68.5°",
            "top_tube_horizontal_low": "591 mm",
            "top_tube_horizontal_low_L": "629 mm",
            "chain_stay_length_low": "484 mm",
            "chain_stay_length_low_L": "484 mm",
            "bottom_bracket_drop_low": "60 mm",
            "bottom_bracket_drop_low_L": "60 mm",
            "wheelbase_low": "1162 mm",
            "wheelbase_low_L": "1201 mm",
            "stack_low": "637 mm",
            "stack_low_L": "647 mm",
            "reach_low": "408 mm",
            "reach_low_L": "443 mm",
            "standover_height_low": "",
            "standover_height_low_L": "",
            "seat_height_min_low": "",
            "seat_height_min_low_L": "",
            "seat_height_max_low": "",
            "seat_height_max_low_L": ""
          }
        },
        "high_step2_4JFb4N": {
          "type": "high_step2",
          "settings": {
            "high_step_image": "shopify://shop_images/hepha_trekking7_geo_high_a9b808f5-49d7-44e6-8a68-d344e2f64fa8.png",
            "frame_height_high": "490 mm",
            "frame_height_high_L": "520 mm",
            "frame_height_high_XL": "560 mm",
            "seat_tube_angle_high": "74°",
            "seat_tube_angle_high_L": "74°",
            "seat_tube_angle_high_XL": "74°",
            "fork_offset_high": "43 mm",
            "fork_offset_high_L": "43 mm",
            "fork_offset_high_XL": "43 mm",
            "seat_angle_high": "74°",
            "seat_angle_high_L": "74°",
            "seat_angle_high_XL": "74°",
            "head_tube_length_high": "160 mm",
            "head_tube_length_high_L": "170 mm",
            "head_tube_length_high_XL": "173 mm",
            "head_tube_angle_high": "68.5°",
            "head_tube_angle_high_L": "68.5°",
            "head_tube_angle_high_XL": "68.5°",
            "top_tube_horizontal_high": "591 mm",
            "top_tube_horizontal_high_L": "629 mm",
            "top_tube_horizontal_high_XL": "670 mm",
            "chain_stay_length_high": "484 mm",
            "chain_stay_length_high_L": "484 mm",
            "chain_stay_length_high_XL": "484 mm",
            "bottom_bracket_drop_high": "60 mm",
            "bottom_bracket_drop_high_L": "60 mm",
            "bottom_bracket_drop_high_XL": "60 mm",
            "wheelbase_high": "1162",
            "wheelbase_high_L": "1201",
            "wheelbase_high_XL": "1242",
            "stack_high": "637 mm",
            "stack_high_L": "647 mm",
            "stack_high_XL": "653 mm",
            "reach_high": "408 mm",
            "reach_high_L": "443 mm",
            "reach_high_XL": "482 mm",
            "standover_height_high": "760",
            "standover_height_high_L": "780",
            "standover_height_high_XL": "780",
            "seat_height_min_high": "860",
            "seat_height_min_high_L": "890",
            "seat_height_min_high_XL": "890",
            "seat_height_max_high": "1050",
            "seat_height_max_high_L": "1080",
            "seat_height_max_high_XL": "1080"
          }
        }
      },
      "block_order": [
        "step_through_VrJLXT",
        "low_step_4hEKaJ",
        "high_step2_4JFb4N"
      ],
      "settings": {
        "background_image": "shopify://shop_images/HEPHA_Website_SizeFinder_Graphic_MY24_1.png",
        "mobile_background_image": "shopify://shop_images/Group_1_8a560542-f422-4004-8ba1-727c55e3f01f.png"
      }
    },
    "173442611807807522": {
      "type": "apps",
      "blocks": {
        "loox_reviews_loox_dynamic_section_p3bDHL": {
          "type": "shopify://apps/loox-reviews/blocks/loox-dynamic-section/5c3b337f-fd14-4df5-b1d6-80ec13e6e28e",
          "settings": {
            "only_photos": false,
            "aggregated": false,
            "limit": 20,
            "hide_thumbnails": false,
            "maxwidth": 1080,
            "is_sample": true
          }
        }
      },
      "block_order": ["loox_reviews_loox_dynamic_section_p3bDHL"],
      "settings": {
        "full_width": false,
        "show_space": true,
        "title": "",
        "title_de": "",
        "title_fr": ""
      }
    },
    "custom_product_tab_test_m9aDPj": {
      "type": "custom-product-tab-test",
      "settings": {
        "title": "Related Products",
        "title_de": "Ähnliche Modelle",
        "title_fr": "Modèles associés",
        "title_fi": "Liittyvät tuotteet",
        "image": "shopify://shop_images/HEPHA-Trekking7_01_grey_7ff138ad-9f41-4981-b752-1bd80fee72c0.jpg",
        "background_color": "#ffffff",
        "background_position": "center center",
        "background_size": "cover",
        "background_align_items": "flex-start",
        "background_padding_top": 20,
        "background_padding_right": 20,
        "background_padding_bottom": 20,
        "background_padding_left": 20,
        "ad_link": "shopify://collections/hepha-ebikes",
        "ad_button_color": "#000000",
        "ad_button_text_color": "#ffffff",
        "title_1": "<p>Not sure which E-Bike is right for you? Discover and compare our full range of E-Bikes to find the perfect model for your adventures.</p>",
        "title_1_de": "<p>Nicht sicher, welches E-Bike das richtige für Sie ist? Entdecken und vergleichen Sie unser gesamtes Sortiment an E-Bikes, um das perfekte Modell für Ihre Abenteuer zu finden.</p>",
        "title_1_fr": "<p>Vous n’êtes pas sûr de quel vélo électrique est fait pour vous ? Découvrez et comparez notre gamme complète de vélos électriques pour trouver le modèle parfait pour vos aventures.</p>",
        "title_1_fi": "",
        "heading_color_1": "#ffffff",
        "heading_size_1": 18,
        "button_label": "Explore all E-Bikes!",
        "button_label_de": "Entdecke alle E-Bikes!",
        "button_label_fr": "Découvrez tous modèles !",
        "button_label_fi": "",
        "product_source_trekking7ltd": "collection",
        "trekking7ltd_collection": "trekking-7-my23",
        "trekking7ltd_products": [],
        "product_source_trekking7": "collection",
        "trekking7_collection": "new-bike-2024",
        "trekking7_products": [],
        "product_source_mountain7": "collection",
        "mountain7_collection": "mountain-7-2024",
        "mountain7_products": [],
        "product_source_mountain7carbon": "collection",
        "mountain7carbon_collection": "mountain-7-carbon",
        "mountain7carbon_products": [],
        "product_source_city7": "collection",
        "city7_collection": "city-e-bike",
        "city7_products": [],
        "show_description": true
      }
    },
    "custom_stickybar_b9zk6H": { "type": "custom-stickybar", "settings": {} }
  },
  "order": [
    "main",
    "custom_carousel_image_FiLngH",
    "custom_textarea_NV64QN",
    "custom_two_colum_banner_giBJKD",
    "highlight_slideshow_wd7rDD",
    "custom_specification_DXgxaL",
    "custom_frame_geometry_jXUWB7",
    "173442611807807522",
    "custom_product_tab_test_m9aDPj",
    "custom_stickybar_b9zk6H"
  ]
}
