{
  "sections": {
    "main": {
      "type": "main-product",
      "blocks": {
        "title": { "type": "title", "settings": {} },
        "loox_reviews_loox_rating_4LcXpt": {
          "type": "shopify://apps/loox-reviews/blocks/loox-rating/5c3b337f-fd14-4df5-b1d6-80ec13e6e28e",
          "settings": {
            "contentSize": 16,
            "pattern": "",
            "hideText": false,
            "alignment": "",
            "layout": "",
            "textColor": "",
            "starColor": "",
            "showAllReviews": false,
            "looxOpenFloatingWidget": false,
            "emptyRatingWidget": false
          }
        },
        "price": {
          "type": "price",
          "settings": {
            "show_tax_and_shipping": false,
            "enable_product_reviews_by_price": true
          }
        },
        "financinginfo_EPKHcm": { "type": "financinginfo", "settings": {} },
        "description_JNVXj3": {
          "type": "description",
          "settings": {
            "show_in_tab": false,
            "open_tab": false,
            "icon": "",
            "show_in_quickbuy": false
          }
        },
        "specification_simple_KR3q47": {
          "type": "specification_simple",
          "settings": {}
        },
        "variant_picker_BNiCD8": {
          "type": "variant-picker",
          "settings": {
            "show_single": false,
            "selector_style": "listed",
            "dynamic_availability": "show",
            "enable_size_chart": false,
            "size_chart_label": "",
            "size_chart_variant": "",
            "size_chart_page": ""
          }
        },
        "variant_description_app_metafield_9LbpaA": {
          "type": "shopify://apps/variant-description/blocks/app-metafield/dee11698-5b0b-4a0f-9562-ea29cbe9c77e",
          "settings": {
            "namespace": "custom",
            "key": "size",
            "show_product_description": false,
            "fallback_richtext": "",
            "fallback_liquid": "",
            "product_description_selector": "",
            "custom_liquid": ""
          }
        },
        "pop_up_AAc34B": {
          "type": "pop-up",
          "settings": {
            "text": "Which frame size fit me?",
            "text_de": "Welche Rahmengröße passt zu mir?",
            "text_fr": "Quelle taille de cadre me convient ?",
            "style": "link",
            "page": "trekking2024-sizechart",
            "show_in_quickbuy": false
          }
        },
        "selleasy_lb_upsell_addon_block_dWnQBC": {
          "type": "shopify://apps/selleasy/blocks/lb-upsell-addon-block/790c1a03-a71f-4bc1-9869-00dad526d3c2",
          "settings": {}
        },
        "usedbike_eaenLQ": {
          "type": "usedbike",
          "settings": {
            "text": "Save with Used - Like New",
            "text_de": "Sparen Sie mit gebrauchten Fahrrädern - Wie Neu",
            "text_fr": "Économisez avec des vélos d'occasion -  Comme Neuf",
            "currentprice": "From €1,599.00",
            "currentprice_de": "Ab 1.599,00 €",
            "currentprice_fr": "À partir de 1 599,00 €",
            "wasprice": "",
            "wasprice_de": "",
            "wasprice_fr": "",
            "url": "shopify://collections/used-bikes"
          }
        },
        "buy_buttons_ieLink": {
          "type": "buy-buttons",
          "settings": {
            "show_quantity_selector": false,
            "enable_payment_button": true,
            "show_backorder_text": false,
            "show_pickup_availability": false,
            "show_gift_card_recipient": false,
            "enable_contact_notify": false,
            "contact_expert_content": "",
            "notify_me_content": ""
          }
        },
        "pop_up_zVXKyw": {
          "type": "pop-up",
          "disabled": true,
          "settings": {
            "text": "Click & Collect at your local dealer",
            "text_de": "Click & Collect bei Ihrem lokalen Händler",
            "text_fr": "Click & Collect chez votre revendeur local",
            "style": "link",
            "page": "click-collect-at-your-local-dealer",
            "show_in_quickbuy": false
          }
        },
        "custom_liquid_wBiDyC": {
          "type": "custom-liquid",
          "settings": {
            "custom_liquid": "{% render 'custom-bidex-find-dealers' %}",
            "show_in_quickbuy": false
          }
        },
        "sharing_Hmw8qb": {
          "type": "sharing",
          "settings": {
            "show_twitter": true,
            "show_facebook": true,
            "show_pinterest": true,
            "show_linkedin": true,
            "show_whatsapp": true,
            "show_snapchat": true,
            "show_threads": true,
            "show_tumblr": true,
            "show_twitch": true
          }
        },
        "leasingbike_LNR9yY": {
          "type": "leasingbike",
          "settings": {
            "jobrad_url": "shopify://pages/jobrad",
            "bikeleasing_url": "shopify://pages/save-with-bikeleasing",
            "deutsche_url": "shopify://pages/deutsche-dienstrad",
            "businessbike_url": "shopify://pages/business-bike"
          }
        },
        "accordion_DPPTVK": {
          "type": "accordion",
          "settings": {
            "title": "Financing with one of our partners",
            "title_de": "Finanzierung mit einem unserer Partner",
            "title_fr": "Financer avec l'un de nos partenaires",
            "icon": "",
            "content": "",
            "content_de": "",
            "content_fr": "",
            "page": "",
            "custom_liquid": "{% render \"financing\" %}",
            "open": false,
            "show_in_quickbuy": false
          }
        },
        "accordion_VTmjJ4": {
          "type": "accordion",
          "settings": {
            "title": "Click & Collect at your local dealer",
            "title_de": "Click & Collect bei Ihrem lokalen Händler",
            "title_fr": "Click & Collect chez votre revendeur local",
            "icon": "",
            "content": "<p>When you order a bike from <a href=\"https://hepha.com\" target=\"_blank\" title=\"https://hepha.com\">hepha.com</a>, we’ll ship it for free to a dealer of your choice through our Click & Collect service. Once your bike arrives, the dealer will reach out to arrange a pickup time. Enjoy personalized assistance, test rides, and expert advice with this service. <a href=\"/pages/click-collect-at-your-local-dealer\" target=\"_blank\" title=\"Click & Collect at your local dealer\">Learn more</a></p>",
            "content_de": "<p>Wenn Sie ein Fahrrad bei <a href=\"https://hepha.com/de\" target=\"_blank\" title=\"https://hepha.com/de\">hepha.com</a> bestellen, versenden wir es kostenlos an einen Händler Ihrer Wahl über unseren Click & Collect-Service. Sobald Ihr Fahrrad angekommen ist, wird der Händler Sie kontaktieren, um einen Abholtermin zu vereinbaren. Genießen Sie mit diesem Service persönliche Unterstützung, Testfahrten und Expertenrat. <a href=\"/pages/click-collect-at-your-local-dealer\" target=\"_blank\" title=\"Click & Collect at your local dealer\">Erfahren Sie mehr</a></p>",
            "content_fr": "<p>Vous commandez un vélo sur <a href=\"https://hepha.com/fr-fr\" target=\"_blank\" title=\"https://hepha.com/fr-fr\">hepha.com</a>, nous l'expédierons gratuitement à un revendeur de votre choix grâce à notre service Click & Collect. Une fois votre vélo arrivé, le revendeur vous contactera pour organiser un rendez-vous pour le récupérer. Profitez de l'assistance personnalisée, des essais de conduite et des conseils d'experts avec ce service. <a href=\"/pages/click-collect-at-your-local-dealer\" target=\"_blank\" title=\"Click & Collect at your local dealer\">En savoir plus</a></p>",
            "page": "",
            "custom_liquid": "",
            "open": false,
            "show_in_quickbuy": false
          }
        }
      },
      "block_order": [
        "title",
        "loox_reviews_loox_rating_4LcXpt",
        "price",
        "financinginfo_EPKHcm",
        "description_JNVXj3",
        "specification_simple_KR3q47",
        "variant_picker_BNiCD8",
        "variant_description_app_metafield_9LbpaA",
        "pop_up_AAc34B",
        "selleasy_lb_upsell_addon_block_dWnQBC",
        "usedbike_eaenLQ",
        "buy_buttons_ieLink",
        "pop_up_zVXKyw",
        "custom_liquid_wBiDyC",
        "sharing_Hmw8qb",
        "leasingbike_LNR9yY",
        "accordion_DPPTVK",
        "accordion_VTmjJ4"
      ],
      "custom_css": [],
      "settings": {
        "show_breadcrumbs": false,
        "select_first_variant": true,
        "show_location_underneath": false,
        "inventory_transfers_enable": false,
        "enable_sticky_columns": true,
        "enable_sticky_atc": true,
        "sticky_atc_position": "end",
        "sticky_atc_mobile": true,
        "sticky_atc_behavior": "add_to_cart",
        "sticky_atc_button_style": "secondary",
        "gallery_size": "large",
        "gallery_layout": "carousel-under",
        "enable_zoom": true,
        "show_alt_text": false,
        "alt_text_icon": "",
        "enable_video_autoplay": false,
        "enable_video_looping": false,
        "enable_media_grouping": true,
        "media_grouping_option": "Choose from the following colors,Wählen Sie aus den folgenden Rahmenfarben, Choisissez parmi les couleurs suivantes"
      }
    },
    "custom_carousel_image_FiLngH": {
      "type": "custom-carousel-image",
      "blocks": {
        "customslide_CBC7Kr": {
          "type": "customslide",
          "settings": {
            "image": "shopify://shop_images/Group_397_b8830646-d028-408f-8ccd-7df0bd2d4868.jpg"
          }
        },
        "customslide_heWx9W": {
          "type": "customslide",
          "settings": {
            "image": "shopify://shop_images/Group_398_50db55ad-178b-4d8d-851f-88b8c0e47f18.jpg"
          }
        },
        "customslide_DCJR4c": {
          "type": "customslide",
          "settings": {
            "image": "shopify://shop_images/Group_395_2cc6c90d-1b30-41a9-adcb-64111b234a69.jpg"
          }
        },
        "customslide_H7LtNi": {
          "type": "customslide",
          "settings": {
            "image": "shopify://shop_images/Group_399_3d919bc3-349e-4227-91da-3d052b5053d9.jpg"
          }
        },
        "customslide_4BT34g": {
          "type": "customslide",
          "settings": {
            "image": "shopify://shop_images/Group_400_f93782df-4196-4931-86dd-8b784b6be06e.jpg"
          }
        }
      },
      "block_order": [
        "customslide_CBC7Kr",
        "customslide_heWx9W",
        "customslide_DCJR4c",
        "customslide_H7LtNi",
        "customslide_4BT34g"
      ],
      "disabled": true,
      "settings": {}
    },
    "custom_textarea_NV64QN": {
      "type": "custom_textarea",
      "blocks": {
        "list_item_dPbd8x": {
          "type": "list_item",
          "settings": {
            "item_text": "Powerful 100 Nm motor",
            "item_text_de": "Kraftvoller 100 Nm Motor",
            "item_text_fr": "Moteur puissant de 100 Nm",
            "item_text_fi": ""
          }
        },
        "list_item_k8QRTR": {
          "type": "list_item",
          "settings": {
            "item_text": "600 Wh battery + quick charger",
            "item_text_de": "600-Wh-Akku + Schnellladegerät",
            "item_text_fr": "Batterie de 600 Wh + chargeur rapide",
            "item_text_fi": ""
          }
        },
        "list_item_GfRpFj": {
          "type": "list_item",
          "settings": {
            "item_text": "Belt drive",
            "item_text_de": "Riemenantrieb",
            "item_text_fr": "Entraînement par courroie",
            "item_text_fi": ""
          }
        },
        "list_item_Lg4phj": {
          "type": "list_item",
          "settings": {
            "item_text": "Immobilizer",
            "item_text_de": "Wegfahrsperre",
            "item_text_fr": "Système antidémarrage",
            "item_text_fi": ""
          }
        },
        "list_item_Mg33QU": {
          "type": "list_item",
          "settings": {
            "item_text": "Alarm",
            "item_text_de": "Alarmanalage",
            "item_text_fr": "Système d'alarme",
            "item_text_fi": ""
          }
        },
        "list_item_zQwhEi": {
          "type": "list_item",
          "settings": {
            "item_text": "Watch-Mode",
            "item_text_de": "Watch-Mode",
            "item_text_fr": "Mode veille",
            "item_text_fi": ""
          }
        },
        "list_item_awbTm4": {
          "type": "list_item",
          "settings": {
            "item_text": "Replacement-Service",
            "item_text_de": "Replacement-Service",
            "item_text_fr": "Replacement-Service",
            "item_text_fi": ""
          }
        }
      },
      "block_order": [
        "list_item_dPbd8x",
        "list_item_k8QRTR",
        "list_item_GfRpFj",
        "list_item_Lg4phj",
        "list_item_Mg33QU",
        "list_item_zQwhEi",
        "list_item_awbTm4"
      ],
      "settings": {
        "section_title": "Urban 8 Ultra – the #unstealable e-bike",
        "section_title_de": "Urban 8 Ultra – das #unstealable E-Bike",
        "section_title_fr": "Urban 8 Ultra – le vélo électrique #involable",
        "section_title_fi": "",
        "text_description": "HEPHA brings you urban mobility with peace of mind. The Urban 8 Ultra is built to stop theft before it happens: The 2Lock front hub locks the wheel, making getaways impossible. Add a human-voice alarm that talks back – and scares off thieves.\nIf someone still dares: WatchMode locks the bike and marks it as unsellable. Worst case? HEPHA’s optional Replacement Service has your back.\nAnd on top: 100 Nm power, low-maintenance belt drive, 5-speed hub gears – all at just 21 kg.\nSecure. Powerful. Clever. Pure HEPHA.",
        "text_description_de": "HEPHA bringt dir urbanen Fahrspaß mit echtem Sicherheitsgefühl. Unser Urban 8 Ultra sagt Dieben den Kampf an: Mit dem cleveren 2Lock-System in der Vorderradnabe blockiert es die Flucht, bevor sie beginnt. Die integrierte Alarmanlage spricht – wortwörtlich – und macht Diebe nervös.\nFalls doch jemand dreist genug ist: Der WatchModus sperrt das System, und eine digitale Kennzeichnung macht das E-Bike unverkäuflich. Und im schlimmsten Fall greift unser optionaler Replacement Service.\nDazu bekommst du volle 100 Nm Leistung, einen wartungsarmen Riemenantrieb, eine 5-Gang-Nabenschaltung – und das alles bei nur 21 kg.\nSicher. Stark. Smart. Und typisch HEPHA.",
        "text_description_fr": "HEPHA t’offre la mobilité urbaine en toute sérénité. L’Urban 8 Ultra anticipe le vol : grâce au verrouillage 2Lock dans le moyeu avant, personne ne va loin. L’alarme vocale intégrée parle – et dissuade.\nEt si un voleur insiste ? Le mode Watch bloque le système et affiche un marquage numérique qui rend le vélo invendable. En cas de vol, notre service de remplacement facultatif intervient.\nAjoute à cela 100 Nm de puissance, une transmission par courroie sans entretien, une boîte 5 vitesses – pour seulement 21 kg.\nSûr. Puissant. Intelligent. 100 % HEPHA.",
        "text_description_fi": "",
        "title_font_size": 50,
        "text_font_size": 18,
        "show_item_list": true,
        "layout": "title_above",
        "item_font_size": 16,
        "custom_icon": "checkmark"
      }
    },
    "custom_two_colum_banner_giBJKD": {
      "type": "custom-two-colum-banner",
      "blocks": {
        "slide_NLVjLr": {
          "type": "slide",
          "settings": {
            "image": "shopify://shop_images/2Lock-Highlight.png",
            "background_color": "#9bcfa7",
            "liquid_content4": "",
            "background_size": "60",
            "background_position": "top",
            "background_align_items": "center",
            "background_padding_top": 400,
            "background_padding_left": 0,
            "background_padding_right": 0,
            "background_padding_bottom": 0,
            "liquid_content": "",
            "subheading_image_title_link": "",
            "subheading_image_title_position": "",
            "subheading_image_title_top": 0,
            "subheading_image_title_left": 0,
            "title_1": "<p>Immobilizer</p>",
            "title_1_de": "<p>Wegfahrsperre</p>",
            "title_1_fr": "<p>Système antidémarrage</p>",
            "title_1_fi": "",
            "heading_color_1": "#333333",
            "heading_size_1": 50,
            "subheading_1": "<p>The 2Lock immobilizer is integrated directly into the hub and locks it together with the axle. A locking bolt that is inaccessible from outside makes the lock 100% burglar-proof. Attempting to escape on the bike or to resell it is therefore almost impossible.</p>",
            "subheading_1_de": "<p>Die 2Lock-Wegfahrsperre ist direkt in die Nabe integriert und verriegelt diese samt Achse. Ein von außen unzugänglicher Verriegelungsbolzen macht das Schloss 100 % aufbruchsicher. Fluchtversuche oder Weiterverkauf werden damit nahezu unmöglich.</p>",
            "subheading_1_fr": "<p>L'antidémarrage 2Lock est directement intégré dans le moyeu et le verrouille avec l'axe. Un boulon de verrouillage inaccessible de l'extérieur rend l'antivol 100 % résistant à l'effraction. Les tentatives d'évasion ou de revente deviennent ainsi quasiment impossibles.</p>",
            "subheading_1_fi": "",
            "subheading_color_1": "#333333",
            "subheading_size_1": 18,
            "liquid_content3": "",
            "subheading_image_1_link": "",
            "subheading_image_1_width": 600,
            "subheading_image_1_position": "",
            "subheading_image_1b_position": "",
            "subheading_image_1b_link": "",
            "title_2": "",
            "title_2_de": "",
            "title_2_fr": "",
            "title_2_fi": "",
            "heading_color_2": "#000000",
            "heading_size_2": 24,
            "subheading_2": "",
            "subheading_2_de": "",
            "subheading_2_fr": "",
            "subheading_2_fi": "",
            "subheading_color_2": "#000000",
            "subheading_size_2": 16,
            "subheading_image_2_position": "",
            "subheading_image_2_link": "",
            "collection": "",
            "buttongroup_label": "",
            "buttongroup_label_de": "",
            "buttongroup_label_fr": "",
            "buttongroup_label_fi": "",
            "button_label": "",
            "button_label_de": "",
            "button_label_fr": "",
            "button_label_fi": "",
            "link": "",
            "button_color": "#007bff",
            "button2_label": "",
            "button2_label_de": "",
            "button2_label_fr": "",
            "button2_label_fi": "",
            "link2": "",
            "link2_de": "",
            "link2_fr": "",
            "link2_fi": "",
            "button2_color": "#007bff",
            "button_text_color": "#ffffff",
            "column_1title": "",
            "column_1title_de": "",
            "column_1title_fr": "",
            "column_1title_fi": "",
            "column_1description": "",
            "column_1description_de": "",
            "column_1description_fr": "",
            "column_1description_fi": "",
            "column_2title": "",
            "column_2title_de": "",
            "column_2title_fr": "",
            "column_2title_fi": "",
            "column_2description": "",
            "column_2description_de": "",
            "column_2description_fr": "",
            "column_2description_fi": "",
            "column_3title": "",
            "column_3title_de": "",
            "column_3title_fr": "",
            "column_3title_fi": "",
            "column_3description": "",
            "column_3description_de": "",
            "column_3description_fr": "",
            "column_3description_fi": "",
            "column_4title": "",
            "column_4title_de": "",
            "column_4title_fr": "",
            "column_4title_fi": "",
            "column_4description": "",
            "column_4description_de": "",
            "column_4description_fr": "",
            "column_4description_fi": "",
            "liquid_content2": "",
            "liquid_content5": ""
          }
        },
        "slide_YiV7jU": {
          "type": "slide",
          "settings": {
            "image": "shopify://shop_images/Alarm-Highlight.png",
            "background_color": "#bde3c9",
            "liquid_content4": "",
            "background_size": "40",
            "background_position": "top",
            "background_align_items": "center",
            "background_padding_top": 400,
            "background_padding_left": 0,
            "background_padding_right": 0,
            "background_padding_bottom": 0,
            "liquid_content": "",
            "subheading_image_title_link": "",
            "subheading_image_title_position": "",
            "title_1": "<p>Alarm</p>",
            "title_1_de": "<p>Alarmanalage</p>",
            "title_1_fr": "<p>Système alarme</p>",
            "title_1_fi": "",
            "heading_color_1": "#000000",
            "heading_size_1": 50,
            "subheading_1": "<p>Pure deterrent: The innovative alarm system warns with a natural human voice and actively calls for help in an emergency, ensuring maximum attention and effectively deterring thieves.</p>",
            "subheading_1_de": "<p>Abschreckung pur: Die neuartige Alarmanlage warnt mit einer natürlichen menschlichen Stimme und ruft im Notfall aktiv um Hilfe.<br/>Das sorgt für maximale Aufmerksamkeit und schreckt Diebe wirksam ab.</p>",
            "subheading_1_fr": "<p>La dissuasion à l'état pur : le nouveau système d'alarme avertit avec une voix humaine naturelle et appelle activement à l'aide en cas d'urgence.Cela permet d'attirer un maximum d'attention et de dissuader efficacement les voleurs.</p>",
            "subheading_1_fi": "",
            "subheading_color_1": "#000000",
            "subheading_size_1": 18,
            "liquid_content3": "",
            "subheading_image_1_link": "",
            "subheading_image_1_position": "",
            "subheading_image_1b_position": "",
            "subheading_image_1b_link": "",
            "title_2": "",
            "title_2_de": "",
            "title_2_fr": "",
            "title_2_fi": "",
            "heading_color_2": "#000000",
            "heading_size_2": 24,
            "subheading_2": "",
            "subheading_2_de": "",
            "subheading_2_fr": "",
            "subheading_2_fi": "",
            "subheading_color_2": "#000000",
            "subheading_size_2": 16,
            "subheading_image_2_position": "",
            "subheading_image_2_link": "",
            "collection": "",
            "buttongroup_label": "",
            "buttongroup_label_de": "",
            "buttongroup_label_fr": "",
            "buttongroup_label_fi": "",
            "button_label": "",
            "button_label_de": "",
            "button_label_fr": "",
            "button_label_fi": "",
            "link": "",
            "button_color": "#007bff",
            "button2_label": "",
            "button2_label_de": "",
            "button2_label_fr": "",
            "button2_label_fi": "",
            "link2": "",
            "link2_de": "",
            "link2_fr": "",
            "link2_fi": "",
            "button2_color": "#007bff",
            "button_text_color": "#ffffff",
            "column_1title": "",
            "column_1title_de": "",
            "column_1title_fr": "",
            "column_1title_fi": "",
            "column_1description": "",
            "column_1description_de": "",
            "column_1description_fr": "",
            "column_1description_fi": "",
            "column_2title": "",
            "column_2title_de": "",
            "column_2title_fr": "",
            "column_2title_fi": "",
            "column_2description": "",
            "column_2description_de": "",
            "column_2description_fr": "",
            "column_2description_fi": "",
            "column_3title": "",
            "column_3title_de": "",
            "column_3title_fr": "",
            "column_3title_fi": "",
            "column_3description": "",
            "column_3description_de": "",
            "column_3description_fr": "",
            "column_3description_fi": "",
            "column_4title": "",
            "column_4title_de": "",
            "column_4title_fr": "",
            "column_4title_fi": "",
            "column_4description": "",
            "column_4description_de": "",
            "column_4description_fr": "",
            "column_4description_fi": "",
            "liquid_content2": "",
            "liquid_content5": ""
          }
        }
      },
      "block_order": ["slide_NLVjLr", "slide_YiV7jU"],
      "settings": {
        "section_id": "",
        "mobile_font_size_heading": 40,
        "mobile_line_height_heading": 42,
        "mobile_font_size_text": 20,
        "mobile_line_height_text": 24,
        "mobile_slide_padding_top": 30
      }
    },
    "custom_two_colum_banner_aHEJrM": {
      "type": "custom-two-colum-banner",
      "blocks": {
        "slide_RTezUq": {
          "type": "slide",
          "settings": {
            "image": "shopify://shop_images/Watch_Mode_-_Highlight.png",
            "background_color": "#bde3c9",
            "liquid_content4": "",
            "background_size": "60",
            "background_position": "top",
            "background_align_items": "center",
            "background_padding_top": 400,
            "background_padding_left": 0,
            "background_padding_right": 0,
            "background_padding_bottom": 0,
            "liquid_content": "",
            "subheading_image_title_link": "",
            "subheading_image_title_position": "",
            "title_1": "<p>Watch-Mode</p>",
            "title_1_de": "<p>Watch-Mode</p>",
            "title_1_fr": "<p>Watch-Mode</p>",
            "title_1_fi": "",
            "heading_color_1": "#333333",
            "heading_size_1": 50,
            "subheading_1": "<p>Stolen bikes are often difficult to recognize – until now. The new Watch Mode permanently marks the bike as stolen in the event of theft, making it extremely unattractive for resale. At the same time, the mode blocks all drive components from operating, making the bike unusable for the thieves.</p>",
            "subheading_1_de": "<p>Gestohlene Bikes sind oft als solche nicht zu erkennen – bis jetzt. Der neue Watch-Mode markiert das Bike im Diebstahlsfall dauerhaft als gestohlen und macht es damit für den Wiederverkauf extrem unattraktiv. Gleichzeitung blockiert der Modus alle Antriebskomponenten – das Bike wird unbrauchbar für Diebe.</p>",
            "subheading_1_fr": "<p>Les vélos volés ne sont souvent pas reconnus comme tels - jusqu'à présent. Le nouveau mode Watch marque durablement le vélo comme volé en cas de vol et le rend ainsi extrêmement peu attractif pour la revente. Dans le même temps, le mode bloque tous les composants de la transmission - le vélo devient inutilisable pour les voleurs.</p>",
            "subheading_1_fi": "",
            "subheading_color_1": "#333333",
            "subheading_size_1": 18,
            "liquid_content3": "",
            "subheading_image_1_link": "",
            "subheading_image_1_width": 600,
            "subheading_image_1_position": "",
            "subheading_image_1b_position": "",
            "subheading_image_1b_link": "",
            "title_2": "",
            "title_2_de": "",
            "title_2_fr": "",
            "title_2_fi": "",
            "heading_color_2": "#000000",
            "heading_size_2": 24,
            "subheading_2": "",
            "subheading_2_de": "",
            "subheading_2_fr": "",
            "subheading_2_fi": "",
            "subheading_color_2": "#000000",
            "subheading_size_2": 16,
            "subheading_image_2_position": "",
            "subheading_image_2_link": "",
            "collection": "",
            "buttongroup_label": "",
            "buttongroup_label_de": "",
            "buttongroup_label_fr": "",
            "buttongroup_label_fi": "",
            "button_label": "",
            "button_label_de": "",
            "button_label_fr": "",
            "button_label_fi": "",
            "link": "",
            "button_color": "#007bff",
            "button2_label": "",
            "button2_label_de": "",
            "button2_label_fr": "",
            "button2_label_fi": "",
            "link2": "",
            "link2_de": "",
            "link2_fr": "",
            "link2_fi": "",
            "button2_color": "#007bff",
            "button_text_color": "#ffffff",
            "column_1title": "",
            "column_1title_de": "",
            "column_1title_fr": "",
            "column_1title_fi": "",
            "column_1description": "",
            "column_1description_de": "",
            "column_1description_fr": "",
            "column_1description_fi": "",
            "column_2title": "",
            "column_2title_de": "",
            "column_2title_fr": "",
            "column_2title_fi": "",
            "column_2description": "",
            "column_2description_de": "",
            "column_2description_fr": "",
            "column_2description_fi": "",
            "column_3title": "",
            "column_3title_de": "",
            "column_3title_fr": "",
            "column_3title_fi": "",
            "column_3description": "",
            "column_3description_de": "",
            "column_3description_fr": "",
            "column_3description_fi": "",
            "column_4title": "",
            "column_4title_de": "",
            "column_4title_fr": "",
            "column_4title_fi": "",
            "column_4description": "",
            "column_4description_de": "",
            "column_4description_fr": "",
            "column_4description_fi": "",
            "liquid_content2": "",
            "liquid_content5": ""
          }
        },
        "slide_VDhRW7": {
          "type": "slide",
          "settings": {
            "image": "shopify://shop_images/Replacement-Service-Highlight.png",
            "background_color": "#9bcfa7",
            "liquid_content4": "",
            "background_size": "100",
            "background_position": "top",
            "background_align_items": "center",
            "background_padding_top": 400,
            "background_padding_left": 0,
            "background_padding_right": 0,
            "background_padding_bottom": 0,
            "liquid_content": "",
            "subheading_image_title_link": "",
            "subheading_image_title_position": "",
            "title_1": "<p>Replacement-Service</p>",
            "title_1_de": "<p>Replacement-Service</p>",
            "title_1_fr": "<p>Sollte ein Diebstahl dennoch erfolgreich<br/>sein, greift der optionale HEPHA Replacement-<br/>Service: Er kann beim Kauf hinzugebucht werden und sichert das E-Bike für drei Jahre ab.<br/>Im Ernstfall ersetzen wir das gestohlene<br/>Bike schnell und unkompliziert.</p>",
            "title_1_fi": "",
            "heading_color_1": "#000000",
            "heading_size_1": 50,
            "subheading_1": "<p>If a theft of a bike equipped with the “ATS” is nevertheless successful, the optional HEPHA Replacement Service takes effect: The service can be booked with a one-time fee of €149 when buying a bike – and it protects the e-bike for three years. In an emergency, the stolen bike will be replaced, hassle-free.</p>",
            "subheading_1_de": "<p>Sollte ein Diebstahl dennoch erfolgreich<br/>sein, greift der optionale HEPHA Replacement-<br/>Service: Er kann beim Kauf hinzugebucht werden und sichert das E-Bike für drei Jahre ab.<br/>Im Ernstfall ersetzen wir das gestohlene<br/>Bike schnell und unkompliziert.</p>",
            "subheading_1_fr": "<p>Si le vol réussit malgré tout, le service de remplacement HEPHA en option entre en jeu : il peut être souscrit lors de l'achat et couvre le vélo électrique pendant trois ans. En cas d'urgence, nous remplaçons le vélo volé rapidement et facilement.</p>",
            "subheading_1_fi": "",
            "subheading_color_1": "#000000",
            "subheading_size_1": 18,
            "liquid_content3": "",
            "subheading_image_1_link": "",
            "subheading_image_1_position": "",
            "subheading_image_1b_position": "",
            "subheading_image_1b_link": "",
            "title_2": "",
            "title_2_de": "",
            "title_2_fr": "",
            "title_2_fi": "",
            "heading_color_2": "#000000",
            "heading_size_2": 24,
            "subheading_2": "",
            "subheading_2_de": "",
            "subheading_2_fr": "",
            "subheading_2_fi": "",
            "subheading_color_2": "#000000",
            "subheading_size_2": 16,
            "subheading_image_2_position": "",
            "subheading_image_2_link": "",
            "collection": "",
            "buttongroup_label": "",
            "buttongroup_label_de": "",
            "buttongroup_label_fr": "",
            "buttongroup_label_fi": "",
            "button_label": "",
            "button_label_de": "",
            "button_label_fr": "",
            "button_label_fi": "",
            "link": "",
            "button_color": "#007bff",
            "button2_label": "",
            "button2_label_de": "",
            "button2_label_fr": "",
            "button2_label_fi": "",
            "link2": "",
            "link2_de": "",
            "link2_fr": "",
            "link2_fi": "",
            "button2_color": "#007bff",
            "button_text_color": "#ffffff",
            "column_1title": "",
            "column_1title_de": "",
            "column_1title_fr": "",
            "column_1title_fi": "",
            "column_1description": "",
            "column_1description_de": "",
            "column_1description_fr": "",
            "column_1description_fi": "",
            "column_2title": "",
            "column_2title_de": "",
            "column_2title_fr": "",
            "column_2title_fi": "",
            "column_2description": "",
            "column_2description_de": "",
            "column_2description_fr": "",
            "column_2description_fi": "",
            "column_3title": "",
            "column_3title_de": "",
            "column_3title_fr": "",
            "column_3title_fi": "",
            "column_3description": "",
            "column_3description_de": "",
            "column_3description_fr": "",
            "column_3description_fi": "",
            "column_4title": "",
            "column_4title_de": "",
            "column_4title_fr": "",
            "column_4title_fi": "",
            "column_4description": "",
            "column_4description_de": "",
            "column_4description_fr": "",
            "column_4description_fi": "",
            "liquid_content2": "",
            "liquid_content5": ""
          }
        }
      },
      "block_order": ["slide_RTezUq", "slide_VDhRW7"],
      "settings": {
        "section_id": "",
        "mobile_font_size_heading": 40,
        "mobile_line_height_heading": 42,
        "mobile_font_size_text": 20,
        "mobile_line_height_text": 24,
        "mobile_slide_padding_top": 30
      }
    },
    "highlight_slideshow_wd7rDD": {
      "type": "highlight_slideshow",
      "blocks": {
        "customslide_GCDzxU": {
          "type": "customslide",
          "settings": {
            "image": "shopify://shop_images/Frame_382.jpg",
            "title": "Powerful & efficient 100 Nm motor",
            "title_de": "Leistungsstarker & effizienter 100 Nm Motor",
            "title_fr": "Moteur puissant et efficace de 100 Nm",
            "description": "With its 100 Nm, the powerful motor of the Long Range offers enough power for practically any situation. It is also particularly efficient for long tours!",
            "description_de": "Der kraftvolle Motor des Long Range bietet mit seinen 80 Nm genügend Power für praktisch jede Situation. Auch auf langen Touren ist er besonders effizient!",
            "description_fr": "Avec ses 80 Nm, le puissant moteur du Long Range offre suffisamment de puissance pour pratiquement toutes les situations. Il est également particulièrement efficace pour les longs trajets !",
            "description_richtext": "",
            "description_richtext_de": "",
            "description_richtext_fr": ""
          }
        },
        "customslide_e4tEdG": {
          "type": "customslide",
          "settings": {
            "image": "shopify://shop_images/Frame_372_1_3cb3d463-648a-40ab-a786-f86877a96eb9.jpg",
            "title": "708 Wh battery",
            "title_de": "708 Wh Akku",
            "title_fr": "Batterie de 708 Wh",
            "description": "The battery of the Long Range is perfectly integrated into the frame. Together with the very efficient motor, its 708 Wh enables above-average ranges. It can be removed or charged on the bike.",
            "description_de": "Der Akku des Long Range ist perfekt in den Rahmen integriert. Zusammen mit dem sehr effizienten Motor ermöglicht er mit 708 Wh überdurchschnittliche Reichweiten. Er kann herausgenommen oder am Fahrrad aufgeladen werden.",
            "description_fr": "La batterie du Long Range est parfaitement intégrée au cadre. Associée au moteur très efficace, ses 708 Wh permettent des autonomies supérieures à la moyenne. Elle peut être retirée ou rechargée sur le vélo.",
            "description_richtext": "",
            "description_richtext_de": "",
            "description_richtext_fr": ""
          }
        },
        "customslide_jHRL7H": {
          "type": "customslide",
          "settings": {
            "image": "shopify://shop_images/Frame_377_77b0c983-39ff-4d1c-9972-46079a9e94e1.jpg",
            "title": "6A fast charger",
            "title_de": "6A Schnellladegerät",
            "title_fr": "Chargeur rapide 6A",
            "description": "Quickly mobile again - no problem with our standard HEPHA quick charger. With its 6A, it charges almost 1.5 times faster than conventional chargers. It can be used both on the road and as a detachable wallbox at home!",
            "description_de": "Schnell wieder mobil - mit unserem serienmäßigen HEPHA Schnellladegerät kein Problem. Es lädt fast 1,5 mal schneller als herkömmliche Ladegeräte. Es ist sowohl mobil auf der Tour als auch als abnehmbare Wallbox zuhause einsetzbar!",
            "description_fr": "De nouveau rapidement mobile – aucun problème avec notre chargeur rapide HEPHA standard. Avec ses 6A, il charge presque 1,5 fois plus vite que les chargeurs classiques. Il peut être utilisé aussi bien en déplacement que comme boîtier mural amovible à la maison !",
            "description_richtext": "",
            "description_richtext_de": "",
            "description_richtext_fr": ""
          }
        },
        "customslide_jC4XnW": {
          "type": "customslide",
          "settings": {
            "image": "shopify://shop_images/Frame_376_132dc3eb-7169-45f9-b1b8-484ff6cfbce6.jpg",
            "title": "Crystal clear 1.96\" display",
            "title_de": "kristallklarer 1.96\" Display",
            "title_fr": "Écran 1.96\" d'une clarté exceptionnelle",
            "description": "The compact 1.96\" display sits well protected to the left of the stem. Thanks to the high-quality IPS technology, it is very easy to read even in bright light.",
            "description_de": "Das kompakte 1.96\"-Display sitzt gut geschützt links am Vorbau. Dank hochwertiger IPS-Technologie ist es auch bei hellem Licht sehr gut lesbar.",
            "description_fr": "L'écran compact de 1.96\" est bien protégé à gauche de la tige. Grâce à la technologie IPS de haute qualité, il est très facile à lire même en pleine lumière.",
            "description_richtext": "",
            "description_richtext_de": "",
            "description_richtext_fr": ""
          }
        },
        "customslide_VCVhWi": {
          "type": "customslide",
          "settings": {
            "image": "shopify://shop_images/Frame_373_465529dc-8a77-4e97-bf68-a5b00643c0a6.jpg",
            "title": "Special e-bike suspension fork",
            "title_de": "Spezielle E-Bike Federgabel",
            "title_fr": "Fourche à suspension spéciale pour vélo électrique",
            "description": "The Suntour NEX-25 with its 63 mm suspension travel provides additional comfort, dampens vibrations and compensates for bumps.",
            "description_de": "Die Suntour NEX-25 mit ihren 63 mm Federweg sorgt für zusätzlichen Komfort, dämpft Vibrationen und gleicht Unebenheiten aus..",
            "description_fr": "Le Suntour NEX-25 avec son débattement de suspension de 63 mm offre un confort supplémentaire, amortit les vibrations et compense les bosses.",
            "description_richtext": "",
            "description_richtext_de": "",
            "description_richtext_fr": ""
          }
        },
        "customslide_wdbYqw": {
          "type": "customslide",
          "settings": {
            "image": "shopify://shop_images/Frame_378_b1dc01a7-75b7-4b83-8d7d-49ad340277b7.jpg",
            "title": "10-speed gearshift",
            "title_de": "10-Gang Schaltung",
            "title_fr": "Boîte de vitesses à 10 vitesses",
            "description": "With the reliable Shimano Cues gears and its 10 gears, every tour or mountain loses its terror.",
            "description_de": "Mit der zuverlässigen Shimano Cues-Schaltung und seinen 10-Gängen verliert jede Tour oder Berg den Schrecken..",
            "description_fr": "Avec le système fiable de transmission Shimano Cues et ses 10 vitesses, chaque randonnée ou montagne perd sa terreur.",
            "description_richtext": "",
            "description_richtext_de": "",
            "description_richtext_fr": ""
          }
        },
        "customslide_NRQBUA": {
          "type": "customslide",
          "settings": {
            "image": "shopify://shop_images/Frame_369.jpg",
            "title": "Hydraulic disc brakes",
            "title_de": "Hydraulische Scheibenbremsen",
            "title_fr": "Freins à disque hydrauliques",
            "description": "The two hydraulic disc brakes with 180 mm brake discs at the front bring you safely to a halt at all times.",
            "description_de": "Die beiden hydraulischen Scheibenbremsen mit 180mm Bremsscheibe vorne bringen Sie jederzeit sicher zum Stehen..",
            "description_fr": "Les deux freins à disque hydrauliques avec disques de frein de 180 mm à l'avant vous permettent de vous arrêter en toute sécurité à tout moment.",
            "description_richtext": "",
            "description_richtext_de": "",
            "description_richtext_fr": ""
          }
        },
        "customslide_E8AmnA": {
          "type": "customslide",
          "settings": {
            "image": "shopify://shop_images/Frame_381.jpg",
            "title": "Multifunctional luggage carrier",
            "title_de": "Multifunktionaler Gepäckträger",
            "title_fr": "Porte-bagages multifonctionnel",
            "description": "The robust pannier rack always has a solution at hand: whether for panniers on the side or for quickly clicking in baskets thanks to the universal Carry-More interface.",
            "description_de": "Der robuste Gepäckträger hat immer eine Lösung parat: ob für seitlichen Packtaschen oder für das schnelle Einklicken von Körben dank der universellen Carry-More Schnittstelle..",
            "description_fr": "Le porte-bagages robuste a toujours une solution à portée de main : que ce soit pour les sacoches latérales ou pour cliquer rapidement dans les paniers grâce à l'interface universelle Carry-More.",
            "description_richtext": "",
            "description_richtext_de": "",
            "description_richtext_fr": ""
          }
        },
        "customslide_EGmiPA": {
          "type": "customslide",
          "settings": {
            "image": "shopify://shop_images/Frame_374.png",
            "title": "Automatic light sensor",
            "title_de": "Automatischer Lichtsensor",
            "title_fr": "Capteur de lumière automatique",
            "description": "The light on your Trekking 7 is controlled fully automatically by a light sensor. This is particularly practical in suddenly changing light conditions, such as tunnels!",
            "description_de": "Das Licht an Ihrem Trekking 7 wird vollautomatisch durch einen Lichtsensor gesteuert. Besonders praktisch bei plötzlich wechselnden Lichtverhältnissen, wie Tunneln!.",
            "description_fr": "L'éclairage de votre Trekking 7 est contrôlé de manière entièrement automatique par un capteur de lumière. Cela est particulièrement pratique en cas de changement soudain de la luminosité, comme dans les tunnels !",
            "description_richtext": "",
            "description_richtext_de": "",
            "description_richtext_fr": ""
          }
        },
        "customslide_cTjT9b": {
          "type": "customslide",
          "settings": {
            "image": "shopify://shop_images/app_432ee281-bc29-43b1-9f76-b357a74d18a6.png",
            "title": "Smart APP",
            "title_de": "Smarte APP",
            "title_fr": "Application intelligente",
            "description": "With the HEPHA APP, you can unlock the full potential of your e-bike: record rides, configure your e-bike, update your system or get help with questions.",
            "description_de": "Mit der HEPHA APP setzen Sie das volle Potenzial Ihres E-Bikes frei: Zeichnen Sie Fahrten auf, konfigurieren Sie Ihr E-Bike, updaten Sie Ihr System oder erhalten Sie Hilfe bei Fragen..",
            "description_fr": "Avec l'application HEPHA, vous pouvez exploiter tout le potentiel de votre vélo électrique : enregistrer des trajets, configurer votre vélo électrique, mettre à jour votre système ou obtenir de l'aide en cas de questions.",
            "description_richtext": "",
            "description_richtext_de": "",
            "description_richtext_fr": ""
          }
        }
      },
      "block_order": [
        "customslide_GCDzxU",
        "customslide_e4tEdG",
        "customslide_jHRL7H",
        "customslide_jC4XnW",
        "customslide_VCVhWi",
        "customslide_wdbYqw",
        "customslide_NRQBUA",
        "customslide_E8AmnA",
        "customslide_EGmiPA",
        "customslide_cTjT9b"
      ],
      "disabled": true,
      "settings": {}
    },
    "custom_specification_DXgxaL": {
      "type": "custom_specification",
      "settings": {}
    },
    "custom_frame_geometry_jXUWB7": {
      "type": "custom_frame_geometry",
      "blocks": {
        "step_through_VrJLXT": {
          "type": "step_through",
          "settings": {
            "step_through_image": "shopify://shop_images/hepha_trekking7_geo_step.png",
            "frame_height_low": "460 mm",
            "frame_height_low_L": "490 mm",
            "frame_height_low_S": "",
            "seat_tube_angle_low": "74°",
            "seat_tube_angle_low_L": "74°",
            "seat_tube_angle_low_S": "",
            "fork_offset_low": "43 mm",
            "fork_offset_low_L": "43 mm",
            "fork_offset_low_S": "",
            "seat_angle_low": "74°",
            "seat_angle_low_L": "74°",
            "seat_angle_low_S": "",
            "head_tube_length_low": "160 mm",
            "head_tube_length_low_L": "170 mm",
            "head_tube_length_low_S": "",
            "head_tube_angle_low": "68.5°",
            "head_tube_angle_low_L": "68.5°",
            "head_tube_angle_low_S": "",
            "top_tube_horizontal_low": "591 mm",
            "top_tube_horizontal_low_L": "629 mm",
            "top_tube_horizontal_low_S": "",
            "chain_stay_length_low": "484 mm",
            "chain_stay_length_low_L": "484 mm",
            "chain_stay_length_low_S": "",
            "bottom_bracket_drop_low": "60 mm",
            "bottom_bracket_drop_low_L": "60 mm",
            "bottom_bracket_drop_low_S": "",
            "wheelbase_low": "1162 mm",
            "wheelbase_low_L": "1201 mm",
            "wheelbase_low_S": "",
            "stack_low": "637 mm",
            "stack_low_L": "647 mm",
            "stack_low_S": "",
            "reach_low": "408 mm",
            "reach_low_L": "443 mm",
            "reach_low_S": "",
            "standover_height_low": "",
            "standover_height_low_L": "",
            "standover_height_low_S": "",
            "seat_height_min_low": "",
            "seat_height_min_low_L": "",
            "seat_height_min_low_S": "",
            "seat_height_max_low": "",
            "seat_height_max_low_L": "",
            "seat_height_max_low_S": ""
          }
        },
        "low_step_4hEKaJ": {
          "type": "low_step",
          "settings": {
            "low_step_image": "shopify://shop_images/trekking7-overview-frame-low_a15b9cd0-5a61-4dbb-bdbc-f07904cb7f48.jpg",
            "frame_height_low": "460 mm",
            "frame_height_low_L": "490 mm",
            "seat_tube_angle_low": "74°",
            "seat_tube_angle_low_L": "74°",
            "fork_offset_low": "43 mm",
            "fork_offset_low_L": "43 mm",
            "seat_angle_low": "74°",
            "seat_angle_low_L": "74°",
            "head_tube_length_low": "160 mm",
            "head_tube_length_low_L": "170 mm",
            "head_tube_angle_low": "68.5°",
            "head_tube_angle_low_L": "68.5°",
            "top_tube_horizontal_low": "591 mm",
            "top_tube_horizontal_low_L": "629 mm",
            "chain_stay_length_low": "484 mm",
            "chain_stay_length_low_L": "484 mm",
            "bottom_bracket_drop_low": "60 mm",
            "bottom_bracket_drop_low_L": "60 mm",
            "wheelbase_low": "1162 mm",
            "wheelbase_low_L": "1201 mm",
            "stack_low": "637 mm",
            "stack_low_L": "647 mm",
            "reach_low": "408 mm",
            "reach_low_L": "443 mm",
            "standover_height_low": "",
            "standover_height_low_L": "",
            "seat_height_min_low": "",
            "seat_height_min_low_L": "",
            "seat_height_max_low": "",
            "seat_height_max_low_L": ""
          }
        },
        "high_step2_86izcM": {
          "type": "high_step2",
          "settings": {
            "high_step_image": "shopify://shop_images/trekking7-overview-frame-high-optimized_24604beb-9ae2-42ea-8727-4f67d2b188ed.jpg",
            "frame_height_high": "490 mm",
            "frame_height_high_L": "520 mm",
            "frame_height_high_XL": "560 mm",
            "seat_tube_angle_high": "74°",
            "seat_tube_angle_high_L": "74°",
            "seat_tube_angle_high_XL": "74°",
            "fork_offset_high": "43 mm",
            "fork_offset_high_L": "43 mm",
            "fork_offset_high_XL": "43 mm",
            "seat_angle_high": "74°",
            "seat_angle_high_L": "74°",
            "seat_angle_high_XL": "74°",
            "head_tube_length_high": "160 mm",
            "head_tube_length_high_L": "170 mm",
            "head_tube_length_high_XL": "173 mm",
            "head_tube_angle_high": "68.5°",
            "head_tube_angle_high_L": "68.5°",
            "head_tube_angle_high_XL": "68.5°",
            "top_tube_horizontal_high": "591 mm",
            "top_tube_horizontal_high_L": "629 mm",
            "top_tube_horizontal_high_XL": "670 mm",
            "chain_stay_length_high": "484 mm",
            "chain_stay_length_high_L": "484 mm",
            "chain_stay_length_high_XL": "484 mm",
            "bottom_bracket_drop_high": "60 mm",
            "bottom_bracket_drop_high_L": "60 mm",
            "bottom_bracket_drop_high_XL": "60 mm",
            "wheelbase_high": "1162",
            "wheelbase_high_L": "1201",
            "wheelbase_high_XL": "1242",
            "stack_high": "637 mm",
            "stack_high_L": "647 mm",
            "stack_high_XL": "653 mm",
            "reach_high": "408 mm",
            "reach_high_L": "443 mm",
            "reach_high_XL": "482 mm",
            "standover_height_high": "760",
            "standover_height_high_L": "780",
            "standover_height_high_XL": "780",
            "seat_height_min_high": "860",
            "seat_height_min_high_L": "890",
            "seat_height_min_high_XL": "890",
            "seat_height_max_high": "1050",
            "seat_height_max_high_L": "1080",
            "seat_height_max_high_XL": "1080"
          }
        }
      },
      "block_order": [
        "step_through_VrJLXT",
        "low_step_4hEKaJ",
        "high_step2_86izcM"
      ],
      "disabled": true,
      "settings": {
        "background_image": "shopify://shop_images/Group_404.png",
        "mobile_background_image": "shopify://shop_images/Group_404.png"
      }
    },
    "173442611857857522": {
      "type": "apps",
      "blocks": {
        "loox_reviews_loox_dynamic_section_p3bDHL": {
          "type": "shopify://apps/loox-reviews/blocks/loox-dynamic-section/5c3b337f-fd14-4df5-b1d6-80ec13e6e28e",
          "settings": {
            "only_photos": false,
            "aggregated": false,
            "limit": 20,
            "hide_thumbnails": false,
            "maxwidth": 1080,
            "is_sample": true
          }
        }
      },
      "block_order": ["loox_reviews_loox_dynamic_section_p3bDHL"],
      "settings": {
        "full_width": false,
        "show_space": true,
        "title": "",
        "title_de": "",
        "title_fr": ""
      }
    },
    "custom_product_tab_test_m9aDPj": {
      "type": "custom-product-tab-test",
      "settings": {
        "title": "Related Products",
        "title_de": "Ähnliche Modelle",
        "title_fr": "Modèles associés",
        "title_fi": "Liittyvät tuotteet",
        "image": "shopify://shop_images/HEPHA-Trekking7_01_grey_7ff138ad-9f41-4981-b752-1bd80fee72c0.jpg",
        "background_color": "#ffffff",
        "background_position": "center center",
        "background_size": "cover",
        "background_align_items": "flex-start",
        "background_padding_top": 20,
        "background_padding_right": 20,
        "background_padding_bottom": 20,
        "background_padding_left": 20,
        "ad_link": "shopify://collections/hepha-ebikes",
        "ad_button_color": "#000000",
        "ad_button_text_color": "#ffffff",
        "title_1": "<p>Not sure which E-Bike is right for you? Discover and compare our full range of E-Bikes to find the perfect model for your adventures.</p>",
        "title_1_de": "<p>Nicht sicher, welches E-Bike das richtige für Sie ist? Entdecken und vergleichen Sie unser gesamtes Sortiment an E-Bikes, um das perfekte Modell für Ihre Abenteuer zu finden.</p>",
        "title_1_fr": "<p>Vous n’êtes pas sûr de quel vélo électrique est fait pour vous ? Découvrez et comparez notre gamme complète de vélos électriques pour trouver le modèle parfait pour vos aventures.</p>",
        "title_1_fi": "",
        "heading_color_1": "#ffffff",
        "heading_size_1": 18,
        "button_label": "Explore all E-Bikes!",
        "button_label_de": "Entdecke alle E-Bikes!",
        "button_label_fr": "Découvrez tous modèles !",
        "button_label_fi": "",
        "product_source_trekking7ltd": "collection",
        "trekking7ltd_collection": "trekking-7-my23",
        "trekking7ltd_products": [],
        "product_source_trekking7": "collection",
        "trekking7_collection": "new-bike-2024",
        "trekking7_products": [],
        "product_source_mountain7": "collection",
        "mountain7_collection": "mountain-7-2024",
        "mountain7_products": [],
        "product_source_mountain7carbon": "collection",
        "mountain7carbon_collection": "mountain-7-carbon",
        "mountain7carbon_products": [],
        "product_source_city7": "collection",
        "city7_collection": "city-e-bike",
        "city7_products": [],
        "show_description": true
      }
    },
    "custom_stickybar_b9zk6H": { "type": "custom-stickybar", "settings": {} },
    "custom_recommend_product_modal_7nNzfM": {
      "type": "custom_recommend_product_modal",
      "disabled": true,
      "settings": {}
    }
  },
  "order": [
    "main",
    "custom_carousel_image_FiLngH",
    "custom_textarea_NV64QN",
    "custom_two_colum_banner_giBJKD",
    "custom_two_colum_banner_aHEJrM",
    "highlight_slideshow_wd7rDD",
    "custom_specification_DXgxaL",
    "custom_frame_geometry_jXUWB7",
    "173442611857857522",
    "custom_product_tab_test_m9aDPj",
    "custom_stickybar_b9zk6H",
    "custom_recommend_product_modal_7nNzfM"
  ]
}
