{
  "sections": {
    "main": {
      "type": "main-product",
      "blocks": {
        "title": { "type": "title", "settings": {} },
        "loox_reviews_loox_rating_rikqwX": {
          "type": "shopify://apps/loox-reviews/blocks/loox-rating/5c3b337f-fd14-4df5-b1d6-80ec13e6e28e",
          "settings": {
            "contentSize": 16,
            "pattern": "",
            "hideText": false,
            "alignment": "",
            "layout": "",
            "textColor": "",
            "starColor": "",
            "showAllReviews": false,
            "looxOpenFloatingWidget": false,
            "emptyRatingWidget": false
          }
        },
        "price": {
          "type": "price",
          "settings": {
            "show_tax_and_shipping": false,
            "enable_product_reviews_by_price": true
          }
        },
        "description_JNVXj3": {
          "type": "description",
          "settings": {
            "show_in_tab": false,
            "open_tab": false,
            "icon": "",
            "show_in_quickbuy": false
          }
        },
        "buy_buttons_XCfCeB": {
          "type": "buy-buttons",
          "settings": {
            "show_quantity_selector": true,
            "enable_payment_button": true,
            "show_backorder_text": false,
            "show_pickup_availability": false,
            "show_gift_card_recipient": false
          }
        },
        "sharing_fkH7VM": {
          "type": "sharing",
          "settings": {
            "show_twitter": true,
            "show_facebook": true,
            "show_pinterest": true,
            "show_linkedin": true,
            "show_whatsapp": true,
            "show_snapchat": true,
            "show_threads": true,
            "show_tumblr": true,
            "show_twitch": true
          }
        }
      },
      "block_order": [
        "title",
        "loox_reviews_loox_rating_rikqwX",
        "price",
        "description_JNVXj3",
        "buy_buttons_XCfCeB",
        "sharing_fkH7VM"
      ],
      "disabled": true,
      "custom_css": [
        ".product-detail .gallery {height: 100%;}",
        ".product-detail .detail {padding: 50px 30px;}"
      ],
      "settings": {
        "show_breadcrumbs": false,
        "select_first_variant": true,
        "show_location_underneath": false,
        "inventory_transfers_enable": false,
        "enable_sticky_columns": true,
        "enable_sticky_atc": true,
        "sticky_atc_position": "end",
        "sticky_atc_mobile": true,
        "sticky_atc_behavior": "add_to_cart",
        "sticky_atc_button_style": "secondary",
        "gallery_size": "medium",
        "gallery_layout": "carousel-under",
        "enable_zoom": true,
        "show_alt_text": false,
        "alt_text_icon": "",
        "enable_video_autoplay": false,
        "enable_video_looping": false,
        "enable_media_grouping": false,
        "media_grouping_option": "Color,Colour,Couleur,Farbe"
      }
    },
    "custom_two_colum_banner_4pYriY": {
      "type": "custom-two-colum-banner",
      "blocks": {
        "slide_ePtiiW": {
          "type": "slide",
          "settings": {
            "image": "shopify://shop_images/two2.png",
            "background_color": "#ffffff",
            "background_size": "cover",
            "background_position": "right",
            "background_align_items": "center",
            "background_padding_top": 40,
            "background_padding_left": 40,
            "background_padding_right": 40,
            "background_padding_bottom": 40,
            "title_1": "",
            "title_1_de": "",
            "title_1_fr": "",
            "heading_color_1": "#000000",
            "heading_size_1": 24,
            "subheading_1": "",
            "subheading_1_de": "",
            "subheading_1_fr": "",
            "subheading_color_1": "#000000",
            "subheading_size_1": 16,
            "subheading_image_1_link": "",
            "subheading_image_1b_link": "",
            "title_2": "",
            "title_2_de": "",
            "title_2_fr": "",
            "heading_color_2": "#000000",
            "heading_size_2": 24,
            "subheading_2": "",
            "subheading_2_de": "",
            "subheading_2_fr": "",
            "subheading_color_2": "#000000",
            "subheading_size_2": 16,
            "subheading_image_2_link": "",
            "collection": "",
            "button_label": "",
            "button_label_de": "",
            "button_label_fr": "",
            "link": "",
            "button_color": "#007bff",
            "button2_label": "",
            "button2_label_de": "",
            "button2_label_fr": "",
            "link2": "",
            "button2_color": "#007bff",
            "button_text_color": "#ffffff",
            "column_1title": "",
            "column_1title_de": "",
            "column_1title_fr": "",
            "column_1description": "",
            "column_1description_de": "",
            "column_1description_fr": "",
            "column_2title": "",
            "column_2title_de": "",
            "column_2title_fr": "",
            "column_2description": "",
            "column_2description_de": "",
            "column_2description_fr": "",
            "column_3title": "",
            "column_3title_de": "",
            "column_3title_fr": "",
            "column_3description": "",
            "column_3description_de": "",
            "column_3description_fr": "",
            "column_4title": "",
            "column_4title_de": "",
            "column_4title_fr": "",
            "column_4description": "",
            "column_4description_de": "",
            "column_4description_fr": ""
          }
        },
        "slide_q9NFrq": {
          "type": "slide",
          "settings": {
            "background_color": "#3f6ac1",
            "background_size": "cover",
            "background_position": "top",
            "background_align_items": "center",
            "background_padding_top": 40,
            "background_padding_left": 40,
            "background_padding_right": 40,
            "background_padding_bottom": 40,
            "title_1": "<p>Travel Worry-Free with the HEPHA E-Bike</p>",
            "title_1_de": "<p>Rundum sorglos unterwegs mit dem HEPHA E-Bike</p>",
            "title_1_fr": "",
            "heading_color_1": "#ffffff",
            "heading_size_1": 40,
            "subheading_1": "<p>Alteos Comfort Protection</p>",
            "subheading_1_de": "<p>Inklusive Alteos Komfortschutz</p>",
            "subheading_1_fr": "",
            "subheading_color_1": "#ffffff",
            "subheading_size_1": 30,
            "subheading_image_1_link": "",
            "subheading_image_1_width": 200,
            "subheading_image_1b_link": "",
            "title_2": "",
            "title_2_de": "",
            "title_2_fr": "",
            "heading_color_2": "#000000",
            "heading_size_2": 24,
            "subheading_2": "",
            "subheading_2_de": "",
            "subheading_2_fr": "",
            "subheading_color_2": "#000000",
            "subheading_size_2": 16,
            "subheading_image_2_link": "",
            "collection": "",
            "button_label": "",
            "button_label_de": "",
            "button_label_fr": "",
            "link": "",
            "button_color": "#007bff",
            "button2_label": "",
            "button2_label_de": "",
            "button2_label_fr": "",
            "link2": "",
            "button2_color": "#007bff",
            "button_text_color": "#ffffff",
            "column_1title": "",
            "column_1title_de": "",
            "column_1title_fr": "",
            "column_1description": "",
            "column_1description_de": "",
            "column_1description_fr": "",
            "column_2title": "",
            "column_2title_de": "",
            "column_2title_fr": "",
            "column_2description": "",
            "column_2description_de": "",
            "column_2description_fr": "",
            "column_3title": "",
            "column_3title_de": "",
            "column_3title_fr": "",
            "column_3description": "",
            "column_3description_de": "",
            "column_3description_fr": "",
            "column_4title": "",
            "column_4title_de": "",
            "column_4title_fr": "",
            "column_4description": "",
            "column_4description_de": "",
            "column_4description_fr": ""
          }
        }
      },
      "block_order": ["slide_ePtiiW", "slide_q9NFrq"],
      "custom_css": [
        ".two-column-slide__content {width: 100%; max-width: 500px; display: flex; flex-direction: column; justify-content: center; align-items: center;}",
        ".two-column-slide__heading p,.two-column-slide__text p {margin: 0; text-align: center;}",
        "@media (max-width: 768px) {.two-column-slide__heading {font-size: 34px !important; line-height: 40px !important; } .two-column-slide__text {font-size: 24px !important; line-height: 34px !important; }}"
      ],
      "settings": {
        "section_id": "",
        "mobile_font_size_heading": 40,
        "mobile_line_height_heading": 42,
        "mobile_font_size_text": 20,
        "mobile_line_height_text": 24,
        "mobile_slide_padding_top": 30
      }
    },
    "rich_text_MTaQGE": {
      "type": "rich-text",
      "blocks": {
        "heading_taN7M8": {
          "type": "heading",
          "settings": { "title": "New Value Reimbursement", "use_h1": true }
        },
        "text_ecrxqq": {
          "type": "text",
          "settings": {
            "text": "<p>With the Alteos Comfort Protection, you can enjoy your rides, no matter where your E-Bike takes you. Whether it's theft, accidents, or unexpected repairs—Comfort Protection offers you optimal coverage.<br/>If your E-Bike gets damaged or goes missing, you will be reimbursed for its full value—no questions asked. This way, you can easily replace your bike and get back on the road without any additional costs.</p><p><strong>Mobility Protection</strong><br/>Having a breakdown on the road? No problem! Whether it's for onward or return travel, accommodation costs, or emergency cash.</p><p><strong>Quick Assistance When You Need It</strong><br/>The service is fast, straightforward, and always available, so you won’t waste any time and can get back in the saddle immediately.</p><p><strong>Simple. Digital. Worry-Free</strong><br/>Forget about paperwork. With digital management, you have everything in view and can easily report damages or changes online. Quick, transparent, and stress-free.</p>",
            "enlarge_text": false
          }
        },
        "text_yW889y": {
          "type": "text",
          "settings": {
            "text": "<ul><li>Insurance Duration Up to 3 Years</li><li>Commercial Use</li><li>Mobility Protection</li><li>Coverage for Theft, Robbery, Vandalism, including Burglary</li><li>Theft of Battery and Accessories</li><li>Material and Production Defects</li><li>User Errors</li><li>Damages (from falls, accidents, moisture, electronics, natural forces)</li><li>Wear and Tear of Individual Parts (excluding tires/brakes) up to €150 per year.</li></ul>",
            "enlarge_text": false
          }
        }
      },
      "block_order": ["heading_taN7M8", "text_ecrxqq", "text_yW889y"],
      "custom_css": [
        ".spaced-column .spaced-row,.spaced-column .lightly-spaced-row:last-child {margin-bottom: 0; border: 4px solid #eeeeee; padding: 10px;}"
      ],
      "settings": {
        "height": "large",
        "text_alignment": "left",
        "full_width": false,
        "color_scheme": "default"
      }
    },
    "rich_text_YR9zXG": {
      "type": "rich-text",
      "blocks": {
        "heading_j8XeL3": {
          "type": "heading",
          "settings": { "title": "FAQs", "use_h1": true }
        },
        "text_JGCrwr": {
          "type": "text",
          "settings": {
            "text": "<p><strong>1. How long is my bike insured?</strong><br/>The contract duration for Alteos Comfort Protection is 3 years and ends automatically. Please keep all purchase receipts for your Hepha E-Bike for insurance purposes.</p><p><strong>2. Where can I report damage or theft?</strong><br/>In case of an insurance claim, you can contact Alteos GmbH's customer service digitally at <a href=\"https://mein.alteos.com/\">https://mein.alteos.com</a> or via email at <a href=\"mailto:service@alteos.com\">service@alteos.com</a>, or by phone between 9 AM - 6 PM at 030 255 585 055.<br/>Have damage? You can easily report it under \"My Alteos.\" All information about the insurance can also be found in the following document: <a href=\"https://cdn.shopify.com/s/files/1/0560/0080/6985/files/E-Bike_AVBs_Hepha.pdf?v=1727572559\">E-Bike_AVBs_Hepha.pdf</a>.</p><p><strong>3. What is the insurance amount?</strong><br/>The insurance amount covers the purchase price of your E-Bike up to a maximum of €6,000.</p><p><strong>4. What are the requirements for locks?</strong><br/>An appropriate lock should have a minimum purchase price of €45. Additionally, frame locks are considered adequate when used with a chain lock. Existing locks can be used as long as they meet the stated requirements, are fully functional, and are not older than 3 years at the time of purchasing the Alteos Comfort Protection. In case of theft, a purchase receipt is required.</p><p><strong>5. What does the mobility protection include?</strong><br/>The Alteos Mobility Protection includes:</p><ul><li>24-hour service for breakdowns and accidents</li><li>Recovery after an accident up to €2,000</li><li>Replacement bike up to €50 per day for a maximum of 7 days</li><li>Accommodation costs up to €80 per night for a maximum of 5 nights</li><li>Emergency cash up to €1,500 in case of financial hardship abroad.</li></ul><p></p><p><strong>6. How long do I have to wait to receive my insurance documents after purchasing the insurance? What is the process?</strong><br/>You will receive your insurance documents no earlier than 14 days after receiving your E-Bike, but no later than 28 days via email. Please note that this will be sent to the email address provided during the order.</p><p>*Alteos Comfort Protection offers comprehensive insurance coverage for E-Bikes, including protection against theft, robbery, vandalism, and accidents. The plan includes new value reimbursement, mobility protection for breakdowns, and coverage for material, production, and user errors. Damages from falls, accidents, moisture, electronics, or natural forces are also insured.</p><p>The contract ends automatically after a maximum duration of 3 years. A lock valued at least €45 and retention of the corresponding receipt are prerequisites for insurance coverage.</p><p>For more information, please download this file.</p>",
            "enlarge_text": false
          }
        },
        "button_wAkhWL": {
          "type": "button",
          "settings": {
            "button_label": "Download",
            "button_link": "https://cdn.shopify.com/s/files/1/0560/0080/6985/files/E-Bike_AVBs_Hepha.pdf?v=1727572559",
            "button_style": "primary"
          }
        }
      },
      "block_order": ["heading_j8XeL3", "text_JGCrwr", "button_wAkhWL"],
      "settings": {
        "height": "large",
        "text_alignment": "left",
        "full_width": false,
        "color_scheme": "default"
      }
    },
    "custom_product_tab_GicDeU": {
      "type": "custom-product-tab",
      "settings": {
        "title": "Related Products",
        "title_de": "Ähnliche Modelle",
        "title_fr": "Modèles associés",
        "product_source_trekking7ltd": "collection",
        "trekking7ltd_collection": "trekking-7-my23",
        "trekking7ltd_products": [],
        "product_source_trekking7": "collection",
        "trekking7_collection": "new-bike-2024",
        "trekking7_products": [],
        "product_source_mountain7": "collection",
        "mountain7_collection": "mountain-7-2024",
        "mountain7_products": [],
        "product_source_mountain7carbon": "collection",
        "mountain7carbon_collection": "mountain-7-carbon",
        "mountain7carbon_products": [],
        "show_description": true
      }
    }
  },
  "order": [
    "main",
    "custom_two_colum_banner_4pYriY",
    "rich_text_MTaQGE",
    "rich_text_YR9zXG",
    "custom_product_tab_GicDeU"
  ]
}
