{
  "sections": {
    "main": {
      "type": "main-product",
      "blocks": {
        "title": { "type": "title", "settings": {} },
        "loox_reviews_loox_rating_4LcXpt": {
          "type": "shopify://apps/loox-reviews/blocks/loox-rating/5c3b337f-fd14-4df5-b1d6-80ec13e6e28e",
          "settings": {
            "contentSize": 16,
            "pattern": "",
            "hideText": false,
            "alignment": "",
            "layout": "",
            "textColor": "",
            "starColor": "",
            "showAllReviews": false,
            "looxOpenFloatingWidget": false,
            "emptyRatingWidget": false
          }
        },
        "price": {
          "type": "price",
          "settings": {
            "show_tax_and_shipping": false,
            "enable_product_reviews_by_price": true
          }
        },
        "financinginfo_EPKHcm": { "type": "financinginfo", "settings": {} },
        "description_JNVXj3": {
          "type": "description",
          "settings": {
            "show_in_tab": false,
            "open_tab": false,
            "icon": "",
            "show_in_quickbuy": false
          }
        },
        "specification_simple_KR3q47": {
          "type": "specification_simple",
          "settings": {}
        },
        "variant_picker_BNiCD8": {
          "type": "variant-picker",
          "settings": {
            "show_single": false,
            "selector_style": "listed",
            "dynamic_availability": "show",
            "enable_size_chart": false,
            "size_chart_label": "",
            "size_chart_variant": "",
            "size_chart_page": ""
          }
        },
        "variant_description_app_metafield_9LbpaA": {
          "type": "shopify://apps/variant-description/blocks/app-metafield/dee11698-5b0b-4a0f-9562-ea29cbe9c77e",
          "settings": {
            "namespace": "custom",
            "key": "size",
            "show_product_description": false,
            "fallback_richtext": "",
            "fallback_liquid": "",
            "product_description_selector": "",
            "custom_liquid": ""
          }
        },
        "pop_up_AAc34B": {
          "type": "pop-up",
          "settings": {
            "text": "Which frame size fit me?",
            "text_de": "Welche Rahmengröße passt zu mir?",
            "text_fr": "Quelle taille de cadre me convient ?",
            "style": "link",
            "page": "trekking-sizechart",
            "show_in_quickbuy": false
          }
        },
        "custom_liquid_WgGHd4": {
          "type": "custom-liquid",
          "settings": {
            "custom_liquid": "{% if localization.country.iso_code == 'DE' %}\n{% if request.locale.iso_code == 'de' %}\n<div class=\"lightly-spaced-row not-in-quickbuy\"><div class=\"product-info-block\"><div class=\"rte cf\"><p><strong>Kostenlose Versicherung für Trekking 7 SE Long Range<br></strong>Die Versicherung ist nur bei Neukäufen des Trekking 7 SE Long Range und Ultra kostenlos.<a href=\"/de/pages/versicherung\" target=\"_blank\">Erfahren Sie mehr</a></p></div></div> </div>\n{% else %}\n<div class=\"lightly-spaced-row not-in-quickbuy\"><div class=\"product-info-block\"><div class=\"rte cf\"><p><strong>Free Insurance for Trekking 7 SE Long Range<br></strong> The insurance is only free for new purchases of the Trekking 7 SE Long Range and Ultra.  <a href=\"/pages/versicherung\" target=\"_blank\">Learn more</a></p></div></div>\n              </div>\n{% endif %}\n{% endif %}\n\n<style>\n .lb-upsell-ppa-title{\n     display:none;\n   }\n</style>",
            "show_in_quickbuy": false
          }
        },
        "selleasy_lb_upsell_addon_block_HCUQhx": {
          "type": "shopify://apps/selleasy/blocks/lb-upsell-addon-block/790c1a03-a71f-4bc1-9869-00dad526d3c2",
          "settings": {}
        },
        "usedbike_WE76Nm": {
          "type": "usedbike",
          "settings": {
            "text": "Save with Used - Like New",
            "text_de": "Sparen Sie mit gebrauchten Fahrrädern - Wie Neu",
            "text_fr": "Économisez avec des vélos d'occasion - Comme Neuf",
            "currentprice": "From €2,499.00",
            "currentprice_de": "Ab 2.499,00 €",
            "currentprice_fr": "À partir de 2 499,00 €",
            "wasprice": "",
            "wasprice_de": "",
            "wasprice_fr": "",
            "url": "shopify://collections/used-bikes"
          }
        },
        "buy_buttons_ieLink": {
          "type": "buy-buttons",
          "settings": {
            "show_quantity_selector": false,
            "enable_payment_button": true,
            "show_backorder_text": false,
            "show_pickup_availability": true,
            "show_gift_card_recipient": false,
            "enable_contact_notify": true,
            "contact_expert_content": "",
            "notify_me_content": ""
          }
        },
        "pop_up_zVXKyw": {
          "type": "pop-up",
          "disabled": true,
          "settings": {
            "text": "Click & Collect at your local dealer",
            "text_de": "Click & Collect bei Ihrem lokalen Händler",
            "text_fr": "Click & Collect chez votre revendeur local",
            "style": "link",
            "page": "click-collect-at-your-local-dealer",
            "show_in_quickbuy": false
          }
        },
        "sharing_Hmw8qb": {
          "type": "sharing",
          "settings": {
            "show_twitter": true,
            "show_facebook": true,
            "show_pinterest": true,
            "show_linkedin": true,
            "show_whatsapp": true,
            "show_snapchat": true,
            "show_threads": true,
            "show_tumblr": true,
            "show_twitch": true
          }
        },
        "leasingbike_LNR9yY": {
          "type": "leasingbike",
          "settings": {
            "jobrad_url": "shopify://pages/jobrad",
            "bikeleasing_url": "shopify://pages/save-with-bikeleasing",
            "deutsche_url": "shopify://pages/deutsche-dienstrad",
            "businessbike_url": "shopify://pages/business-bike"
          }
        },
        "accordion_DPPTVK": {
          "type": "accordion",
          "settings": {
            "title": "Financing with one of our partners",
            "title_de": "Finanzierung mit einem unserer Partner",
            "title_fr": "Financer avec l'un de nos partenaires",
            "icon": "",
            "content": "",
            "content_de": "",
            "content_fr": "",
            "page": "",
            "custom_liquid": "{% render \"financing\" %}",
            "open": false,
            "show_in_quickbuy": false
          }
        },
        "accordion_VTmjJ4": {
          "type": "accordion",
          "settings": {
            "title": "Click & Collect at your local dealer",
            "title_de": "Click & Collect bei Ihrem lokalen Händler",
            "title_fr": "Click & Collect chez votre revendeur local",
            "icon": "",
            "content": "<p>When you order a bike from <a href=\"https://hepha.com\" target=\"_blank\" title=\"https://hepha.com\">hepha.com</a>, we’ll ship it for free to a dealer of your choice through our Click & Collect service. Once your bike arrives, the dealer will reach out to arrange a pickup time. Enjoy personalized assistance, test rides, and expert advice with this service. <a href=\"/pages/click-collect-at-your-local-dealer\" target=\"_blank\" title=\"Click & Collect at your local dealer\">Learn more</a></p>",
            "content_de": "<p>Wenn Sie ein Fahrrad bei <a href=\"https://hepha.com/de\" target=\"_blank\" title=\"https://hepha.com/de\">hepha.com</a> bestellen, versenden wir es kostenlos an einen Händler Ihrer Wahl über unseren Click & Collect-Service. Sobald Ihr Fahrrad angekommen ist, wird der Händler Sie kontaktieren, um einen Abholtermin zu vereinbaren. Genießen Sie mit diesem Service persönliche Unterstützung, Testfahrten und Expertenrat. <a href=\"/pages/click-collect-at-your-local-dealer\" target=\"_blank\" title=\"Click & Collect at your local dealer\">Erfahren Sie mehr</a></p>",
            "content_fr": "<p>Vous commandez un vélo sur <a href=\"https://hepha.com/fr-fr\" target=\"_blank\" title=\"https://hepha.com/fr-fr\">hepha.com</a>, nous l'expédierons gratuitement à un revendeur de votre choix grâce à notre service Click & Collect. Une fois votre vélo arrivé, le revendeur vous contactera pour organiser un rendez-vous pour le récupérer. Profitez de l'assistance personnalisée, des essais de conduite et des conseils d'experts avec ce service. <a href=\"/pages/click-collect-at-your-local-dealer\" target=\"_blank\" title=\"Click & Collect at your local dealer\">En savoir plus</a></p>",
            "page": "",
            "custom_liquid": "",
            "open": false,
            "show_in_quickbuy": false
          }
        }
      },
      "block_order": [
        "title",
        "loox_reviews_loox_rating_4LcXpt",
        "price",
        "financinginfo_EPKHcm",
        "description_JNVXj3",
        "specification_simple_KR3q47",
        "variant_picker_BNiCD8",
        "variant_description_app_metafield_9LbpaA",
        "pop_up_AAc34B",
        "custom_liquid_WgGHd4",
        "selleasy_lb_upsell_addon_block_HCUQhx",
        "usedbike_WE76Nm",
        "buy_buttons_ieLink",
        "pop_up_zVXKyw",
        "sharing_Hmw8qb",
        "leasingbike_LNR9yY",
        "accordion_DPPTVK",
        "accordion_VTmjJ4"
      ],
      "custom_css": [],
      "settings": {
        "show_breadcrumbs": false,
        "select_first_variant": true,
        "show_location_underneath": false,
        "inventory_transfers_enable": false,
        "enable_sticky_columns": true,
        "enable_sticky_atc": true,
        "sticky_atc_position": "end",
        "sticky_atc_mobile": true,
        "sticky_atc_behavior": "add_to_cart",
        "sticky_atc_button_style": "secondary",
        "gallery_size": "large",
        "gallery_layout": "carousel-under",
        "enable_zoom": true,
        "show_alt_text": false,
        "alt_text_icon": "",
        "enable_video_autoplay": false,
        "enable_video_looping": false,
        "enable_media_grouping": true,
        "media_grouping_option": "Choose from the following colors,Wählen Sie aus den folgenden Rahmenfarben, Choisissez parmi les couleurs suivantes"
      }
    },
    "custom_two_colum_banner_jVBYyG": {
      "type": "custom-two-colum-banner",
      "blocks": {
        "slide_AXnBH4": {
          "type": "slide",
          "settings": {
            "background_color": "#2b7dde",
            "background_size": "cover",
            "background_position": "center",
            "background_align_items": "center",
            "background_padding_top": 0,
            "background_padding_left": 0,
            "background_padding_right": 0,
            "background_padding_bottom": 0,
            "liquid_content": "<style>\n.lb-upsell-ppa-title {\n  display: none;\n}\n</style>",
            "subheading_image_title_link": "",
            "subheading_image_title_position": "",
            "title_1": "<p>All-round carefree travel with the HEPHA Trekking 7 SE</p>",
            "title_1_de": "<p>Rundum sorglos unterwegs mit dem HEPHA Trekking 7 SE</p>",
            "title_1_fr": "",
            "heading_color_1": "#ffffff",
            "heading_size_1": 50,
            "subheading_1": "<p>Free insurance cover - Buy Trekking 7 SE and enjoy 3 years of Alteos insurance!</p>",
            "subheading_1_de": "<p>Kostenloser Versicherungsschutz - Kaufen Sie Trekking 7 SE und Genießen Sie 3 Jahre Alteos-Versicherung!</p>",
            "subheading_1_fr": "",
            "subheading_color_1": "#ffffff",
            "subheading_size_1": 18,
            "liquid_content3": "",
            "subheading_image_1": "shopify://shop_images/alteos-logo-750x500.19dda821.jpg",
            "subheading_image_1_link": "https://www.alteos.com/",
            "subheading_image_1_width": 200,
            "subheading_image_1_position": "",
            "subheading_image_1b_position": "",
            "subheading_image_1b_link": "https://www.alteos.com/",
            "subheading_image_1b_width": 0,
            "title_2": "",
            "title_2_de": "",
            "title_2_fr": "",
            "heading_color_2": "#000000",
            "heading_size_2": 24,
            "subheading_2": "",
            "subheading_2_de": "",
            "subheading_2_fr": "",
            "subheading_color_2": "#000000",
            "subheading_size_2": 16,
            "subheading_image_2_position": "",
            "subheading_image_2_link": "",
            "collection": "",
            "buttongroup_label": "",
            "buttongroup_label_de": "",
            "buttongroup_label_fr": "",
            "button_label": "",
            "button_label_de": "",
            "button_label_fr": "",
            "link": "",
            "button_color": "#007bff",
            "button2_label": "",
            "button2_label_de": "",
            "button2_label_fr": "",
            "link2": "",
            "link2_de": "",
            "link2_fr": "",
            "button2_color": "#007bff",
            "button_text_color": "#ffffff",
            "column_1title": "",
            "column_1title_de": "",
            "column_1title_fr": "",
            "column_1description": "",
            "column_1description_de": "",
            "column_1description_fr": "",
            "column_2title": "",
            "column_2title_de": "",
            "column_2title_fr": "",
            "column_2description": "",
            "column_2description_de": "",
            "column_2description_fr": "",
            "column_3title": "",
            "column_3title_de": "",
            "column_3title_fr": "",
            "column_3description": "",
            "column_3description_de": "",
            "column_3description_fr": "",
            "column_4title": "",
            "column_4title_de": "",
            "column_4title_fr": "",
            "column_4description": "",
            "column_4description_de": "",
            "column_4description_fr": "",
            "liquid_content2": ""
          }
        },
        "slide_TXLa8K": {
          "type": "slide",
          "settings": {
            "image": "shopify://shop_images/HEPHA-Trekking7_Step-Through_warm-grey-black_08_1.jpg",
            "background_color": "#ffffff",
            "background_size": "cover",
            "background_position": "center",
            "background_align_items": "center",
            "background_padding_top": 0,
            "background_padding_left": 0,
            "background_padding_right": 0,
            "background_padding_bottom": 0,
            "liquid_content": "",
            "subheading_image_title_link": "",
            "subheading_image_title_position": "",
            "title_1": "",
            "title_1_de": "",
            "title_1_fr": "",
            "heading_color_1": "#000000",
            "heading_size_1": 24,
            "subheading_1": "",
            "subheading_1_de": "",
            "subheading_1_fr": "",
            "subheading_color_1": "#000000",
            "subheading_size_1": 16,
            "liquid_content3": "",
            "subheading_image_1_link": "",
            "subheading_image_1_position": "",
            "subheading_image_1b_position": "",
            "subheading_image_1b_link": "",
            "title_2": "",
            "title_2_de": "",
            "title_2_fr": "",
            "heading_color_2": "#000000",
            "heading_size_2": 24,
            "subheading_2": "",
            "subheading_2_de": "",
            "subheading_2_fr": "",
            "subheading_color_2": "#000000",
            "subheading_size_2": 16,
            "subheading_image_2_position": "",
            "subheading_image_2_link": "",
            "collection": "",
            "buttongroup_label": "",
            "buttongroup_label_de": "",
            "buttongroup_label_fr": "",
            "button_label": "Learn more",
            "button_label_de": "Zu den Konditionen",
            "button_label_fr": "",
            "link": "shopify://pages/versicherung",
            "button_color": "#2b7dde",
            "button2_label": "",
            "button2_label_de": "",
            "button2_label_fr": "",
            "link2": "",
            "link2_de": "",
            "link2_fr": "",
            "button2_color": "#007bff",
            "button_text_color": "#ffffff",
            "column_1title": "",
            "column_1title_de": "",
            "column_1title_fr": "",
            "column_1description": "",
            "column_1description_de": "",
            "column_1description_fr": "",
            "column_2title": "",
            "column_2title_de": "",
            "column_2title_fr": "",
            "column_2description": "",
            "column_2description_de": "",
            "column_2description_fr": "",
            "column_3title": "",
            "column_3title_de": "",
            "column_3title_fr": "",
            "column_3description": "",
            "column_3description_de": "",
            "column_3description_fr": "",
            "column_4title": "",
            "column_4title_de": "",
            "column_4title_fr": "",
            "column_4description": "",
            "column_4description_de": "",
            "column_4description_fr": "",
            "liquid_content2": ""
          }
        }
      },
      "block_order": ["slide_AXnBH4", "slide_TXLa8K"],
      "settings": {
        "section_id": "",
        "mobile_font_size_heading": 40,
        "mobile_line_height_heading": 42,
        "mobile_font_size_text": 20,
        "mobile_line_height_text": 24,
        "mobile_slide_padding_top": 30
      }
    },
    "highlight_slideshow_TCPETE": {
      "type": "highlight_slideshow",
      "blocks": {
        "customslide_qqc8b7": {
          "type": "customslide",
          "settings": {
            "image": "shopify://shop_images/Highlight-Gallery_P101C.png",
            "title": "HEPHA P101C motor",
            "title_de": "HEPHA P101C Motor",
            "title_fr": "Moteur HEPHA P101C",
            "description": "",
            "description_de": "",
            "description_fr": "",
            "description_richtext": "<p><strong>Weight</strong>: 2.8kg<br/><strong>Maximum torque:</strong> 100Nm<br/><strong>Rated continuous output: </strong>250W<br/><strong>Maximum power: </strong>750W <br/><strong>Four modes: </strong>Turbo/Tour/Eco/Walk</p>",
            "description_richtext_de": "<p><strong>Gewicht:</strong> 2,8 kg<br/><strong>Maximales Drehmoment:</strong> 100 Nm<br/><strong>Dauerleistung:</strong> 250 W<br/><strong>Maximale Leistung:</strong> 750 W<br/><strong>Vier Modi:</strong> Turbo/Tour/Eco/Walk</p>",
            "description_richtext_fr": "<p><strong>Poids :</strong> 2,8 kg<br/><strong>Couple maximal :</strong> 100 Nm<br/><strong>Puissance continue nominale :</strong> 250 W<br/><strong>Puissance maximale :</strong> 750 W<br/><strong>Quatre modes :</strong> Turbo/Tour/Eco/Marche</p>"
          }
        },
        "customslide_ctjRBC": {
          "type": "customslide",
          "settings": {
            "image": "shopify://shop_images/Frame_372_1_f825ca81-3162-4dea-8aa1-b607a0ac5a98.jpg",
            "title": "804 Wh battery",
            "title_de": "804 Wh Akku",
            "title_fr": "Batterie 804 Wh",
            "description": "",
            "description_de": "",
            "description_fr": "",
            "description_richtext": "<p><strong>Capacity:</strong> 804Wh, 22.4Ah, 36V<br/><strong>Weight:</strong> 4.0kg<br/><strong>Charge: </strong>0 ~ 100% in 4.5 hours<br/><strong>Dimension:</strong>  367.6 x 94 x 68.5 mm<br/><strong>Safety standards </strong>compliance to meet UL2849, EN155194, EN62133, UN38.3, FCC, UKCA.</p>",
            "description_richtext_de": "<p><strong>Kapazität</strong>: 804Wh, 22.4Ah, 36V<br/><strong>Gewicht</strong>: 4,0 kg<br/><strong>Ladezeit</strong>: 0 ~ 100 % in 4,5 Stunden<br/><strong>Abmessungen</strong>: 367,6 × 94 × 68,5 mm<br/><strong>Sicherheitsstandards</strong>: Entspricht UL2849, EN155194, EN62133, UN38.3, FCC, UKCA</p>",
            "description_richtext_fr": "<p><strong>Capacité :</strong> 804Wh, 22.4Ah, 36V<br/><strong>Poids :</strong> 4,0 kg<br/><strong>Charge :</strong> 0 - 100 % en 4,5h<br/><strong>Dimensions :</strong> 367,6 × 94 × 68,5 mm<br/><strong>Conformité aux normes de sécurité :</strong> UL2849, EN155194, EN62133, UN38.3, FCC, UKCA.</p>"
          }
        },
        "customslide_WVERMN": {
          "type": "customslide",
          "settings": {
            "image": "shopify://shop_images/Frame_377_77b0c983-39ff-4d1c-9972-46079a9e94e1.jpg",
            "title": "6A fast charger",
            "title_de": "6A Schnellladegerät",
            "title_fr": "Chargeur rapide 6A",
            "description": "",
            "description_de": "",
            "description_fr": "",
            "description_richtext": "<p><strong>Weight: </strong>800g<br/><strong>Dimension: </strong>182 × 83 × 46 mm<br/><strong>Charging: </strong>current 6 A<br/><strong>Ingress protection:</strong> IP65<br/><strong>Charging time:</strong> 4.5 h (100% charge of 804Wh)<br/><strong>Support for wall mounting （acceossory included）</strong></p>",
            "description_richtext_de": "<p><strong>Gewicht</strong>: 800 g<br/><strong>Abmessungen</strong>: 182 × 83 × 46 mm<br/><strong>Ladestrom</strong>: 6 A<br/><strong>Schutzart</strong>: IP65<br/><strong>Ladezeit</strong>: 4,5 Std. (100 % Aufladung von 804 Wh) <br/><strong>Unterstützung für Wandmontage (Zubehör inklusive)</strong></p>",
            "description_richtext_fr": "<p><strong>Poids :</strong> 800 g<br/><strong>Dimensions :</strong> 182 × 83 × 46 mm<br/><strong>Chargement :</strong> courant 6 A<br/><strong>Protection contre l'eau :</strong> IP65<br/><strong>Temps de chargement :</strong> 4,5 h (charge complète de 804Wh)<br/><strong>Température de fonctionnement :</strong> -20~40℃<br/><strong>Support pour montage mural</strong> (accessoire inclus)</p>"
          }
        },
        "customslide_iLENXR": {
          "type": "customslide",
          "settings": {
            "image": "shopify://shop_images/Frame_9.jpg",
            "title": "3.5\" display",
            "title_de": "3.5\" Display",
            "title_fr": "Écran de 3,5 pouces",
            "description": "",
            "description_de": "",
            "description_fr": "",
            "description_richtext": "<p><strong>Display:</strong> 3.5\" Color Display<br/><strong>Communication:</strong> CAN<br/><strong>Waterproof:</strong> IP66<br/><strong>Automatic brightness and bike light control<br/>Display content:</strong> Real-time speed, power, cadence; average speed, maximum speed; trip distance, total distance.</p>",
            "description_richtext_de": "<p><strong>Display: </strong>3,5'' Farbdisplay<br/><strong>Kommunikation: </strong>CAN<br/><strong>Wasserdicht: </strong>IP66<br/><strong>Automatische Helligkeits- und FahrradlichtsteuerungAnzeigeinhalt:</strong> Echtzeitgeschwindigkeit, Leistung, Trittfrequenz; Durchschnittsgeschwindigkeit, Höchstgeschwindigkeit; Fahrstrecke, Gesamtdistanz.</p>",
            "description_richtext_fr": "<p><strong>Écran :</strong> Écran couleur de 3,5''<br/><strong>Communication :</strong> CAN<br/><strong>Étanchéité :</strong> IP66<br/><strong>Contrôle automatique de la luminosité et des phares de véloContenu de l'affichage : </strong>Vitesse en temps réel, puissance, cadence ; vitesse moyenne, vitesse maximale ; distance du trajet, distance totale.</p>"
          }
        },
        "customslide_zNRxd4": {
          "type": "customslide",
          "settings": {
            "image": "shopify://shop_images/app_432ee281-bc29-43b1-9f76-b357a74d18a6.png",
            "title": "HEPHA Smart APP",
            "title_de": "HEPHA Smart APP",
            "title_fr": "HEPHA Smart APP",
            "description": "",
            "description_de": "",
            "description_fr": "",
            "description_richtext": "<p><strong>Ride RecordingMotor <br/>Customization<br/>Light Control<br/>Produkttipps und Support</strong></p>",
            "description_richtext_de": "<p><strong>Fahrtenaufzeichnung<br/>Motoranpassung<br/>Lichtsteuerung<br/>Produkttipps und Support</strong></p>",
            "description_richtext_fr": "<p><strong>Enregistrement de parcours<br/>Personnalisation du moteur<br/>Contrôle des lumières<br/>Conseils produits et support</strong></p>"
          }
        },
        "customslide_YiXArq": {
          "type": "customslide",
          "settings": {
            "image": "shopify://shop_images/Frame_373.jpg",
            "title": "Special e-bike suspension fork",
            "title_de": "Spezielle E-Bike Federgabel",
            "title_fr": "Fourche à suspension spéciale pour vélo électrique",
            "description": "The Suntour NEX-25 with its 63mm suspension travel provides additional comfort, dampens vibrations and compensates for bumps.",
            "description_de": "Die Suntour NEX-25 mit ihren 63mm Federweg sorgt für zusätzlichen Komfort, dämpft Vibrationen und gleicht Unebenheiten aus.",
            "description_fr": "Le Suntour NEX-25 avec son débattement de suspension de 63mm offre un confort supplémentaire, amortit les vibrations et compense les bosses.",
            "description_richtext": "",
            "description_richtext_de": "",
            "description_richtext_fr": ""
          }
        },
        "customslide_PDe39J": {
          "type": "customslide",
          "settings": {
            "image": "shopify://shop_images/Frame_384.jpg",
            "title": "10-speed gearshift",
            "title_de": "10-Gang Schaltung",
            "title_fr": "Boîte de vitesses à 10 vitesses",
            "description": "With the reliable Shimano Cues gears and its 10 gears, every tour or mountain loses its terror.",
            "description_de": "Mit der zuverlässigen Shimano Cues-Schaltung und seinen 10-Gängen verliert jede Tour oder Berg den Schrecken.",
            "description_fr": "Avec le système fiable de transmission Shimano Cues et ses 10 vitesses, chaque randonnée ou montagne perd sa terreur.",
            "description_richtext": "",
            "description_richtext_de": "",
            "description_richtext_fr": ""
          }
        },
        "customslide_xNRe9a": {
          "type": "customslide",
          "settings": {
            "image": "shopify://shop_images/Frame_369.jpg",
            "title": "Hydraulic disc brakes",
            "title_de": "Hydraulische Scheibenbremsen",
            "title_fr": "Freins à disque hydrauliques",
            "description": "The two hydraulic disc brakes with 180mm brake discs at the front bring you safely to a halt at all times.",
            "description_de": "Die beiden hydraulischen Scheibenbremsen mit 180mm Bremsscheibe vorne bringen Sie jederzeit sicher zum Stehen..",
            "description_fr": "Les deux freins à disque hydrauliques avec disques de frein de 180mm à l'avant vous permettent de vous arrêter en toute sécurité à tout moment.",
            "description_richtext": "",
            "description_richtext_de": "",
            "description_richtext_fr": ""
          }
        },
        "customslide_4LgfiM": {
          "type": "customslide",
          "settings": {
            "image": "shopify://shop_images/Frame_381.jpg",
            "title": "Multifunctional luggage carrier",
            "title_de": "Multifunktionaler Gepäckträger",
            "title_fr": "Porte-bagages multifonctionnel",
            "description": "The robust pannier rack always has a solution at hand: whether for panniers on the side or for quickly clicking in baskets thanks to the universal MIK HD interface.",
            "description_de": "Der robuste Gepäckträger hat immer eine Lösung parat: ob für seitlichen Packtaschen oder für das schnelle Einklicken von Körben dank der universellen MIK HD Schnittstelle..",
            "description_fr": "Le porte-bagages robuste a toujours une solution à portée de main : que ce soit pour les sacoches latérales ou pour cliquer rapidement dans les paniers grâce à l'interface universelle MIK HD.",
            "description_richtext": "",
            "description_richtext_de": "",
            "description_richtext_fr": ""
          }
        },
        "customslide_YYDHAd": {
          "type": "customslide",
          "settings": {
            "image": "shopify://shop_images/Frame_374.jpg",
            "title": "Automatic light sensor",
            "title_de": "Automatischer lichtsensor",
            "title_fr": "Capteur de lumière automatique",
            "description": "The light on your Trekking 7 is controlled fully automatically by a light sensor. This is particularly practical in suddenly changing light conditions, such as tunnels!",
            "description_de": "Das Licht an Ihrem Trekking 7 wird vollautomatisch durch einen Lichtsensor gesteuert. Besonders praktisch bei plötzlich wechselnden Lichtverhältnissen, wie Tunneln!.",
            "description_fr": "L'éclairage de votre Trekking 7 est contrôlé de manière entièrement automatique par un capteur de lumière. Cela est particulièrement pratique en cas de changement soudain de la luminosité, comme dans les tunnels !",
            "description_richtext": "",
            "description_richtext_de": "",
            "description_richtext_fr": ""
          }
        }
      },
      "block_order": [
        "customslide_qqc8b7",
        "customslide_ctjRBC",
        "customslide_WVERMN",
        "customslide_iLENXR",
        "customslide_zNRxd4",
        "customslide_YiXArq",
        "customslide_PDe39J",
        "customslide_xNRe9a",
        "customslide_4LgfiM",
        "customslide_YYDHAd"
      ],
      "custom_css": [],
      "settings": {}
    },
    "custom_column_BUMNyi": {
      "type": "custom_column",
      "blocks": {
        "column_block_4neGqV": {
          "type": "column_block",
          "settings": {
            "image": "shopify://shop_images/Frame_385.jpg",
            "img_url": "",
            "title": "804 Wh battery",
            "title_de": "HEPHA P101C Motormerkmale",
            "title_fr": "Caractéristiques du moteur HEPHA P101C",
            "description": "<p>The powerful 100Nm torque motor could provide up to 400% assistance in Turbo mode. It makes life easier, especially when you ride on a hill.<br/><br/>Thanks to its precise sensor technology and adaptive software algorithms, it still achieves perfect controllability and a dynamic, natural riding feel despite its powerful performance.</p><p><strong>Weight</strong>: 2.8kg<br/><strong>Maximum torque:</strong> 100Nm<br/><strong>Rated continuous output: </strong>250W<br/><strong>Maximum power: </strong>750W <br/><strong>Four modes: </strong>Turbo/Tour/Eco/Walk<br/>Front and rear light</p>",
            "description_de": "<p>Der leistungsstarke 100 Nm Drehmomentmotor kann im Turbo-Modus eine Unterstützung von bis zu 400 % bieten. Dies erleichtert das Leben, insbesondere beim Fahren auf einem Hügel.<br/><br/>Dank seiner präzisen Sensortechnologie und adaptiven Softwarealgorithmen erreicht der Motor trotz seiner leistungsstarken Leistung eine perfekte Steuerbarkeit und ein dynamisches, natürliches Fahrgefühl.<br/><br/><strong>Gewicht:</strong>2,8 kg<br/><strong>Maximales Drehmoment:</strong>100 Nm<br/><strong>Nenn-Dauerleistung:</strong>250 W<br/><strong>Vier Modi:</strong>Turbo/Tour/Eco/Walk<br/>Scheinwerfer und Rücklicht</p>",
            "description_fr": "<p>Le puissant moteur à couple de 100 Nm peut fournir jusqu'à 400 % d'assistance en mode Turbo. Il facilite la vie, notamment lorsque vous roulez en côte.<br/><br/>Grâce à sa technologie de capteur précise et à ses algorithmes logiciels adaptatifs, il parvient à offrir une contrôlabilité parfaite et une sensation de conduite dynamique et naturelle malgré ses performances puissantes.<br/><br/><strong>Poids :</strong>2,8 kg<br/><strong>Couple maximal :</strong>100 Nm<br/><strong>Puissance nominale continue :</strong>250 W<br/><strong>Quatre modes :</strong>Turbo/Tour/Eco/Walk<br/>Lumières avant et arrière</p>",
            "background_color": "",
            "button1_text": "",
            "button1_text_de": "",
            "button1_text_fr": "",
            "button1_url": "",
            "button1_background_color": "",
            "button1_text_color": "",
            "button2_text": "",
            "button2_text_de": "",
            "button2_text_fr": "",
            "button2_url": "",
            "button2_background_color": "",
            "button2_text_color": ""
          }
        },
        "column_block_FwCz3A": {
          "type": "column_block",
          "settings": {
            "image": "shopify://shop_images/Frame_372_36e983ba-8fb1-44b8-baaa-31654884bfef.jpg",
            "img_url": "",
            "title": "HEPHA 804Wh extremely high energy density lithium battery",
            "title_de": "HEPHA 804Wh Lithium-Batterie mit extrem hoher Energiedichte",
            "title_fr": "Batterie lithium haute densité énergétique HEPHA 804Wh",
            "description": "<p>The Ultra's battery is perfectly integrated into the frame and offers a capacity of 804 Wh with state-of-the-art cell technology. It can be removed or charged on the bike.</p><p><strong>Capacity: </strong>804Wh, 22.4Ah, 36V<br/><strong>Weight: </strong>4.0kg<br/><strong>Dual BMS:</strong> firmware updates (OTA), LG 21700 cells.<br/><strong>Charge: </strong>0 – 100% 4.5h<br/><strong>Dimension: </strong>367.6 x 94 x 68.5 mm<br/><strong>Energy Density:</strong> 200 Wh/kg<br/><strong>Storage temperature:</strong> -20~55°C (less than 1 month)<br/><strong>Operating temperature:</strong> 0~45°C (charging), -20~55°C(discharging)</p><p>Safety standards compliance to meet UL2849, EN155194, EN62133, UN38.3, FCC, UKCA.</p>",
            "description_de": "<p>Der Akku des Ultra ist perfekt in den Rahmen integriert und bietet eine Kapazität von 804 Wh mit modernster Zelltechnologie. Er kann herausgenommen oder am Fahrrad aufgeladen werden.</p><p><strong>Kapazität:</strong> 804 Wh, 22,4 Ah, 36 V<br/><strong>Gewicht:</strong> 4,0 kg<br/><strong>Dualer BMS:</strong> Firmware-Updates (OTA), LG 21700 Zellen<br/><strong>Ladezeit:</strong> von 0 bis 100 %: 4,5 Stunden<br/><strong>Abmessungen:</strong> 367,6 x 94 x 68,5 mm<br/><strong>Energiedichte:</strong> 200 Wh/kg<br/><strong>Lagertemperatur:</strong> -20 bis 55 °C (weniger als 1 Monat)<br/><strong>Betriebstemperatur:</strong> 0 bis 45 °C (Laden), -20 bis 55 °C (Entladen)<br/><strong>Sicherheitsstandards:</strong> Erfüllt UL2849, EN155194, EN62133, UN38.3, FCC, UKCA</p>",
            "description_fr": "<p>La batterie de l'Ultra est parfaitement intégrée dans le cadre et offre une capacité de 804 Wh avec une technologie cellulaire de pointe. Elle peut être retirée ou chargée sur le vélo.</p><p><strong>Capacité :</strong> 804 Wh, 22,4 Ah, 36 V<br/><strong>Poids :</strong> 4,0 kg<br/><strong>Double BMS:</strong> mises à jour du firmware (OTA), cellules LG 21700<br/><strong>Temps de charge:</strong> 0 – 100 % : 4,5 h<br/><strong>Dimensions :</strong> 367,6 x 94 x 68,5 mm<br/><strong>Densité énergétique :</strong> 200 Wh/kg<br/><strong>Température de stockage :</strong> -20~55°C (moins d'un mois)<br/><strong>Température de fonctionnement :</strong> 0~45°C (charge), -20~55°C (décharge)<br/><strong>Conformité aux normes de sécurité :</strong> UL2849, EN155194, EN62133, UN38.3, FCC, UKCA</p>",
            "background_color": "",
            "button1_text": "",
            "button1_text_de": "",
            "button1_text_fr": "",
            "button1_url": "",
            "button1_background_color": "",
            "button1_text_color": "",
            "button2_text": "",
            "button2_text_de": "",
            "button2_text_fr": "",
            "button2_url": "",
            "button2_background_color": "",
            "button2_text_color": ""
          }
        },
        "column_block_FqPtK8": {
          "type": "column_block",
          "settings": {
            "image": "shopify://shop_images/Frame_377_77b0c983-39ff-4d1c-9972-46079a9e94e1.jpg",
            "img_url": "",
            "title": "HEPHA 6A Faster Charger",
            "title_de": "HEPHA 6A Schnellladegerät",
            "title_fr": "Chargeur rapide HEPHA 6A",
            "description": "<p>This charges the large battery halfway in a sensational 1.6 hours, and achieves a full charge in just 4 hours.</p><p><strong>Weight: </strong>800g<br/><strong>Dimension: </strong>182 × 83 × 46 mm<br/><strong>Charging: </strong>current 6A<br/><strong>Ingress protection:</strong> IP65<br/><strong>Charging time:</strong> 4.5 h (100% charge of 804 Wh)<br/><strong>Operating temperature:</strong> -20~40℃<br/>Support for wall mounting （acceossory included）</p>",
            "description_de": "<p>Dieses Ladegerät lädt den großen Akku zur Hälfte in sensationellen 1,6 Stunden auf und erreicht eine vollständige Ladung in nur 4 Stunden. </p><p><strong>Gewicht:</strong> 800g<br/><strong>Abmessungen:</strong> 182 × 83 × 46 mm<br/><strong>Laden:</strong> Stromstärke 6A<br/><strong>Eingangsschutz:</strong> IP65<br/><strong>Ladezeit:</strong> 4.5 Stunden (100% Ladung von 804 Wh)<br/><strong>Betriebstemperatur:</strong> -20~40°C<br/>Halterung für die Wandmontage (Zubehör im Lieferumfang enthalten)</p>",
            "description_fr": "<p>Ce chargeur permet de charger la grande batterie à moitié en seulement 1,6 heures, et d'atteindre une charge complète en seulement 4 heures. Particulièrement pratique : avec le support inclus, il devient une wallbox chic et pratique.<br/><br/><strong>Poids :</strong>800 g<br/><strong>Dimensions :</strong>182 × 83 × 46 mm<br/><strong>Courant de charge :</strong>6A<br/><strong>Protection contre les infiltrations :</strong>IP65<br/><strong>Temps de charge :</strong>4.5 h (charge complète de 804 Wh)<br/><strong>Température de fonctionnement :</strong>-20~40°C<br/>Support pour montage mural (accessoire inclus)</p>",
            "background_color": "",
            "button1_text": "",
            "button1_text_de": "",
            "button1_text_fr": "",
            "button1_url": "",
            "button1_background_color": "",
            "button1_text_color": "",
            "button2_text": "",
            "button2_text_de": "",
            "button2_text_fr": "",
            "button2_url": "",
            "button2_background_color": "",
            "button2_text_color": ""
          }
        },
        "column_block_Qe6grL": {
          "type": "column_block",
          "settings": {
            "image": "shopify://shop_images/Frame_387.jpg",
            "img_url": "",
            "title": "HEPHA 3.5\" Colorful Display",
            "title_de": "HEPHA 3,5-Zoll Farbdisplay",
            "title_fr": "Écran coloré HEPHA 3,5\"",
            "description": "<p>The e-bike app connects smartphones to the display through wireless communication. You can effortlessly transfer your riding data to the application.</p><p><strong>Display:</strong> 3.5 Color TFT<br/><strong>Communication:</strong> CAN<br/><strong>Waterproof:</strong> IP66<br/>Automatically brightness control (Light sensor)<br/>Automatically bike light control (Light sensor)<br/>Real time speed, real time power<br/>Average speed, maximum speed<br/>Trip distance, total distance<br/>Real time cadence</p>",
            "description_de": "<p>Die E-Bike-App verbindet Smartphones über drahtlose Kommunikation mit dem Display. Sie können mühelos Ihre Fahrtendaten an die Anwendung übertragen.</p><p><strong>Display:</strong> 3.5\" Color TFT<br/><strong>Communication:</strong> CAN<br/><strong>Waterproof:</strong> IP66<br/>Automatische Helligkeitssteuerung (Lichtsensor)<br/>Automatische Fahrradlichtsteuerung (Lichtsensor)<br/>Echtzeitgeschwindigkeit, Echtzeitleistung<br/>Durchschnittsgeschwindigkeit, Höchstgeschwindigkeit<br/>Streckenentfernung, Gesamtstrecke<br/>Echtzeitkadenz</p>",
            "description_fr": "<p>L'application de vélo électrique connecte les smartphones à l'écran via une communication sans fil. Vous pouvez facilement transférer vos données de conduite vers l'application.<br/><br/><strong>Écran :</strong>TFT couleur 3,5 pouces<br/><strong>Communication :</strong>CAN<br/><strong>Étanchéité :</strong>IP66<br/>Contrôle automatique de la luminosité (capteur de lumière)<br/>Contrôle automatique de l'éclairage du vélo (capteur de lumière)<br/>Vitesse en temps réel, puissance en temps réel<br/>Vitesse moyenne, vitesse maximale<br/>Distance parcourue, distance totale<br/>Cadence en temps réel</p>",
            "background_color": "",
            "button1_text": "",
            "button1_text_de": "",
            "button1_text_fr": "",
            "button1_url": "",
            "button1_background_color": "",
            "button1_text_color": "",
            "button2_text": "",
            "button2_text_de": "",
            "button2_text_fr": "",
            "button2_url": "",
            "button2_background_color": "",
            "button2_text_color": ""
          }
        },
        "column_block_3HALH6": {
          "type": "column_block",
          "settings": {
            "image": "shopify://shop_images/app_432ee281-bc29-43b1-9f76-b357a74d18a6.png",
            "img_url": "",
            "title": "HEPHA Smart APP",
            "title_de": "HEPHA Smart APP",
            "title_fr": "HEPHA Smart APP",
            "description": "<p>Experience the full potential of your HEPHA e-bike with the free app: record rides, configure your pedelec and get help with questions.</p><p>Recorded your riding data on the App, which is convenient for you to better adjust your riding plan.</p><p>Customize your motor support level to create your personal e-power assistant.</p><p>Control your light on/off, low battery warning, phone key, language and more.</p><p>Got a problem or error code? Use the app to quickly diagnose, troubleshoot, and find a solution quickly.</p>",
            "description_de": "<p>Erleben Sie das volle Potenzial Ihres HEPHA E-Bikes mit der kostenlosen App: Aufzeichnen von Fahrten, Konfigurieren Ihres Pedelecs und Hilfe bei Fragen erhalten.<br/></p><p>Speichern Sie Ihre Fahrdaten in der App, um Ihren Fahrplan besser anpassen zu können.<br/><br/>Passen Sie Ihr Motorunterstützungsniveau an, um Ihren persönlichen E-Power-Assistenten zu erstellen.<br/><br/>Steuerungsfunktionen wie Licht an/aus, Warnung bei niedrigem Batteriestand, Telefon-Schlüssel, Sprache und mehr.<br/><br/>Diagnostizieren und beheben Sie Probleme oder Fehlercodes schnell mit der App.</p>",
            "description_fr": "<p>Découvrez tout le potentiel de votre vélo électrique HEPHA avec l'application gratuite : enregistrez vos trajets, configurez votre pédalier électrique et obtenez de l'aide pour vos questions.</p><p>Enregistrez vos données de conduite dans l'application, ce qui vous permet de mieux ajuster votre plan de conduite.<br/><br/>Personnalisez le niveau de soutien de votre moteur pour créer votre assistant électrique personnel.<br/><br/>Contrôlez l'allumage/extinction des lumières, l'avertissement de batterie faible, la clé téléphonique, la langue et bien plus encore.<br/><br/>Vous avez un problème ou un code d'erreur ? Utilisez l'application pour diagnostiquer rapidement, résoudre les problèmes et trouver une solution rapidement.</p>",
            "background_color": "",
            "button1_text": "",
            "button1_text_de": "",
            "button1_text_fr": "",
            "button1_url": "",
            "button1_background_color": "",
            "button1_text_color": "",
            "button2_text": "",
            "button2_text_de": "",
            "button2_text_fr": "",
            "button2_url": "",
            "button2_background_color": "",
            "button2_text_color": ""
          }
        },
        "column_block_Fw6nDL": {
          "type": "column_block",
          "settings": {
            "image": "shopify://shop_images/IMG_0213_1.png",
            "img_url": "",
            "title": "The framework of the trekking 7",
            "title_de": "Das Rahmenwerk des Trekking 7",
            "title_fr": "Cadre du Trekking 7",
            "description": "<p>The new 6061 aluminum frame of the Trekking 7 is not only robust, it is also a visual highlight. Clear, sporty lines and balanced proportions give the frame a confident but unobtrusive character.<br/><br/>It has exactly the properties that are essential for bicycle frames: fatigue resistance, high rigidity, low weight and sensational stability.<br/><br/>The premium version also offers integrative shape transitions. This also convinced the international jury of the German Design Council, because the HEPHA Trekking 7 was awarded the German Design Award 2023.</p>",
            "description_de": "<p>Der neue 6061 Aluminiumrahmen des Trekking 7 ist nicht nur robust, sondern auch ein optisches Highlight. Klare, sportliche Linien und ausgewogene Proportionen verleihen dem Rahmen einen selbstbewussten, aber unaufdringlichen Charakter.<br/><br/>Er verfügt genau über die Eigenschaften, die für Fahrradrahmen unerlässlich sind: Ermüdungsfestigkeit, hohe Steifigkeit, geringes Gewicht und sensationelle Stabilität.<br/><br/>Die Premium-Version bietet auch integrative Formübergänge. Dies überzeugte auch die internationale Jury des Deutschen Designrats, da das HEPHA Trekking 7 mit dem German Design Award 2023 ausgezeichnet wurde.</p>",
            "description_fr": "<p>Le nouveau cadre en aluminium 6061 du Trekking 7 est non seulement robuste, mais aussi un atout visuel. Des lignes claires et sportives et des proportions équilibrées confèrent au cadre un caractère confiant mais discret.<br/><br/>Il possède exactement les propriétés essentielles pour les cadres de vélo : résistance à la fatigue, haute rigidité, faible poids et stabilité sensationnelle.<br/><br/>La version premium offre également des transitions de formes intégratives. Cela a également convaincu le jury international du German Design Council, car le HEPHA Trekking 7 a reçu le German Design Award 2023.</p>",
            "background_color": "",
            "button1_text": "",
            "button1_text_de": "",
            "button1_text_fr": "",
            "button1_url": "",
            "button1_background_color": "",
            "button1_text_color": "",
            "button2_text": "",
            "button2_text_de": "",
            "button2_text_fr": "",
            "button2_url": "",
            "button2_background_color": "",
            "button2_text_color": ""
          }
        }
      },
      "block_order": [
        "column_block_4neGqV",
        "column_block_FwCz3A",
        "column_block_FqPtK8",
        "column_block_Qe6grL",
        "column_block_3HALH6",
        "column_block_Fw6nDL"
      ],
      "disabled": true,
      "settings": { "items_per_row": 2 }
    },
    "custom_specification_DXgxaL": {
      "type": "custom_specification",
      "settings": {}
    },
    "custom_frame_geometry_TTnCVB": {
      "type": "custom_frame_geometry",
      "blocks": {
        "low_step_zVryfC": {
          "type": "low_step",
          "settings": {
            "low_step_image": "shopify://shop_images/trekking7-overview-frame-low_a15b9cd0-5a61-4dbb-bdbc-f07904cb7f48.jpg",
            "frame_height_low": "460 mm",
            "frame_height_low_L": "490 mm",
            "seat_tube_angle_low": "74°",
            "seat_tube_angle_low_L": "74°",
            "fork_offset_low": "43 mm",
            "fork_offset_low_L": "43 mm",
            "seat_angle_low": "74°",
            "seat_angle_low_L": "74°",
            "head_tube_length_low": "160 mm",
            "head_tube_length_low_L": "170 mm",
            "head_tube_angle_low": "68.5°",
            "head_tube_angle_low_L": "68.5°",
            "top_tube_horizontal_low": "591 mm",
            "top_tube_horizontal_low_L": "629 mm",
            "chain_stay_length_low": "484 mm",
            "chain_stay_length_low_L": "484 mm",
            "bottom_bracket_drop_low": "60 mm",
            "bottom_bracket_drop_low_L": "60 mm",
            "wheelbase_low": "1162 mm",
            "wheelbase_low_L": "1201 mm",
            "stack_low": "637 mm",
            "stack_low_L": "647 mm",
            "reach_low": "408 mm",
            "reach_low_L": "443 mm",
            "standover_height_low": "720 mm",
            "standover_height_low_L": "720 mm",
            "seat_height_min_low": "850",
            "seat_height_min_low_L": "850 mm",
            "seat_height_max_low": "1000 mm",
            "seat_height_max_low_L": "1050 mm"
          }
        },
        "high_step_myUyXC": {
          "type": "high_step",
          "settings": {
            "high_step_image": "shopify://shop_images/trekking7-overview-frame-high-optimized_24604beb-9ae2-42ea-8727-4f67d2b188ed.jpg",
            "frame_height_high": "490 mm",
            "frame_height_high_L": "520 mm",
            "seat_tube_angle_high": "74°",
            "seat_tube_angle_high_L": "74°",
            "fork_offset_high": "43 mm",
            "fork_offset_high_L": "43 mm",
            "seat_angle_high": "74°",
            "seat_angle_high_L": "74°",
            "head_tube_length_high": "160 mm",
            "head_tube_length_high_L": "170 mm",
            "head_tube_angle_high": "68.5°",
            "head_tube_angle_high_L": "68.5°",
            "top_tube_horizontal_high": "591 mm",
            "top_tube_horizontal_high_L": "629 mm",
            "chain_stay_length_high": "484 mm",
            "chain_stay_length_high_L": "484 mm",
            "bottom_bracket_drop_high": "60 mm",
            "bottom_bracket_drop_high_L": "60 mm",
            "wheelbase_high": "1162 mm",
            "wheelbase_high_L": "1201 mm",
            "stack_high": "637 mm",
            "stack_high_L": "647 mm",
            "reach_high": "408 mm",
            "reach_high_L": "443 mm",
            "standover_height_high": "760 mm",
            "standover_height_high_L": "780 mm",
            "seat_height_min_high": "860 mm",
            "seat_height_min_high_L": "890 mm",
            "seat_height_max_high": "1050 mm",
            "seat_height_max_high_L": "1080 mm"
          }
        }
      },
      "block_order": ["low_step_zVryfC", "high_step_myUyXC"],
      "settings": {
        "background_image": "shopify://shop_images/Frame_143.png",
        "mobile_background_image": "shopify://shop_images/Frame_143.png"
      }
    },
    "173431823006a348bf": {
      "type": "apps",
      "blocks": {
        "loox_reviews_loox_dynamic_section_WhkNEk": {
          "type": "shopify://apps/loox-reviews/blocks/loox-dynamic-section/5c3b337f-fd14-4df5-b1d6-80ec13e6e28e",
          "settings": {
            "only_photos": false,
            "aggregated": false,
            "limit": 20,
            "hide_thumbnails": false,
            "maxwidth": 1080,
            "is_sample": true
          }
        }
      },
      "block_order": ["loox_reviews_loox_dynamic_section_WhkNEk"],
      "settings": {
        "full_width": true,
        "show_space": true,
        "title": "",
        "title_de": "",
        "title_fr": ""
      }
    },
    "custom_product_tab_test_m9aDPj": {
      "type": "custom-product-tab-test",
      "settings": {
        "title": "Related Products",
        "title_de": "Ähnliche Modelle",
        "title_fr": "Modèles associés",
        "image": "shopify://shop_images/HEPHA-Trekking7_01_grey_7ff138ad-9f41-4981-b752-1bd80fee72c0.jpg",
        "background_color": "#ffffff",
        "background_position": "center center",
        "background_size": "cover",
        "background_align_items": "flex-start",
        "background_padding_top": 20,
        "background_padding_right": 20,
        "background_padding_bottom": 20,
        "background_padding_left": 20,
        "ad_link": "shopify://collections/hepha-ebikes",
        "ad_button_color": "#000000",
        "ad_button_text_color": "#ffffff",
        "title_1": "<p>Not sure which E-Bike is right for you? Discover and compare our full range of E-Bikes to find the perfect model for your adventures.</p>",
        "title_1_de": "<p>Nicht sicher, welches E-Bike das richtige für Sie ist? Entdecken und vergleichen Sie unser gesamtes Sortiment an E-Bikes, um das perfekte Modell für Ihre Abenteuer zu finden.</p>",
        "title_1_fr": "<p>Vous n’êtes pas sûr de quel vélo électrique est fait pour vous ? Découvrez et comparez notre gamme complète de vélos électriques pour trouver le modèle parfait pour vos aventures.</p>",
        "heading_color_1": "#ffffff",
        "heading_size_1": 18,
        "button_label": "Explore all E-Bikes!",
        "button_label_de": "Entdecke alle E-Bikes!",
        "button_label_fr": "Découvrez tous modèles !",
        "product_source_trekking7ltd": "collection",
        "trekking7ltd_collection": "trekking-7-my23",
        "trekking7ltd_products": [],
        "product_source_trekking7": "collection",
        "trekking7_collection": "new-bike-2024",
        "trekking7_products": [],
        "product_source_mountain7": "collection",
        "mountain7_collection": "mountain-7-2024",
        "mountain7_products": [],
        "product_source_mountain7carbon": "collection",
        "mountain7carbon_collection": "mountain-7-carbon",
        "mountain7carbon_products": [],
        "product_source_city7": "collection",
        "city7_collection": "city-e-bike",
        "city7_products": [],
        "show_description": true
      }
    },
    "custom_stickybar_b9zk6H": { "type": "custom-stickybar", "settings": {} },
    "custom_recommend_product_modal_VkPHz9": {
      "type": "custom_recommend_product_modal",
      "settings": {}
    }
  },
  "order": [
    "main",
    "custom_two_colum_banner_jVBYyG",
    "highlight_slideshow_TCPETE",
    "custom_column_BUMNyi",
    "custom_specification_DXgxaL",
    "custom_frame_geometry_TTnCVB",
    "173431823006a348bf",
    "custom_product_tab_test_m9aDPj",
    "custom_stickybar_b9zk6H",
    "custom_recommend_product_modal_VkPHz9"
  ]
}
