{
  "sections": {
    "main": {
      "type": "main-product",
      "blocks": {
        "title": { "type": "title", "settings": {} },
        "loox_reviews_loox_rating_4LcXpt": {
          "type": "shopify://apps/loox-reviews/blocks/loox-rating/5c3b337f-fd14-4df5-b1d6-80ec13e6e28e",
          "settings": {
            "contentSize": 16,
            "pattern": "",
            "hideText": false,
            "alignment": "",
            "layout": "",
            "textColor": "",
            "starColor": "",
            "showAllReviews": false,
            "looxOpenFloatingWidget": false,
            "emptyRatingWidget": false
          }
        },
        "price": {
          "type": "price",
          "settings": {
            "show_tax_and_shipping": false,
            "enable_product_reviews_by_price": true
          }
        },
        "financinginfo_EPKHcm": { "type": "financinginfo", "settings": {} },
        "description_JNVXj3": {
          "type": "description",
          "settings": {
            "show_in_tab": false,
            "open_tab": false,
            "icon": "",
            "show_in_quickbuy": false
          }
        },
        "specification_simple_KR3q47": {
          "type": "specification_simple",
          "settings": {}
        },
        "variant_picker_BNiCD8": {
          "type": "variant-picker",
          "settings": {
            "show_single": false,
            "selector_style": "listed",
            "dynamic_availability": "show",
            "enable_size_chart": false,
            "size_chart_label": "",
            "size_chart_variant": "",
            "size_chart_page": ""
          }
        },
        "variant_description_app_metafield_9LbpaA": {
          "type": "shopify://apps/variant-description/blocks/app-metafield/dee11698-5b0b-4a0f-9562-ea29cbe9c77e",
          "settings": {
            "namespace": "custom",
            "key": "size",
            "show_product_description": false,
            "fallback_richtext": "",
            "fallback_liquid": "",
            "product_description_selector": "",
            "custom_liquid": ""
          }
        },
        "pop_up_AAc34B": {
          "type": "pop-up",
          "settings": {
            "text": "Which frame size fit me?",
            "text_de": "Welche Rahmengröße passt zu mir?",
            "text_fr": "Quelle taille de cadre me convient ?",
            "text_fi": "Millainen rungon koko sopii minulle?",
            "style": "link",
            "page": "trekking2024-sizechart",
            "show_in_quickbuy": false
          }
        },
        "selleasy_lb_upsell_addon_block_dWnQBC": {
          "type": "shopify://apps/selleasy/blocks/lb-upsell-addon-block/790c1a03-a71f-4bc1-9869-00dad526d3c2",
          "settings": {}
        },
        "usedbike_gPWQYL": {
          "type": "usedbike",
          "settings": {
            "text": "Save with Used - Like New",
            "text_de": "Sparen Sie mit gebrauchten Fahrrädern - Wie Neu",
            "text_fr": "Économisez avec des vélos d'occasion -  Comme Neuf",
            "currentprice": "From €1,599.00",
            "currentprice_de": "Ab 1.599,00 €",
            "currentprice_fr": "À partir de 1 599,00 €",
            "wasprice": "",
            "wasprice_de": "",
            "wasprice_fr": "",
            "url": ""
          }
        },
        "buy_buttons_ieLink": {
          "type": "buy-buttons",
          "settings": {
            "show_quantity_selector": false,
            "enable_payment_button": true,
            "show_backorder_text": false,
            "show_pickup_availability": false,
            "show_gift_card_recipient": false,
            "enable_contact_notify": false,
            "contact_expert_content": "",
            "notify_me_content": ""
          }
        },
        "pop_up_zVXKyw": {
          "type": "pop-up",
          "disabled": true,
          "settings": {
            "text": "Click & Collect at your local dealer",
            "text_de": "Click & Collect bei Ihrem lokalen Händler",
            "text_fr": "Click & Collect chez votre revendeur local",
            "text_fi": "Millainen rungon koko sopii minulle?",
            "style": "link",
            "page": "click-collect-at-your-local-dealer",
            "show_in_quickbuy": false
          }
        },
        "custom_liquid_wBiDyC": {
          "type": "custom-liquid",
          "settings": {
            "custom_liquid": "{% render 'custom-bidex-find-dealers' %}",
            "show_in_quickbuy": false
          }
        },
        "sharing_Hmw8qb": {
          "type": "sharing",
          "settings": {
            "show_twitter": true,
            "show_facebook": true,
            "show_pinterest": true,
            "show_linkedin": true,
            "show_whatsapp": true,
            "show_snapchat": true,
            "show_threads": true,
            "show_tumblr": true,
            "show_twitch": true
          }
        },
        "leasingbike_LNR9yY": {
          "type": "leasingbike",
          "settings": {
            "jobrad_url": "shopify://pages/jobrad",
            "bikeleasing_url": "shopify://pages/save-with-bikeleasing",
            "deutsche_url": "shopify://pages/deutsche-dienstrad",
            "businessbike_url": "shopify://pages/business-bike"
          }
        },
        "accordion_DPPTVK": {
          "type": "accordion",
          "settings": {
            "title": "Financing with one of our partners",
            "title_de": "Finanzierung mit einem unserer Partner",
            "title_fr": "Financer avec l'un de nos partenaires",
            "icon": "",
            "content": "",
            "content_de": "",
            "content_fr": "",
            "page": "",
            "custom_liquid": "{% render \"financing\" %}",
            "open": false,
            "show_in_quickbuy": false
          }
        },
        "accordion_VTmjJ4": {
          "type": "accordion",
          "settings": {
            "title": "Click & Collect at your local dealer",
            "title_de": "Click & Collect bei Ihrem lokalen Händler",
            "title_fr": "Click & Collect chez votre revendeur local",
            "title_fi": "Klikkaa & Nouto paikalliselta jälleenmyyjältäsi",
            "icon": "",
            "content": "<p>When you order a bike from <a href=\"https://hepha.com\" target=\"_blank\" title=\"https://hepha.com\">hepha.com</a>, we’ll ship it for free to a dealer of your choice through our Click & Collect service. Once your bike arrives, the dealer will reach out to arrange a pickup time. Enjoy personalized assistance, test rides, and expert advice with this service. <a href=\"/pages/click-collect-at-your-local-dealer\" target=\"_blank\" title=\"Click & Collect at your local dealer\">Learn more</a></p>",
            "content_de": "<p>Wenn Sie ein Fahrrad bei <a href=\"https://hepha.com/de\" target=\"_blank\" title=\"https://hepha.com/de\">hepha.com</a> bestellen, versenden wir es kostenlos an einen Händler Ihrer Wahl über unseren Click & Collect-Service. Sobald Ihr Fahrrad angekommen ist, wird der Händler Sie kontaktieren, um einen Abholtermin zu vereinbaren. Genießen Sie mit diesem Service persönliche Unterstützung, Testfahrten und Expertenrat. <a href=\"/pages/click-collect-at-your-local-dealer\" target=\"_blank\" title=\"Click & Collect at your local dealer\">Erfahren Sie mehr</a></p>",
            "content_fr": "<p>Vous commandez un vélo sur <a href=\"https://hepha.com/fr-fr\" target=\"_blank\" title=\"https://hepha.com/fr-fr\">hepha.com</a>, nous l'expédierons gratuitement à un revendeur de votre choix grâce à notre service Click & Collect. Une fois votre vélo arrivé, le revendeur vous contactera pour organiser un rendez-vous pour le récupérer. Profitez de l'assistance personnalisée, des essais de conduite et des conseils d'experts avec ce service. <a href=\"/pages/click-collect-at-your-local-dealer\" target=\"_blank\" title=\"Click & Collect at your local dealer\">En savoir plus</a></p>",
            "content_fi": "<p>Kun tilaat pyörän <a href=\"https://hepha.com\" target=\"_blank\" title=\"https://hepha.com\">hepha.com</a> -sivustolta, lähetämme sen ilmaiseksi valitsemaasi jälleenmyyjään Klikkaa & Nouto -palvelumme kautta. Kun pyöräsi saapuu, jälleenmyyjä ottaa sinuun yhteyttä sopiakseen noutoaikasta. Nauti henkilökohtaisesta avusta, koeajoista ja asiantuntevasta neuvonnasta tämän palvelun avulla. <a href=\"/pages/click-collect-at-your-local-dealer\" target=\"_blank\" title=\"Klikkaa & Nouto paikalliselta jälleenmyyjältäsi\">Lue lisää</a></p>",
            "page": "",
            "custom_liquid": "",
            "open": false,
            "show_in_quickbuy": false
          }
        }
      },
      "block_order": [
        "title",
        "loox_reviews_loox_rating_4LcXpt",
        "price",
        "financinginfo_EPKHcm",
        "description_JNVXj3",
        "specification_simple_KR3q47",
        "variant_picker_BNiCD8",
        "variant_description_app_metafield_9LbpaA",
        "pop_up_AAc34B",
        "selleasy_lb_upsell_addon_block_dWnQBC",
        "usedbike_gPWQYL",
        "buy_buttons_ieLink",
        "pop_up_zVXKyw",
        "custom_liquid_wBiDyC",
        "sharing_Hmw8qb",
        "leasingbike_LNR9yY",
        "accordion_DPPTVK",
        "accordion_VTmjJ4"
      ],
      "custom_css": [],
      "settings": {
        "show_breadcrumbs": false,
        "select_first_variant": true,
        "show_location_underneath": false,
        "inventory_transfers_enable": false,
        "enable_sticky_columns": true,
        "enable_sticky_atc": true,
        "sticky_atc_position": "end",
        "sticky_atc_mobile": true,
        "sticky_atc_behavior": "add_to_cart",
        "sticky_atc_button_style": "secondary",
        "gallery_size": "large",
        "gallery_layout": "carousel-under",
        "enable_zoom": true,
        "show_alt_text": false,
        "alt_text_icon": "",
        "enable_video_autoplay": false,
        "enable_video_looping": false,
        "enable_media_grouping": true,
        "media_grouping_option": "Choose from the following colors,Wählen Sie aus den folgenden Rahmenfarben, Choisissez parmi les couleurs suivantes, Valitse seuraavista väreistä"
      }
    },
    "custom_carousel_image_FiLngH": {
      "type": "custom-carousel-image",
      "blocks": {
        "customslide_CBC7Kr": {
          "type": "customslide",
          "settings": {
            "image": "shopify://shop_images/Group_394_f609cb48-3d61-4cbe-a05b-837524467cc1.jpg"
          }
        },
        "customslide_heWx9W": {
          "type": "customslide",
          "settings": { "image": "shopify://shop_images/Group_346.jpg" }
        },
        "customslide_H7LtNi": {
          "type": "customslide",
          "settings": {
            "image": "shopify://shop_images/Group_395_3558727d-97d3-4f0d-a55f-752717a599ed.jpg"
          }
        },
        "customslide_4BT34g": {
          "type": "customslide",
          "settings": {
            "image": "shopify://shop_images/Group_398_8e7db438-192f-4bf5-8988-4bcbe6837d69.jpg"
          }
        },
        "customslide_ERwQn8": {
          "type": "customslide",
          "settings": {
            "image": "shopify://shop_images/Group_397_7d55ff9c-b951-42a3-a769-78a664ecba22.jpg"
          }
        }
      },
      "block_order": [
        "customslide_CBC7Kr",
        "customslide_heWx9W",
        "customslide_H7LtNi",
        "customslide_4BT34g",
        "customslide_ERwQn8"
      ],
      "settings": {}
    },
    "custom_textarea_NV64QN": {
      "type": "custom_textarea",
      "blocks": {
        "list_item_ndLqVt": {
          "type": "list_item",
          "settings": {
            "item_text": "Extra-powerful 100 Nm motor",
            "item_text_de": "Extrastarker 100 Nm Motor",
            "item_text_fr": "Moteur extra puissant de 100 Nm",
            "item_text_fi": "Huippuvoimakas 100Nm moottori"
          }
        },
        "list_item_Pbec7D": {
          "type": "list_item",
          "settings": {
            "item_text": "Battery with 804 Wh capacity",
            "item_text_de": "Akku mit 804 Wh Kapazität",
            "item_text_fr": "Batterie d'une capacité de 804 Wh",
            "item_text_fi": "Akku 804Wh:n kapasiteetilla"
          }
        },
        "list_item_PmjQ4P": {
          "type": "list_item",
          "settings": {
            "item_text": "6A fast charger",
            "item_text_de": "6A Schnellladegerät",
            "item_text_fr": "Chargeur rapide 6A",
            "item_text_fi": "6A nopea pikalaturi"
          }
        },
        "list_item_3pDib8": {
          "type": "list_item",
          "settings": {
            "item_text": "11-speed Shimano CUES gears",
            "item_text_de": "11-Gang Shimano CUES Schaltung",
            "item_text_fr": "Transmission Shimano CUES à 11 vitesses",
            "item_text_fi": "11-nopeuksinen Shimano CUES-vaihteisto"
          }
        },
        "list_item_QFbnTc": {
          "type": "list_item",
          "settings": {
            "item_text": "100 mm Suntour XCR",
            "item_text_de": "100 mm Suntour XCR",
            "item_text_fr": "Suntour XCM 100 mm",
            "item_text_fi": "100 mm Suntour XCR-joustokeula"
          }
        },
        "list_item_PzaNin": {
          "type": "list_item",
          "settings": {
            "item_text": "Assembled in Germany",
            "item_text_de": "Montiert in Deutschland",
            "item_text_fr": "Assemblé en Allemagne",
            "item_text_fi": "Kokoonpano Saksassa"
          }
        }
      },
      "block_order": [
        "list_item_ndLqVt",
        "list_item_Pbec7D",
        "list_item_PmjQ4P",
        "list_item_3pDib8",
        "list_item_QFbnTc",
        "list_item_PzaNin"
      ],
      "settings": {
        "section_title": "All Ultra.",
        "section_title_de": "Alles Ultra.",
        "section_title_fr": "Tout Ultra.",
        "text_description": "The top version Ultra with its whopping 100Nm maximum torque and 804Wh battery offers a new definition of ePerformance. There should be no uphill that cannot be mastered with the Ultra. The combination with the very efficient motor with an 804Wh battery and the fast charger results in an unbeatable combination for the extra range, despite the extra power of the motor!",
        "text_description_de": "Die Topversion Ultra bietet mit satten 100Nm maximalem Drehmoment und 804Wh Akku eine neue Definition von ePerformance. Es dürfte keinen Anstieg geben, den man mit dem Ultra nicht bewältigen kann. Die Kombination mit dem sehr effizienten Motor mit 804Wh Akku und dem Schnellladegerät ergibt eine unschlagbare Kombination für die Extrareichweite, trotz Mehrleistung des Motors!",
        "text_description_fr": "La version haut de gamme Ultra avec son couple maximal de 100 Nm et sa batterie de 804 Wh offre une nouvelle définition de l'ePerformance. Il ne devrait y avoir aucune montée qui ne puisse être maîtrisée avec l'Ultra. La combinaison avec le moteur très efficace avec une batterie de 804 Wh et le chargeur rapide donne une combinaison imbattable pour l'autonomie supplémentaire, malgré la puissance supplémentaire du moteur !",
        "section_title_fi": "Kaikki Ultra-tasoa!",
        "text_description_fi": "Ultra-huippumalli asettaa uuden vertailutason sähköpyörien suorituskyvylle 100 Nm:n maksimiväännöllään ja 804 Wh:n akullaan. Ultra ei kavahda ylämäkiä tai vaativaa maastoa – tehokkaan moottorin, suuren akun ja pikalaturin yhdistelmä takaavat ylivoimaisen kilometrikantaman, vaikka moottori onkin markkinoiden tehokkaimpia!",
        "title_font_size": 50,
        "text_font_size": 18,
        "show_item_list": true,
        "layout": "title_above",
        "item_font_size": 16,
        "custom_icon": "checkmark"
      }
    },
    "custom_two_colum_banner_giBJKD": {
      "type": "custom-two-colum-banner",
      "blocks": {
        "slide_NLVjLr": {
          "type": "slide",
          "settings": {
            "background_color": "#94ab7a",
            "background_size": "cover",
            "background_position": "center",
            "background_align_items": "center",
            "background_padding_top": 0,
            "background_padding_left": 0,
            "background_padding_right": 0,
            "background_padding_bottom": 0,
            "liquid_content": "",
            "subheading_image_title_link": "",
            "subheading_image_title_position": "",
            "title_1": "<p>Award-winning<br/>design & performance.</p>",
            "title_1_de": "<p>Mehrfach ausgezeichnet.</p>",
            "title_1_fr": "<p>Plusieurs fois récompensé.</p>",
            "heading_color_1": "#ffffff",
            "heading_size_1": 50,
            "subheading_1": "<p>Our aim is to make design, quality and performance accessible to all. We are therefore all the more pleased that this ambition has been recognized with numerous awards!</p>",
            "subheading_1_de": "<p>Unser Anspruch ist es, Design, Qualität und Leistung für alle zugänglich zu machen. Umso mehr freuen wir uns, dass dieser Anspruch mit zahlreichen Auszeichnungen gewürdigt wurde!</p>",
            "subheading_1_fr": "<p>Notre objectif est de rendre le design, la qualité et la performance accessibles à tous. Nous sommes donc d’autant plus heureux que cette ambition ait été récompensée par de nombreuses récompenses !</p>",
            "title_1_fi": "<p>Palkittua<br/>muotoilua & suorituskykyä.</p>",
            "subheading_1_fi": "<p>Tavoitteenamme on tehdä huippumuotoilusta, laadusta ja suorituskyvystä kaikille saavutettavaa. Tästä syystä olemme erityisen ylpeitä siitä, että tämä tavoite on huomioitu polkupyöräalalla lukuisilla arvostetuilla palkinnoilla!</p>",
            "subheading_color_1": "#ffffff",
            "subheading_size_1": 18,
            "liquid_content3": "",
            "subheading_image_1": "shopify://shop_images/Frame_215.png",
            "subheading_image_1_link": "",
            "subheading_image_1_width": 200,
            "subheading_image_1_position": "",
            "subheading_image_1b_position": "",
            "subheading_image_1b_link": "",
            "title_2": "",
            "title_2_de": "",
            "title_2_fr": "",
            "heading_color_2": "#000000",
            "heading_size_2": 24,
            "subheading_2": "",
            "subheading_2_de": "",
            "subheading_2_fr": "",
            "subheading_color_2": "#000000",
            "subheading_size_2": 16,
            "subheading_image_2_position": "",
            "subheading_image_2_link": "",
            "collection": "",
            "buttongroup_label": "",
            "buttongroup_label_de": "",
            "buttongroup_label_fr": "",
            "button_label": "",
            "button_label_de": "",
            "button_label_fr": "",
            "link": "",
            "button_color": "#007bff",
            "button2_label": "",
            "button2_label_de": "",
            "button2_label_fr": "",
            "link2": "",
            "link2_de": "",
            "link2_fr": "",
            "button2_color": "#007bff",
            "button_text_color": "#ffffff",
            "column_1title": "",
            "column_1title_de": "",
            "column_1title_fr": "",
            "column_1description": "",
            "column_1description_de": "",
            "column_1description_fr": "",
            "column_2title": "",
            "column_2title_de": "",
            "column_2title_fr": "",
            "column_2description": "",
            "column_2description_de": "",
            "column_2description_fr": "",
            "column_3title": "",
            "column_3title_de": "",
            "column_3title_fr": "",
            "column_3description": "",
            "column_3description_de": "",
            "column_3description_fr": "",
            "column_4title": "",
            "column_4title_de": "",
            "column_4title_fr": "",
            "column_4description": "",
            "column_4description_de": "",
            "column_4description_fr": "",
            "liquid_content2": ""
          }
        },
        "slide_YiV7jU": {
          "type": "slide",
          "settings": {
            "image": "shopify://shop_images/HEPHA-Mountain7_grey-black_01_778171d8-832f-46b1-b21f-7d0781012028.jpg",
            "background_color": "#ffffff",
            "background_size": "cover",
            "background_position": "center",
            "background_align_items": "center",
            "background_padding_top": 0,
            "background_padding_left": 0,
            "background_padding_right": 0,
            "background_padding_bottom": 0,
            "liquid_content": "",
            "subheading_image_title_link": "",
            "subheading_image_title_position": "",
            "title_1": "",
            "title_1_de": "",
            "title_1_fr": "",
            "heading_color_1": "#000000",
            "heading_size_1": 24,
            "subheading_1": "",
            "subheading_1_de": "",
            "subheading_1_fr": "",
            "subheading_color_1": "#000000",
            "subheading_size_1": 16,
            "liquid_content3": "",
            "subheading_image_1_link": "",
            "subheading_image_1_position": "",
            "subheading_image_1b_position": "",
            "subheading_image_1b_link": "",
            "title_2": "",
            "title_2_de": "",
            "title_2_fr": "",
            "heading_color_2": "#000000",
            "heading_size_2": 24,
            "subheading_2": "",
            "subheading_2_de": "",
            "subheading_2_fr": "",
            "subheading_color_2": "#000000",
            "subheading_size_2": 16,
            "subheading_image_2_position": "",
            "subheading_image_2_link": "",
            "collection": "",
            "buttongroup_label": "",
            "buttongroup_label_de": "",
            "buttongroup_label_fr": "",
            "button_label": "",
            "button_label_de": "",
            "button_label_fr": "",
            "link": "",
            "button_color": "#007bff",
            "button2_label": "",
            "button2_label_de": "",
            "button2_label_fr": "",
            "link2": "",
            "link2_de": "",
            "link2_fr": "",
            "button2_color": "#007bff",
            "button_text_color": "#ffffff",
            "column_1title": "",
            "column_1title_de": "",
            "column_1title_fr": "",
            "column_1description": "",
            "column_1description_de": "",
            "column_1description_fr": "",
            "column_2title": "",
            "column_2title_de": "",
            "column_2title_fr": "",
            "column_2description": "",
            "column_2description_de": "",
            "column_2description_fr": "",
            "column_3title": "",
            "column_3title_de": "",
            "column_3title_fr": "",
            "column_3description": "",
            "column_3description_de": "",
            "column_3description_fr": "",
            "column_4title": "",
            "column_4title_de": "",
            "column_4title_fr": "",
            "column_4description": "",
            "column_4description_de": "",
            "column_4description_fr": "",
            "liquid_content2": ""
          }
        }
      },
      "block_order": ["slide_NLVjLr", "slide_YiV7jU"],
      "settings": {
        "section_id": "",
        "mobile_font_size_heading": 40,
        "mobile_line_height_heading": 42,
        "mobile_font_size_text": 20,
        "mobile_line_height_text": 24,
        "mobile_slide_padding_top": 30
      }
    },
    "highlight_slideshow_wd7rDD": {
      "type": "highlight_slideshow",
      "blocks": {
        "customslide_GCDzxU": {
          "type": "customslide",
          "settings": {
            "image": "shopify://shop_images/Frame_385.jpg",
            "title": "100 Nm motor",
            "title_de": "100 Nm Motor",
            "title_fr": "Moteur de 100 Nm",
            "description": "With its 100 Nm, the powerful HEPHA P101 motor of the Performance offers plenty of power for extra riding fun or as a partner for all everyday requirements.",
            "description_de": "Der besonders kraftvolle 100 Nm HEPHA P101C Motor ist einer der leistungsstärksten und effizientesten auf dem Markt!",
            "description_fr": "Le moteur HEPHA P101C particulièrement puissant de 100 Nm est l'un des plus puissants et des plus performants du marché !",
            "title_fi": "Tehokas 100Nm moottori",
            "description_fi": "100 Nm:n tehollaan voimakas HEPHA P101 -moottori tarjoaa reilusti vääntöä sekä vauhdikkaisiin metsäseikkailuihin että arkiseen liikkumiseen."
          }
        },
        "customslide_e4tEdG": {
          "type": "customslide",
          "settings": {
            "image": "shopify://shop_images/Frame_372_676618fc-3789-445c-86a2-dc7682aaba9b.jpg",
            "title": "High-capacity 804 Wh battery",
            "title_de": "Hochleistungsakku mit 804 Wh",
            "title_fr": "Batterie haute capacité de 804 Wh",
            "description": "The Ultra's battery sits perfectly in the frame and offers a whopping 804 Wh capacity. In combination with the very efficient motor and the fast charger, this results in an unbeatable combination for extra range!",
            "description_de": "Der Akku des Ultra sitzt perfekt im Rahmen und bietet satte 804 Wh Kapazität. In Kombination mit dem sehr effizienten Motor und dem Schnellladegerät ergibt das eine unschlagbare Kombination für extra Reichweite!",
            "description_fr": "La batterie de l'Ultra s'intègre parfaitement dans le cadre et offre une capacité impressionnante de 804 Wh. En combinaison avec le moteur très efficace et le chargeur rapide, cela donne une combinaison imbattable pour une autonomie supplémentaire !",
            "title_fi": "Korkeakapasiteettinen 804 Wh akku",
            "description_fi": "Ultra-mallin akku on tyylikkäästi runkoon integroitu. Yhdistettynä tehokkaaseen moottoriin, sen 804Wh:n kapasiteetti tarjoaa lyömättömän kilometrikantaman. Akku on ladattavissa suoraan pyörässä sijaitsevasta pistokkeesta, tai vaihtoehtoisesti irrotettavissa kotona lataamista varten."
          }
        },
        "customslide_jHRL7H": {
          "type": "customslide",
          "settings": {
            "image": "shopify://shop_images/Frame_377_77b0c983-39ff-4d1c-9972-46079a9e94e1.jpg",
            "title": "6A fast charger",
            "title_de": "6A Schnellladegerät",
            "title_fr": "Chargeur rapide 6A",
            "description": "Quickly mobile again - no problem with our standard HEPHA quick charger. With its 6A, it charges almost 1.5 times faster than conventional chargers. It can be used both on the road and as a detachable wallbox at home!",
            "description_de": "Schnell wieder mobil - mit unserem serienmäßigen HEPHA Schnellladegerät kein Problem. Es lädt fast 1,5 mal schneller als herkömmliche Ladegeräte. Es ist sowohl mobil auf der Tour als auch als abnehmbare Wallbox zuhause einsetzbar!",
            "description_fr": "De nouveau rapidement mobile – aucun problème avec notre chargeur rapide HEPHA standard. Avec ses 6A, il charge presque 1,5 fois plus vite que les chargeurs classiques. Il peut être utilisé aussi bien en déplacement que comme boîtier mural amovible à la maison !",
            "title_fi": "6A nopeasti lataava pikalaturi",
            "description_fi": "Nopeasti takaisin matkaan – HEPHA-sähköpyörien vakiona mukana toimitettavalla pikalaturilla se onnistuu helposti. Laturin 6A latausvirta tekee siitä lähes 1,5 kertaa nopeampaa kuin tavanomaisilla latureilla. Laturia voidaan käyttää joko tien päällä tai kotona, ja myös seinään asennettavana wallboxina!"
          }
        },
        "customslide_jC4XnW": {
          "type": "customslide",
          "settings": {
            "image": "shopify://shop_images/Frame_388_d87472be-9c4f-49c8-917b-cc7a7707a613.jpg",
            "title": "1.96\" display",
            "title_de": "1.96\" Display",
            "title_fr": "Écran 1.96\"",
            "description": "The sporty display sits well protected to the left of the stem. Thanks to the high-quality IPS technology, it is very easy to read even in bright light.",
            "description_de": "Das sportliche Display sitzt gut geschützt links am Vorbau. Dank der hochwertigen IPS-Technologie ist es auch bei hellem Licht sehr gut lesbar.",
            "description_fr": "L'écran extra-large de 3,5 pouces est clairement visible et centré dans le champ de vision du conducteur. Grâce à la technologie IPS de haute qualité, il est très facile à lire même en pleine lumière.",
            "title_fi": "Kristallinkirkas 1.96\" näyttö",
            "description_fi": "Urheilullinen ja kompakti 1,96” näyttö sijaitsee ohjainkannattimen vasemmalla puolella, hyvin suojattuna. IPS-tekniikan ansiosta se on helposti luettavissa myös kirkkaassa valossa ja mistä katselukulmasta tahansa."
          }
        },
        "customslide_6gVcHJ": {
          "type": "customslide",
          "settings": {
            "image": "shopify://shop_images/Frame_389_6fc14ed1-aa9b-4ac0-9f75-7422b53d3364.jpg",
            "title": "Premium alloy Frame",
            "title_de": "Hochwertiger Alurahmen",
            "title_fr": "Cadre en alliage de qualité supérieure",
            "description": "Experience unrivaled performance with our premium alloy frame e-mountainbike. Lightweight yet robust, it's engineered for superior agility and durability on any terrain.",
            "description_de": "Erleben Sie unvergleichliche Leistung mit unserem E-Mountainbike mit Premium-Leichtmetallrahmen. Es ist leicht und dennoch robust und auf überragende Agilität und Haltbarkeit auf jedem Gelände ausgelegt.",
            "description_fr": "Bénéficiez de performances inégalées avec notre VTT électrique à cadre en alliage haut de gamme. Léger mais robuste, il est conçu pour une agilité et une durabilité supérieures sur tous les terrains.",
            "title_fi": "Huippulaadukas alumiinirunko",
            "description_fi": "Koe premium-alumiinirunkoisten sähkömaastopyöriemme tarjoamaa suorituskykä vailla vertaansa. Kevyt mutta kestävä rakenne takaa erinomaisen ketteryyden ja luotettavuuden kaikilla alustoilla, ja saumattomaksi hiottu viimeistely luo pyörälle esteettisen ja laadukkaan yleisvaikutelman."
          }
        },
        "customslide_VCVhWi": {
          "type": "customslide",
          "settings": {
            "image": "shopify://shop_images/Frame_390.jpg",
            "title": "100 mm suspension travel",
            "title_de": "100 mm Federweg",
            "title_fr": "Débattement de suspension de 100 mm",
            "description": "The Suntour XCM suspension fork ensures that the front wheel always has secure contact with the ground and relieves both the rider and the e-bike, even on rough terrain.",
            "description_de": "Die Suntour XCM Federgabel sorgt dafür, dass das Vorderrad auch in unwegsamem Gelände stets sicheren Kontakt zum Boden hat und entlastet Fahrer und E-Bike.",
            "description_fr": "La fourche à suspension Suntour XCM garantit que la roue avant a toujours un contact sûr avec le sol et soulage à la fois le cycliste et le vélo électrique, même sur un terrain accidenté.",
            "title_fi": "100 mm jousitusmatka",
            "description_fi": "Suntour XCM-joustohaarukka varmistaa etupyörän turvallisen pidon maaperään ja vaimentaa epätasaisen maaston iskuja, joita haastavilla reiteillä kohdistuu sekä pyöräilijään että pyörään."
          }
        },
        "customslide_wdbYqw": {
          "type": "customslide",
          "settings": {
            "image": "shopify://shop_images/Frame_378_780417fd-5fd7-4d1c-a773-964cf507b6aa.jpg",
            "title": "11-speed gearshift",
            "title_de": "11-Gang Schaltung",
            "title_fr": "Boîte de vitesses à 11 vitesses",
            "description": "The Shimano Cues U6020 drivetrain has been specially developed for e-bikes and is therefore perfect for smooth shifting in combination with the Ultra's high-performance motor.",
            "description_de": "Die Shimano Cues U6020 Schaltung des Long Range wurde speziell für E-Bikes entwickelt und eignet sich daher perfekt für sanfte Schaltvorgänge auch unter mehr Last.",
            "description_fr": "Le système de changement de vitesse Shimano Cues U6020 du Long Range a été spécialement développé pour les vélos électriques et est donc parfait pour un changement de vitesse en douceur même sous une charge plus élevée.",
            "title_fi": "11-nopeuksinen vaihteisto",
            "description_fi": "Ultra-mallin 11-nopeuksinen Shimano CUES U6020-vaihteisto on suunniteltu erityisesti sähköpyörien vaatimuksiin. Vaihteisto tarjoaa sulavaa vaihteensiirtoa myös suuremman kuormituksen alla."
          }
        },
        "customslide_NRQBUA": {
          "type": "customslide",
          "settings": {
            "image": "shopify://shop_images/Frame_379.jpg",
            "title": "Hydraulic disc brakes",
            "title_de": "Hydraulische Scheibenbremsen",
            "title_fr": "Freins à disque hydrauliques",
            "description": "The two Shimano MT200 disc brakes bring you safely to a halt at all times. The 180 mm brake discs provide plenty of braking power and reduce wear.",
            "description_de": "Die beiden Shimano MT200 Scheibenbremsen bringen dich jederzeit sicher zum Stehen. Die 180 mm Bremsscheiben sorgen für reichlich Bremskraft und reduzieren den Verschleiß.",
            "description_fr": "Les deux freins à disque Shimano MT200 vous arrêtent en toute sécurité à tout moment. Les disques de frein de 180 mm offrent une puissance de freinage suffisante et réduisent l'usure.",
            "title_fi": "Hydrauliset levyjarrut",
            "description_fi": "Shimano MT200-levyjarrut pysäyttävät sinut turvallisesti kaikissa olosuhteissa. 180 mm jarrulevyt tarjoavat runsaasti jarruvoimaa ja vähentävät kulumaa."
          }
        },
        "customslide_PXbemY": {
          "type": "customslide",
          "settings": {
            "image": "shopify://shop_images/Frame_387_ef8b9bfa-988a-4741-96cb-e895b39c16df.jpg",
            "title": "Prepared for everyday life",
            "title_de": "Standard: Für den Alltag gewappnet",
            "title_fr": "Préparé pour la vie quotidienne",
            "description": "All attachment points for mudguards, kickstand, pannier rack and even the frame lock are present but integrated so discreetly that they do not detract from the sporty character.",
            "description_de": "Sämtliche Befestigungspunkte für Schutzbleche, Ständer, Gepäckträger und sogar das Rahmenschloss sind vorhanden, jedoch so dezent integriert, dass sie den sportlichen Charakter nicht beeinträchtigen..",
            "description_fr": "Tous les points de fixation pour les garde-boue, la béquille, le porte-bagages et même le verrou du cadre sont présents mais intégrés de manière si discrète qu'ils ne nuisent pas au caractère sportif.",
            "title_fi": "Valmiina arjen haasteisiin",
            "description_fi": "Pyörästä löytyy kiinnityspisteet kaikelle tarvittavalle; lokasuojille, seisontatuelle, tavaratelineelle ja jopa runkolukolle – mutta ne ovat integroitu niin huomaamattomasti, että pyörän urheilullinen ilme säilyy tarvittaessa täysin."
          }
        },
        "customslide_cTjT9b": {
          "type": "customslide",
          "settings": {
            "image": "shopify://shop_images/app_432ee281-bc29-43b1-9f76-b357a74d18a6.png",
            "title": "Smart APP",
            "title_de": "Smarte APP",
            "title_fr": "Application intelligente",
            "description": "With the HEPHA APP, you can unlock the full potential of your e-bike: record rides, configure your e-bike, update your system or get help with questions.",
            "description_de": "Mit der HEPHA APP setzen Sie das volle Potenzial Ihres E-Bikes frei: Zeichnen Sie Fahrten auf, konfigurieren Sie Ihr E-Bike, updaten Sie Ihr System oder erhalten Sie Hilfe bei Fragen..",
            "description_fr": "Avec l'application HEPHA, vous pouvez exploiter tout le potentiel de votre vélo électrique : enregistrer des trajets, configurer votre vélo électrique, mettre à jour votre système ou obtenir de l'aide en cas de questions.",
            "title_fi": "Älykäs mobiilisovellus",
            "description_fi": "HEPHA-sovelluksella valjastat pyöräsi koko potentiaalin käyttöösi: tallenna ajosi, konfiguroi moottorin avustustasot ja löydä apua tukipalvelusta."
          }
        }
      },
      "block_order": [
        "customslide_GCDzxU",
        "customslide_e4tEdG",
        "customslide_jHRL7H",
        "customslide_jC4XnW",
        "customslide_6gVcHJ",
        "customslide_VCVhWi",
        "customslide_wdbYqw",
        "customslide_NRQBUA",
        "customslide_PXbemY",
        "customslide_cTjT9b"
      ],
      "settings": {}
    },
    "custom_specification_DXgxaL": {
      "type": "custom_specification",
      "settings": {}
    },
    "custom_frame_geometry_jXUWB7": {
      "type": "custom_frame_geometry",
      "blocks": {
        "mountain_tpqYVg": {
          "type": "mountain",
          "settings": {
            "mountain_image": "shopify://shop_images/hepha_trekking7_geo_high_a9b808f5-49d7-44e6-8a68-d344e2f64fa8.png",
            "frame_height_high": "450 mm",
            "frame_height_high_L": "500 mm",
            "seat_tube_angle_high": "74°",
            "seat_tube_angle_high_L": "74°",
            "fork_offset_high": "51 mm",
            "fork_offset_high_L": "51 mm",
            "seat_angle_high": "74°",
            "seat_angle_high_L": "74°",
            "head_tube_length_high": "125 mm",
            "head_tube_length_high_L": "132 mm",
            "head_tube_angle_high": "67.5°",
            "head_tube_angle_high_L": "68.5°",
            "top_tube_horizontal_high": "614 mm",
            "top_tube_horizontal_high_L": "631 mm",
            "chain_stay_length_high": "465 mm",
            "chain_stay_length_high_L": "465 mm",
            "bottom_bracket_drop_high": "65 mm",
            "bottom_bracket_drop_high_L": "65 mm",
            "wheelbase_high": "1206",
            "wheelbase_high_L": "1218",
            "stack_high": "652 mm",
            "stack_high_L": "661 mm",
            "reach_high": "448 mm",
            "reach_high_L": "463 mm",
            "standover_height_high": "",
            "standover_height_high_L": "",
            "seat_height_min_high": "",
            "seat_height_min_high_L": "",
            "seat_height_max_high": "",
            "seat_height_max_high_L": ""
          }
        }
      },
      "block_order": ["mountain_tpqYVg"],
      "settings": {
        "background_image": "shopify://shop_images/hepha_frame_size_hepha_frame_size_mountain7_desktop_54bdf7db-5040-4dce-8f95-99e513ad0cb5.png",
        "mobile_background_image": "shopify://shop_images/hepha_frame_size_hepha_frame_size_mountain7_mobile_722f5ba0-0e71-4c4c-b54f-851d697c3a2b.png"
      }
    },
    "173442611857857522": {
      "type": "apps",
      "blocks": {
        "loox_reviews_loox_dynamic_section_p3bDHL": {
          "type": "shopify://apps/loox-reviews/blocks/loox-dynamic-section/5c3b337f-fd14-4df5-b1d6-80ec13e6e28e",
          "settings": {
            "only_photos": false,
            "aggregated": false,
            "limit": 20,
            "hide_thumbnails": false,
            "maxwidth": 1080,
            "is_sample": true
          }
        }
      },
      "block_order": ["loox_reviews_loox_dynamic_section_p3bDHL"],
      "settings": {
        "full_width": false,
        "show_space": true,
        "title": "",
        "title_de": "",
        "title_fr": ""
      }
    },
    "custom_product_tab_test_m9aDPj": {
      "type": "custom-product-tab-test",
      "settings": {
        "title": "Related Products",
        "title_de": "Ähnliche Modelle",
        "title_fr": "Modèles associés",
        "title_fi": "Liittyvät tuotteet",
        "image": "shopify://shop_images/HEPHA-Trekking7_01_grey_7ff138ad-9f41-4981-b752-1bd80fee72c0.jpg",
        "background_color": "#ffffff",
        "background_position": "center center",
        "background_size": "cover",
        "background_align_items": "flex-start",
        "background_padding_top": 20,
        "background_padding_right": 20,
        "background_padding_bottom": 20,
        "background_padding_left": 20,
        "ad_link": "shopify://collections/hepha-ebikes",
        "ad_button_color": "#000000",
        "ad_button_text_color": "#ffffff",
        "title_1": "<p>Not sure which E-Bike is right for you? Discover and compare our full range of E-Bikes to find the perfect model for your adventures.</p>",
        "title_1_de": "<p>Nicht sicher, welches E-Bike das richtige für Sie ist? Entdecken und vergleichen Sie unser gesamtes Sortiment an E-Bikes, um das perfekte Modell für Ihre Abenteuer zu finden.</p>",
        "title_1_fr": "<p>Vous n’êtes pas sûr de quel vélo électrique est fait pour vous ? Découvrez et comparez notre gamme complète de vélos électriques pour trouver le modèle parfait pour vos aventures.</p>",
        "heading_color_1": "#ffffff",
        "heading_size_1": 18,
        "button_label": "Explore all E-Bikes!",
        "button_label_de": "Entdecke alle E-Bikes!",
        "button_label_fr": "Découvrez tous modèles !",
        "product_source_trekking7ltd": "collection",
        "trekking7ltd_collection": "trekking-7-my23",
        "trekking7ltd_products": [],
        "product_source_trekking7": "collection",
        "trekking7_collection": "new-bike-2024",
        "trekking7_products": [],
        "product_source_mountain7": "collection",
        "mountain7_collection": "mountain-7-2024",
        "mountain7_products": [],
        "product_source_mountain7carbon": "collection",
        "mountain7carbon_collection": "mountain-7-carbon",
        "mountain7carbon_products": [],
        "product_source_city7": "collection",
        "city7_collection": "city-e-bike",
        "city7_products": [],
        "show_description": true,
        "title_fi": "Tutustu lisää HEPHA E-Bike-malleihin",
        "title_1_fi": "<p>Etkö ole varma, mikä sähköpyörämalli sopii sinulle? Tutustu ja vertaa koko valikoimaamme löytääksesi täydellisen pyörän omaan käyttötarkoitukseesi.</p>",
        "button_label_fi": "Tutki koko mallistoa!"
      }
    },
    "custom_stickybar_b9zk6H": { "type": "custom-stickybar", "settings": {} },
    "custom_recommend_product_modal_7nNzfM": {
      "type": "custom_recommend_product_modal",
      "disabled": true,
      "settings": {}
    }
  },
  "order": [
    "main",
    "custom_carousel_image_FiLngH",
    "custom_textarea_NV64QN",
    "custom_two_colum_banner_giBJKD",
    "highlight_slideshow_wd7rDD",
    "custom_specification_DXgxaL",
    "custom_frame_geometry_jXUWB7",
    "173442611857857522",
    "custom_product_tab_test_m9aDPj",
    "custom_stickybar_b9zk6H",
    "custom_recommend_product_modal_7nNzfM"
  ]
}
