{
  "sections": {
    "main": {
      "type": "main-product",
      "blocks": {
        "title": { "type": "title", "settings": {} },
        "loox_reviews_loox_rating_4LcXpt": {
          "type": "shopify://apps/loox-reviews/blocks/loox-rating/5c3b337f-fd14-4df5-b1d6-80ec13e6e28e",
          "settings": {
            "contentSize": 16,
            "pattern": "",
            "hideText": false,
            "alignment": "",
            "layout": "",
            "textColor": "",
            "starColor": "",
            "showAllReviews": false,
            "looxOpenFloatingWidget": false,
            "emptyRatingWidget": false
          }
        },
        "price": {
          "type": "price",
          "settings": {
            "show_tax_and_shipping": false,
            "enable_product_reviews_by_price": true
          }
        },
        "description_JNVXj3": {
          "type": "description",
          "settings": {
            "show_in_tab": false,
            "open_tab": false,
            "icon": "",
            "show_in_quickbuy": false
          }
        },
        "specification_simple_KR3q47": {
          "type": "specification_simple",
          "settings": {}
        },
        "payever_widget_finexp_TUdUtz": {
          "type": "payever-widget-finexp",
          "settings": {}
        },
        "variant_picker_BNiCD8": {
          "type": "variant-picker",
          "settings": {
            "show_single": false,
            "selector_style": "listed",
            "dynamic_availability": "show",
            "enable_size_chart": false,
            "size_chart_label": "",
            "size_chart_variant": "",
            "size_chart_page": ""
          }
        },
        "variant_description_app_metafield_9LbpaA": {
          "type": "shopify://apps/variant-description/blocks/app-metafield/dee11698-5b0b-4a0f-9562-ea29cbe9c77e",
          "settings": {
            "namespace": "custom",
            "key": "size",
            "show_product_description": false,
            "fallback_richtext": "",
            "fallback_liquid": "",
            "product_description_selector": "",
            "custom_liquid": ""
          }
        },
        "pop_up_AAc34B": {
          "type": "pop-up",
          "settings": {
            "text": "Which frame size fit me?",
            "text_de": "Welche Rahmengröße passt zu mir?",
            "text_fr": "Quelle taille de cadre me convient ?",
            "style": "link",
            "page": "trekking2024-sizechart",
            "show_in_quickbuy": false
          }
        },
        "selleasy_lb_upsell_addon_block_dWnQBC": {
          "type": "shopify://apps/selleasy/blocks/lb-upsell-addon-block/790c1a03-a71f-4bc1-9869-00dad526d3c2",
          "settings": {}
        },
        "buy_buttons_ieLink": {
          "type": "buy-buttons",
          "settings": {
            "show_quantity_selector": false,
            "enable_payment_button": true,
            "show_backorder_text": false,
            "show_pickup_availability": false,
            "show_gift_card_recipient": false
          }
        },
        "sharing_Hmw8qb": {
          "type": "sharing",
          "settings": {
            "show_twitter": true,
            "show_facebook": true,
            "show_pinterest": true,
            "show_linkedin": true,
            "show_whatsapp": true,
            "show_snapchat": true,
            "show_threads": true,
            "show_tumblr": true,
            "show_twitch": true
          }
        },
        "leasingbike_LNR9yY": {
          "type": "leasingbike",
          "settings": {
            "jobrad_url": "shopify://pages/jobrad",
            "bikeleasing_url": "shopify://pages/save-with-bikeleasing",
            "deutsche_url": "shopify://pages/deutsche-dienstrad",
            "businessbike_url": "shopify://pages/business-bike"
          }
        }
      },
      "block_order": [
        "title",
        "loox_reviews_loox_rating_4LcXpt",
        "price",
        "description_JNVXj3",
        "specification_simple_KR3q47",
        "payever_widget_finexp_TUdUtz",
        "variant_picker_BNiCD8",
        "variant_description_app_metafield_9LbpaA",
        "pop_up_AAc34B",
        "selleasy_lb_upsell_addon_block_dWnQBC",
        "buy_buttons_ieLink",
        "sharing_Hmw8qb",
        "leasingbike_LNR9yY"
      ],
      "custom_css": [],
      "settings": {
        "show_breadcrumbs": false,
        "select_first_variant": true,
        "show_location_underneath": false,
        "inventory_transfers_enable": false,
        "enable_sticky_columns": true,
        "enable_sticky_atc": true,
        "sticky_atc_position": "end",
        "sticky_atc_mobile": true,
        "sticky_atc_behavior": "add_to_cart",
        "sticky_atc_button_style": "secondary",
        "gallery_size": "large",
        "gallery_layout": "carousel-under",
        "enable_zoom": false,
        "show_alt_text": false,
        "alt_text_icon": "",
        "enable_video_autoplay": false,
        "enable_video_looping": false,
        "enable_media_grouping": true,
        "media_grouping_option": "Choose from the following colors,Wählen Sie aus den folgenden Rahmenfarben, Choisissez parmi les couleurs suivantes"
      }
    },
    "custom_carousel_image_FiLngH": {
      "type": "custom-carousel-image",
      "blocks": {
        "customslide_CBC7Kr": {
          "type": "customslide",
          "settings": {
            "image": "shopify://shop_images/Group_397_01e82843-32ed-4359-b02b-a54040f92a54.jpg"
          }
        },
        "customslide_heWx9W": {
          "type": "customslide",
          "settings": {
            "image": "shopify://shop_images/Group_398_836110b6-3e52-4b4a-bff1-927185197123.jpg"
          }
        },
        "customslide_DCJR4c": {
          "type": "customslide",
          "settings": {
            "image": "shopify://shop_images/Group_395_71df1473-2dd0-41e2-b8a2-d5ae1a8efb87.jpg"
          }
        },
        "customslide_H7LtNi": {
          "type": "customslide",
          "settings": {
            "image": "shopify://shop_images/Group_399_46aab17e-15e8-401c-b394-389a3292734d.jpg"
          }
        },
        "customslide_4BT34g": {
          "type": "customslide",
          "settings": {
            "image": "shopify://shop_images/Group_400_6b9c787e-384e-4769-8356-34a460aabec7.jpg"
          }
        },
        "customslide_wMKxH7": {
          "type": "customslide",
          "settings": {
            "image": "shopify://shop_images/Group_401_c1b4b8d1-01ec-49e2-b43e-59fcedc87a0c.jpg"
          }
        }
      },
      "block_order": [
        "customslide_CBC7Kr",
        "customslide_heWx9W",
        "customslide_DCJR4c",
        "customslide_H7LtNi",
        "customslide_4BT34g",
        "customslide_wMKxH7"
      ],
      "settings": {}
    },
    "custom_textarea_NV64QN": {
      "type": "custom_textarea",
      "blocks": {
        "list_item_ndLqVt": {
          "type": "list_item",
          "settings": {
            "item_text": "Premium frame with extra comfortable access & seamless transitions",
            "item_text_de": "Premium-Rahmen mit extra komfortablem Einstieg & nahtlosen Übergängen",
            "item_text_fr": "Cadre haut de gamme avec accès extra confortable et transitions fluides"
          }
        },
        "list_item_Pbec7D": {
          "type": "list_item",
          "settings": {
            "item_text": "Ultra-powerful 100 Nm motor",
            "item_text_de": "Ultrastarker 100 Nm Motor",
            "item_text_fr": "Moteur ultra puissant de 100 Nm"
          }
        },
        "list_item_PmjQ4P": {
          "type": "list_item",
          "settings": {
            "item_text": "Battery with 708 Wh capacity",
            "item_text_de": "Akku mit 708 Wh Kapazität",
            "item_text_fr": "Batterie d'une capacité de 708 Wh"
          }
        },
        "list_item_3pDib8": {
          "type": "list_item",
          "settings": {
            "item_text": "6 A fast charger",
            "item_text_de": "6 A Schnellladegerät",
            "item_text_fr": "Chargeur rapide 6 A"
          }
        },
        "list_item_PzaNin": {
          "type": "list_item",
          "settings": {
            "item_text": "10-speed Shimano Cues gears",
            "item_text_de": "10-Gang Shimano CUES Schaltung",
            "item_text_fr": "Transmission Shimano CUES à 10 vitesses"
          }
        },
        "list_item_aNJUHz": {
          "type": "list_item",
          "settings": {
            "item_text": "MIK HD luggage rack, also suitable for child seats!",
            "item_text_de": "MIK HD Gepäckträger, auch für Kindersitze geeignet!",
            "item_text_fr": "Porte-bagages MIK HD, également adapté aux sièges enfants !"
          }
        }
      },
      "block_order": [
        "list_item_ndLqVt",
        "list_item_Pbec7D",
        "list_item_PmjQ4P",
        "list_item_3pDib8",
        "list_item_PzaNin",
        "list_item_aNJUHz"
      ],
      "settings": {
        "section_title": "Comfort & power for your everyday.",
        "section_title_de": "Komfort und Kraft für Ihren Alltag.",
        "section_title_fr": "Confort et puissance pour votre quotidien.",
        "text_description": "Experience the ultimate fusion of power and comfort with the HEPHA Trekking 7 Ultra and its step-through frame. This e-bike is probably one of the best performing step-through bikes on the market. Despite its power, it is perfectly controllable and yet always offers sufficient power reserves in the rear, no matter what.",
        "text_description_de": "Erleben Sie die ultimative Kombination aus Kraft und Komfort mit dem HEPHA Trekking 7 Ultra und seinem Tiefeinsteigerrahmen. Dieses E-Bike ist wahrscheinlich eines der leistungsstärksten Tiefeinsteigerräder auf dem Markt. Trotz seiner Kraft ist es perfekt kontrollierbar und bietet dennoch immer genügend Kraftreserven im Heck, egal was passiert.",
        "text_description_fr": "Découvrez la fusion ultime de puissance et de confort avec le HEPHA Trekking 7 Ultra et son cadre ouvert. Ce vélo électrique est probablement l'un des vélos ouverts les plus performants du marché. Malgré sa puissance, il est parfaitement contrôlable et offre pourtant toujours des réserves de puissance suffisantes à l'arrière, quoi qu'il arrive.",
        "title_font_size": 50,
        "text_font_size": 18,
        "show_item_list": true,
        "layout": "title_above",
        "item_font_size": 16,
        "custom_icon": "checkmark"
      }
    },
    "custom_two_colum_banner_giBJKD": {
      "type": "custom-two-colum-banner",
      "blocks": {
        "slide_NLVjLr": {
          "type": "slide",
          "settings": {
            "background_color": "#739fb2",
            "background_size": "cover",
            "background_position": "center",
            "background_align_items": "center",
            "background_padding_top": 0,
            "background_padding_left": 0,
            "background_padding_right": 0,
            "background_padding_bottom": 0,
            "title_1": "<p>Award-winning<br/>design & performance.</p>",
            "title_1_de": "<p>Mehrfach ausgezeichnet.</p>",
            "title_1_fr": "<p>Plusieurs fois récompensé.</p>",
            "heading_color_1": "#ffffff",
            "heading_size_1": 50,
            "subheading_1": "<p>Our aim is to make design, quality and performance accessible to all. We are therefore all the more pleased that this ambition has been recognized with numerous awards!</p>",
            "subheading_1_de": "<p>Unser Anspruch ist es, Design, Qualität und Leistung für alle zugänglich zu machen. Umso mehr freuen wir uns, dass dieser Anspruch mit zahlreichen Auszeichnungen gewürdigt wurde!</p>",
            "subheading_1_fr": "<p>Notre objectif est de rendre le design, la qualité et la performance accessibles à tous. Nous sommes donc d’autant plus heureux que cette ambition ait été récompensée par de nombreuses récompenses !</p>",
            "subheading_color_1": "#ffffff",
            "subheading_size_1": 18,
            "subheading_image_1": "shopify://shop_images/Frame_214.png",
            "subheading_image_1_link": "",
            "subheading_image_1_width": 400,
            "subheading_image_1b_link": "",
            "title_2": "",
            "title_2_de": "",
            "title_2_fr": "",
            "heading_color_2": "#000000",
            "heading_size_2": 24,
            "subheading_2": "",
            "subheading_2_de": "",
            "subheading_2_fr": "",
            "subheading_color_2": "#000000",
            "subheading_size_2": 16,
            "subheading_image_2_link": "",
            "collection": "",
            "button_label": "",
            "button_label_de": "",
            "button_label_fr": "",
            "link": "",
            "button_color": "#007bff",
            "button2_label": "",
            "button2_label_de": "",
            "button2_label_fr": "",
            "link2": "",
            "button2_color": "#007bff",
            "button_text_color": "#ffffff",
            "column_1title": "",
            "column_1title_de": "",
            "column_1title_fr": "",
            "column_1description": "",
            "column_1description_de": "",
            "column_1description_fr": "",
            "column_2title": "",
            "column_2title_de": "",
            "column_2title_fr": "",
            "column_2description": "",
            "column_2description_de": "",
            "column_2description_fr": "",
            "column_3title": "",
            "column_3title_de": "",
            "column_3title_fr": "",
            "column_3description": "",
            "column_3description_de": "",
            "column_3description_fr": "",
            "column_4title": "",
            "column_4title_de": "",
            "column_4title_fr": "",
            "column_4description": "",
            "column_4description_de": "",
            "column_4description_fr": ""
          }
        },
        "slide_YiV7jU": {
          "type": "slide",
          "settings": {
            "image": "shopify://shop_images/Frame_21_2ad89ee8-f150-41c7-a63e-069a92c5b6f8.jpg",
            "background_color": "#ffffff",
            "background_size": "cover",
            "background_position": "center",
            "background_align_items": "center",
            "background_padding_top": 0,
            "background_padding_left": 0,
            "background_padding_right": 0,
            "background_padding_bottom": 0,
            "title_1": "",
            "title_1_de": "",
            "title_1_fr": "",
            "heading_color_1": "#000000",
            "heading_size_1": 24,
            "subheading_1": "",
            "subheading_1_de": "",
            "subheading_1_fr": "",
            "subheading_color_1": "#000000",
            "subheading_size_1": 16,
            "subheading_image_1_link": "",
            "subheading_image_1b_link": "",
            "title_2": "",
            "title_2_de": "",
            "title_2_fr": "",
            "heading_color_2": "#000000",
            "heading_size_2": 24,
            "subheading_2": "",
            "subheading_2_de": "",
            "subheading_2_fr": "",
            "subheading_color_2": "#000000",
            "subheading_size_2": 16,
            "subheading_image_2_link": "",
            "collection": "",
            "button_label": "",
            "button_label_de": "",
            "button_label_fr": "",
            "link": "",
            "button_color": "#007bff",
            "button2_label": "",
            "button2_label_de": "",
            "button2_label_fr": "",
            "link2": "",
            "button2_color": "#007bff",
            "button_text_color": "#ffffff",
            "column_1title": "",
            "column_1title_de": "",
            "column_1title_fr": "",
            "column_1description": "",
            "column_1description_de": "",
            "column_1description_fr": "",
            "column_2title": "",
            "column_2title_de": "",
            "column_2title_fr": "",
            "column_2description": "",
            "column_2description_de": "",
            "column_2description_fr": "",
            "column_3title": "",
            "column_3title_de": "",
            "column_3title_fr": "",
            "column_3description": "",
            "column_3description_de": "",
            "column_3description_fr": "",
            "column_4title": "",
            "column_4title_de": "",
            "column_4title_fr": "",
            "column_4description": "",
            "column_4description_de": "",
            "column_4description_fr": ""
          }
        }
      },
      "block_order": ["slide_NLVjLr", "slide_YiV7jU"],
      "settings": {
        "section_id": "",
        "mobile_font_size_heading": 40,
        "mobile_line_height_heading": 42,
        "mobile_font_size_text": 20,
        "mobile_line_height_text": 24,
        "mobile_slide_padding_top": 30
      }
    },
    "highlight_slideshow_wd7rDD": {
      "type": "highlight_slideshow",
      "blocks": {
        "customslide_GCDzxU": {
          "type": "customslide",
          "settings": {
            "image": "shopify://shop_images/Frame_369_93d9a606-7280-43b2-b9d0-2c9ebdc97644.jpg",
            "title": "100 Nm motor",
            "title_de": "100 Nm motor",
            "title_fr": "Moteur de 100 Nm",
            "description": "The particularly powerful 100 Nm HEPHA P101C motor is one of the most powerful and efficient on the market!",
            "description_de": "Der besonders kraftvolle 100 Nm HEPHA P101C Motor ist einer der leistungsstärksten und effizientesten auf dem Markt!",
            "description_fr": "Le moteur HEPHA P101C particulièrement puissant de 100 Nm est l'un des plus puissants et des plus performants du marché !",
            "description_richtext": "",
            "description_richtext_de": "",
            "description_richtext_fr": ""
          }
        },
        "customslide_e4tEdG": {
          "type": "customslide",
          "settings": {
            "image": "shopify://shop_images/Frame_372_36e983ba-8fb1-44b8-baaa-31654884bfef.jpg",
            "title": "708 Wh battery",
            "title_de": "708 Wh Akku",
            "title_fr": "Batterie de 708 Wh",
            "description": "The battery is perfectly integrated into the frame and offers 708 Wh capacity with state-of-the-art cell technology. It can be removed or charged on the bike.",
            "description_de": "La batterie est parfaitement intégrée au cadre et offre une capacité de 708 Wh avec une technologie de cellules de pointe. Elle peut être retirée ou chargée sur le vélo.",
            "description_fr": "La batterie est parfaitement intégrée au cadre et offre une capacité de 708 Wh avec une technologie de cellules de pointe. Elle peut être retirée ou chargée sur le vélo.",
            "description_richtext": "",
            "description_richtext_de": "",
            "description_richtext_fr": ""
          }
        },
        "customslide_nQ68DA": {
          "type": "customslide",
          "settings": {
            "image": "shopify://shop_images/Frame_409.jpg",
            "title": "Premium Seamless alloy frame",
            "title_de": "Hochwertiger nahtloser legierungsrahmen",
            "title_fr": "Cadre en alliage sans soudure de qualité supérieure",
            "description": "A particular highlight is the premium aluminum frame, which looks as if it is made from a single piece thanks to its elaborately machined weld seams.",
            "description_de": "Ein besonderes Highlight ist der Premium-Aluminiumrahmen, der dank seiner aufwändig bearbeiteten Schweißnähte aussieht, als wäre er aus einem einzigen Stück gefertigt.",
            "description_fr": "Le cadre en aluminium haut de gamme, qui semble fabriqué d'une seule pièce grâce à ses soudures minutieusement usinées, constitue un point fort particulier.",
            "description_richtext": "",
            "description_richtext_de": "",
            "description_richtext_fr": ""
          }
        },
        "customslide_jHRL7H": {
          "type": "customslide",
          "settings": {
            "image": "shopify://shop_images/Frame_377_77b0c983-39ff-4d1c-9972-46079a9e94e1.jpg",
            "title": "6 A fast charger",
            "title_de": "6 A schnellladegerät",
            "title_fr": "Chargeur rapide 6 A",
            "description": "Quickly mobile again - no problem with our standard HEPHA quick charger. With its 6 A, it charges almost 1.5 times faster than conventional chargers. It can be used both on the road and as a detachable wallbox at home!",
            "description_de": "Schnell wieder mobil - mit unserem serienmäßigen HEPHA Schnellladegerät kein Problem. Es lädt fast 1,5 mal schneller als herkömmliche Ladegeräte. Es ist sowohl mobil auf der Tour als auch als abnehmbare Wallbox zuhause einsetzbar!",
            "description_fr": "De nouveau rapidement mobile – aucun problème avec notre chargeur rapide HEPHA standard. Avec ses 6 A, il charge presque 1,5 fois plus vite que les chargeurs classiques. Il peut être utilisé aussi bien en déplacement que comme boîtier mural amovible à la maison !",
            "description_richtext": "",
            "description_richtext_de": "",
            "description_richtext_fr": ""
          }
        },
        "customslide_jC4XnW": {
          "type": "customslide",
          "settings": {
            "image": "shopify://shop_images/Frame_376_7d0e53ac-2bed-4502-822d-5d7c3d9686bd.jpg",
            "title": "3.5\" display",
            "title_de": "3.5\" display",
            "title_fr": "Écran 3,5\"",
            "description": "The extra-large 3.5\" display is clearly visible and centered in the driver's field of vision. Thanks to the high-quality IPS technology, it is very easy to read even in bright light.",
            "description_de": "Das extragroße 3,5\"-Display liegt gut sichtbar und zentriert im Blickfeld des Fahrers. Dank hochwertiger IPS-Technologie ist es auch bei hellem Licht sehr gut lesbar.",
            "description_fr": "L'écran extra-large de 3,5 pouces est clairement visible et centré dans le champ de vision du conducteur. Grâce à la technologie IPS de haute qualité, il est très facile à lire même en pleine lumière.",
            "description_richtext": "",
            "description_richtext_de": "",
            "description_richtext_fr": ""
          }
        },
        "customslide_VCVhWi": {
          "type": "customslide",
          "settings": {
            "image": "shopify://shop_images/Frame_373_465529dc-8a77-4e97-bf68-a5b00643c0a6.jpg",
            "title": "Special e-bike suspension fork",
            "title_de": "Spezielle E-Bike federgabel",
            "title_fr": "Fourche à suspension spéciale pour vélo électrique",
            "description": "The Suntour NEX-25 with its 63 mm suspension travel provides additional comfort, dampens vibrations and compensates for bumps.",
            "description_de": "Die Suntour NEX-25 mit ihren 63 mm Federweg sorgt für zusätzlichen Komfort, dämpft Vibrationen und gleicht Unebenheiten aus..",
            "description_fr": "Le Suntour NEX-25 avec son débattement de suspension de 63 mm offre un confort supplémentaire, amortit les vibrations et compense les bosses.",
            "description_richtext": "",
            "description_richtext_de": "",
            "description_richtext_fr": ""
          }
        },
        "customslide_wdbYqw": {
          "type": "customslide",
          "settings": {
            "image": "shopify://shop_images/Frame_378_b1dc01a7-75b7-4b83-8d7d-49ad340277b7.jpg",
            "title": "10-speed gearshift",
            "title_de": "10-Gang schaltung",
            "title_fr": "Boîte de vitesses à 10 vitesses",
            "description": "With the reliable Shimano Cues gears and its 10 gears, every tour or mountain loses its terror.",
            "description_de": "Mit der zuverlässigen Shimano Cues-Schaltung und seinen 10-Gängen verliert jede Tour oder Berg den Schrecken..",
            "description_fr": "Avec le système fiable de transmission Shimano Cues et ses 10 vitesses, chaque randonnée ou montagne perd sa terreur.",
            "description_richtext": "",
            "description_richtext_de": "",
            "description_richtext_fr": ""
          }
        },
        "customslide_NRQBUA": {
          "type": "customslide",
          "settings": {
            "image": "shopify://shop_images/Frame_369.jpg",
            "title": "Hydraulic disc brakes",
            "title_de": "Hydraulische scheibenbremsen",
            "title_fr": "Freins à disque hydrauliques",
            "description": "The two hydraulic disc brakes with 180 mm brake discs at the front bring you safely to a halt at all times.",
            "description_de": "Die beiden hydraulischen Scheibenbremsen mit 180mm Bremsscheibe vorne bringen Sie jederzeit sicher zum Stehen..",
            "description_fr": "Les deux freins à disque hydrauliques avec disques de frein de 180 mm à l'avant vous permettent de vous arrêter en toute sécurité à tout moment.",
            "description_richtext": "",
            "description_richtext_de": "",
            "description_richtext_fr": ""
          }
        },
        "customslide_E8AmnA": {
          "type": "customslide",
          "settings": {
            "image": "shopify://shop_images/Frame_381.jpg",
            "title": "Multifunctional luggage carrier",
            "title_de": "Multifunktionaler gepäckträger",
            "title_fr": "Porte-bagages multifonctionnel",
            "description": "The robust pannier rack always has a solution at hand: whether for panniers on the side or for quickly clicking in baskets thanks to the universal MIK HD interface.",
            "description_de": "Der robuste Gepäckträger hat immer eine Lösung parat: ob für seitlichen Packtaschen oder für das schnelle Einklicken von Körben dank der universellen MIK HD Schnittstelle..",
            "description_fr": "Le porte-bagages robuste a toujours une solution à portée de main : que ce soit pour les sacoches latérales ou pour cliquer rapidement dans les paniers grâce à l'interface universelle MIK HD.",
            "description_richtext": "",
            "description_richtext_de": "",
            "description_richtext_fr": ""
          }
        },
        "customslide_EGmiPA": {
          "type": "customslide",
          "settings": {
            "image": "shopify://shop_images/Frame_374.png",
            "title": "Automatic light sensor",
            "title_de": "Automatischer lichtsensor",
            "title_fr": "Capteur de lumière automatique",
            "description": "The light on your Trekking 7 is controlled fully automatically by a light sensor. This is particularly practical in suddenly changing light conditions, such as tunnels!",
            "description_de": "Das Licht an Ihrem Trekking 7 wird vollautomatisch durch einen Lichtsensor gesteuert. Besonders praktisch bei plötzlich wechselnden Lichtverhältnissen, wie Tunneln!.",
            "description_fr": "L'éclairage de votre Trekking 7 est contrôlé de manière entièrement automatique par un capteur de lumière. Cela est particulièrement pratique en cas de changement soudain de la luminosité, comme dans les tunnels !",
            "description_richtext": "",
            "description_richtext_de": "",
            "description_richtext_fr": ""
          }
        },
        "customslide_cTjT9b": {
          "type": "customslide",
          "settings": {
            "image": "shopify://shop_images/app_432ee281-bc29-43b1-9f76-b357a74d18a6.png",
            "title": "Smart APP",
            "title_de": "Smarte APP",
            "title_fr": "Application intelligente",
            "description": "With the HEPHA APP, you can unlock the full potential of your e-bike: record rides, configure your e-bike, update your system or get help with questions.",
            "description_de": "Mit der HEPHA APP setzen Sie das volle Potenzial Ihres E-Bikes frei: Zeichnen Sie Fahrten auf, konfigurieren Sie Ihr E-Bike, updaten Sie Ihr System oder erhalten Sie Hilfe bei Fragen..",
            "description_fr": "Avec l'application HEPHA, vous pouvez exploiter tout le potentiel de votre vélo électrique : enregistrer des trajets, configurer votre vélo électrique, mettre à jour votre système ou obtenir de l'aide en cas de questions.",
            "description_richtext": "",
            "description_richtext_de": "",
            "description_richtext_fr": ""
          }
        }
      },
      "block_order": [
        "customslide_GCDzxU",
        "customslide_e4tEdG",
        "customslide_nQ68DA",
        "customslide_jHRL7H",
        "customslide_jC4XnW",
        "customslide_VCVhWi",
        "customslide_wdbYqw",
        "customslide_NRQBUA",
        "customslide_E8AmnA",
        "customslide_EGmiPA",
        "customslide_cTjT9b"
      ],
      "settings": {}
    },
    "custom_specification_DXgxaL": {
      "type": "custom_specification",
      "settings": {}
    },
    "custom_frame_geometry_jXUWB7": {
      "type": "custom_frame_geometry",
      "blocks": {
        "step_through_VrJLXT": {
          "type": "step_through",
          "settings": {
            "step_through_image": "shopify://shop_images/hepha_trekking7_geo_step.png",
            "frame_height_low": "460 mm",
            "frame_height_low_L": "490 mm",
            "seat_tube_angle_low": "74°",
            "seat_tube_angle_low_L": "74°",
            "fork_offset_low": "43 mm",
            "fork_offset_low_L": "43 mm",
            "seat_angle_low": "74°",
            "seat_angle_low_L": "74°",
            "head_tube_length_low": "160 mm",
            "head_tube_length_low_L": "170 mm",
            "head_tube_angle_low": "68.5°",
            "head_tube_angle_low_L": "68.5°",
            "top_tube_horizontal_low": "591 mm",
            "top_tube_horizontal_low_L": "629 mm",
            "chain_stay_length_low": "484 mm",
            "chain_stay_length_low_L": "484 mm",
            "bottom_bracket_drop_low": "60 mm",
            "bottom_bracket_drop_low_L": "60 mm",
            "wheelbase_low": "1162 mm",
            "wheelbase_low_L": "1201 mm",
            "stack_low": "637 mm",
            "stack_low_L": "647 mm",
            "reach_low": "408 mm",
            "reach_low_L": "443 mm",
            "standover_height_low": "",
            "standover_height_low_L": "",
            "seat_height_min_low": "",
            "seat_height_min_low_L": "",
            "seat_height_max_low": "",
            "seat_height_max_low_L": ""
          }
        },
        "low_step_4hEKaJ": {
          "type": "low_step",
          "settings": {
            "low_step_image": "shopify://shop_images/hepha_trekking7_geo_step.png",
            "frame_height_low": "460 mm",
            "frame_height_low_L": "490 mm",
            "seat_tube_angle_low": "74°",
            "seat_tube_angle_low_L": "74°",
            "fork_offset_low": "43 mm",
            "fork_offset_low_L": "43 mm",
            "seat_angle_low": "74°",
            "seat_angle_low_L": "74°",
            "head_tube_length_low": "160 mm",
            "head_tube_length_low_L": "170 mm",
            "head_tube_angle_low": "68.5°",
            "head_tube_angle_low_L": "68.5°",
            "top_tube_horizontal_low": "591 mm",
            "top_tube_horizontal_low_L": "629 mm",
            "chain_stay_length_low": "484 mm",
            "chain_stay_length_low_L": "484 mm",
            "bottom_bracket_drop_low": "60 mm",
            "bottom_bracket_drop_low_L": "60 mm",
            "wheelbase_low": "1162 mm",
            "wheelbase_low_L": "1201 mm",
            "stack_low": "637 mm",
            "stack_low_L": "647 mm",
            "reach_low": "408 mm",
            "reach_low_L": "443 mm",
            "standover_height_low": "",
            "standover_height_low_L": "",
            "seat_height_min_low": "",
            "seat_height_min_low_L": "",
            "seat_height_max_low": "",
            "seat_height_max_low_L": ""
          }
        },
        "high_step_jURfW3": {
          "type": "high_step",
          "settings": {
            "high_step_image": "shopify://shop_images/hepha_trekking7_geo_high_a9b808f5-49d7-44e6-8a68-d344e2f64fa8.png",
            "frame_height_high": "490 mm",
            "frame_height_high_L": "520 mm",
            "seat_tube_angle_high": "74°",
            "seat_tube_angle_high_L": "74°",
            "fork_offset_high": "43 mm",
            "fork_offset_high_L": "43 mm",
            "seat_angle_high": "74°",
            "seat_angle_high_L": "74°",
            "head_tube_length_high": "170 mm",
            "head_tube_length_high_L": "170 mm",
            "head_tube_angle_high": "68.5°",
            "head_tube_angle_high_L": "68.5°",
            "top_tube_horizontal_high": "629 mm",
            "top_tube_horizontal_high_L": "629 mm",
            "chain_stay_length_high": "484 mm",
            "chain_stay_length_high_L": "484 mm",
            "bottom_bracket_drop_high": "60 mm",
            "bottom_bracket_drop_high_L": "60 mm",
            "wheelbase_high": "1.201 mm",
            "wheelbase_high_L": "1201",
            "stack_high": "647 mm",
            "stack_high_L": "647 mm",
            "reach_high": "443 mm",
            "reach_high_L": "443 mm",
            "standover_height_high": "",
            "standover_height_high_L": "",
            "seat_height_min_high": "",
            "seat_height_min_high_L": "",
            "seat_height_max_high": "",
            "seat_height_max_high_L": ""
          }
        }
      },
      "block_order": [
        "step_through_VrJLXT",
        "low_step_4hEKaJ",
        "high_step_jURfW3"
      ],
      "settings": {
        "background_image": "shopify://shop_images/HEPHA_Website_SizeFinder_Graphic_MY24_1.png",
        "mobile_background_image": "shopify://shop_images/Group_1_8a560542-f422-4004-8ba1-727c55e3f01f.png"
      }
    },
    "173442611857857522": {
      "type": "apps",
      "blocks": {
        "loox_reviews_loox_dynamic_section_p3bDHL": {
          "type": "shopify://apps/loox-reviews/blocks/loox-dynamic-section/5c3b337f-fd14-4df5-b1d6-80ec13e6e28e",
          "settings": {
            "only_photos": false,
            "aggregated": false,
            "limit": 20,
            "hide_thumbnails": false,
            "maxwidth": 1080,
            "is_sample": true
          }
        }
      },
      "block_order": ["loox_reviews_loox_dynamic_section_p3bDHL"],
      "settings": { "full_width": false, "show_space": true }
    },
    "custom_product_tab_zdR387": {
      "type": "custom-product-tab",
      "settings": {
        "title": "Related Products",
        "title_de": "Ähnliche Modelle",
        "title_fr": "Modèles associés",
        "product_source_trekking7ltd": "collection",
        "trekking7ltd_collection": "trekking-7-my23",
        "trekking7ltd_products": [],
        "product_source_trekking7": "collection",
        "trekking7_collection": "new-bike-2024",
        "trekking7_products": [],
        "product_source_mountain7": "collection",
        "mountain7_collection": "mountain-7-2024",
        "mountain7_products": [],
        "product_source_mountain7carbon": "collection",
        "mountain7carbon_collection": "mountain-7-carbon",
        "mountain7carbon_products": [],
        "show_description": true
      }
    },
    "custom_stickybar_b9zk6H": { "type": "custom-stickybar", "settings": {} }
  },
  "order": [
    "main",
    "custom_carousel_image_FiLngH",
    "custom_textarea_NV64QN",
    "custom_two_colum_banner_giBJKD",
    "highlight_slideshow_wd7rDD",
    "custom_specification_DXgxaL",
    "custom_frame_geometry_jXUWB7",
    "173442611857857522",
    "custom_product_tab_zdR387",
    "custom_stickybar_b9zk6H"
  ]
}
