{
  "sections": {
    "main": {
      "type": "main-product",
      "blocks": {
        "title": { "type": "title", "settings": {} },
        "loox_reviews_loox_rating_rikqwX": {
          "type": "shopify://apps/loox-reviews/blocks/loox-rating/5c3b337f-fd14-4df5-b1d6-80ec13e6e28e",
          "settings": {
            "contentSize": 16,
            "pattern": "",
            "hideText": false,
            "alignment": "",
            "layout": "",
            "textColor": "",
            "starColor": "",
            "showAllReviews": false,
            "looxOpenFloatingWidget": false,
            "emptyRatingWidget": false
          }
        },
        "price": {
          "type": "price",
          "settings": {
            "show_tax_and_shipping": false,
            "enable_product_reviews_by_price": true
          }
        },
        "description_JNVXj3": {
          "type": "description",
          "settings": {
            "show_in_tab": false,
            "open_tab": false,
            "icon": "",
            "show_in_quickbuy": false
          }
        },
        "variant_picker_nqtjnY": {
          "type": "variant-picker",
          "settings": {
            "show_single": false,
            "selector_style": "listed",
            "dynamic_availability": "show",
            "enable_size_chart": false,
            "size_chart_label": "Size guide",
            "size_chart_variant": "Size",
            "size_chart_page": ""
          }
        },
        "buy_buttons_XCfCeB": {
          "type": "buy-buttons",
          "settings": {
            "show_quantity_selector": true,
            "enable_payment_button": true,
            "show_backorder_text": false,
            "show_pickup_availability": false,
            "show_gift_card_recipient": false,
            "enable_contact_notify": false,
            "contact_expert_content": "",
            "notify_me_content": ""
          }
        },
        "sharing_fkH7VM": {
          "type": "sharing",
          "settings": {
            "show_twitter": true,
            "show_facebook": true,
            "show_pinterest": true,
            "show_linkedin": true,
            "show_whatsapp": true,
            "show_snapchat": true,
            "show_threads": true,
            "show_tumblr": true,
            "show_twitch": true
          }
        },
        "avada_order_limits_app_block_mCfPbD": {
          "type": "shopify://apps/avada-order-limits/blocks/app-block/d3021427-4f7b-49c8-8963-29d1d52b8956",
          "settings": {}
        }
      },
      "block_order": [
        "title",
        "loox_reviews_loox_rating_rikqwX",
        "price",
        "description_JNVXj3",
        "variant_picker_nqtjnY",
        "buy_buttons_XCfCeB",
        "sharing_fkH7VM",
        "avada_order_limits_app_block_mCfPbD"
      ],
      "custom_css": [
        ".product-detail .gallery {height: 100%;}",
        ".product-detail .detail {padding: 50px 30px;}"
      ],
      "settings": {
        "show_breadcrumbs": false,
        "select_first_variant": true,
        "show_location_underneath": false,
        "inventory_transfers_enable": false,
        "enable_sticky_columns": true,
        "enable_sticky_atc": true,
        "sticky_atc_position": "end",
        "sticky_atc_mobile": true,
        "sticky_atc_behavior": "add_to_cart",
        "sticky_atc_button_style": "secondary",
        "gallery_size": "medium",
        "gallery_layout": "carousel-under",
        "enable_zoom": true,
        "show_alt_text": false,
        "alt_text_icon": "",
        "enable_video_autoplay": false,
        "enable_video_looping": false,
        "enable_media_grouping": false,
        "media_grouping_option": "Color,Colour,Couleur,Farbe"
      }
    },
    "custom_related_product_pbhYzr": {
      "type": "custom_related_product",
      "custom_css": [
        ".carousel-wrapper {position: relative; margin-bottom: 50px; margin-top: 50px;}"
      ],
      "settings": {}
    },
    "1744106958bdd5be3e": {
      "type": "apps",
      "blocks": {
        "loox_reviews_loox_dynamic_section_gXrfBi": {
          "type": "shopify://apps/loox-reviews/blocks/loox-dynamic-section/5c3b337f-fd14-4df5-b1d6-80ec13e6e28e",
          "settings": {
            "only_photos": false,
            "aggregated": false,
            "limit": 20,
            "hide_thumbnails": false,
            "maxwidth": 1080,
            "is_sample": true
          }
        }
      },
      "block_order": ["loox_reviews_loox_dynamic_section_gXrfBi"],
      "settings": {
        "full_width": false,
        "show_space": true,
        "title": "",
        "title_de": "",
        "title_fr": ""
      }
    }
  },
  "order": ["main", "custom_related_product_pbhYzr", "1744106958bdd5be3e"]
}
