{
  "sections": {
    "main": {
      "type": "main-product",
      "blocks": {
        "title": {
          "type": "title",
          "settings": {}
        },
        "loox_reviews_loox_rating_4LcXpt": {
          "type": "shopify://apps/loox-reviews/blocks/loox-rating/5c3b337f-fd14-4df5-b1d6-80ec13e6e28e",
          "settings": {
            "contentSize": 16,
            "pattern": "",
            "hideText": false,
            "alignment": "",
            "layout": "",
            "textColor": "",
            "starColor": "",
            "showAllReviews": false,
            "looxOpenFloatingWidget": false,
            "emptyRatingWidget": false
          }
        },
        "price": {
          "type": "price",
          "settings": {
            "show_tax_and_shipping": false,
            "enable_product_reviews_by_price": true
          }
        },
        "financinginfo_EPKHcm": {
          "type": "financinginfo",
          "settings": {}
        },
        "description_JNVXj3": {
          "type": "description",
          "settings": {
            "show_in_tab": false,
            "open_tab": false,
            "icon": "",
            "show_in_quickbuy": false
          }
        },
        "specification_simple_KR3q47": {
          "type": "specification_simple",
          "settings": {}
        },
        "variant_picker_BNiCD8": {
          "type": "variant-picker",
          "settings": {
            "show_single": false,
            "selector_style": "listed",
            "dynamic_availability": "show",
            "enable_size_chart": false,
            "size_chart_label": "",
            "size_chart_variant": "",
            "size_chart_page": ""
          }
        },
        "variant_description_app_metafield_9LbpaA": {
          "type": "shopify://apps/variant-description/blocks/app-metafield/dee11698-5b0b-4a0f-9562-ea29cbe9c77e",
          "settings": {
            "namespace": "custom",
            "key": "size",
            "show_product_description": false,
            "fallback_richtext": "",
            "fallback_liquid": "",
            "product_description_selector": "",
            "custom_liquid": ""
          }
        },
        "pop_up_AAc34B": {
          "type": "pop-up",
          "settings": {
            "text": "Which frame size fit me?",
            "text_de": "Welche Rahmengröße passt zu mir?",
            "text_fr": "Quelle taille de cadre me convient ?",
            "text_fi": "Millainen rungon koko sopii minulle?",
            "style": "link",
            "page": "trekking2024-sizechart",
            "show_in_quickbuy": false
          }
        },
        "selleasy_lb_upsell_addon_block_dWnQBC": {
          "type": "shopify://apps/selleasy/blocks/lb-upsell-addon-block/790c1a03-a71f-4bc1-9869-00dad526d3c2",
          "settings": {}
        },
        "usedbike_eaenLQ": {
          "type": "usedbike",
          "settings": {
            "text": "Save with Used - Like New",
            "text_de": "Sparen Sie mit gebrauchten Fahrrädern - Wie Neu",
            "text_fr": "Économisez avec des vélos d'occasion -  Comme Neuf",
            "currentprice": "From €1,599.00",
            "currentprice_de": "Ab 1.599,00 €",
            "currentprice_fr": "À partir de 1 599,00 €",
            "wasprice": "",
            "wasprice_de": "",
            "wasprice_fr": "",
            "url": "shopify://collections/used-bikes"
          }
        },
        "buy_buttons_ieLink": {
          "type": "buy-buttons",
          "settings": {
            "show_quantity_selector": false,
            "enable_payment_button": true,
            "show_backorder_text": false,
            "show_pickup_availability": false,
            "show_gift_card_recipient": false,
            "enable_contact_notify": false,
            "contact_expert_content": "",
            "notify_me_content": ""
          }
        },
        "pop_up_zVXKyw": {
          "type": "pop-up",
          "disabled": true,
          "settings": {
            "text": "Click & Collect at your local dealer",
            "text_de": "Click & Collect bei Ihrem lokalen Händler",
            "text_fr": "Click & Collect chez votre revendeur local",
            "text_fi": "Millainen rungon koko sopii minulle?",
            "style": "link",
            "page": "click-collect-at-your-local-dealer",
            "show_in_quickbuy": false
          }
        },
        "custom_liquid_wBiDyC": {
          "type": "custom-liquid",
          "settings": {
            "custom_liquid": "{% render 'custom-bidex-find-dealers' %}",
            "show_in_quickbuy": false
          }
        },
        "sharing_Hmw8qb": {
          "type": "sharing",
          "settings": {
            "show_twitter": true,
            "show_facebook": true,
            "show_pinterest": true,
            "show_linkedin": true,
            "show_whatsapp": true,
            "show_snapchat": true,
            "show_threads": true,
            "show_tumblr": true,
            "show_twitch": true
          }
        },
        "leasingbike_LNR9yY": {
          "type": "leasingbike",
          "settings": {
            "jobrad_url": "shopify://pages/jobrad",
            "bikeleasing_url": "shopify://pages/save-with-bikeleasing",
            "deutsche_url": "shopify://pages/deutsche-dienstrad",
            "businessbike_url": "shopify://pages/business-bike"
          }
        },
        "accordion_DPPTVK": {
          "type": "accordion",
          "settings": {
            "title": "Financing with one of our partners",
            "title_de": "Finanzierung mit einem unserer Partner",
            "title_fr": "Financer avec l'un de nos partenaires",
            "icon": "",
            "content": "",
            "content_de": "",
            "content_fr": "",
            "page": "",
            "custom_liquid": "{% render \"financing\" %}",
            "open": false,
            "show_in_quickbuy": false
          }
        },
        "accordion_VTmjJ4": {
          "type": "accordion",
          "settings": {
            "title": "Click & Collect at your local dealer",
            "title_de": "Click & Collect bei Ihrem lokalen Händler",
            "title_fr": "Click & Collect chez votre revendeur local",
            "title_fi": "Klikkaa & Nouto paikalliselta jälleenmyyjältäsi",
            "icon": "",
            "content": "<p>When you order a bike from <a href=\"https://hepha.com\" target=\"_blank\" title=\"https://hepha.com\">hepha.com</a>, we’ll ship it for free to a dealer of your choice through our Click & Collect service. Once your bike arrives, the dealer will reach out to arrange a pickup time. Enjoy personalized assistance, test rides, and expert advice with this service. <a href=\"/pages/click-collect-at-your-local-dealer\" target=\"_blank\" title=\"Click & Collect at your local dealer\">Learn more</a></p>",
            "content_de": "<p>Wenn Sie ein Fahrrad bei <a href=\"https://hepha.com/de\" target=\"_blank\" title=\"https://hepha.com/de\">hepha.com</a> bestellen, versenden wir es kostenlos an einen Händler Ihrer Wahl über unseren Click & Collect-Service. Sobald Ihr Fahrrad angekommen ist, wird der Händler Sie kontaktieren, um einen Abholtermin zu vereinbaren. Genießen Sie mit diesem Service persönliche Unterstützung, Testfahrten und Expertenrat. <a href=\"/pages/click-collect-at-your-local-dealer\" target=\"_blank\" title=\"Click & Collect at your local dealer\">Erfahren Sie mehr</a></p>",
            "content_fr": "<p>Vous commandez un vélo sur <a href=\"https://hepha.com/fr-fr\" target=\"_blank\" title=\"https://hepha.com/fr-fr\">hepha.com</a>, nous l'expédierons gratuitement à un revendeur de votre choix grâce à notre service Click & Collect. Une fois votre vélo arrivé, le revendeur vous contactera pour organiser un rendez-vous pour le récupérer. Profitez de l'assistance personnalisée, des essais de conduite et des conseils d'experts avec ce service. <a href=\"/pages/click-collect-at-your-local-dealer\" target=\"_blank\" title=\"Click & Collect at your local dealer\">En savoir plus</a></p>",
            "content_fi": "<p>Kun tilaat pyörän <a href=\"https://hepha.com\" target=\"_blank\" title=\"https://hepha.com\">hepha.com</a> -sivustolta, lähetämme sen ilmaiseksi valitsemaasi jälleenmyyjään Klikkaa & Nouto -palvelumme kautta. Kun pyöräsi saapuu, jälleenmyyjä ottaa sinuun yhteyttä sopiakseen noutoaikasta. Nauti henkilökohtaisesta avusta, koeajoista ja asiantuntevasta neuvonnasta tämän palvelun avulla. <a href=\"/pages/click-collect-at-your-local-dealer\" target=\"_blank\" title=\"Klikkaa & Nouto paikalliselta jälleenmyyjältäsi\">Lue lisää</a></p>",
            "page": "",
            "custom_liquid": "",
            "open": false,
            "show_in_quickbuy": false
          }
        }
      },
      "block_order": [
        "title",
        "loox_reviews_loox_rating_4LcXpt",
        "price",
        "financinginfo_EPKHcm",
        "description_JNVXj3",
        "specification_simple_KR3q47",
        "variant_picker_BNiCD8",
        "variant_description_app_metafield_9LbpaA",
        "pop_up_AAc34B",
        "selleasy_lb_upsell_addon_block_dWnQBC",
        "usedbike_eaenLQ",
        "buy_buttons_ieLink",
        "pop_up_zVXKyw",
        "custom_liquid_wBiDyC",
        "sharing_Hmw8qb",
        "leasingbike_LNR9yY",
        "accordion_DPPTVK",
        "accordion_VTmjJ4"
      ],
      "custom_css": [],
      "settings": {
        "show_breadcrumbs": false,
        "select_first_variant": true,
        "show_location_underneath": false,
        "inventory_transfers_enable": false,
        "enable_sticky_columns": true,
        "enable_sticky_atc": true,
        "sticky_atc_position": "end",
        "sticky_atc_mobile": true,
        "sticky_atc_behavior": "add_to_cart",
        "sticky_atc_button_style": "secondary",
        "gallery_size": "large",
        "gallery_layout": "carousel-under",
        "enable_zoom": true,
        "show_alt_text": false,
        "alt_text_icon": "",
        "enable_video_autoplay": false,
        "enable_video_looping": false,
        "enable_media_grouping": true,
        "media_grouping_option": "Choose from the following colors,Wählen Sie aus den folgenden Rahmenfarben, Choisissez parmi les couleurs suivantes, Valitse seuraavista väreistä"
      }
    },
    "custom_carousel_image_FiLngH": {
      "type": "custom-carousel-image",
      "blocks": {
        "customslide_CBC7Kr": {
          "type": "customslide",
          "settings": {
            "image": "shopify://shop_images/Group_397_b8830646-d028-408f-8ccd-7df0bd2d4868.jpg"
          }
        },
        "customslide_heWx9W": {
          "type": "customslide",
          "settings": {
            "image": "shopify://shop_images/Group_398_50db55ad-178b-4d8d-851f-88b8c0e47f18.jpg"
          }
        },
        "customslide_DCJR4c": {
          "type": "customslide",
          "settings": {
            "image": "shopify://shop_images/Group_395_2cc6c90d-1b30-41a9-adcb-64111b234a69.jpg"
          }
        },
        "customslide_H7LtNi": {
          "type": "customslide",
          "settings": {
            "image": "shopify://shop_images/Group_399_3d919bc3-349e-4227-91da-3d052b5053d9.jpg"
          }
        },
        "customslide_4BT34g": {
          "type": "customslide",
          "settings": {
            "image": "shopify://shop_images/Group_400_f93782df-4196-4931-86dd-8b784b6be06e.jpg"
          }
        }
      },
      "block_order": [
        "customslide_CBC7Kr",
        "customslide_heWx9W",
        "customslide_DCJR4c",
        "customslide_H7LtNi",
        "customslide_4BT34g"
      ],
      "disabled": true,
      "settings": {}
    },
    "custom_textarea_NV64QN": {
      "type": "custom_textarea",
      "blocks": {
        "list_item_dPbd8x": {
          "type": "list_item",
          "settings": {
            "item_text": "Powerful 100 Nm motor",
            "item_text_de": "Kraftvoller 100 Nm Motor",
            "item_text_fr": "Moteur puissant de 100 Nm",
            "item_text_fi": "Tehokas 100 Nm moottori"
          }
        },
        "list_item_Mg33QU": {
          "type": "list_item",
          "settings": {
            "item_text": "Battery with 800 Wh capacity",
            "item_text_de": "Akku mit 800 Wh Kapazität",
            "item_text_fr": "Batterie d'une capacité de 800 Wh",
            "item_text_fi": "Akku 800 Wh:n kapasiteetilla"
          }
        },
        "list_item_zQwhEi": {
          "type": "list_item",
          "settings": {
            "item_text": "Quick charger",
            "item_text_de": "Schnellladegerät",
            "item_text_fr": "Chargeur rapide",
            "item_text_fi": "6A Nopea laturi"
          }
        },
        "list_item_awbTm4": {
          "type": "list_item",
          "settings": {
            "item_text": "11-speed Shimano Deore XT gears",
            "item_text_de": "11-Gang Shimano Deore XT-Schaltung",
            "item_text_fr": "11 vitesses Shimano Deore XT",
            "item_text_fi": "11-nopeuksinen Shimano Deore XT-vaihteisto"
          }
        },
        "list_item_GfRpFj": {
          "type": "list_item",
          "settings": {
            "item_text": "Luggage carrier with MIK-HD interface",
            "item_text_de": "Gepäckträger mit MIK-HD-Schnittstelle",
            "item_text_fr": "Porte-bagages avec interface MIK-HD",
            "item_text_fi": "Tavarateline MIK-HD-liitännällä"
          }
        },
        "list_item_k8QRTR": {
          "type": "list_item",
          "settings": {
            "item_text": "110 lux front headlight",
            "item_text_de": "110 Lux Front-Schweinwerfer",
            "item_text_fr": "Projecteur avant de 110 lux",
            "item_text_fi": "110 lux etuvalo"
          }
        }
      },
      "block_order": [
        "list_item_dPbd8x",
        "list_item_Mg33QU",
        "list_item_zQwhEi",
        "list_item_awbTm4",
        "list_item_GfRpFj",
        "list_item_k8QRTR"
      ],
      "settings": {
        "section_title": "Ultimate Performance Meets Premium Components",
        "section_title_de": "Ultimative Performance trifft auf Premium-Komponenten",
        "section_title_fr": "Performance ultime et composants premium",
        "section_title_fi": "Huipputason suorituskyky kohtaa premium-komponentit.",
        "text_description": "Looking for an e-bike that won't let you down? The Trekking 7 Ultra+ is your reliable partner for every ride. With the powerful HEPHA P101C motor (100 Nm) and the durable 800 Wh battery, you can easily conquer long distances. The Shimano Deore XT 11-speed gear system ensures precise shifting, while the 110 lux lighting guides your way – even in the dark.\n\nAvailable in two frame styles (step-through & diamond) and a stylish dark blue that not only looks good but also matches any outfit. Weighing 26.2 kg and supporting up to 150 kg, it's both sturdy and agile.\n\nThe Trekking 7 Ultra+ is more than just an e-bike – it's your companion for new adventures.",
        "text_description_de": "Du willst ein E-Bike, das dich nicht im Stich lässt? Das Trekking 7 Ultra+ ist dein verlässlicher Partner für jede Tour. Mit dem kraftvollen HEPHA P101C Motor (100 Nm) und dem langlebigen 800 Wh Akku meisterst du auch lange Strecken mit Leichtigkeit. Die Shimano Deore XT 11-Gang-Schaltung sorgt für präzises Schalten, während die 110 Lux starke Beleuchtung dir den Weg weist – auch bei Dunkelheit.\n\nErhältlich in zwei Rahmenformen (Tiefeinsteiger & Diamant) und in einem stilvollen Dunkelblau, das nicht nur gut aussieht, sondern auch zu jedem Outfit passt. Mit einem Gewicht von 26,2 kg und einer Zuladung von bis zu 150 kg ist es robust und dennoch agil.\n\nDas Trekking 7 Ultra+ ist mehr als nur ein E-Bike – es ist dein Begleiter für neue Abenteuer.",
        "text_description_fr": "Vous cherchez un vélo électrique fiable ? Le Trekking 7 Ultra+ est votre partenaire de confiance pour chaque sortie. Avec son puissant moteur HEPHA P101C (100 Nm) et sa batterie durable de 800 Wh, vous parcourez de longues distances en toute simplicité. Le dérailleur Shimano Deore XT à 11 vitesses assure des changements de vitesse précis, tandis que l'éclairage de 110 lux vous guide – même dans l'obscurité.\n\nDisponible en deux formes de cadre (entrée basse & diamant) et dans un élégant bleu foncé qui s'accorde avec toutes vos tenues. Avec un poids de 26,2 kg et une capacité de charge allant jusqu'à 150 kg, il est à la fois robuste et agile.\n\nLe Trekking 7 Ultra+ est plus qu'un vélo électrique – c'est votre compagnon pour de nouvelles aventures.",
        "text_description_fi": "Etsitkö sähköpyörää, joka ei petä? Trekking 7 Ultra+ on luotettava kumppanisi jokaiselle ajolle. Tehokkaan HEPHA P101C -moottorin (100 Nm) ja kestävä 800 Wh akun avulla voit helposti vallata pitkiä matkoja. Shimano Deore XT 11-vaihteinen vaihteisto takaa tarkan vaihdon, kun taas 110 luksin valaistus ohjaa tietäsi – jopa pimeässä. Saatavilla on kaksi runkotyyliä (askelmallinen ja timantti) sekä tyylikäs tummansininen väri, joka ei ainoastaan näytä hyvältä, vaan sopii myös mihin tahansa asuun. Paino on 26,2 kg ja se tukee jopa 150 kg, joten se on sekä kestävä että ketterä. Trekking 7 Ultra+ on enemmän kuin vain sähköpyörä – se on kumppanisi uusille seikkailuille.",
        "title_font_size": 50,
        "text_font_size": 18,
        "show_item_list": true,
        "layout": "title_above",
        "item_font_size": 16,
        "custom_icon": "checkmark"
      }
    },
    "custom_two_colum_banner_giBJKD": {
      "type": "custom-two-colum-banner",
      "blocks": {
        "slide_NLVjLr": {
          "type": "slide",
          "settings": {
            "background_color": "#66ad78",
            "background_size": "cover",
            "background_position": "center",
            "background_align_items": "center",
            "background_padding_top": 0,
            "background_padding_left": 0,
            "background_padding_right": 0,
            "background_padding_bottom": 0,
            "liquid_content": "",
            "subheading_image_title_link": "",
            "subheading_image_title_position": "",
            "title_1": "<p>Now, even better.</p>",
            "title_1_de": "<p>Jetzt noch besser.</p>",
            "title_1_fr": "<p>Maintenant, encore mieux.</p>",
            "heading_color_1": "#d2ffdb",
            "heading_size_1": 50,
            "subheading_1": "<p>Looking for an e-bike that won't let you down? The Trekking 7 Ultra+ is your reliable partner for every ride. With the powerful HEPHA P101C motor (100 Nm) and the durable 800 Wh battery, you can easily conquer long distances. The Shimano Deore XT 11-speed gear system ensures precise shifting, while the 110 lux lighting guides your way – even in the dark.</p><p>Available in two frame styles (step-through & diamond) and a stylish dark blue that not only looks good but also matches any outfit. Weighing 26.2 kg and supporting up to 150 kg, it's both sturdy and agile.</p><p>The Trekking 7 Ultra+ is more than just an e-bike – it's your companion for new adventures.</p>",
            "subheading_1_de": "<p>Du willst ein E-Bike, das dich nicht im Stich lässt? Das Trekking 7 Ultra+ ist dein verlässlicher Partner für jede Tour. Mit dem kraftvollen HEPHA P101C Motor (100 Nm) und dem langlebigen 800 Wh Akku meisterst du auch lange Strecken mit Leichtigkeit. Die Shimano Deore XT 11-Gang-Schaltung sorgt für präzises Schalten, während die 110 Lux starke Beleuchtung dir den Weg weist – auch bei Dunkelheit.</p><p>Erhältlich in zwei Rahmenformen (Tiefeinsteiger & Diamant) und in einem stilvollen Dunkelblau, das nicht nur gut aussieht, sondern auch zu jedem Outfit passt. Mit einem Gewicht von 26,2 kg und einer Zuladung von bis zu 150 kg ist es robust und dennoch agil.</p><p>Das Trekking 7 Ultra+ ist mehr als nur ein E-Bike – es ist dein Begleiter für neue Abenteuer.</p>",
            "subheading_1_fr": "<p>Vous cherchez un vélo électrique fiable ? Le Trekking 7 Ultra+ est votre partenaire de confiance pour chaque sortie. Avec son puissant moteur HEPHA P101C (100 Nm) et sa batterie durable de 800 Wh, vous parcourez de longues distances en toute simplicité. Le dérailleur Shimano Deore XT à 11 vitesses assure des changements de vitesse précis, tandis que l'éclairage de 110 lux vous guide – même dans l'obscurité.</p><p>Disponible en deux formes de cadre (entrée basse & diamant) et dans un élégant bleu foncé qui s'accorde avec toutes vos tenues. Avec un poids de 26,2 kg et une capacité de charge allant jusqu'à 150 kg, il est à la fois robuste et agile.</p><p>Le Trekking 7 Ultra+ est plus qu'un vélo électrique – c'est votre compagnon pour de nouvelles aventures.</p>",
            "title_1_fi": "<p>Vielä entistäkin parempi.</p>",
            "subheading_1_fi": "<p>Trekking 7 Ultra+ on huippuluotettava kumppanisi jokaiselle ajoretkelle. Tehokkaan HEPHA P101C -moottorin (100 Nm) ja kestävän 800 Wh akun avulla voit kulkea uskomattoman pitkiä matkoja, ja valloittaa helposti minkä vain kukkulan. Shimano Deore XT 11-nopeuksinen vaihteisto takaa samettisen pehmeän vaihtamisen, ja valaistus 110 luxin teholla ohjaa tietäsi kun aurinko on jo laskenut.</p><p>Ultra+ on saatavilla kahdessa runkomallissa (läpiastuttava matala runko ja korkeampi timanttirunko) ja huipputyylikkäässä tummansinisessä värissä. Pyörän kantavuus on jopa 150 kg, joten se on sekä kestävä että ketterä.</p><p>Trekking 7 Ultra+ on enemmän kuin vain sähköpyörä – se on luotettava kumppanisi joka-päiväisille seikkailuille.</p>",
            "subheading_color_1": "#ffffff",
            "subheading_size_1": 18,
            "liquid_content3": "",
            "subheading_image_1_link": "",
            "subheading_image_1_width": 400,
            "subheading_image_1_position": "",
            "subheading_image_1b_position": "",
            "subheading_image_1b_link": "",
            "title_2": "",
            "title_2_de": "",
            "title_2_fr": "",
            "heading_color_2": "#000000",
            "heading_size_2": 24,
            "subheading_2": "",
            "subheading_2_de": "",
            "subheading_2_fr": "",
            "subheading_color_2": "#000000",
            "subheading_size_2": 16,
            "subheading_image_2_position": "",
            "subheading_image_2_link": "",
            "collection": "",
            "buttongroup_label": "",
            "buttongroup_label_de": "",
            "buttongroup_label_fr": "",
            "button_label": "",
            "button_label_de": "",
            "button_label_fr": "",
            "link": "",
            "button_color": "#007bff",
            "button2_label": "",
            "button2_label_de": "",
            "button2_label_fr": "",
            "link2": "",
            "link2_de": "",
            "link2_fr": "",
            "button2_color": "#007bff",
            "button_text_color": "#ffffff",
            "column_1title": "",
            "column_1title_de": "",
            "column_1title_fr": "",
            "column_1description": "",
            "column_1description_de": "",
            "column_1description_fr": "",
            "column_2title": "",
            "column_2title_de": "",
            "column_2title_fr": "",
            "column_2description": "",
            "column_2description_de": "",
            "column_2description_fr": "",
            "column_3title": "",
            "column_3title_de": "",
            "column_3title_fr": "",
            "column_3description": "",
            "column_3description_de": "",
            "column_3description_fr": "",
            "column_4title": "",
            "column_4title_de": "",
            "column_4title_fr": "",
            "column_4description": "",
            "column_4description_de": "",
            "column_4description_fr": "",
            "liquid_content2": ""
          }
        },
        "slide_YiV7jU": {
          "type": "slide",
          "settings": {
            "image": "shopify://shop_images/RUD1076-wotr_Kopie_1022f914-95d8-40a9-93f1-2bfc2f57f3ae.jpg",
            "background_color": "#ffffff",
            "background_size": "cover",
            "background_position": "center",
            "background_align_items": "center",
            "background_padding_top": 0,
            "background_padding_left": 0,
            "background_padding_right": 0,
            "background_padding_bottom": 0,
            "liquid_content": "",
            "subheading_image_title_link": "",
            "subheading_image_title_position": "",
            "title_1": "",
            "title_1_de": "",
            "title_1_fr": "",
            "heading_color_1": "#000000",
            "heading_size_1": 24,
            "subheading_1": "",
            "subheading_1_de": "",
            "subheading_1_fr": "",
            "subheading_color_1": "#000000",
            "subheading_size_1": 16,
            "liquid_content3": "",
            "subheading_image_1_link": "",
            "subheading_image_1_position": "",
            "subheading_image_1b_position": "",
            "subheading_image_1b_link": "",
            "title_2": "",
            "title_2_de": "",
            "title_2_fr": "",
            "heading_color_2": "#000000",
            "heading_size_2": 24,
            "subheading_2": "",
            "subheading_2_de": "",
            "subheading_2_fr": "",
            "subheading_color_2": "#000000",
            "subheading_size_2": 16,
            "subheading_image_2_position": "",
            "subheading_image_2_link": "",
            "collection": "",
            "buttongroup_label": "",
            "buttongroup_label_de": "",
            "buttongroup_label_fr": "",
            "button_label": "",
            "button_label_de": "",
            "button_label_fr": "",
            "link": "",
            "button_color": "#007bff",
            "button2_label": "",
            "button2_label_de": "",
            "button2_label_fr": "",
            "link2": "",
            "link2_de": "",
            "link2_fr": "",
            "button2_color": "#007bff",
            "button_text_color": "#ffffff",
            "column_1title": "",
            "column_1title_de": "",
            "column_1title_fr": "",
            "column_1description": "",
            "column_1description_de": "",
            "column_1description_fr": "",
            "column_2title": "",
            "column_2title_de": "",
            "column_2title_fr": "",
            "column_2description": "",
            "column_2description_de": "",
            "column_2description_fr": "",
            "column_3title": "",
            "column_3title_de": "",
            "column_3title_fr": "",
            "column_3description": "",
            "column_3description_de": "",
            "column_3description_fr": "",
            "column_4title": "",
            "column_4title_de": "",
            "column_4title_fr": "",
            "column_4description": "",
            "column_4description_de": "",
            "column_4description_fr": "",
            "liquid_content2": ""
          }
        }
      },
      "block_order": ["slide_NLVjLr", "slide_YiV7jU"],
      "disabled": true,
      "settings": {
        "section_id": "",
        "mobile_font_size_heading": 40,
        "mobile_line_height_heading": 42,
        "mobile_font_size_text": 20,
        "mobile_line_height_text": 24,
        "mobile_slide_padding_top": 30
      }
    },
    "highlight_slideshow_wd7rDD": {
      "type": "highlight_slideshow",
      "blocks": {
        "customslide_GCDzxU": {
          "type": "customslide",
          "settings": {
            "image": "shopify://shop_images/Frame_382.jpg",
            "title": "100 Nm Motor",
            "title_de": "100 Nm Motor",
            "title_fr": "100 Nm Moteur",
            "description": "The particularly powerful 100 Nm HEPHA P101C motor is one of the most powerful and efficient on the market!",
            "description_de": "Der besonders kraftvolle 100 Nm HEPHA P101C Motor ist einer der leistungsstärksten und effizientesten auf dem Markt!",
            "description_fr": "Le moteur HEPHA P101C particulièrement puissant de 100 Nm est l'un des plus puissants et des plus efficaces du marché !",
            "title_fi": "Ultra-tehokas 100 Nm moottori",
            "description_fi": "Erityisen voimakas 100 Nm HEPHA P101C -moottori on yksi markkinoiden voimakkaimmista ja energiatehokkaimmista!"
          }
        },
        "customslide_e4tEdG": {
          "type": "customslide",
          "settings": {
            "image": "shopify://shop_images/Frame_372_36e983ba-8fb1-44b8-baaa-31654884bfef.jpg",
            "title": "800 Wh battery",
            "title_de": "800 Wh Akku",
            "title_fr": "Batterie de 800 Wh",
            "description": "The battery is perfectly integrated into the frame and offers 800 Wh capacity with state-of-the-art cell technology. It can be removed or charged on the bike.",
            "description_de": "Der Akku ist perfekt in den Rahmen integriert und bietet 800 Wh Kapazität mit modernster Zelltechnologie. Er kann herausgenommen oder am Fahrrad aufgeladen werden.",
            "description_fr": "La batterie est parfaitement intégrée au cadre et offre une capacité de 800 Wh grâce à une technologie de cellule de pointe. Elle peut être retirée ou rechargée sur le vélo.",
            "title_fi": "800 Wh akku",
            "description_fi": "Ultra+ -mallin akku on tyylikkäästi runkoon integroitu. Yhdistettynä tehokkaaseen moottoriin, sen 800Wh:n kapasiteetti tarjoaa erinomaisen kilometrikantaman. Akku on ladattavissa suoraan pyörässä sijaitsevasta pistokkeesta, tai vaihtoehtoisesti irrotettavissa kotona lataamista varten."
          }
        },
        "customslide_jHRL7H": {
          "type": "customslide",
          "settings": {
            "image": "shopify://shop_images/Frame_377_77b0c983-39ff-4d1c-9972-46079a9e94e1.jpg",
            "title": "6 A fast charger",
            "title_de": "6 A Schnellladegerät",
            "title_fr": "Chargeur rapide 6 A",
            "description": "Quickly mobile again - no problem with our standard HEPHA quick charger. With its 6 A, it charges almost 1.5 times faster than conventional chargers. It can be used both on the road and as a detachable wallbox at home!",
            "description_de": "Schnell wieder mobil - mit unserem serienmäßigen HEPHA Schnellladegerät kein Problem. Es lädt fast 1,5 mal schneller als herkömmliche Ladegeräte. Es ist sowohl mobil auf der Tour als auch als abnehmbare Wallbox zuhause einsetzbar!",
            "description_fr": "De nouveau rapidement mobile – aucun problème avec notre chargeur rapide HEPHA standard. Avec ses 6 A, il charge presque 1,5 fois plus vite que les chargeurs classiques. Il peut être utilisé aussi bien en déplacement que comme boîtier mural amovible à la maison !",
            "title_fi": "6 A nopeasti lataava pikalaturi",
            "description_fi": "Nopeasti takaisin matkaan – HEPHA-sähköpyörien vakiona mukana toimitettavalla pikalaturilla se onnistuu helposti. Laturin 6A latausvirta tekee siitä lähes 1,5 kertaa nopeampaa kuin tavanomaisilla latureilla. Laturia voidaan käyttää joko tien päällä tai kotona, ja myös seinään asennettavana wallboxina!"
          }
        },
        "customslide_jC4XnW": {
          "type": "customslide",
          "settings": {
            "image": "shopify://shop_images/Frame_387.jpg",
            "title": "Crystal clear 3.5\" Display",
            "title_de": "kristallklarer 3.5\" Display",
            "title_fr": "Écran 3.5\" d'une clarté exceptionnelle",
            "description": "The compact 3.5\" display is well protected on the left-hand side of the stem. Thanks to high-quality IPS technology, it is very easy to read even in bright light.",
            "description_de": "Das kompakte 3.5'\"-Display sitzt gut geschützt links am Vorbau. Dank hochwertiger IPS-Technologie ist es auch bei hellem Licht sehr gut lesbar.",
            "description_fr": "L'écran compact de 3,5 pouces est bien protégé sur le côté gauche de la tige. Grâce à la technologie IPS de haute qualité, il est très facile à lire, même en cas de forte luminosité.",
            "title_fi": "Kristallinkirkas 3,5\" näyttö",
            "description_fi": "Kompakti 3,5\" näyttö on hyvin suojattu ohjaustangon vasemmalla puolella. Korkealaatuisen IPS-tekniikan ansiosta se on erittäin helppo lukea jopa kirkkaassa valossa."
          }
        },
        "customslide_VCVhWi": {
          "type": "customslide",
          "settings": {
            "image": "shopify://shop_images/SR-Suntour-Mobie34.png",
            "title": "Special e-bike suspension fork",
            "title_de": "Spezielle E-Bike Federgabel",
            "title_fr": "Fourche à suspension spéciale pour vélo électrique",
            "description": "The Suntour Mobie 34-D AIR 2CR is an e-bike suspension fork with 80 mm travel. It combines MTB performance with urban suitability for everyday use - perfect for city and urban use.",
            "description_de": "Die Suntour Mobie 34-D AIR 2CR ist eine E-Bike-Federgabel mit 80 mm Federweg. Sie vereint MTB-Performance mit urbaner Alltagstauglichkeit – perfekt für den City- und Urban-Einsatz.",
            "description_fr": "La Suntour Mobie 34-D AIR 2CR est une fourche suspendue pour vélos électriques avec un débattement de 80 mm. Elle allie les performances d'un VTT à l'adaptabilité d'une fourche urbaine pour un usage quotidien - parfaite pour la ville et l'utilisation urbaine.",
            "title_fi": "Sähköpyöriin suunniteltu joustohaarukka",
            "description_fi": "Suntour Mobie 34-D AIR 2CR on sähköpyöriin suunniteltu ilmatoiminen jousitushaarukka, jossa on pitkä 80 mm joustomatka. Se valjastaa MTB-pyöristä tutun keveän suorituskyvyn kaupunkikäyttöön, parantaen ajomukavuutta tehokkaasti, vaimentaen tärinöitä ja tasaten reitin epätasaisuuksia - täydellinen valinta kaupunki- ja urbaanikäyttöön."
          }
        },
        "customslide_wdbYqw": {
          "type": "customslide",
          "disabled": true,
          "settings": {
            "image": "shopify://shop_images/Shimano_Deore.png",
            "title": "11-speed Shimano Deore XT",
            "title_de": "11-Gang Shimano Deore XT",
            "title_fr": "11 vitesses Shimano Deore XT",
            "description": "Reliable, smooth-running, simply top: The Shimano Deore XT brings 11 gears to the point. Whether it's a city escape or a weekend tour - you shift gears cleanly, smoothly and quickly. Even when fully loaded, everything remains precise.",
            "description_de": "Zuverlässig, leichtgängig, einfach top: Die Shimano Deore XT bringt 11 Gänge auf den Punkt. Egal ob Stadtflucht oder Wochenendtour – du schaltest sauber, flüssig und schnell. Auch bei voller Beladung bleibt alles präzise.",
            "description_fr": "Fiable, fluide, tout simplement au top : Le Shimano Deore XT met 11 vitesses au point. Qu'il s'agisse d'une escapade en ville ou d'une excursion d'un week-end, vous passez les vitesses proprement, en douceur et rapidement. Même à pleine charge, tout reste précis.",
            "title_fi": "11-nopeuksinen Shimano Deore XT-vaihteisto",
            "description_fi": "Luotettava ja hiljainen huippulaatuinen vaihteisto: Shimano Deore XT tarjoaa 11 vaihdetta, jotka takaavat höyhenen kevyen vaihtamisen. Olipa kyseessä sitten viikonloppuretki tai arkinen ajo kaupungilla – vaihteet vaihtuvat pehmeästi ja tarkasti. Ajotuntuma ja vaihteen vaihtaminen pysyy vakaana ja tarkkana myös töyteen kuormattuna."
          }
        },
        "customslide_NRQBUA": {
          "type": "customslide",
          "settings": {
            "image": "shopify://shop_images/Frame_369.jpg",
            "title": "Hydraulic disc brakes",
            "title_de": "Hydraulische Scheibenbremsen",
            "title_fr": "Freins à disque hydrauliques",
            "description": "The two hydraulic disc brakes with 180 mm brake discs at the front bring you safely to a halt at all times.",
            "description_de": "Die beiden hydraulischen Scheibenbremsen mit 180mm Bremsscheibe vorne bringen Sie jederzeit sicher zum Stehen..",
            "description_fr": "Les deux freins à disque hydrauliques avec disques de frein de 180 mm à l'avant vous permettent de vous arrêter en toute sécurité à tout moment.",
            "title_fi": "Hydrauliset levyjarrut",
            "description_fi": "Molemmissa päissä tehokkaat hydrauliset jarrut, jotka ovat varustettu suurilla 180mm levyillä. Tämä varmistaa turvallisen pysäytyksen kaikissa tilanteissa."
          }
        },
        "customslide_E8AmnA": {
          "type": "customslide",
          "settings": {
            "image": "shopify://shop_images/Frame_381.jpg",
            "title": "Multifunctional luggage carrier",
            "title_de": "Multifunktionaler Gepäckträger",
            "title_fr": "Porte-bagages multifonctionnel",
            "description": "The robust pannier rack always has a solution at hand: whether for panniers on the side or for quickly clicking in baskets thanks to the universal MIK HD interface.",
            "description_de": "Der robuste Gepäckträger hat immer eine Lösung parat: ob für seitlichen Packtaschen oder für das schnelle Einklicken von Körben dank der universellen MIK HD Schnittstelle.",
            "description_fr": "Le porte-bagages robuste a toujours une solution à proposer : que ce soit pour les sacoches latérales ou pour l'encliquetage rapide de paniers grâce à l'interface universelle MIK HD.",
            "title_fi": "Monitoiminen tavarateline",
            "description_fi": "Tukeva tavarateline taipuu moneen: sivulaukuille tai vaikka kätevästi MIK HD-järjestelmään kiinnityvälle korille."
          }
        },
        "customslide_EGmiPA": {
          "type": "customslide",
          "settings": {
            "image": "shopify://shop_images/Frame_374.png",
            "title": "Automatic light sensor",
            "title_de": "Automatischer Lichtsensor",
            "title_fr": "Capteur de lumière automatique",
            "description": "The light on your Trekking 7 is controlled fully automatically by a light sensor. This is particularly practical in suddenly changing light conditions, such as tunnels!",
            "description_de": "Das Licht an Ihrem Trekking 7 wird vollautomatisch durch einen Lichtsensor gesteuert. Besonders praktisch bei plötzlich wechselnden Lichtverhältnissen, wie Tunneln!.",
            "description_fr": "L'éclairage de votre Trekking 7 est contrôlé de manière entièrement automatique par un capteur de lumière. Cela est particulièrement pratique en cas de changement soudain de la luminosité, comme dans les tunnels !",
            "title_fi": "Automaattinen valosensori",
            "description_fi": "Valaistus ohjautuu täysin automaattisesti valosensorilla – erityisen hyödyllinen ominaisuus äkillisesti vaihtuvissa valaistusolosuhteissa, kuten tunneliin ajettaessa!"
          }
        },
        "customslide_cTjT9b": {
          "type": "customslide",
          "settings": {
            "image": "shopify://shop_images/app_432ee281-bc29-43b1-9f76-b357a74d18a6.png",
            "title": "Smart APP",
            "title_de": "Smarte App",
            "title_fr": "Application intelligente",
            "description": "With the HEPHA APP, you can unlock the full potential of your e-bike: record rides, configure your e-bike, update your system or get help with questions.",
            "description_de": "Mit der HEPHA APP setzen Sie das volle Potenzial Ihres E-Bikes frei: Zeichnen Sie Fahrten auf, konfigurieren Sie Ihr E-Bike, updaten Sie Ihr System oder erhalten Sie Hilfe bei Fragen..",
            "description_fr": "Avec l'application HEPHA, vous pouvez exploiter tout le potentiel de votre vélo électrique : enregistrer des trajets, configurer votre vélo électrique, mettre à jour votre système ou obtenir de l'aide en cas de questions.",
            "title_fi": "Älykäs mobiilisovellus",
            "description_fi": "HEPHA-sovelluksella valjastat pyöräsi koko potentiaalin käyttöösi: tallenna ajosi, konfiguroi moottorin avustustasot ja löydä apua tukipalvelusta."
          }
        }
      },
      "block_order": [
        "customslide_GCDzxU",
        "customslide_e4tEdG",
        "customslide_jHRL7H",
        "customslide_jC4XnW",
        "customslide_VCVhWi",
        "customslide_wdbYqw",
        "customslide_NRQBUA",
        "customslide_E8AmnA",
        "customslide_EGmiPA",
        "customslide_cTjT9b"
      ],
      "settings": {}
    },
    "custom_specification_DXgxaL": {
      "type": "custom_specification",
      "settings": {}
    },
    "custom_frame_geometry_jXUWB7": {
      "type": "custom_frame_geometry",
      "blocks": {
        "step_through_VrJLXT": {
          "type": "step_through",
          "settings": {
            "step_through_image": "shopify://shop_images/hepha_trekking7_geo_step.png",
            "frame_height_low": "460 mm",
            "frame_height_low_L": "490 mm",
            "seat_tube_angle_low": "74°",
            "seat_tube_angle_low_L": "74°",
            "fork_offset_low": "43 mm",
            "fork_offset_low_L": "43 mm",
            "seat_angle_low": "74°",
            "seat_angle_low_L": "74°",
            "head_tube_length_low": "160 mm",
            "head_tube_length_low_L": "170 mm",
            "head_tube_angle_low": "68.5°",
            "head_tube_angle_low_L": "68.5°",
            "top_tube_horizontal_low": "591 mm",
            "top_tube_horizontal_low_L": "629 mm",
            "chain_stay_length_low": "484 mm",
            "chain_stay_length_low_L": "484 mm",
            "bottom_bracket_drop_low": "60 mm",
            "bottom_bracket_drop_low_L": "60 mm",
            "wheelbase_low": "1162 mm",
            "wheelbase_low_L": "1201 mm",
            "stack_low": "637 mm",
            "stack_low_L": "647 mm",
            "reach_low": "408 mm",
            "reach_low_L": "443 mm",
            "standover_height_low": "",
            "standover_height_low_L": "",
            "seat_height_min_low": "",
            "seat_height_min_low_L": "",
            "seat_height_max_low": "",
            "seat_height_max_low_L": ""
          }
        },
        "low_step_4hEKaJ": {
          "type": "low_step",
          "settings": {
            "low_step_image": "shopify://shop_images/hepha_trekking7_geo_step.png",
            "frame_height_low": "460 mm",
            "frame_height_low_L": "490 mm",
            "seat_tube_angle_low": "74°",
            "seat_tube_angle_low_L": "74°",
            "fork_offset_low": "43 mm",
            "fork_offset_low_L": "43 mm",
            "seat_angle_low": "74°",
            "seat_angle_low_L": "74°",
            "head_tube_length_low": "160 mm",
            "head_tube_length_low_L": "170 mm",
            "head_tube_angle_low": "68.5°",
            "head_tube_angle_low_L": "68.5°",
            "top_tube_horizontal_low": "591 mm",
            "top_tube_horizontal_low_L": "629 mm",
            "chain_stay_length_low": "484 mm",
            "chain_stay_length_low_L": "484 mm",
            "bottom_bracket_drop_low": "60 mm",
            "bottom_bracket_drop_low_L": "60 mm",
            "wheelbase_low": "1162 mm",
            "wheelbase_low_L": "1201 mm",
            "stack_low": "637 mm",
            "stack_low_L": "647 mm",
            "reach_low": "408 mm",
            "reach_low_L": "443 mm",
            "standover_height_low": "",
            "standover_height_low_L": "",
            "seat_height_min_low": "",
            "seat_height_min_low_L": "",
            "seat_height_max_low": "",
            "seat_height_max_low_L": ""
          }
        },
        "high_step_jURfW3": {
          "type": "high_step",
          "settings": {
            "high_step_image": "shopify://shop_images/hepha_trekking7_geo_high_a9b808f5-49d7-44e6-8a68-d344e2f64fa8.png",
            "frame_height_high": "490 mm",
            "frame_height_high_L": "520 mm",
            "seat_tube_angle_high": "74°",
            "seat_tube_angle_high_L": "74°",
            "fork_offset_high": "43 mm",
            "fork_offset_high_L": "43 mm",
            "seat_angle_high": "74°",
            "seat_angle_high_L": "74°",
            "head_tube_length_high": "160 mm",
            "head_tube_length_high_L": "170 mm",
            "head_tube_angle_high": "68.5°",
            "head_tube_angle_high_L": "68.5°",
            "top_tube_horizontal_high": "591 mm",
            "top_tube_horizontal_high_L": "629 mm",
            "chain_stay_length_high": "484 mm",
            "chain_stay_length_high_L": "484 mm",
            "bottom_bracket_drop_high": "60 mm",
            "bottom_bracket_drop_high_L": "60 mm",
            "wheelbase_high": "1162 mm",
            "wheelbase_high_L": "1201 mm",
            "stack_high": "637 mm",
            "stack_high_L": "647 mm",
            "reach_high": "408 mm",
            "reach_high_L": "443 mm",
            "standover_height_high": "",
            "standover_height_high_L": "",
            "seat_height_min_high": "",
            "seat_height_min_high_L": "",
            "seat_height_max_high": "",
            "seat_height_max_high_L": ""
          }
        }
      },
      "block_order": [
        "step_through_VrJLXT",
        "low_step_4hEKaJ",
        "high_step_jURfW3"
      ],
      "settings": {
        "background_image": "shopify://shop_images/HEPHA_Website_SizeFinder_Graphic_MY24_1.png",
        "mobile_background_image": "shopify://shop_images/Group_1_8a560542-f422-4004-8ba1-727c55e3f01f.png"
      }
    },
    "173442611857857522": {
      "type": "apps",
      "blocks": {
        "loox_reviews_loox_dynamic_section_p3bDHL": {
          "type": "shopify://apps/loox-reviews/blocks/loox-dynamic-section/5c3b337f-fd14-4df5-b1d6-80ec13e6e28e",
          "settings": {
            "only_photos": false,
            "aggregated": false,
            "limit": 20,
            "hide_thumbnails": false,
            "maxwidth": 1080,
            "is_sample": true
          }
        }
      },
      "block_order": ["loox_reviews_loox_dynamic_section_p3bDHL"],
      "settings": {
        "full_width": false,
        "show_space": true,
        "title": "",
        "title_de": "",
        "title_fr": ""
      }
    },
    "custom_product_tab_test_m9aDPj": {
      "type": "custom-product-tab-test",
      "settings": {
        "title": "Related Products",
        "title_de": "Ähnliche Modelle",
        "title_fr": "Modèles associés",
        "title_fi": "Liittyvät tuotteet",
        "image": "shopify://shop_images/HEPHA-Trekking7_01_grey_7ff138ad-9f41-4981-b752-1bd80fee72c0.jpg",
        "background_color": "#ffffff",
        "background_position": "center center",
        "background_size": "cover",
        "background_align_items": "flex-start",
        "background_padding_top": 20,
        "background_padding_right": 20,
        "background_padding_bottom": 20,
        "background_padding_left": 20,
        "ad_link": "shopify://collections/hepha-ebikes",
        "ad_button_color": "#000000",
        "ad_button_text_color": "#ffffff",
        "title_1": "<p>Not sure which E-Bike is right for you? Discover and compare our full range of E-Bikes to find the perfect model for your adventures.</p>",
        "title_1_de": "<p>Nicht sicher, welches E-Bike das richtige für Sie ist? Entdecken und vergleichen Sie unser gesamtes Sortiment an E-Bikes, um das perfekte Modell für Ihre Abenteuer zu finden.</p>",
        "title_1_fr": "<p>Vous n’êtes pas sûr de quel vélo électrique est fait pour vous ? Découvrez et comparez notre gamme complète de vélos électriques pour trouver le modèle parfait pour vos aventures.</p>",
        "heading_color_1": "#ffffff",
        "heading_size_1": 18,
        "button_label": "Explore all E-Bikes!",
        "button_label_de": "Entdecke alle E-Bikes!",
        "button_label_fr": "Découvrez tous modèles !",
        "product_source_trekking7ltd": "collection",
        "trekking7ltd_collection": "trekking-7-my23",
        "trekking7ltd_products": [],
        "product_source_trekking7": "collection",
        "trekking7_collection": "new-bike-2024",
        "trekking7_products": [],
        "product_source_mountain7": "collection",
        "mountain7_collection": "mountain-7-2024",
        "mountain7_products": [],
        "product_source_mountain7carbon": "collection",
        "mountain7carbon_collection": "mountain-7-carbon",
        "mountain7carbon_products": [],
        "product_source_city7": "collection",
        "city7_collection": "city-e-bike",
        "city7_products": [],
        "show_description": true,
        "title_fi": "Tutustu lisää HEPHA E-Bike-malleihin",
        "title_1_fi": "<p>Etkö ole varma, mikä sähköpyörämalli sopii sinulle? Tutustu ja vertaa koko valikoimaamme löytääksesi täydellisen pyörän omaan käyttötarkoitukseesi.</p>",
        "button_label_fi": "Tutki koko mallistoa!"
      }
    },
    "custom_stickybar_b9zk6H": { "type": "custom-stickybar", "settings": {} }
  },
  "order": [
    "main",
    "custom_carousel_image_FiLngH",
    "custom_textarea_NV64QN",
    "custom_two_colum_banner_giBJKD",
    "highlight_slideshow_wd7rDD",
    "custom_specification_DXgxaL",
    "custom_frame_geometry_jXUWB7",
    "173442611857857522",
    "custom_product_tab_test_m9aDPj",
    "custom_stickybar_b9zk6H"
  ]
}
