{
  "sections": {
    "main": {
      "type": "main-collection",
      "custom_css": ["sc-add-to-compare {display: none;}"],
      "settings": {
        "show_title": true,
        "show_image_behind_heading": true,
        "show_description": false,
        "heading_image_height": "huge",
        "overlay_style": "shadow",
        "coll_desc_pos": "above",
        "coll_num_per_page_int": 24,
        "grid": 2,
        "show_vendor": false,
        "show_total": true,
        "enable_filtering": true,
        "collapse_tag_sidebar_by_default": false,
        "collapse_filters_method": "over-12",
        "show_filter_counts": true,
        "filter_two_columns": false,
        "button_grid_filter_name": "",
        "auto_apply_hide_unavailable": false,
        "enable_sticky_filter": true,
        "show_sort": true,
        "sort_show_featured": true,
        "sort_show_best": true,
        "sort_show_alpha": true,
        "sort_show_price": true,
        "sort_show_date": true,
        "related_collections": [],
        "related_collections_style": "buttons",
        "rel_coll_gall_aspect_ratio": "1",
        "image_position": "center center",
        "rel_coll_gall_enable_margin": true,
        "rel_coll_gall_full_width": false,
        "rel_coll_gall_overlay_style": "shadow",
        "rel_coll_gall_text_alignment": "center center",
        "rel_coll_grid_mobile": "2"
      }
    },
    "rich_text_e96G7t": {
      "type": "rich-text",
      "blocks": {
        "heading_UwXj6z": {
          "type": "heading",
          "settings": {
            "title": "Accessories that power your ride. And your day.",
            "use_h1": false
          }
        },
        "text_JbjdCC": {
          "type": "text",
          "settings": {
            "text": "<h3>Smart. Stylish. Super useful.</h3><p>Got your HEPHA E-Bike? Great choice. Now let’s level it up. With the right <strong>e bike accessories</strong>, your ride becomes more comfortable, safer, and more fun. We’ve picked essentials that actually <em>make sense</em>. For your commute, weekend tour, or the everyday adventure.</p><h3><strong>Only what you really need</strong></h3><p>We believe in accessories that do their job – no plastic junk, no gimmicks. Just well-designed gear for real riders:</p><ul><li><strong>Battery packs</strong> – because range is freedom</li><li><strong>Folding and frame locks</strong> – protection that works</li><li><strong>Front lights</strong> – be seen and stay safe</li><li><strong>Suspension seat post</strong> – glide over bumps</li><li><strong>Phone mount</strong> – for maps, calls, playlists</li><li><strong>Bottle holder</strong> – hydration, simplified</li><li><strong>Bike bags</strong> – carry your life with you</li></ul><p>Everything fits your HEPHA perfectly. Easy to use. Built to last.</p><h3><strong>Tech that’s got your back</strong></h3><p>All our accessories are made to be:</p><ul><li>Plug-and-play with HEPHA bikes</li><li>Durable, lightweight, practical</li><li>Designed to blend in – or stand out</li><li>Super easy to install</li></ul><h3><strong>Accessories in detail</strong></h3><h4><strong>1. Battery pack</strong></h4><p>Need more range? Our batteries give you extra freedom. More miles, fewer charges. Ideal for commuters or long-distance riders.</p><h4><strong>2. Anti-theft locks</strong></h4><p>Your HEPHA deserves solid protection. Our frame and folding locks are compact and tough. Peace of mind guaranteed.</p><h4><strong>3. Front lights</strong></h4><p>See better, ride safer. Our <strong>front lights are road-legal (StVZO compliant)</strong>, bright, and efficient – no matter the weather.</p><h4><strong>4. Suspension seat post</strong></h4><p>More comfort, less shaking. Smooth out rough paths. Your spine will thank you.</p><h4><strong>5. Smartphone mount</strong></h4><p>Hold your phone securely while riding. Navigate, stream or call without stopping.</p><h4><strong>6. Bottle holder</strong></h4><p>Simple. Reliable. Keeps you hydrated without slowing down.</p><h4><strong>7. Bike bags</strong></h4><p>Groceries, gear, or your laptop – our bags fit more than you'd think. And they look great doing it.</p><h3><strong>Why choose HEPHA accessories?</strong></h3><ul><li>✔ Thoughtful design</li><li>✔ Perfect match with your e-bike</li><li>✔ No-fuss usability</li><li>✔ Built for daily riders</li><li>✔ Fast delivery, fair pricing</li></ul><h3><strong>Final thought? Accessories that work. And make you smile.</strong></h3><p>Everything we offer is designed to make your life easier. Your ride smoother. And your bike even smarter. Whether you're commuting, exploring, or just enjoying the breeze – our accessories are ready for the ride.</p><p>👉 Check out the full collection now and see what fits <em>your</em> journey.</p>",
            "enlarge_text": true
          }
        }
      },
      "block_order": ["heading_UwXj6z", "text_JbjdCC"],
      "name": "Rich text",
      "settings": {
        "height": "large",
        "text_alignment": "left",
        "full_width": true,
        "color_scheme": "default"
      }
    }
  },
  "order": ["main", "rich_text_e96G7t"]
}
