{
  "sections": {
    "main": {
      "type": "main-collection",
      "custom_css": [],
      "settings": {
        "show_title": true,
        "show_image_behind_heading": true,
        "heading_image_height": "medium",
        "overlay_style": "no_background",
        "coll_desc_pos": "above",
        "coll_num_per_page_int": 24,
        "grid": 3,
        "show_vendor": false,
        "show_total": true,
        "enable_filtering": false,
        "collapse_tag_sidebar_by_default": false,
        "collapse_filters_method": "over-12",
        "show_filter_counts": true,
        "filter_two_columns": false,
        "button_grid_filter_name": "",
        "auto_apply_hide_unavailable": false,
        "enable_sticky_filter": true,
        "show_sort": true,
        "sort_show_featured": true,
        "sort_show_best": true,
        "sort_show_alpha": true,
        "sort_show_price": true,
        "sort_show_date": false,
        "related_collections": [],
        "related_collections_style": "buttons",
        "rel_coll_gall_aspect_ratio": "1",
        "image_position": "center center",
        "rel_coll_gall_enable_margin": true,
        "rel_coll_gall_full_width": false,
        "rel_coll_gall_overlay_style": "shadow",
        "rel_coll_gall_text_alignment": "center center",
        "rel_coll_grid_mobile": "2"
      }
    },
    "custom_liquid_GcpV7k": {
      "type": "custom-liquid",
      "name": "Custom Liquid",
      "settings": {
        "full_width": true,
        "show_space": true,
        "code": "<style>\nsc-add-to-compare {\n \n    display: none;\n}\n</style>"
      }
    },
    "collapsible_tabs_djYpYt": {
      "type": "collapsible-tabs",
      "name": "Collapsible tabs",
      "settings": { "title": "", "title_de": "", "title_fr": "" }
    }
  },
  "order": ["main", "custom_liquid_GcpV7k", "collapsible_tabs_djYpYt"]
}
