{
  "sections": {
    "custom_firework_video_BdqkkG": {
      "type": "custom_firework_video",
      "custom_css": [".videoblock {padding: 0;}"],
      "settings": { "mode": "pinned", "playlist_id": "gMwwj1" }
    },
    "dynamic_promo_blocks_wfp9bK": {
      "type": "Dynamic-Promo-Blocks",
      "name": "Dynamic Promo Blocks",
      "settings": {
        "desktop_height": 700,
        "mobile_height": 650,
        "left_image": "shopify://shop_images/trekking_7_se_2.jpg",
        "left_mobile_image": "shopify://shop_images/20250613-095356_6b280023-d77a-4285-a80d-4781d1a6ab48.jpg",
        "left_bg_size": "cover",
        "left_bg_position": "center",
        "left_content_position": "flex-start",
        "left_content_position_mobile": "flex-end",
        "left_tag": "Summer Special",
        "left_tag_de": "Summer Special",
        "left_tag_fr": "Summer Special",
        "left_tag_fi": "Summer Special",
        "left_title": "Save up to €1,000",
        "left_title_de": "Sparen Sie bis zu €1.000",
        "left_title_fr": "Économisez jusqu'à €1 000",
        "left_title_fi": "Säästä jopa €500",
        "left_title_size": 70,
        "left_title_size_mobile": 40,
        "left_title_color": "#ffffff",
        "left_button": "Learn more",
        "left_button_de": "Mehr erfahren",
        "left_button_fr": "En savoir plus",
        "left_button_fi": "Lue lisää",
        "left_button_url": "shopify://pages/promotion",
        "left_button_color": "#e34a38",
        "left_button_text_color": "#ffffff",
        "left_background_color": "#ffffff",
        "right_image_1": "shopify://shop_images/20250612-155546_3ec7b967-3c3f-4095-b317-b4dffe75d772.jpg",
        "right_mobile_image_1": "shopify://shop_images/20250612-155546_a0e66c3e-216e-4e8a-8e36-f95bbcb6883b.jpg",
        "right1_bg_size": "cover",
        "right1_bg_position": "center",
        "right1_content_position": "center",
        "right1_content_position_mobile": "flex-end",
        "right1_tag": "New",
        "right1_tag_de": "Neu",
        "right1_tag_fr": "Nouveau",
        "right1_tag_fi": "Uutuus",
        "right1_title": "City 7",
        "right1_title_de": "City 7",
        "right1_title_fr": "City 7",
        "right1_title_fi": "City 7",
        "right1_title_size": 40,
        "right1_title_size_mobile": 40,
        "right1_title_color": "#ffffff",
        "right1_button": "Discover the City 7",
        "right1_button_de": "Entdecken Sie das City 7",
        "right1_button_fr": "Découvrez la City 7",
        "right1_button_fi": "Tutustu City 7:ään",
        "right1_button_url": "shopify://pages/city-collection",
        "right1_button_color": "#2b7dde",
        "right1_button_text_color": "#ffffff",
        "right1_background_color": "#ffffff",
        "right_image_2": "shopify://shop_images/Icon_d1466828-3948-4fdf-a8c2-41c2b141f3a2.png",
        "right2_bg_size": "60%",
        "right2_bg_position": "center",
        "right2_content_position": "center",
        "right2_content_position_mobile": "flex-end",
        "right2_title": "Discover Hepha's motor technology",
        "right2_title_de": "Entdecken Sie Hephas Motorentechnologie",
        "right2_title_fr": "Découvrez la technologie des moteurs Hepha",
        "right2_title_fi": "Tutustu Hepha'n moottoriteknologiaan",
        "right2_title_size": 26,
        "right2_title_size_mobile": 22,
        "right2_title_color": "#ffffff",
        "right2_button": "Learn more",
        "right2_button_de": "Mehr erfahren",
        "right2_button_fr": "En savoir plus",
        "right2_button_fi": "Lue lisää",
        "right2_button_url": "shopify://pages/a-motor-to-overtake-the-bike-market",
        "right2_button_color": "#8cbff0",
        "right2_button_text_color": "#3077c9",
        "right2_background_color": "#2b7dde",
        "right_image_3": "shopify://shop_images/Icon_acfc53b2-7046-4b91-ba8d-0122d0a03745.png",
        "right3_bg_size": "60%",
        "right3_bg_position": "center",
        "right3_content_position": "center",
        "right3_content_position_mobile": "flex-end",
        "right3_title": "Get all the latest information",
        "right3_title_de": "Erfahren Sie was es Neues gibt",
        "right3_title_fr": "Obtenir toutes les informations les plus récentes",
        "right3_title_fi": "Viimeisimmät uutiset ja tarinat",
        "right3_title_size": 26,
        "right3_title_size_mobile": 22,
        "right3_title_color": "#ffffff",
        "right3_button": "News",
        "right3_button_de": "Neuigkeiten",
        "right3_button_fr": "Actualités",
        "right3_button_fi": "Uutiset",
        "right3_button_url": "shopify://blogs/news",
        "right3_button_color": "#8ce09d",
        "right3_button_text_color": "#66ad78",
        "right3_background_color": "#66ad78"
      }
    },
    "custom_slideshow_NmHFj7": {
      "type": "custom-slideshow",
      "blocks": {
        "bikeslide_rd3dyF": {
          "type": "bikeslide",
          "settings": {
            "slide_layout": "image-right",
            "background_color": "#e8e1d1",
            "image": "shopify://shop_images/HEPHA_MY24_Trekking7_Performance_HighStep_3_7ac05b7a-b405-4c23-9b42-af07e87b0806.webp",
            "title": "Trekking 7",
            "title_de": "Trekking 7",
            "title_fr": "Trekking 7",
            "title_fi": "Trekking 7",
            "title_font_size": 70,
            "title_mobile_font_size": 40,
            "title_font_weight": "700",
            "title_color": "#000000",
            "description": "<p>When design conquers the city.</p>",
            "description_de": "<p>Wenn das Design die Stadt erobert.</p>",
            "description_fr": "<p>Quand le design conquiert la ville.</p>",
            "description_fi": "<p>Kun tyyli valloittaa kaupungin.</p>",
            "description_font_size": 18,
            "description_font_weight": "400",
            "description_color": "#000000",
            "salestag_1": "New",
            "salestag_1_de": "Neu",
            "salestag_1_fr": "Nouveau",
            "salestag_1_fi": "",
            "salestag_2": "",
            "salestag_2_de": "",
            "salestag_2_fr": "",
            "salestag_2_fi": "",
            "salestag_3": "",
            "salestag_3_de": "",
            "salestag_3_fr": "",
            "salestag_3_fi": "",
            "link": "shopify://pages/trekking-7-new",
            "btntext": "Discover the Trekking 7",
            "btntext_de": "Entdecken Sie das Trekking 7",
            "btntext_fr": "Découvrez le Trekking 7",
            "btntext_fi": "Tutustu Trekking 7-malliin",
            "btn_text_color": "#ffffff",
            "btn_background_color": "#f2a112"
          }
        },
        "bikeslide_it6Mc7": {
          "type": "bikeslide",
          "settings": {
            "slide_layout": "image-right",
            "background_color": "#c4dae3",
            "image": "shopify://shop_images/HEPHA_MY24_Mountain-7_Ultra_Blue-Grey_Hardtail_01_Focus.png",
            "title": "Mountain 7",
            "title_de": "Mountain 7",
            "title_fr": "Mountain 7",
            "title_fi": "Mountain 7",
            "title_font_size": 70,
            "title_mobile_font_size": 40,
            "title_font_weight": "700",
            "title_color": "#000000",
            "description": "<p>The sporty hardtail to reconnect with nature.</p>",
            "description_de": "<p>Das sportliche Hardtail, um mit der Natur in Kontakt zu kommen.</p>",
            "description_fr": "<p>Le hardtail sportif pour renouer avec la nature.</p>",
            "description_fi": "<p>Urheilullinen hardtail-pyörä, joka johdattaa sinut takaisin luonnon ääreen.</p>",
            "description_font_size": 18,
            "description_font_weight": "400",
            "description_color": "#000000",
            "salestag_1": "New",
            "salestag_1_de": "Neu",
            "salestag_1_fr": "Nouveau",
            "salestag_1_fi": "",
            "salestag_2": "",
            "salestag_2_de": "",
            "salestag_2_fr": "",
            "salestag_2_fi": "",
            "salestag_3": "",
            "salestag_3_de": "",
            "salestag_3_fr": "",
            "salestag_3_fi": "",
            "link": "shopify://pages/mountain-7",
            "btntext": "Discover the Mountain 7",
            "btntext_de": "Entdecken Sie das Mountain 7",
            "btntext_fr": "Découvrez le Mountain 7",
            "btntext_fi": "Tutustu Mountain 7-malliin",
            "btn_text_color": "#ffffff",
            "btn_background_color": "#f2a112"
          }
        },
        "bikeslide_XkE7yN": {
          "type": "bikeslide",
          "settings": {
            "slide_layout": "image-right",
            "background_color": "#c2d0e3",
            "image": "shopify://shop_images/Frame_161.png",
            "title": "Mountain 7 Carbon",
            "title_de": "Mountain 7 Carbon",
            "title_fr": "Mountain 7 Carbon",
            "title_fi": "Mountain 7 Carbon",
            "title_font_size": 70,
            "title_mobile_font_size": 40,
            "title_font_weight": "700",
            "title_color": "#000000",
            "description": "<p>Pure dynamics for touring, trail & co. Up to 100 Nm and 804 Wh at just 22.4 kg - and at a price where others are just starting out.</p>",
            "description_de": "<p>Pure Dynamik für Touring, Trail & Co. Bis zu 100 Nm und 804 Wh bei nur 22,4 kg - und das zu einem Preis, bei dem andere gerade erst anfangen.</p>",
            "description_fr": "<p>La dynamique à l'état pur pour le touring, le trail & co. Jusqu'à 100 Nm et 804 Wh pour seulement 22,4 kg - et à un prix où d'autres commencent à peine.</p>",
            "description_fi": "<p>Puhdasta dynamiikkaa ja keveyttä metsäpolkujen valloitukseen sekä muuhun. Vain 22,4 kg painoa, jopa 100 Nm vääntöä ja 804 Wh akkukapasitettia - ja hintaan, josta muut vasta lähtevät liikkeelle.</p>",
            "description_font_size": 18,
            "description_font_weight": "400",
            "description_color": "#000000",
            "salestag_1": "New",
            "salestag_1_de": "Neu",
            "salestag_1_fr": "Nouveau",
            "salestag_1_fi": "",
            "salestag_2": "",
            "salestag_2_de": "",
            "salestag_2_fr": "",
            "salestag_2_fi": "",
            "salestag_3": "",
            "salestag_3_de": "",
            "salestag_3_fr": "",
            "salestag_3_fi": "",
            "link": "shopify://pages/mountain-7-carbon",
            "btntext": "Discover the Mountain 7 Carbon",
            "btntext_de": "Entdecken Sie das Mountain 7 Carbon",
            "btntext_fr": "Découvrez le Mountain 7 Carbon",
            "btntext_fi": "Tutustu Mountain 7 Carbon-malliin",
            "btn_text_color": "#ffffff",
            "btn_background_color": "#698aa8"
          }
        }
      },
      "block_order": [
        "bikeslide_rd3dyF",
        "bikeslide_it6Mc7",
        "bikeslide_XkE7yN"
      ],
      "name": "Custom Slideshow",
      "settings": {}
    },
    "media_content_section_w3pKbL": {
      "type": "media-content-section",
      "blocks": {
        "heading_hjfL8D": {
          "type": "heading",
          "settings": {
            "title": "Monitor your E-Bike using Hepha’s App",
            "title_de": "Überwachen Sie Ihr E-Bike mit der Hepha-App",
            "title_fr": "Surveillez votre vélo électrique à l'aide de l'application Hepha",
            "title_fi": "HEPHA-sovellus – Älykäs kumppani sähköpyörällesi",
            "heading_color": "#ffffff",
            "desktop_font_size": 46,
            "mobile_font_size": 33,
            "use_h1": false,
            "position_mode": "relative",
            "position": "middle-center",
            "offset_x": 0,
            "offset_y": 0,
            "margin_top": 0,
            "margin_right": 0,
            "margin_bottom": 0,
            "margin_left": 0,
            "text_align": "left"
          }
        },
        "text_9GhGqN": {
          "type": "text",
          "settings": {
            "text": "<p>Experience the full potential of your HEPHA E-Bike with the free app: record rides, configure your pedelec and get help with questions.</p>",
            "text_de": "<p>Erleben Sie das volle Potenzial Ihres HEPHA E-Bikes mit der kostenlosen App: Fahrten aufzeichnen, Ihr Pedelec konfigurieren und Hilfe bei Fragen erhalten.</p>",
            "text_fr": "<p>Découvrez tout le potentiel de votre vélo électrique HEPHA grâce à l'application gratuite : enregistrez vos trajets, configurez votre vélo et obtenez de l'aide en cas de questions.</p>",
            "text_fi": "<p>Ota HEPHA-sähköpyöräsi koko potentiaali käyttöön ilmaisella mobiilisovelluksella: tallenna ajosi, konfiguroi moottorin avustustasot ja löydä apua tukipalvelusta.<br/></p>",
            "text_color": "#ffffff",
            "desktop_font_size": 20,
            "mobile_font_size": 18,
            "enlarge_text": false,
            "position_mode": "relative",
            "position": "middle-center",
            "offset_x": 0,
            "offset_y": 0,
            "margin_top": 20,
            "margin_right": 0,
            "margin_bottom": 0,
            "margin_left": 0,
            "text_align": "left"
          }
        },
        "button_EE6zDR": {
          "type": "button",
          "settings": {
            "button_label": "Discover Hepha’s App",
            "button_label_de": "Entdecken Sie die Hepha-App",
            "button_label_fr": "Découvrez l'application Hepha",
            "button_label_fi": "Tutustu Hephan sovellukseen",
            "button_link": "shopify://pages/app",
            "button2_label": "Button 2",
            "button2_label_de": "",
            "button2_label_fr": "",
            "button2_label_fi": "",
            "button2_link": "",
            "button_text_color1": "#e391a6",
            "button_bg_color1": "#ffe0e8",
            "button_border_color1": "rgba(0,0,0,0)",
            "button_text_color2": "#ffffff",
            "button_bg_color2": "#000000",
            "button_border_color2": "#000000",
            "button_alignment": "flex-start",
            "desktop_font_size": 18,
            "mobile_font_size": 16,
            "button_style": "primary",
            "button_border_radius": 50,
            "button_height": 30,
            "button_margin_top": 20,
            "button_margin_right": 10,
            "button_margin_bottom": 10,
            "button_margin_left": 0
          }
        }
      },
      "block_order": ["heading_hjfL8D", "text_9GhGqN", "button_EE6zDR"],
      "name": "Media & Content Section",
      "settings": {
        "margin_top": "0",
        "margin_bottom": "0",
        "min_section_height": 700,
        "min_column_height": 700,
        "min_section_height_mobile": 500,
        "min_column_height_mobile": 500,
        "show_media_column": true,
        "media_bg_color": "rgba(0,0,0,0)",
        "media_bg_image": "shopify://shop_images/Frame_22_978f0b89-d324-4376-87f4-2da68cf00e93.png",
        "media_bg_video": "",
        "media_position": "center center",
        "media_size": "cover",
        "media_position_setting": "right",
        "mobile_media_position": "below",
        "media_heading": "",
        "media_heading_de": "",
        "media_heading_fr": "",
        "media_heading_fi": "",
        "media_heading_color": "#ffffff",
        "media_desktop_heading_size": 36,
        "media_mobile_heading_size": 24,
        "media_use_h1": false,
        "media_text": "",
        "media_text_de": "",
        "media_text_fr": "",
        "media_text_fi": "",
        "media_text_color": "#ffffff",
        "media_desktop_text_size": 18,
        "media_mobile_text_size": 16,
        "media_enlarge_text": false,
        "media_text_bg_enabled": false,
        "media_text_font_family": "monospace",
        "media_text_alignment": "center",
        "media_button1_label": "Button 1",
        "media_button1_label_de": "",
        "media_button1_label_fr": "",
        "media_button1_label_fi": "",
        "media_button1_link": "",
        "media_button1_text_color": "#ffffff",
        "media_button1_bg_color": "#000000",
        "media_button1_border_color": "#000000",
        "media_button1_style": "primary",
        "media_button2_label": "Button 2",
        "media_button2_label_de": "",
        "media_button2_label_fr": "",
        "media_button2_label_fi": "",
        "media_button2_link": "",
        "media_button2_text_color": "#ffffff",
        "media_button2_bg_color": "#000000",
        "media_button2_border_color": "#000000",
        "media_button2_style": "secondary",
        "media_button_alignment": "center",
        "media_desktop_button_size": 18,
        "media_mobile_button_size": 16,
        "content_text_bg_color": "",
        "content_text_bg_opacity": 100,
        "content_bg_color": "#e391a6",
        "content_bg_video": "",
        "content_alignment": "left",
        "content_vertical_alignment": "center"
      }
    },
    "media_content_section_x3UJiG": {
      "type": "media-content-section",
      "blocks": {
        "heading_99T4JR": {
          "type": "heading",
          "settings": {
            "title": "We mastered the master component",
            "title_de": "Wir haben die Master-Komponente gemeistert",
            "title_fr": "Nous avons maîtrisé le composant principal.",
            "title_fi": "Pääkomponenttimme on jopa entistäkin parempi",
            "heading_color": "#f2a112",
            "desktop_font_size": 46,
            "mobile_font_size": 33,
            "use_h1": false,
            "position_mode": "relative",
            "position": "middle-center",
            "offset_x": 0,
            "offset_y": 0,
            "margin_top": 0,
            "margin_right": 0,
            "margin_bottom": 0,
            "margin_left": 0,
            "text_align": "left"
          }
        },
        "text_ptnhir": {
          "type": "text",
          "settings": {
            "text": "<p>The new version of our drive unit, the P101, is now even better than last year's drive unit. The crank mount now complies with international standards and the software language is also more compatible. There is also the option of coupling more assistance systems and a new design.</p><p>The 2.8 kg motor is available in three power levels with a maximum of 80, 90 and an incredible 100 Nm.</p>",
            "text_de": "<p>Die neue Version unserer Antriebseinheit, die P101, ist jetzt noch besser als die Antriebseinheit des letzten Jahres. Die Kurbelaufhängung entspricht jetzt den internationalen Standards und auch die Software-Sprache ist kompatibler. Außerdem gibt es die Möglichkeit, mehr Assistenzsysteme zu koppeln und ein neues Design.</p><p>Der 2,8 kg schwere Motor ist in drei Leistungsstufen mit einem Maximum von 80, 90 und unglaublichen 100 Nm erhältlich<br/><br/></p>",
            "text_fr": "<p>La nouvelle version de notre unité d'entraînement, le P101, est encore plus performante que celle de l'année dernière. Le support de manivelle est désormais conforme aux normes internationales et le langage logiciel est également plus compatible. Il est également possible de coupler davantage de systèmes d'assistance et le design a été revu.</p><p>Le moteur de 2,8 kg est disponible en trois niveaux de puissance avec un maximum de 80, 90 et un incroyable 100 Nm.</p>",
            "text_fi": "<p>Yhtenä harvoista sähköpyörävalmistajista käytämme mallistossamme itse kehittämäämme moottorijärjestelmää, joka on lähes viiden vuoden kehitystyön, ja noin 100:n insinöörin suunnittelutyön lopputulos. Uusin versio, P101, on nyt entistäkin parempi, ja sisältää lukuisia innovatiivisia ominaisuuksia.</p><p>Vain 2.8 kg painava moottoriyksikkö on saatavilla kolmella eri moottorin tehotasolla, 80 Nm, 90 Nm ja jopa uskomattomat 100 Nm</p>",
            "text_color": "#ffffff",
            "desktop_font_size": 20,
            "mobile_font_size": 18,
            "enlarge_text": false,
            "position_mode": "relative",
            "position": "middle-center",
            "offset_x": 0,
            "offset_y": 0,
            "margin_top": 20,
            "margin_right": 0,
            "margin_bottom": 0,
            "margin_left": 0,
            "text_align": "left"
          }
        },
        "button_xxeiUa": {
          "type": "button",
          "settings": {
            "button_label": "Discover Hepha’s motor",
            "button_label_de": "Entdecken Sie Hephas Motor",
            "button_label_fr": "Découvrez le moteur Hepha",
            "button_label_fi": "Tutustu Hephan sovellukseen",
            "button_link": "shopify://pages/app",
            "button2_label": "Button 2",
            "button2_label_de": "",
            "button2_label_fr": "",
            "button2_label_fi": "",
            "button2_link": "",
            "button_text_color1": "#ffffff",
            "button_bg_color1": "#f2a112",
            "button_border_color1": "rgba(0,0,0,0)",
            "button_text_color2": "#ffffff",
            "button_bg_color2": "#000000",
            "button_border_color2": "#000000",
            "button_alignment": "flex-start",
            "desktop_font_size": 18,
            "mobile_font_size": 16,
            "button_style": "primary",
            "button_border_radius": 50,
            "button_height": 30,
            "button_margin_top": 20,
            "button_margin_right": 10,
            "button_margin_bottom": 10,
            "button_margin_left": 0
          }
        }
      },
      "block_order": ["heading_99T4JR", "text_ptnhir", "button_xxeiUa"],
      "name": "Media & Content Section",
      "settings": {
        "margin_top": "0",
        "margin_bottom": "0",
        "min_section_height": 700,
        "min_column_height": 700,
        "min_section_height_mobile": 500,
        "min_column_height_mobile": 500,
        "show_media_column": true,
        "media_bg_color": "rgba(0,0,0,0)",
        "media_bg_image": "shopify://shop_images/P101C_839cdcff-314d-4c5c-90fa-2a4130915aab.png",
        "media_bg_video": "",
        "media_position": "center center",
        "media_size": "cover",
        "media_position_setting": "left",
        "mobile_media_position": "below",
        "media_heading": "",
        "media_heading_de": "",
        "media_heading_fr": "",
        "media_heading_fi": "",
        "media_heading_color": "#ffffff",
        "media_desktop_heading_size": 36,
        "media_mobile_heading_size": 24,
        "media_use_h1": false,
        "media_text": "",
        "media_text_de": "",
        "media_text_fr": "",
        "media_text_fi": "",
        "media_text_color": "#ffffff",
        "media_desktop_text_size": 18,
        "media_mobile_text_size": 16,
        "media_enlarge_text": false,
        "media_text_bg_enabled": false,
        "media_text_font_family": "monospace",
        "media_text_alignment": "center",
        "media_button1_label": "Button 1",
        "media_button1_label_de": "",
        "media_button1_label_fr": "",
        "media_button1_label_fi": "",
        "media_button1_link": "",
        "media_button1_text_color": "#ffffff",
        "media_button1_bg_color": "#000000",
        "media_button1_border_color": "#000000",
        "media_button1_style": "primary",
        "media_button2_label": "Button 2",
        "media_button2_label_de": "",
        "media_button2_label_fr": "",
        "media_button2_label_fi": "",
        "media_button2_link": "",
        "media_button2_text_color": "#ffffff",
        "media_button2_bg_color": "#000000",
        "media_button2_border_color": "#000000",
        "media_button2_style": "secondary",
        "media_button_alignment": "center",
        "media_desktop_button_size": 18,
        "media_mobile_button_size": 16,
        "content_text_bg_color": "",
        "content_text_bg_opacity": 100,
        "content_bg_color": "#ffc43d",
        "content_bg_video": "",
        "content_alignment": "left",
        "content_vertical_alignment": "center"
      }
    },
    "custom_product_tab_new_dJGVjW": {
      "type": "custom-product-tab-new",
      "blocks": {
        "tab_xcEXcA": {
          "type": "tab",
          "settings": {
            "title": "Sale",
            "title_de": "Sale",
            "title_fr": "Sale",
            "title_fi": "Sale",
            "product_source": "collection",
            "collection": "trekking-7-my23",
            "products": []
          }
        },
        "tab_R4PaFb": {
          "type": "tab",
          "settings": {
            "title": "City",
            "title_de": "City",
            "title_fr": "City",
            "title_fi": "City",
            "product_source": "collection",
            "collection": "city-e-bike",
            "products": []
          }
        },
        "tab_9hVzhi": {
          "type": "tab",
          "settings": {
            "title": "Trekking",
            "title_de": "Trekking",
            "title_fr": "Trekking",
            "title_fi": "Trekking",
            "product_source": "collection",
            "collection": "new-bike-2024",
            "products": []
          }
        },
        "tab_e6W7RD": {
          "type": "tab",
          "settings": {
            "title": "Mountain",
            "title_de": "Mountain",
            "title_fr": "Mountain",
            "title_fi": "Mountain",
            "product_source": "collection",
            "collection": "mountain-7-2024",
            "products": []
          }
        },
        "tab_n3E97h": {
          "type": "tab",
          "settings": {
            "title": "Mountain Carbon",
            "title_de": "Mountain Carbon",
            "title_fr": "Mountain Carbon",
            "title_fi": "Mountain Carbon",
            "product_source": "collection",
            "collection": "mountain-7-carbon",
            "products": []
          }
        },
        "advertisement_kFHYqC": {
          "type": "advertisement",
          "settings": {
            "ad_link": "shopify://collections/hepha-ebikes",
            "image": "shopify://shop_images/HEPHA-Trekking7_01_grey_7ff138ad-9f41-4981-b752-1bd80fee72c0.jpg",
            "background_color": "#ffffff",
            "background_position": "center center",
            "background_size": "cover",
            "background_align_items": "center",
            "background_padding_top": 20,
            "background_padding_left": 20,
            "background_padding_right": 20,
            "background_padding_bottom": 20,
            "title_1": "<p>Not sure which E-Bike is right for you? Discover and compare our full range of E-Bikes to find the perfect model for your adventures.</p>",
            "title_1_de": "<p>Nicht sicher, welches E-Bike das richtige für Sie ist? Entdecken und vergleichen Sie unser gesamtes Sortiment an E-Bikes, um das perfekte Modell für Ihre Abenteuer zu finden.</p>",
            "title_1_fr": "<p>Vous n’êtes pas sûr de quel vélo électrique est fait pour vous ? Découvrez et comparez notre gamme complète de vélos électriques pour trouver le modèle parfait pour vos aventures.</p>",
            "title_1_fi": "<p>Etkö ole varma, mikä sähköpyörämalli sopii sinulle? Tutustu ja vertaa koko valikoimaamme löytääksesi täydellisen pyörän omaan käyttötarkoitukseesi.</p>",
            "heading_color_1": "#ffffff",
            "heading_size_1": 18,
            "button_label": "Explore all E-Bikes!",
            "button_label_de": "Entdecke alle E-Bikes!",
            "button_label_fr": "Découvrez tous modèles !",
            "button_label_fi": "Tutki koko mallistoa!"
          }
        }
      },
      "block_order": [
        "tab_xcEXcA",
        "tab_R4PaFb",
        "tab_9hVzhi",
        "tab_e6W7RD",
        "tab_n3E97h",
        "advertisement_kFHYqC"
      ],
      "name": "Custom Product Tabs New",
      "settings": {
        "title": "Explore more HEPHA E-Bikes",
        "title_de": "Entdecken Sie mehr HEPHA E-Bikes",
        "title_fr": "Découvrez d'autres vélos électriques HEPHA",
        "title_fi": "Tutustu lisää HEPHA E-Bike-malleihin"
      }
    },
    "custom_blog_slide_GNCCdH": {
      "type": "Custom-blog-slide",
      "blocks": {
        "article_qXcp69": {
          "type": "article",
          "settings": {
            "selected_article": "news/hepha-wins-gold-at-eurobike-2025"
          }
        },
        "article_eFUhkA": {
          "type": "article",
          "disabled": true,
          "settings": {
            "selected_article": "news/get-ready-to-roll-hepha-e-bikes-april-events"
          }
        },
        "article_dtaFmN": {
          "type": "article",
          "disabled": true,
          "settings": { "selected_article": "news/e-bike-fairs-march-2025" }
        },
        "article_jWebQn": {
          "type": "article",
          "settings": {
            "selected_article": "news/hepha-p100-drive-system-wins-the-eurobike-award-2023"
          }
        },
        "article_eNbcYh": {
          "type": "article",
          "settings": {
            "selected_article": "news/hepha-mountain-7-carbon-wins-the-if-design-award-2025"
          }
        },
        "article_PC9ftk": {
          "type": "article",
          "settings": {
            "selected_article": "news/elektrorad-preisleistungssieg"
          }
        },
        "article_4gXnKb": {
          "type": "article",
          "settings": {
            "selected_article": "news/trekking-7-is-strongly-recommended-in-elektrorad-mega-test"
          }
        },
        "article_9TmVrJ": {
          "type": "article",
          "settings": {
            "selected_article": "news/hepha-trekking-7-wins-german-design-award"
          }
        },
        "article_KKKDWb": {
          "type": "article",
          "settings": {
            "selected_article": "news/hepha-trekking-7-wins-the-design-innovation-award"
          }
        },
        "article_aArcXK": {
          "type": "article",
          "settings": {
            "selected_article": "news/eurobike-news-hepha-presents-the-new-products-for-the-2025-model-year"
          }
        }
      },
      "block_order": [
        "article_qXcp69",
        "article_eFUhkA",
        "article_dtaFmN",
        "article_jWebQn",
        "article_eNbcYh",
        "article_PC9ftk",
        "article_4gXnKb",
        "article_9TmVrJ",
        "article_KKKDWb",
        "article_aArcXK"
      ],
      "name": "Blog Carousel",
      "settings": {
        "title": "News & Stories",
        "title_de": "Neuigkeiten & Geschichten",
        "title_fr": "Actualités & Histoires",
        "title_fi": "Uutiset & Tarinat",
        "image_aspect_ratio": "16/9",
        "button_text": "Learn More",
        "button_text_de": "Mehr erfahren",
        "button_text_fr": "En savoir plus",
        "button_text_fi": "Lue lisää",
        "button_background_color": "#ffffff",
        "button_text_color": "#222222",
        "button_hover_background_color": "#222222",
        "button_hover_text_color": "#ffffff"
      }
    },
    "17415882502d62e51b": {
      "type": "apps",
      "blocks": {
        "loox_reviews_loox_card_carousel_section_3HRVwE": {
          "type": "shopify://apps/loox-reviews/blocks/loox-card-carousel-section/5c3b337f-fd14-4df5-b1d6-80ec13e6e28e",
          "settings": {
            "maxWidth": 1600,
            "borderRadius": 8,
            "itemsPerView": 5,
            "mobileItemsPerView": 1,
            "maxNumberOfCharacters": 100,
            "imageRatio": "0.72",
            "reviewerNameColor": "#000000",
            "textColor": "#000000",
            "itemBackgroundColor": "#ffffff",
            "starsColor": "",
            "starsBackgroundColor": "#ffffff",
            "arrows_backgroundColor": "#ffffff",
            "arrows_iconColor": "#9a9a9a",
            "shadow": "offset-dark",
            "border_active": false,
            "border_width": 2,
            "border_color": "#000000",
            "productIds": ""
          }
        }
      },
      "block_order": ["loox_reviews_loox_card_carousel_section_3HRVwE"],
      "custom_css": [
        ".fully-spaced-row--medium {margin-bottom: 100px;}",
        ".loox-v2-carousel-app .loox-v2-carousel-container.has-round-arrows {padding-left: 0; padding-right: 0;}"
      ],
      "settings": {
        "full_width": false,
        "show_space": true,
        "title": "Customer reviews",
        "title_de": "Kundenrezensionen",
        "title_fr": "Commentaires client"
      }
    }
  },
  "order": [
    "custom_firework_video_BdqkkG",
    "dynamic_promo_blocks_wfp9bK",
    "custom_slideshow_NmHFj7",
    "media_content_section_w3pKbL",
    "media_content_section_x3UJiG",
    "custom_product_tab_new_dJGVjW",
    "custom_blog_slide_GNCCdH",
    "17415882502d62e51b"
  ]
}
