{"parent":"index.json","context":{"market":"finland"},"sections":{"dynamic_promo_blocks_wfp9bK":{"settings":{"left_image":"shopify:\/\/shop_images\/8066229dbc1b9be0c5708811f73dbc6b.jpg","left_mobile_image":"shopify:\/\/shop_images\/8066229dbc1b9be0c5708811f73dbc6b.jpg","left_tag":"","left_tag_de":"","left_tag_fr":"","left_tag_fi":"","left_title":"Trekking 7","left_title_de":"Trekking 7","left_title_fr":"Trekking 7","left_button_url":"shopify:\/\/pages\/trekking-7-new","left_title_fi":"Trekking 7"},"blocks":{}}}}