{"parent":"page.trekking-collection.json","context":{"market":"55f1a620-11fa-47e5-a7b3-0611f12cc0d4"},"sections":{"media_content_section_iayM6z":{"settings":{"media_text_font_family":"sans-serif","media_text_alignment":"left","media_text":"<ul><li>Insurance Duration Up to 3 Years<\/li><li>Commercial Use<\/li><li>Mobility Protection<\/li><li>Coverage for Theft, Robbery, Vandalism, including Burglary<\/li><li>Theft of Battery and Accessories<\/li><li>Material and Production Defects<\/li><li>User Errors<\/li><li>Damages (from falls, accidents, moisture, electronics, natural forces)<\/li><li>Wear and Tear of Individual Parts (excluding tires\/brakes) up to €150 per year.<\/li><\/ul>","media_text_de":"<ul><li>bis 3 Jahre Versicherungsdauer<\/li><li>Gewerbliche Nutzung<\/li><li>Mobilitätsschutz<\/li><li>Diebstahl, Raub, Vandalismus, inkl. Einbruch<\/li><li>Diebstahl von Akku und Zubehör<\/li><li>Material - und Produktionsfehler<\/li><li>Bedienungsfehler<\/li><li>Schäden (durch Sturz, Unfall, Feuchtigkeit, Elektronik, Naturgewalten)<\/li><li>Verschleiß von Einzelteilen inkl. Reifen\/Bremsen (Premium) bis 150 EUR pro Jahr<\/li><\/ul>","media_desktop_text_size":18,"media_text_bg_enabled":true,"media_text_content_bg_color":"#5c5c5c","media_text_content_bg_opacity":48},"blocks":{}}}}