{
  "sections": {
    "enhance_text_area_Xq3UNd": {
      "type": "enhance-text-area",
      "name": "Enhanced Text Area",
      "settings": {
        "section_title": "City 7",
        "section_title_de": "City 7",
        "section_title_fr": "City 7",
        "section_title_fi": "City 7",
        "text_description": "<p>Discover the HEPHA City 7 series, where comfort meets performance in the world of electric biking. Equipped with advanced gear systems, HEPHA City 7 ensures a smooth and adaptable ride. The powerful mid-drive motors, delivering up to 100 Nm of torque, provide exceptional efficiency, perfect for both leisurely rides and urban commutes. The incorporation of a belt drive system enhances durability and requires minimal maintenance, making it a practical choice for everyday use.</p><p>The City 7 is available in two versions:</p>",
        "text_description_de": "<p>Entdecken Sie die HEPHA City 7-Modelle, in denen Komfort auf Leistung in der Welt der E-Bikes trifft. Ausgestattet mit fortschrittlichen Getriebesystemen sorgt die HEPHA City 7 für eine reibungslose und anpassungsfähige Fahrt. Die leistungsstarken Mittelmotoren, die bis zu 100 Nm Drehmoment liefern, bieten außergewöhnliche Effizienz – ideal für entspannte Fahrten und städtische Pendelstrecken. Die Integration eines Riemenantriebs erhöht die Langlebigkeit und erfordert nur minimalen Wartungsaufwand, was sie zu einer praktischen Wahl für den täglichen Gebrauch macht. </p><p>Die City 7 ist in zwei Versionen erhältlich:</p>",
        "text_description_fr": "<p>Découvrez la série HEPHA City 7, où le confort rencontre la performance dans le monde du vélo électrique. Équipée de systèmes de transmission avancés, la HEPHA City 7 garantit une conduite fluide et adaptable. Les puissants moteurs à pédalage central, délivrant jusqu'à 100 Nm de couple, offrent une efficacité exceptionnelle, parfaite pour les balades détendues et les trajets urbains. L'intégration d'un système de transmission par courroie améliore la durabilité et nécessite peu d'entretien, ce qui en fait un choix pratique pour un usage quotidien.</p><p>City 7 est disponible en deux versions :</p>",
        "text_description_fi": "<p>Tutustu HEPHA City 7-malleihin, jotka ovat erinomainen yhdistelmä ajomukavuutta ja raakaa suorituskykyä. Mallit ovat varustettu edistyksellisillä vaihteistojärjestelmillä, joiden ansiosta liikut mukavasti kaupungin vilinässä. HEPHA:n tehokkaat keskiömoottorit, jotka tuottavat jopa 100 Nm vääntöä, tarjoavat kuljettajalle poikkeuksellista tehoa, mikä tekee pyöristä täydellisiä sekä rentoihin ilta-ajeluihin että pidempiin kaupunkimatkoihin. City 7 Ultra on varustettu hihnavetojärjestelmällä, joka parantaa voimansiirron kestävyttä ja vaatii käyttäjältä minimaalista huoltoa, mikä tekee siitä huippukäytännöllisen valinnan päivittäiseen liikkumiseen.</p><p>City 7 on saatavilla kahdessa versiossa:</p>",
        "title_font_size": 50,
        "text_font_size": 18,
        "show_item_list": true,
        "layout": "title_left",
        "item_font_size": 16,
        "custom_icon": "solid_dot",
        "title_color": "#000000",
        "text_color": "#333333",
        "icon_color": "#000000"
      }
    },
    "media_content_section_awWE3J": {
      "type": "media-content-section",
      "blocks": {
        "bike_tab_QmP6bV": {
          "type": "bike_tab",
          "settings": {
            "selected_product": "city-7-long-range",
            "description_en": "The \"Long Range\" version is the entry-level City 7 and is designed for maximum range and cost efficiency. 5-speed hub gear with belt drive.",
            "description_de": "Die Version „Long Range“ bildet den Einstieg ins City 7 und ist auf maximale Reichweite und Kosteneffizienz ausgelegt. 5-Gang Nabenschaltung mit Riemenantrieb.",
            "description_fr": "La version \"Long Range\" est le modèle d'entrée de gamme de la City 7, conçu pour une autonomie maximale et une efficacité économique.Transmission de moyeu à 5 vitesses avec transmission par courroie.",
            "description_fi": "\"Long Range\" -versio on City 7:n perusmalli, joka on suunniteltu tarjoamaan maksimaalinen kilometrikantama ja kustannustehokkuus. 5-vaihteinen napavaihde vyövetokoneistolla.",
            "hide_banner_header_right": true,
            "tab_1_type": "none",
            "tab_2_type": "none",
            "tab_3_type": "none",
            "tab_1_sub_tab_1_bg_color": "rgba(0,0,0,0)",
            "tab_1_sub_tab_1_image": "shopify://shop_images/HEPHA_MY25_City-7_Long-Range_Step-Through_Mid-Grey_01.png",
            "tab_1_sub_tab_2_bg_color": "",
            "tab_1_sub_tab_3_bg_color": "",
            "tab_1_sub_tab_4_bg_color": "",
            "tab_2_sub_tab_1_bg_color": "",
            "tab_2_sub_tab_2_bg_color": "",
            "tab_2_sub_tab_3_bg_color": "",
            "tab_2_sub_tab_4_bg_color": "",
            "tab_3_sub_tab_1_bg_color": "",
            "tab_3_sub_tab_2_bg_color": "",
            "tab_3_sub_tab_3_bg_color": "",
            "tab_3_sub_tab_4_bg_color": ""
          }
        }
      },
      "block_order": ["bike_tab_QmP6bV"],
      "name": "Media & Content Section",
      "settings": {
        "margin_top": "0",
        "margin_bottom": "0",
        "min_section_height": 700,
        "min_column_height": 700,
        "min_section_height_mobile": 500,
        "min_column_height_mobile": 500,
        "show_media_column": true,
        "media_bg_color": "#ffffff",
        "media_bg_image": "shopify://shop_images/City-7_Long-Range_gallery_03.jpg",
        "media_bg_video": "",
        "media_position": "center center",
        "media_size": "cover",
        "media_position_setting": "left",
        "mobile_media_position": "top",
        "media_text_bg_color": "",
        "media_text_bg_opacity": 100,
        "media_text_alignment": "center",
        "media_heading": "",
        "media_heading_de": "",
        "media_heading_fr": "",
        "media_heading_fi": "",
        "media_heading_color": "#ffffff",
        "media_desktop_heading_size": 36,
        "media_mobile_heading_size": 24,
        "media_use_h1": false,
        "media_text": "",
        "media_text_de": "",
        "media_text_fr": "",
        "media_text_fi": "",
        "media_text_color": "#ffffff",
        "media_desktop_text_size": 18,
        "media_mobile_text_size": 16,
        "media_enlarge_text": false,
        "media_button1_label": "Button 1",
        "media_button1_label_de": "",
        "media_button1_label_fr": "",
        "media_button1_label_fi": "",
        "media_button1_link": "",
        "media_button1_text_color": "#ffffff",
        "media_button1_bg_color": "#000000",
        "media_button1_border_color": "#000000",
        "media_button1_style": "primary",
        "media_button2_label": "Button 2",
        "media_button2_label_de": "",
        "media_button2_label_fr": "",
        "media_button2_label_fi": "",
        "media_button2_link": "",
        "media_button2_text_color": "#ffffff",
        "media_button2_bg_color": "#000000",
        "media_button2_border_color": "#000000",
        "media_button2_style": "secondary",
        "media_button_alignment": "center",
        "media_desktop_button_size": 18,
        "media_mobile_button_size": 16,
        "content_text_bg_color": "",
        "content_text_bg_opacity": 100,
        "content_bg_color": "#ecf0f1",
        "content_bg_video": "",
        "content_alignment": "left",
        "content_vertical_alignment": "center"
      }
    },
    "media_content_section_qbMNbQ": {
      "type": "media-content-section",
      "blocks": {
        "bike_tab_LJD3Rx": {
          "type": "bike_tab",
          "settings": {
            "selected_product": "city-7-ultra",
            "description_en": "The \"Ultra\" marks the top version of the City 7, with maximum motor power, battery size and top equipment. Continuously variable hub gear with belt drive.",
            "description_de": "Das „Ultra“ markiert die Top-Version des City 7, mit höchster Motorleistung, Akkugröße sowie Top-Ausstattung. Stufenlose Nabenschaltung mit Riemenantrieb",
            "description_fr": "La version \"Ultra\" représente la version haut de gamme de la City 7, avec une puissance moteur maximale, une taille de batterie optimale et un équipement de premier choix. Transmission de moyeu à variation continue avec transmission par courroie. Jatkuvasti muuttuva napavaihde vyövetokoneistolla",
            "description_fi": "\"Ultra\" on City 7-malliston hihnavetoinen huippumalli, jossa on maksimaalinen moottorin teho ja akkukoko, sekä huipputason varusteet. Jatkuvasti muuttuva napavaihde vyövetokoneistolla",
            "hide_banner_header_right": true,
            "tab_1_type": "none",
            "tab_2_type": "none",
            "tab_3_type": "none",
            "tab_1_sub_tab_1_bg_color": "rgba(0,0,0,0)",
            "tab_1_sub_tab_1_image": "shopify://shop_images/HEPHA_MY25_City-7_Ultra_Step-Through_Dark-Blue_01.png",
            "tab_1_sub_tab_2_bg_color": "",
            "tab_1_sub_tab_3_bg_color": "",
            "tab_1_sub_tab_4_bg_color": "",
            "tab_2_sub_tab_1_bg_color": "",
            "tab_2_sub_tab_2_bg_color": "",
            "tab_2_sub_tab_3_bg_color": "",
            "tab_2_sub_tab_4_bg_color": "",
            "tab_3_sub_tab_1_bg_color": "",
            "tab_3_sub_tab_2_bg_color": "",
            "tab_3_sub_tab_3_bg_color": "",
            "tab_3_sub_tab_4_bg_color": ""
          }
        }
      },
      "block_order": ["bike_tab_LJD3Rx"],
      "name": "Media & Content Section",
      "settings": {
        "margin_top": "20",
        "margin_bottom": "0",
        "min_section_height": 700,
        "min_column_height": 700,
        "min_section_height_mobile": 500,
        "min_column_height_mobile": 500,
        "show_media_column": true,
        "media_bg_color": "#ffffff",
        "media_bg_image": "shopify://shop_images/City-7_Ultra_gallery_02.jpg",
        "media_bg_video": "",
        "media_position": "center center",
        "media_size": "cover",
        "media_position_setting": "left",
        "mobile_media_position": "top",
        "media_text_bg_color": "",
        "media_text_bg_opacity": 100,
        "media_text_alignment": "center",
        "media_heading": "",
        "media_heading_de": "",
        "media_heading_fr": "",
        "media_heading_fi": "",
        "media_heading_color": "#ffffff",
        "media_desktop_heading_size": 36,
        "media_mobile_heading_size": 24,
        "media_use_h1": false,
        "media_text": "",
        "media_text_de": "",
        "media_text_fr": "",
        "media_text_fi": "",
        "media_text_color": "#ffffff",
        "media_desktop_text_size": 18,
        "media_mobile_text_size": 16,
        "media_enlarge_text": false,
        "media_button1_label": "Button 1",
        "media_button1_label_de": "",
        "media_button1_label_fr": "",
        "media_button1_label_fi": "",
        "media_button1_link": "",
        "media_button1_text_color": "#ffffff",
        "media_button1_bg_color": "#000000",
        "media_button1_border_color": "#000000",
        "media_button1_style": "primary",
        "media_button2_label": "Button 2",
        "media_button2_label_de": "",
        "media_button2_label_fr": "",
        "media_button2_label_fi": "",
        "media_button2_link": "",
        "media_button2_text_color": "#ffffff",
        "media_button2_bg_color": "#000000",
        "media_button2_border_color": "#000000",
        "media_button2_style": "secondary",
        "media_button_alignment": "center",
        "media_desktop_button_size": 18,
        "media_mobile_button_size": 16,
        "content_text_bg_color": "",
        "content_text_bg_opacity": 100,
        "content_bg_color": "#ecf0f1",
        "content_bg_video": "",
        "content_alignment": "left",
        "content_vertical_alignment": "center"
      }
    },
    "custom_product_tab_new_6ft83Y": {
      "type": "custom-product-tab-new",
      "blocks": {
        "tab_8xjK4n": {
          "type": "tab",
          "settings": {
            "title": "Sale",
            "title_de": "Sale",
            "title_fr": "Sale",
            "title_fi": "Sale",
            "product_source": "collection",
            "collection": "trekking-7-my23",
            "products": []
          }
        },
        "tab_9jxFeR": {
          "type": "tab",
          "settings": {
            "title": "City",
            "title_de": "City",
            "title_fr": "City",
            "title_fi": "City",
            "product_source": "collection",
            "collection": "city-e-bike",
            "products": []
          }
        },
        "tab_AaAXcb": {
          "type": "tab",
          "settings": {
            "title": "Trekking",
            "title_de": "Trekking",
            "title_fr": "Trekking",
            "title_fi": "Trekking",
            "product_source": "collection",
            "collection": "new-bike-2024",
            "products": []
          }
        },
        "tab_A3LByQ": {
          "type": "tab",
          "settings": {
            "title": "Mountain",
            "title_de": "Mountain",
            "title_fr": "Mountain",
            "title_fi": "Mountain",
            "product_source": "collection",
            "collection": "mountain-7-2024",
            "products": []
          }
        },
        "tab_MCrDX9": {
          "type": "tab",
          "settings": {
            "title": "Mountain Carbon",
            "title_de": "Mountain Carbon",
            "title_fr": "Mountain Carbon",
            "title_fi": "Mountain Carbon",
            "product_source": "collection",
            "collection": "mountain-7-carbon",
            "products": []
          }
        },
        "advertisement_QwrpxM": {
          "type": "advertisement",
          "settings": {
            "ad_link": "shopify://collections/hepha-ebikes",
            "image": "shopify://shop_images/HEPHA-Trekking7_01_grey_7ff138ad-9f41-4981-b752-1bd80fee72c0.jpg",
            "background_color": "#ffffff",
            "background_position": "center center",
            "background_size": "cover",
            "background_align_items": "center",
            "background_padding_top": 20,
            "background_padding_left": 20,
            "background_padding_right": 20,
            "background_padding_bottom": 20,
            "title_1": "<p>Not sure which E-Bike is right for you? Discover and compare our full range of E-Bikes to find the perfect model for your adventures.</p>",
            "title_1_de": "<p>Nicht sicher, welches E-Bike das richtige für Sie ist? Entdecken und vergleichen Sie unser gesamtes Sortiment an E-Bikes, um das perfekte Modell für Ihre Abenteuer zu finden.</p>",
            "title_1_fr": "<p>Vous n’êtes pas sûr de quel vélo électrique est fait pour vous ? Découvrez et comparez notre gamme complète de vélos électriques pour trouver le modèle parfait pour vos aventures.</p>",
            "title_1_fi": "<p>Etkö ole varma, mikä sähköpyörämalli sopii sinulle? Tutustu ja vertaa koko valikoimaamme löytääksesi täydellisen pyörän omaan käyttötarkoitukseesi.</p>",
            "heading_color_1": "#ffffff",
            "heading_size_1": 18,
            "button_label": "Explore all E-Bikes!",
            "button_label_de": "Entdecke alle E-Bikes!",
            "button_label_fr": "Découvrez tous modèles !",
            "button_label_fi": "Tutki koko mallistoa!"
          }
        }
      },
      "block_order": [
        "tab_8xjK4n",
        "tab_9jxFeR",
        "tab_AaAXcb",
        "tab_A3LByQ",
        "tab_MCrDX9",
        "advertisement_QwrpxM"
      ],
      "name": "Custom Product Tabs New",
      "settings": {
        "title": "Explore more HEPHA E-Bikes",
        "title_de": "Entdecken Sie mehr HEPHA E-Bikes",
        "title_fr": "Découvrez d'autres vélos électriques HEPHA",
        "title_fi": "Tutustu lisää HEPHA E-Bike-malleihin"
      }
    }
  },
  "order": [
    "enhance_text_area_Xq3UNd",
    "media_content_section_awWE3J",
    "media_content_section_qbMNbQ",
    "custom_product_tab_new_6ft83Y"
  ]
}
