{
  "sections": {
    "enhance_text_area_xrGtPn": {
      "type": "enhance-text-area",
      "name": "Enhanced Text Area",
      "settings": {
        "section_title": "Mountain 7",
        "section_title_de": "Mountain 7",
        "section_title_fr": "Mountain 7",
        "section_title_fi": "Mountain 7",
        "text_description": "<p>Powerful, robust and versatile: there is hardly any purpose for which our HEPHA Mountain 7 models are not suitable. Whether off-road adventures or effortless everyday riding, the Mountain 7 e-mountainbikes are well equipped for both thanks to their robustness and high-performance drive.</p><p>The Mountain 7 is available in three versions and various color options:</p>",
        "text_description_de": "<p>Leistungsstark, robust und vielseitig: es dürfte wohl kaum einen Einsatzzweck geben, dem unsere HEPHA Mountain 7 Modelle nicht gerecht werden. Ob Abenteuer im Gelände oder die mühelose Fahrt im Alltag, die Mountain 7 E-Mountainbikes sind dank ihrer Robustheit und des performanten Antriebs für beides gut gerüstet.</p><p>Das Mountain 7 ist in drei Versionen und verschiedenen Farboptionen erhältlich:</p>",
        "text_description_fr": "<p>Puissants, robustes et polyvalents : il n'y a guère d'utilisation à laquelle nos modèles HEPHA Mountain 7 ne répondent pas. Qu'il s'agisse d'aventures en tout-terrain ou d'une conduite sans effort au quotidien, les VTT électriques Mountain 7 sont bien équipés pour les deux grâce à leur robustesse et à leur entraînement performant.</p><p>Disponible en trois variantes, Le Mountain 7 vous offre également un choix varié de couleurs:</p>",
        "text_description_fi": "<p>Tehokas, kestävä ja monipuolinen: HEPHA Mountain 7 -mallit sopeutuvat monenlaiseen käyttötarkoitukseen. Olipa kyseessä maastoseikkailut tai vaikka jokapäiväinen työmatka, Mountain 7-sähkömaastopyörä suoriutuu molemmista loistavasti. Kiitos kestävän rakenteen ja huipputason voimansiirron, matka ei keskeydy kuin vasta päämäärässä.</p><p>Mountain 7 on saatavana kolmena eri versiona ja jokainen yksittäinen malli kahdessa eri väriversiossa:</p>",
        "title_font_size": 50,
        "text_font_size": 18,
        "show_item_list": true,
        "layout": "title_left",
        "item_font_size": 16,
        "custom_icon": "solid_dot",
        "title_color": "#000000",
        "text_color": "#333333",
        "icon_color": "#000000"
      }
    },
    "media_content_section_mfKYTG": {
      "type": "media-content-section",
      "blocks": {
        "bike_tab_fGd6yL": {
          "type": "bike_tab",
          "settings": {
            "selected_product": "mountain-7-long-range",
            "description_en": "The \"Long Range\" version is the entry-level Mountain 7 and is designed for maximum range and cost efficiency.",
            "description_de": "Die Version „Long Range“ bildet den Einstieg ins Mountain 7 und ist auf maximale Reichweite und Kosteneffizienz ausgelegt.",
            "description_fr": "La version \"Long Range\" constitue l'entrée de gamme du Mountain 7 et est conçue pour une autonomie maximale et un bon rapport coût-efficacité.",
            "description_fi": "\"Long Range\" -versio on Mountain 7 perusmalli, joka on suunniteltu tarjoamaan maksimaalinen kilometrikantama ja optimaalinen kustannustehokkuus.",
            "hide_banner_header_right": false,
            "tab_1_type": "none",
            "tab_2_type": "none",
            "tab_3_type": "none",
            "tab_1_sub_tab_1_bg_color": "#99cc99",
            "tab_1_sub_tab_1_image": "shopify://shop_images/HEPHA_MY24_Mountain7_LongRange_olive_1_982f7b81-43bf-4f72-aec6-751720ca3722.png",
            "tab_1_sub_tab_2_bg_color": "#cccccc",
            "tab_1_sub_tab_2_image": "shopify://shop_images/HEPHA_MY24_Mountain7_LongRange_lightgrey_1_1723db72-48c7-4b51-baa1-ec2fa8de3460.png",
            "tab_1_sub_tab_3_bg_color": "",
            "tab_1_sub_tab_4_bg_color": "",
            "tab_2_sub_tab_1_bg_color": "",
            "tab_2_sub_tab_2_bg_color": "",
            "tab_2_sub_tab_3_bg_color": "",
            "tab_2_sub_tab_4_bg_color": "",
            "tab_3_sub_tab_1_bg_color": "",
            "tab_3_sub_tab_2_bg_color": "",
            "tab_3_sub_tab_3_bg_color": "",
            "tab_3_sub_tab_4_bg_color": ""
          }
        }
      },
      "block_order": ["bike_tab_fGd6yL"],
      "name": "Media & Content Section",
      "settings": {
        "margin_top": "0",
        "margin_bottom": "0",
        "min_section_height": 700,
        "min_column_height": 700,
        "min_section_height_mobile": 400,
        "min_column_height_mobile": 400,
        "show_media_column": true,
        "media_bg_color": "#ffffff",
        "media_bg_image": "shopify://shop_images/RUD7295_SR_1.jpg",
        "media_bg_video": "",
        "media_position": "center center",
        "media_size": "cover",
        "media_position_setting": "left",
        "mobile_media_position": "top",
        "media_text_bg_color": "",
        "media_text_bg_opacity": 100,
        "media_text_alignment": "center",
        "media_heading": "",
        "media_heading_de": "",
        "media_heading_fr": "",
        "media_heading_fi": "",
        "media_heading_color": "#ffffff",
        "media_desktop_heading_size": 36,
        "media_mobile_heading_size": 24,
        "media_use_h1": false,
        "media_text": "",
        "media_text_de": "",
        "media_text_fr": "",
        "media_text_fi": "",
        "media_text_color": "#ffffff",
        "media_desktop_text_size": 18,
        "media_mobile_text_size": 16,
        "media_enlarge_text": false,
        "media_button1_label": "Button 1",
        "media_button1_label_de": "",
        "media_button1_label_fr": "",
        "media_button1_label_fi": "",
        "media_button1_link": "",
        "media_button1_text_color": "#ffffff",
        "media_button1_bg_color": "#000000",
        "media_button1_border_color": "#000000",
        "media_button1_style": "primary",
        "media_button2_label": "Button 2",
        "media_button2_label_de": "",
        "media_button2_label_fr": "",
        "media_button2_label_fi": "",
        "media_button2_link": "",
        "media_button2_text_color": "#ffffff",
        "media_button2_bg_color": "#000000",
        "media_button2_border_color": "#000000",
        "media_button2_style": "secondary",
        "media_button_alignment": "center",
        "media_desktop_button_size": 18,
        "media_mobile_button_size": 16,
        "content_text_bg_color": "",
        "content_text_bg_opacity": 100,
        "content_bg_color": "#ecf0f1",
        "content_bg_video": "",
        "content_alignment": "left",
        "content_vertical_alignment": "center"
      }
    },
    "media_content_section_3E7gNj": {
      "type": "media-content-section",
      "blocks": {
        "bike_tab_kYEwN4": {
          "type": "bike_tab",
          "settings": {
            "selected_product": "mountain-7-performance",
            "description_en": "The \"Performance\" version of the Mountain 7 offers our best mix of motor performance, features and price.",
            "description_de": "Die Version „Performance“ des Mountain 7 bietet unsere beste Mischung aus Motor-Leistung, Ausstattung und Preis.",
            "description_fr": "La version \"Performance\" du Mountain 7 offre notre meilleur rapport entre la puissance du moteur, l'équipement et le prix.",
            "description_fi": "\"Performance\" -versio Mountain 7-pyörästä tarjoaa parhaan yhdistelmän moottorin suorituskykyä ja teknisiä ominaisuuksia, säilyttäen kuitenkin maltillisen hintatason.",
            "hide_banner_header_right": false,
            "tab_1_type": "none",
            "tab_2_type": "none",
            "tab_3_type": "none",
            "tab_1_sub_tab_1_bg_color": "#7fc6b3",
            "tab_1_sub_tab_1_image": "shopify://shop_images/HEPHA_MY25_Mountain-7_Performance_ardtail_Mint_01.png",
            "tab_1_sub_tab_2_bg_color": "#93b1ba",
            "tab_1_sub_tab_2_image": "shopify://shop_images/HEPHA_MY25_Mountain-7_Ultra_Hard-Tail_01.png",
            "tab_1_sub_tab_3_bg_color": "",
            "tab_1_sub_tab_4_bg_color": "",
            "tab_2_sub_tab_1_bg_color": "",
            "tab_2_sub_tab_2_bg_color": "",
            "tab_2_sub_tab_3_bg_color": "",
            "tab_2_sub_tab_4_bg_color": "",
            "tab_3_sub_tab_1_bg_color": "",
            "tab_3_sub_tab_2_bg_color": "",
            "tab_3_sub_tab_3_bg_color": "",
            "tab_3_sub_tab_4_bg_color": ""
          }
        }
      },
      "block_order": ["bike_tab_kYEwN4"],
      "name": "Media & Content Section",
      "settings": {
        "margin_top": "20",
        "margin_bottom": "0",
        "min_section_height": 700,
        "min_column_height": 700,
        "min_section_height_mobile": 400,
        "min_column_height_mobile": 400,
        "show_media_column": true,
        "media_bg_color": "#ffffff",
        "media_bg_image": "shopify://shop_images/RUD4189_1.jpg",
        "media_bg_video": "",
        "media_position": "center center",
        "media_size": "cover",
        "media_position_setting": "left",
        "mobile_media_position": "top",
        "media_text_bg_color": "",
        "media_text_bg_opacity": 100,
        "media_text_alignment": "center",
        "media_heading": "",
        "media_heading_de": "",
        "media_heading_fr": "",
        "media_heading_fi": "",
        "media_heading_color": "#ffffff",
        "media_desktop_heading_size": 36,
        "media_mobile_heading_size": 24,
        "media_use_h1": false,
        "media_text": "",
        "media_text_de": "",
        "media_text_fr": "",
        "media_text_fi": "",
        "media_text_color": "#ffffff",
        "media_desktop_text_size": 18,
        "media_mobile_text_size": 16,
        "media_enlarge_text": false,
        "media_button1_label": "Button 1",
        "media_button1_label_de": "",
        "media_button1_label_fr": "",
        "media_button1_label_fi": "",
        "media_button1_link": "",
        "media_button1_text_color": "#ffffff",
        "media_button1_bg_color": "#000000",
        "media_button1_border_color": "#000000",
        "media_button1_style": "primary",
        "media_button2_label": "Button 2",
        "media_button2_label_de": "",
        "media_button2_label_fr": "",
        "media_button2_label_fi": "",
        "media_button2_link": "",
        "media_button2_text_color": "#ffffff",
        "media_button2_bg_color": "#000000",
        "media_button2_border_color": "#000000",
        "media_button2_style": "secondary",
        "media_button_alignment": "center",
        "media_desktop_button_size": 18,
        "media_mobile_button_size": 16,
        "content_text_bg_color": "",
        "content_text_bg_opacity": 100,
        "content_bg_color": "#ecf0f1",
        "content_bg_video": "",
        "content_alignment": "left",
        "content_vertical_alignment": "center"
      }
    },
    "media_content_section_hwHibY": {
      "type": "media-content-section",
      "blocks": {
        "bike_tab_cV4mHp": {
          "type": "bike_tab",
          "settings": {
            "selected_product": "mountain-7-ultra",
            "description_en": "The \"Ultra\" marks the top version of the Mountain 7, with maximum motor power, battery size and top features.",
            "description_de": "Das „Ultra“ markiert die Top-Version des Mountain 7, mit höchster Motorleistung, Akkugröße sowie Top-Ausstattung.",
            "description_fr": "La version \"Ultra\" représente le haut de gamme du Mountain 7, avec une puissance moteur et une taille de batterie maximales ainsi qu'un équipement de pointe.",
            "description_fi": "\"Ultra\" on Mountain 7:n huippuversio, jossa on maksimaalinen moottoriteho, akkukapasiteetti ja huipputason komponentit.",
            "hide_banner_header_right": false,
            "tab_1_type": "none",
            "tab_2_type": "none",
            "tab_3_type": "none",
            "tab_1_sub_tab_1_bg_color": "#93b1ba",
            "tab_1_sub_tab_1_image": "shopify://shop_images/HEPHA_MY25_Mountain-7_Ultra_Hard-Tail_01.png",
            "tab_1_sub_tab_2_bg_color": "#7fc6b3",
            "tab_1_sub_tab_2_image": "shopify://shop_images/HEPHA_MY25_Mountain-7_Performance_ardtail_Mint_01.png",
            "tab_1_sub_tab_3_bg_color": "",
            "tab_1_sub_tab_4_bg_color": "",
            "tab_2_sub_tab_1_bg_color": "",
            "tab_2_sub_tab_2_bg_color": "",
            "tab_2_sub_tab_3_bg_color": "",
            "tab_2_sub_tab_4_bg_color": "",
            "tab_3_sub_tab_1_bg_color": "",
            "tab_3_sub_tab_2_bg_color": "",
            "tab_3_sub_tab_3_bg_color": "",
            "tab_3_sub_tab_4_bg_color": ""
          }
        }
      },
      "block_order": ["bike_tab_cV4mHp"],
      "name": "Media & Content Section",
      "settings": {
        "margin_top": "20",
        "margin_bottom": "0",
        "min_section_height": 700,
        "min_column_height": 700,
        "min_section_height_mobile": 400,
        "min_column_height_mobile": 400,
        "show_media_column": true,
        "media_bg_color": "#ffffff",
        "media_bg_image": "shopify://shop_images/Frame_365.jpg",
        "media_bg_video": "",
        "media_position": "center center",
        "media_size": "cover",
        "media_position_setting": "left",
        "mobile_media_position": "top",
        "media_text_bg_color": "",
        "media_text_bg_opacity": 100,
        "media_text_alignment": "center",
        "media_heading": "",
        "media_heading_de": "",
        "media_heading_fr": "",
        "media_heading_fi": "",
        "media_heading_color": "#ffffff",
        "media_desktop_heading_size": 36,
        "media_mobile_heading_size": 24,
        "media_use_h1": false,
        "media_text": "",
        "media_text_de": "",
        "media_text_fr": "",
        "media_text_fi": "",
        "media_text_color": "#ffffff",
        "media_desktop_text_size": 18,
        "media_mobile_text_size": 16,
        "media_enlarge_text": false,
        "media_button1_label": "Button 1",
        "media_button1_label_de": "",
        "media_button1_label_fr": "",
        "media_button1_label_fi": "",
        "media_button1_link": "",
        "media_button1_text_color": "#ffffff",
        "media_button1_bg_color": "#000000",
        "media_button1_border_color": "#000000",
        "media_button1_style": "primary",
        "media_button2_label": "Button 2",
        "media_button2_label_de": "",
        "media_button2_label_fr": "",
        "media_button2_label_fi": "",
        "media_button2_link": "",
        "media_button2_text_color": "#ffffff",
        "media_button2_bg_color": "#000000",
        "media_button2_border_color": "#000000",
        "media_button2_style": "secondary",
        "media_button_alignment": "center",
        "media_desktop_button_size": 18,
        "media_mobile_button_size": 16,
        "content_text_bg_color": "",
        "content_text_bg_opacity": 100,
        "content_bg_color": "#ecf0f1",
        "content_bg_video": "",
        "content_alignment": "left",
        "content_vertical_alignment": "center"
      }
    },
    "custom_product_tab_new_xAhJxq": {
      "type": "custom-product-tab-new",
      "blocks": {
        "tab_zq9gbc": {
          "type": "tab",
          "settings": {
            "title": "Sale",
            "title_de": "Sale",
            "title_fr": "Sale",
            "title_fi": "Sale",
            "product_source": "collection",
            "collection": "trekking-7-my23",
            "products": []
          }
        },
        "tab_yyazmV": {
          "type": "tab",
          "settings": {
            "title": "City",
            "title_de": "City",
            "title_fr": "City",
            "title_fi": "City",
            "product_source": "collection",
            "collection": "city-e-bike",
            "products": []
          }
        },
        "tab_pGpkQj": {
          "type": "tab",
          "settings": {
            "title": "Trekking",
            "title_de": "Trekking",
            "title_fr": "Trekking",
            "title_fi": "Trekking",
            "product_source": "collection",
            "collection": "new-bike-2024",
            "products": []
          }
        },
        "tab_7Ui66E": {
          "type": "tab",
          "settings": {
            "title": "Mountain",
            "title_de": "Mountain",
            "title_fr": "Mountain",
            "title_fi": "Mountain",
            "product_source": "collection",
            "collection": "mountain-7-2024",
            "products": []
          }
        },
        "tab_qUiErG": {
          "type": "tab",
          "settings": {
            "title": "Mountain Carbon",
            "title_de": "Mountain Carbon",
            "title_fr": "Mountain Carbon",
            "title_fi": "Mountain Carbon",
            "product_source": "collection",
            "collection": "mountain-7-carbon",
            "products": []
          }
        },
        "advertisement_Qe3G3A": {
          "type": "advertisement",
          "settings": {
            "ad_link": "shopify://collections/hepha-ebikes",
            "image": "shopify://shop_images/HEPHA-Trekking7_01_grey_7ff138ad-9f41-4981-b752-1bd80fee72c0.jpg",
            "background_color": "#ffffff",
            "background_position": "center center",
            "background_size": "cover",
            "background_align_items": "center",
            "background_padding_top": 20,
            "background_padding_left": 20,
            "background_padding_right": 20,
            "background_padding_bottom": 20,
            "title_1": "<p>Not sure which E-Bike is right for you? Discover and compare our full range of E-Bikes to find the perfect model for your adventures.</p>",
            "title_1_de": "<p>Nicht sicher, welches E-Bike das richtige für Sie ist? Entdecken und vergleichen Sie unser gesamtes Sortiment an E-Bikes, um das perfekte Modell für Ihre Abenteuer zu finden.</p>",
            "title_1_fr": "<p>Vous n’êtes pas sûr de quel vélo électrique est fait pour vous ? Découvrez et comparez notre gamme complète de vélos électriques pour trouver le modèle parfait pour vos aventures.</p>",
            "title_1_fi": "<p>Etkö ole varma, mikä sähköpyörämalli sopii sinulle? Tutustu ja vertaa koko valikoimaamme löytääksesi täydellisen pyörän omaan käyttötarkoitukseesi.</p>",
            "heading_color_1": "#ffffff",
            "heading_size_1": 18,
            "button_label": "Explore all E-Bikes!",
            "button_label_de": "Entdecke alle E-Bikes!",
            "button_label_fr": "Découvrez tous modèles !",
            "button_label_fi": "Tutki koko mallistoa!"
          }
        }
      },
      "block_order": [
        "tab_zq9gbc",
        "tab_yyazmV",
        "tab_pGpkQj",
        "tab_7Ui66E",
        "tab_qUiErG",
        "advertisement_Qe3G3A"
      ],
      "name": "Custom Product Tabs New",
      "settings": {
        "title": "Explore more HEPHA E-Bikes",
        "title_de": "Entdecken Sie mehr HEPHA E-Bikes",
        "title_fr": "Découvrez d'autres vélos électriques HEPHA",
        "title_fi": "Tutustu lisää HEPHA E-Bike-malleihin"
      }
    }
  },
  "order": [
    "enhance_text_area_xrGtPn",
    "media_content_section_mfKYTG",
    "media_content_section_3E7gNj",
    "media_content_section_hwHibY",
    "custom_product_tab_new_xAhJxq"
  ]
}
