{
  "sections": {
    "enhance_text_area_A9RTxH": {
      "type": "enhance-text-area",
      "name": "Enhanced Text Area",
      "settings": {
        "section_title": "Trekking 7",
        "section_title_de": "Trekking 7",
        "section_title_fr": "Trekking 7",
        "section_title_fi": "Trekking 7",
        "text_description": "<p>Our HEPHA Trekking 7 models are real all-rounders. The combination of full equipment, comfortable seating position and powerful drive make these stylish e-bikes the perfect companions for leisure and everyday use. Whether it's a tour at the weekend, the daily commute to work or all of the above, your HEPHA Trekking 7 will reliably get you to your destination.</p><p>The Trekking 7 is available in three versions and in various frame and color options:</p>",
        "text_description_de": "<p>Unsere HEPHA Trekking 7 Modelle sind echte Alleskönner. Die Kombination aus vollständiger Ausstattung, komfortabler Sitzposition sowie dem kraftvollen Antrieb machen die schicken E-Bikes zu perfekten Begleitern für Freizeit und Alltag. Egal ob Tour am Wochenende, die tägliche Fahrt in die Arbeit oder alles zusammen, Ihr HEPHA Trekking 7 bringt Sie zuverlässig ans Ziel. </p><p>Das Trekking 7 ist in drei Versionen und in verschiedenen Rahmen- und Farboptionen erhältlich:</p>",
        "text_description_fr": "<p>Nos modèles HEPHA Trekking 7 sont de véritables multitalents. La combinaison d'un équipement complet, d'une position assise confortable et d'une propulsion puissante fait de ces vélos électriques chics des compagnons parfaits pour les loisirs et la vie quotidienne. Qu'il s'agisse d'un tour le week-end, d'un trajet quotidien au travail ou de tout cela à la fois, votre HEPHA Trekking 7 vous mènera à destination en toute fiabilité. </p><p>Le Trekking 7 est disponible en trois versions et en différentes options de cadre et de couleur :</p>",
        "text_description_fi": "<p>\"HEPHA Trekking 7-mallit ovat todellisia monitoimipyöriä. Täydellisen varustuksen, mukavan ajoasennon ja tehokkaan moottorin yhdistelmä tekee näistä tyylikkäistä sähköpyöristä täydellisiä kumppaneita vapaa-aikaan ja arkeen. Olipa kyseessä viikonloppuretki tai päivittäinen työmatka, on HEPHA Trekking 7 luotettava matkakumppanisi. </p><p>Trekking 7 on saatavana kolmena eri versiona ja useana eri runko- ja värivariaationa:</p>",
        "title_font_size": 50,
        "text_font_size": 18,
        "show_item_list": false,
        "layout": "title_left",
        "item_font_size": 16,
        "custom_icon": "solid_dot",
        "title_color": "#000000",
        "text_color": "#333333",
        "icon_color": "#000000"
      }
    },
    "media_content_section_3CkaYn": {
      "type": "media-content-section",
      "blocks": {
        "bike_tab_zP4yDe": {
          "type": "bike_tab",
          "settings": {
            "selected_product": "my24-trekking-7-long-range",
            "description_en": "The \"Long Range\" version is the entry-level Trekking 7 and is designed for maximum range and cost efficiency.",
            "description_de": "Die Version „Long Range“ bildet den Einstieg ins Trekking 7 und ist auf maximale Reichweite und Kosteneffizienz ausgelegt.",
            "description_fr": "La version \"Long Range\" constitue l'entrée de gamme du Trekking 7 et est conçue pour une autonomie et une rentabilité maximales.",
            "description_fi": "\"Long Range\" -versio on Trekking 7 perusmalli, joka on suunniteltu tarjoamaan maksimaalinen kilometrikantama ja optimaalinen kustannustehokkuus.",
            "hide_banner_header_right": false,
            "tab_1_type": "step_through",
            "tab_2_type": "low_step",
            "tab_3_type": "high_step",
            "tab_1_sub_tab_1_bg_color": "#99cc99",
            "tab_1_sub_tab_1_image": "shopify://shop_images/HEPHA_MY24_Trekking7_LongRange_StepThrough_moos_1_790d55d0-da11-4fd1-850f-94de487ed3f1.png",
            "tab_1_sub_tab_2_bg_color": "#747373",
            "tab_1_sub_tab_2_image": "shopify://shop_images/HEPHA_MY24_Trekking7_LongRange_StepThrough_anthr_1_76261934-9b7e-47fa-a4af-bf133bd78d79.png",
            "tab_1_sub_tab_3_bg_color": "",
            "tab_1_sub_tab_4_bg_color": "",
            "tab_2_sub_tab_1_bg_color": "#99cc99",
            "tab_2_sub_tab_1_image": "shopify://shop_images/HEPHA_MY24_Trekking7_LongRange_LowStep_moos_1_e87becf1-ce43-4c5e-bf8a-66ee9ff7ccad.png",
            "tab_2_sub_tab_2_bg_color": "#747373",
            "tab_2_sub_tab_2_image": "shopify://shop_images/HEPHA_MY24_Trekking7_LongRange_LowStep_anthr_1_51411723-5507-4abd-b13e-f7dc906fd5bb.png",
            "tab_2_sub_tab_3_bg_color": "",
            "tab_2_sub_tab_4_bg_color": "",
            "tab_3_sub_tab_1_bg_color": "#99cc99",
            "tab_3_sub_tab_1_image": "shopify://shop_images/HEPHA_MY24_Trekking7_LongRange_HighStep_moos_1_be497076-5b96-4f4b-a471-d4002e888985.png",
            "tab_3_sub_tab_2_bg_color": "#747373",
            "tab_3_sub_tab_2_image": "shopify://shop_images/HEPHA_MY24_Trekking7_LongRange_HighStep_anthr_1_89d5cd88-b1f7-4d4d-aced-a4929225b4c5.png",
            "tab_3_sub_tab_3_bg_color": "",
            "tab_3_sub_tab_4_bg_color": ""
          }
        }
      },
      "block_order": ["bike_tab_zP4yDe"],
      "name": "Media & Content Section",
      "settings": {
        "margin_top": "0",
        "margin_bottom": "0",
        "min_section_height": 700,
        "min_column_height": 700,
        "min_section_height_mobile": 400,
        "min_column_height_mobile": 400,
        "show_media_column": true,
        "media_bg_color": "#ffffff",
        "media_bg_image": "shopify://shop_images/RUD7295_SR_d4acb43c-4e28-4bba-834f-0075f68f78c3.jpg",
        "media_bg_video": "",
        "media_position": "center center",
        "media_size": "cover",
        "media_position_setting": "left",
        "mobile_media_position": "below",
        "media_text_bg_color": "",
        "media_text_bg_opacity": 100,
        "media_text_alignment": "center",
        "media_heading": "",
        "media_heading_de": "",
        "media_heading_fr": "",
        "media_heading_fi": "",
        "media_heading_color": "#ffffff",
        "media_desktop_heading_size": 36,
        "media_mobile_heading_size": 24,
        "media_use_h1": false,
        "media_text": "",
        "media_text_de": "",
        "media_text_fr": "",
        "media_text_fi": "",
        "media_text_color": "#ffffff",
        "media_desktop_text_size": 18,
        "media_mobile_text_size": 16,
        "media_enlarge_text": false,
        "media_text_content_bg_color": "#ffffff",
        "media_text_content_bg_opacity": 100,
        "media_button1_label": "Button 1",
        "media_button1_label_de": "",
        "media_button1_label_fr": "",
        "media_button1_label_fi": "",
        "media_button1_link": "",
        "media_button1_text_color": "#ffffff",
        "media_button1_bg_color": "#000000",
        "media_button1_border_color": "#000000",
        "media_button1_style": "primary",
        "media_button2_label": "Button 2",
        "media_button2_label_de": "",
        "media_button2_label_fr": "",
        "media_button2_label_fi": "",
        "media_button2_link": "",
        "media_button2_text_color": "#ffffff",
        "media_button2_bg_color": "#000000",
        "media_button2_border_color": "#000000",
        "media_button2_style": "secondary",
        "media_button_alignment": "center",
        "media_desktop_button_size": 18,
        "media_mobile_button_size": 16,
        "content_text_bg_color": "",
        "content_text_bg_opacity": 100,
        "content_bg_color": "#ecf0f1",
        "content_bg_video": "",
        "content_alignment": "left",
        "content_vertical_alignment": "center"
      }
    },
    "media_content_section_NYaiki": {
      "type": "media-content-section",
      "blocks": {
        "bike_tab_D8cmpP": {
          "type": "bike_tab",
          "settings": {
            "selected_product": "trekking-7-performance",
            "description_en": "The \"Performance\" version of the Trekking 7 offers our best mix of motor performance, equipment and price.",
            "description_de": "Die Version „Performance“ bietet die beste Mischung aus Motorleistung, Ausstattung und Preis.",
            "description_fr": "La version \"Performance\" du Trekking 7 offre notre meilleur mélange de performance du moteur, d'équipement et de prix.",
            "description_fi": "\"Performance\" -versio Trekking 7-pyörästä tarjoaa parhaan yhdistelmän moottorin suorituskykyä ja teknisiä ominaisuuksia, säilyttäen kuitenkin maltillisen hintatason.",
            "hide_banner_header_right": false,
            "tab_1_type": "step_through",
            "tab_2_type": "low_step",
            "tab_3_type": "high_step",
            "tab_1_sub_tab_1_bg_color": "#cfc1b1",
            "tab_1_sub_tab_1_image": "shopify://shop_images/HEPHA_MY24_Trekking7_Performance_StepThrough_1_98799c08-21e4-40f9-877c-e0d6d5251d5c.png",
            "tab_1_sub_tab_2_bg_color": "#929492",
            "tab_1_sub_tab_2_image": "shopify://shop_images/HEPHA_MY24_Trekking7_Ultra_StepThrough_1_f9b07f58-ce27-4081-b080-ff014b41eda3.png",
            "tab_1_sub_tab_3_bg_color": "",
            "tab_1_sub_tab_4_bg_color": "",
            "tab_2_sub_tab_1_bg_color": "#cfc1b1",
            "tab_2_sub_tab_1_image": "shopify://shop_images/HEPHA_MY24_Trekking7_Performance_Lowstep_1_b2ee5859-ee63-4638-ad75-faa3b417a73e.png",
            "tab_2_sub_tab_2_bg_color": "#929492",
            "tab_2_sub_tab_2_image": "shopify://shop_images/HEPHA_MY24_Trekking7_Ultra_Lowstep_1_d3bdc7ab-bfa5-4ae8-872e-3000f37790fa.png",
            "tab_2_sub_tab_3_bg_color": "",
            "tab_2_sub_tab_4_bg_color": "",
            "tab_3_sub_tab_1_bg_color": "#cfc1b1",
            "tab_3_sub_tab_1_image": "shopify://shop_images/HEPHA_MY24_Trekking7_Performance_HighStep_1_d2df610b-dc45-407d-9495-80632dbe1e0f.png",
            "tab_3_sub_tab_2_bg_color": "#929492",
            "tab_3_sub_tab_2_image": "shopify://shop_images/HEPHA_MY24_Trekking7_Ultra_HighStep_1_d1dd206a-884c-4d33-b229-f77b08e51148.png",
            "tab_3_sub_tab_3_bg_color": "",
            "tab_3_sub_tab_4_bg_color": ""
          }
        }
      },
      "block_order": ["bike_tab_D8cmpP"],
      "name": "Media & Content Section",
      "settings": {
        "margin_top": "20",
        "margin_bottom": "0",
        "min_section_height": 700,
        "min_column_height": 700,
        "min_section_height_mobile": 400,
        "min_column_height_mobile": 400,
        "show_media_column": true,
        "media_bg_color": "#ffffff",
        "media_bg_image": "shopify://shop_images/Frame_212.jpg",
        "media_bg_video": "",
        "media_position": "center center",
        "media_size": "cover",
        "media_position_setting": "left",
        "mobile_media_position": "below",
        "media_text_bg_color": "",
        "media_text_bg_opacity": 100,
        "media_text_alignment": "center",
        "media_heading": "",
        "media_heading_de": "",
        "media_heading_fr": "",
        "media_heading_fi": "",
        "media_heading_color": "#ffffff",
        "media_desktop_heading_size": 36,
        "media_mobile_heading_size": 24,
        "media_use_h1": false,
        "media_text": "",
        "media_text_de": "",
        "media_text_fr": "",
        "media_text_fi": "",
        "media_text_color": "#ffffff",
        "media_desktop_text_size": 18,
        "media_mobile_text_size": 16,
        "media_enlarge_text": false,
        "media_text_content_bg_color": "#ffffff",
        "media_text_content_bg_opacity": 100,
        "media_button1_label": "Button 1",
        "media_button1_label_de": "",
        "media_button1_label_fr": "",
        "media_button1_label_fi": "",
        "media_button1_link": "",
        "media_button1_text_color": "#ffffff",
        "media_button1_bg_color": "#000000",
        "media_button1_border_color": "#000000",
        "media_button1_style": "primary",
        "media_button2_label": "Button 2",
        "media_button2_label_de": "",
        "media_button2_label_fr": "",
        "media_button2_label_fi": "",
        "media_button2_link": "",
        "media_button2_text_color": "#ffffff",
        "media_button2_bg_color": "#000000",
        "media_button2_border_color": "#000000",
        "media_button2_style": "secondary",
        "media_button_alignment": "center",
        "media_desktop_button_size": 18,
        "media_mobile_button_size": 16,
        "content_text_bg_color": "",
        "content_text_bg_opacity": 100,
        "content_bg_color": "#ecf0f1",
        "content_bg_video": "",
        "content_alignment": "left",
        "content_vertical_alignment": "center"
      }
    },
    "media_content_section_VRjtid": {
      "type": "media-content-section",
      "blocks": {
        "bike_tab_pHQDdW": {
          "type": "bike_tab",
          "settings": {
            "selected_product": "trekking-7-ultra",
            "description_en": "The \"Performance\" version of the Trekking 7 offers our best mix of motor performance, equipment and price.",
            "description_de": "Die Version „Performance“ bietet die beste Mischung aus Motorleistung, Ausstattung und Preis.",
            "description_fr": "La version \"Performance\" du Trekking 7 offre notre meilleur mélange de performance du moteur, d'équipement et de prix.",
            "description_fi": "\"Performance\" -versio Trekking 7-pyörästä tarjoaa parhaan yhdistelmän moottorin suorituskykyä ja teknisiä ominaisuuksia, säilyttäen kuitenkin maltillisen hintatason.",
            "hide_banner_header_right": false,
            "tab_1_type": "step_through",
            "tab_2_type": "low_step",
            "tab_3_type": "high_step",
            "tab_1_sub_tab_1_bg_color": "#929492",
            "tab_1_sub_tab_1_image": "shopify://shop_images/HEPHA_MY24_Trekking7_Ultra_StepThrough_1_06b7b607-8262-4191-a134-a0b6855ad08b.png",
            "tab_1_sub_tab_2_bg_color": "#cfc1b1",
            "tab_1_sub_tab_2_image": "shopify://shop_images/HEPHA_MY24_Trekking7_Performance_StepThrough_1_98799c08-21e4-40f9-877c-e0d6d5251d5c.png",
            "tab_1_sub_tab_3_bg_color": "",
            "tab_1_sub_tab_4_bg_color": "",
            "tab_2_sub_tab_1_bg_color": "#929492",
            "tab_2_sub_tab_1_image": "shopify://shop_images/HEPHA_MY24_Trekking7_Ultra_Lowstep_1_d3bdc7ab-bfa5-4ae8-872e-3000f37790fa.png",
            "tab_2_sub_tab_2_bg_color": "#cfc1b1",
            "tab_2_sub_tab_2_image": "shopify://shop_images/HEPHA_MY24_Trekking7_Performance_Lowstep_1_b2ee5859-ee63-4638-ad75-faa3b417a73e.png",
            "tab_2_sub_tab_3_bg_color": "",
            "tab_2_sub_tab_4_bg_color": "",
            "tab_3_sub_tab_1_bg_color": "#929492",
            "tab_3_sub_tab_1_image": "shopify://shop_images/HEPHA_MY24_Trekking7_Ultra_HighStep_1_d1dd206a-884c-4d33-b229-f77b08e51148.png",
            "tab_3_sub_tab_2_bg_color": "#cfc1b1",
            "tab_3_sub_tab_2_image": "shopify://shop_images/HEPHA_MY24_Trekking7_Performance_HighStep_1_d2df610b-dc45-407d-9495-80632dbe1e0f.png",
            "tab_3_sub_tab_3_bg_color": "",
            "tab_3_sub_tab_4_bg_color": ""
          }
        }
      },
      "block_order": ["bike_tab_pHQDdW"],
      "name": "Media & Content Section",
      "settings": {
        "margin_top": "20",
        "margin_bottom": "0",
        "min_section_height": 700,
        "min_column_height": 700,
        "min_section_height_mobile": 400,
        "min_column_height_mobile": 400,
        "show_media_column": true,
        "media_bg_color": "#ffffff",
        "media_bg_image": "shopify://shop_images/RUD5559_SR_1_4b76afdb-751a-4498-8997-1ba8ba075be5.jpg",
        "media_bg_video": "",
        "media_position": "center center",
        "media_size": "cover",
        "media_position_setting": "left",
        "mobile_media_position": "below",
        "media_text_bg_color": "",
        "media_text_bg_opacity": 100,
        "media_text_alignment": "center",
        "media_heading": "",
        "media_heading_de": "",
        "media_heading_fr": "",
        "media_heading_fi": "",
        "media_heading_color": "#ffffff",
        "media_desktop_heading_size": 36,
        "media_mobile_heading_size": 24,
        "media_use_h1": false,
        "media_text": "",
        "media_text_de": "",
        "media_text_fr": "",
        "media_text_fi": "",
        "media_text_color": "#ffffff",
        "media_desktop_text_size": 18,
        "media_mobile_text_size": 16,
        "media_enlarge_text": false,
        "media_text_content_bg_color": "#ffffff",
        "media_text_content_bg_opacity": 100,
        "media_button1_label": "Button 1",
        "media_button1_label_de": "",
        "media_button1_label_fr": "",
        "media_button1_label_fi": "",
        "media_button1_link": "",
        "media_button1_text_color": "#ffffff",
        "media_button1_bg_color": "#000000",
        "media_button1_border_color": "#000000",
        "media_button1_style": "primary",
        "media_button2_label": "Button 2",
        "media_button2_label_de": "",
        "media_button2_label_fr": "",
        "media_button2_label_fi": "",
        "media_button2_link": "",
        "media_button2_text_color": "#ffffff",
        "media_button2_bg_color": "#000000",
        "media_button2_border_color": "#000000",
        "media_button2_style": "secondary",
        "media_button_alignment": "center",
        "media_desktop_button_size": 18,
        "media_mobile_button_size": 16,
        "content_text_bg_color": "",
        "content_text_bg_opacity": 100,
        "content_bg_color": "#ecf0f1",
        "content_bg_video": "",
        "content_alignment": "left",
        "content_vertical_alignment": "center"
      }
    },
    "media_content_section_kJAtwG": {
      "type": "media-content-section",
      "blocks": {
        "bike_tab_kVDr7x": {
          "type": "bike_tab",
          "settings": {
            "selected_product": "trekking-7-se-long-range",
            "description_en": "The \"Long Range\" version is the entry-level Trekking 7 and is designed for maximum range and cost efficiency.",
            "description_de": "Die Version „Long Range“ bildet den Einstieg ins Trekking 7 und ist auf maximale Reichweite und Kosteneffizienz ausgelegt.",
            "description_fr": "La version \"Long Range\" constitue l'entrée de gamme du Trekking 7 et est conçue pour une autonomie et une rentabilité maximales.",
            "description_fi": "\"Long Range SE\" -versio on Trekking 7:n rajoitetusti saatavilla oleva perusmalli, joka on suunniteltu tarjoamaan maksimaalinen kilometrikantama ja optimaalinen kustannustehokkuus.",
            "hide_banner_header_right": false,
            "tab_1_type": "none",
            "tab_2_type": "none",
            "tab_3_type": "none",
            "tab_1_sub_tab_1_bg_color": "#c6c7c7",
            "tab_1_sub_tab_1_image": "shopify://shop_images/Hepha_Trekking7_LongRange_High_LightGrey_Side_1756df3d-023a-425a-ac34-5efcb441a5d1.png",
            "tab_1_sub_tab_2_bg_color": "#9f9999",
            "tab_1_sub_tab_2_image": "shopify://shop_images/Hepha_Trekking7_LongRange_High_Black_Side_ef0bf02e-24f0-4296-b7ee-a18335c4f79c.png",
            "tab_1_sub_tab_3_bg_color": "",
            "tab_1_sub_tab_4_bg_color": "",
            "tab_2_sub_tab_1_bg_color": "rgba(0,0,0,0)",
            "tab_2_sub_tab_2_bg_color": "rgba(0,0,0,0)",
            "tab_2_sub_tab_3_bg_color": "",
            "tab_2_sub_tab_4_bg_color": "",
            "tab_3_sub_tab_1_bg_color": "rgba(0,0,0,0)",
            "tab_3_sub_tab_2_bg_color": "rgba(0,0,0,0)",
            "tab_3_sub_tab_3_bg_color": "",
            "tab_3_sub_tab_4_bg_color": ""
          }
        }
      },
      "block_order": ["bike_tab_kVDr7x"],
      "name": "Media & Content Section",
      "settings": {
        "margin_top": "20",
        "margin_bottom": "0",
        "min_section_height": 700,
        "min_column_height": 700,
        "min_section_height_mobile": 400,
        "min_column_height_mobile": 400,
        "show_media_column": true,
        "media_bg_color": "#ffffff",
        "media_bg_image": "shopify://shop_images/image-4_6effb223-5f16-4677-a4bf-2478febbd3c1.jpg",
        "media_bg_video": "",
        "media_position": "center center",
        "media_size": "cover",
        "media_position_setting": "left",
        "mobile_media_position": "below",
        "media_text_bg_color": "",
        "media_text_bg_opacity": 100,
        "media_text_alignment": "center",
        "media_heading": "",
        "media_heading_de": "",
        "media_heading_fr": "",
        "media_heading_fi": "",
        "media_heading_color": "#ffffff",
        "media_desktop_heading_size": 36,
        "media_mobile_heading_size": 24,
        "media_use_h1": false,
        "media_text": "",
        "media_text_de": "",
        "media_text_fr": "",
        "media_text_fi": "",
        "media_text_color": "#ffffff",
        "media_desktop_text_size": 18,
        "media_mobile_text_size": 16,
        "media_enlarge_text": false,
        "media_text_content_bg_color": "#ffffff",
        "media_text_content_bg_opacity": 100,
        "media_button1_label": "Button 1",
        "media_button1_label_de": "",
        "media_button1_label_fr": "",
        "media_button1_label_fi": "",
        "media_button1_link": "",
        "media_button1_text_color": "#ffffff",
        "media_button1_bg_color": "#000000",
        "media_button1_border_color": "#000000",
        "media_button1_style": "primary",
        "media_button2_label": "Button 2",
        "media_button2_label_de": "",
        "media_button2_label_fr": "",
        "media_button2_label_fi": "",
        "media_button2_link": "",
        "media_button2_text_color": "#ffffff",
        "media_button2_bg_color": "#000000",
        "media_button2_border_color": "#000000",
        "media_button2_style": "secondary",
        "media_button_alignment": "center",
        "media_desktop_button_size": 18,
        "media_mobile_button_size": 16,
        "content_text_bg_color": "",
        "content_text_bg_opacity": 100,
        "content_bg_color": "#ecf0f1",
        "content_bg_video": "",
        "content_alignment": "left",
        "content_vertical_alignment": "center"
      }
    },
    "media_content_section_iayM6z": {
      "type": "media-content-section",
      "blocks": {
        "bike_tab_AM69TV": {
          "type": "bike_tab",
          "settings": {
            "selected_product": "trekking-7-se-ultra",
            "description_en": "The \"Ultra\" marks the top version of the Trekking 7, with maximum motor power, battery size and top equipment.",
            "description_de": "Das „Ultra“ markiert die Top-Version des Trekking 7, mit höchster Motorleistung, Akkugröße sowie Top-Ausstattung.",
            "description_fr": "La version \\\"Ultr\" est la version haut de gamme du Trekking 7, avec un puissant moteur et une taille de batterie maximales ainsi qu'un équipement de pointe.",
            "description_fi": "\"Ultra SE\" -versio on Trekking 7:n rajoitetusti saatavilla oleva huippuversio, jossa on maksimaalinen moottoriteho, akkukapasiteetti ja huipputason komponentit.",
            "hide_banner_header_right": false,
            "tab_1_type": "low_step",
            "tab_2_type": "high_step",
            "tab_3_type": "none",
            "tab_1_sub_tab_1_bg_color": "#929492",
            "tab_1_sub_tab_1_image": "shopify://shop_images/Hepha_Trekking7_Performance_High_Grey_Side_3982d3f7-33fa-4472-b92b-ac3ed5fa3cd9.png",
            "tab_1_sub_tab_2_bg_color": "#cfc1b1",
            "tab_1_sub_tab_2_image": "shopify://shop_images/Hepha_Trekking7_Performance_High_Sand_Side_d97b5997-3a02-4211-a56e-7d64354f78b3_1.png",
            "tab_1_sub_tab_3_bg_color": "",
            "tab_1_sub_tab_4_bg_color": "",
            "tab_2_sub_tab_1_bg_color": "#929492",
            "tab_2_sub_tab_1_image": "shopify://shop_images/Hepha_Trekking7_Performance_High_Grey_Side_3982d3f7-33fa-4472-b92b-ac3ed5fa3cd9.png",
            "tab_2_sub_tab_2_bg_color": "#cfc1b1",
            "tab_2_sub_tab_2_image": "shopify://shop_images/Hepha_Trekking7_Performance_High_Sand_Side_d97b5997-3a02-4211-a56e-7d64354f78b3_1.png",
            "tab_2_sub_tab_3_bg_color": "",
            "tab_2_sub_tab_4_bg_color": "",
            "tab_3_sub_tab_1_bg_color": "rgba(0,0,0,0)",
            "tab_3_sub_tab_2_bg_color": "rgba(0,0,0,0)",
            "tab_3_sub_tab_3_bg_color": "",
            "tab_3_sub_tab_4_bg_color": ""
          }
        }
      },
      "block_order": ["bike_tab_AM69TV"],
      "name": "Media & Content Section",
      "settings": {
        "margin_top": "20",
        "margin_bottom": "0",
        "min_section_height": 700,
        "min_column_height": 700,
        "min_section_height_mobile": 400,
        "min_column_height_mobile": 400,
        "show_media_column": true,
        "media_bg_color": "#ffffff",
        "media_bg_image": "shopify://shop_images/two2.png",
        "media_bg_video": "",
        "media_position": "center center",
        "media_size": "cover",
        "media_position_setting": "left",
        "mobile_media_position": "below",
        "media_text_bg_color": "",
        "media_text_bg_opacity": 100,
        "media_text_alignment": "center",
        "media_heading": "",
        "media_heading_de": "",
        "media_heading_fr": "",
        "media_heading_fi": "",
        "media_heading_color": "#ffffff",
        "media_desktop_heading_size": 36,
        "media_mobile_heading_size": 24,
        "media_use_h1": false,
        "media_text": "",
        "media_text_de": "",
        "media_text_fr": "",
        "media_text_fi": "",
        "media_text_color": "#ffffff",
        "media_desktop_text_size": 18,
        "media_mobile_text_size": 16,
        "media_enlarge_text": false,
        "media_text_content_bg_color": "#ffffff",
        "media_text_content_bg_opacity": 100,
        "media_button1_label": "Button 1",
        "media_button1_label_de": "",
        "media_button1_label_fr": "",
        "media_button1_label_fi": "",
        "media_button1_link": "",
        "media_button1_text_color": "#ffffff",
        "media_button1_bg_color": "#000000",
        "media_button1_border_color": "#000000",
        "media_button1_style": "primary",
        "media_button2_label": "Button 2",
        "media_button2_label_de": "",
        "media_button2_label_fr": "",
        "media_button2_label_fi": "",
        "media_button2_link": "",
        "media_button2_text_color": "#ffffff",
        "media_button2_bg_color": "#000000",
        "media_button2_border_color": "#000000",
        "media_button2_style": "secondary",
        "media_button_alignment": "center",
        "media_desktop_button_size": 18,
        "media_mobile_button_size": 16,
        "content_text_bg_color": "",
        "content_text_bg_opacity": 100,
        "content_bg_color": "#ecf0f1",
        "content_bg_video": "",
        "content_alignment": "left",
        "content_vertical_alignment": "center"
      }
    },
    "custom_product_tab_new_H8e6zL": {
      "type": "custom-product-tab-new",
      "blocks": {
        "tab_L8GEWc": {
          "type": "tab",
          "settings": {
            "title": "Sale",
            "title_de": "Sale",
            "title_fr": "Sale",
            "title_fi": "Sale",
            "product_source": "collection",
            "collection": "trekking-7-my23",
            "products": []
          }
        },
        "tab_rCnbXq": {
          "type": "tab",
          "settings": {
            "title": "City",
            "title_de": "City",
            "title_fr": "City",
            "title_fi": "City",
            "product_source": "collection",
            "collection": "city-e-bike",
            "products": []
          }
        },
        "tab_cEUyJw": {
          "type": "tab",
          "settings": {
            "title": "Trekking",
            "title_de": "Trekking",
            "title_fr": "Trekking",
            "title_fi": "Trekking",
            "product_source": "collection",
            "collection": "new-bike-2024",
            "products": []
          }
        },
        "tab_jrPfd9": {
          "type": "tab",
          "settings": {
            "title": "Mountain",
            "title_de": "Mountain",
            "title_fr": "Mountain",
            "title_fi": "Mountain",
            "product_source": "collection",
            "collection": "mountain-7-2024",
            "products": []
          }
        },
        "tab_PYwYXh": {
          "type": "tab",
          "settings": {
            "title": "Mountain Carbon",
            "title_de": "Mountain Carbon",
            "title_fr": "Mountain Carbon",
            "title_fi": "Mountain Carbon",
            "product_source": "collection",
            "collection": "mountain-7-carbon",
            "products": []
          }
        },
        "advertisement_zbfKjq": {
          "type": "advertisement",
          "settings": {
            "ad_link": "shopify://collections/hepha-ebikes",
            "image": "shopify://shop_images/HEPHA-Trekking7_01_grey_7ff138ad-9f41-4981-b752-1bd80fee72c0.jpg",
            "background_color": "#ffffff",
            "background_position": "center center",
            "background_size": "cover",
            "background_align_items": "center",
            "background_padding_top": 20,
            "background_padding_left": 20,
            "background_padding_right": 20,
            "background_padding_bottom": 20,
            "title_1": "<p>Not sure which E-Bike is right for you? Discover and compare our full range of E-Bikes to find the perfect model for your adventures.</p>",
            "title_1_de": "<p>Nicht sicher, welches E-Bike das richtige für Sie ist? Entdecken und vergleichen Sie unser gesamtes Sortiment an E-Bikes, um das perfekte Modell für Ihre Abenteuer zu finden.</p>",
            "title_1_fr": "<p>Vous n’êtes pas sûr de quel vélo électrique est fait pour vous ? Découvrez et comparez notre gamme complète de vélos électriques pour trouver le modèle parfait pour vos aventures.</p>",
            "title_1_fi": "<p>Etkö ole varma, mikä sähköpyörämalli sopii sinulle? Tutustu ja vertaa koko valikoimaamme löytääksesi täydellisen pyörän omaan käyttötarkoitukseesi.</p>",
            "heading_color_1": "#ffffff",
            "heading_size_1": 18,
            "button_label": "Explore all E-Bikes!",
            "button_label_de": "Entdecke alle E-Bikes!",
            "button_label_fr": "Découvrez tous modèles !",
            "button_label_fi": "Tutki koko mallistoa!"
          }
        }
      },
      "block_order": [
        "tab_L8GEWc",
        "tab_rCnbXq",
        "tab_cEUyJw",
        "tab_jrPfd9",
        "tab_PYwYXh",
        "advertisement_zbfKjq"
      ],
      "name": "Custom Product Tabs New",
      "settings": {
        "title": "Explore more HEPHA E-Bikes",
        "title_de": "Entdecken Sie mehr HEPHA E-Bikes",
        "title_fr": "Découvrez d'autres vélos électriques HEPHA",
        "title_fi": "Tutustu lisää HEPHA E-Bike-malleihin"
      }
    }
  },
  "order": [
    "enhance_text_area_A9RTxH",
    "media_content_section_3CkaYn",
    "media_content_section_NYaiki",
    "media_content_section_VRjtid",
    "media_content_section_kJAtwG",
    "media_content_section_iayM6z",
    "custom_product_tab_new_H8e6zL"
  ]
}
