{
  "sections": {
    "enhance_text_area_Ryerey": {
      "type": "enhance-text-area",
      "name": "Enhanced Text Area",
      "settings": {
        "section_title": "Mountain 7 Carbon",
        "section_title_de": "Mountain 7 Carbon",
        "section_title_fr": "Mountain 7 Carbon",
        "section_title_fi": "Mountain 7 Carbon",
        "text_description": "<p>The new Mountain 7 Carbon is a potent all-mountain bike with a wide range of uses from touring to challenging trails. The particularly powerful yet sensitive P101 motor plays a central role here. It enables even extreme and technical uphills, making the HEPHA Mountain 7 Carbon a perfect climber and touring champion.</p><p>The Mountain 7 Carbon is available in three versions:</p>",
        "text_description_de": "<p>Das neue Mountain 7 Carbon ist ein potentes All Mountain mit einem weiten Einsatzbereich von Touren bis zu anspruchsvollen Trails. Dabei spielt der besonders kraftvolle und dennoch sensible P101 Motor die zentrale Rolle. Er ermöglicht selbst extreme und technische Uphills, wodurch das HEPHA Mountain 7 Carbon zu einem perfekten Kletterer und Tourenmeister wird.</p><p>Das Mountain 7 Carbon ist in drei Versionen erhältlich:</p>",
        "text_description_fr": "<p>Le nouveau Mountain 7 Carbon est un All Mountain puissant avec un large domaine d'utilisation allant des randonnées aux trails exigeants. Le moteur P101, particulièrement puissant mais sensible, joue ici un rôle central. Il permet même des montées extrêmes et techniques, ce qui fait du HEPHA Mountain 7 Carbon un parfait grimpeur et champion de randonnée.</p><p>Le Mountain 7 Carbon est disponible en trois versions :</p>",
        "text_description_fi": "<p>Uusi Mountain 7 Carbon on suorituskykyinen all-mountain-sähköpyörä, joka soveltuu laajasti niin retkeilyyn kuin vaativille poluille. Poikkeuksellisen voimakas, mutta kevyesti reagoiva P101-moottori on tässä keskeisessä roolissa. Sen ansiosta onnistuu kiipeäminen jopa äärimmäisiin paikkoihin, ja tekniset ylämäet eivät tunnu enää niin teknisiltä. HEPHA Mountain 7 Carbon on todellinen metsäretkien mestari.</p><p>Mountain 7 Carbon on saatavana kolmena eri versiona:<br/></p>",
        "title_font_size": 50,
        "text_font_size": 18,
        "show_item_list": false,
        "layout": "title_left",
        "item_font_size": 16,
        "custom_icon": "solid_dot",
        "title_color": "#000000",
        "text_color": "#333333",
        "icon_color": "#000000"
      }
    },
    "media_content_section_XeYtn7": {
      "type": "media-content-section",
      "blocks": {
        "bike_tab_twUmHx": {
          "type": "bike_tab",
          "settings": {
            "selected_product": "mountain-7-carbon-long-range",
            "description_en": "The \"Long Range\" version is the entry-level Mountain 7 Carbon and is designed for maximum range and cost efficiency.",
            "description_de": "Die \"Long Range\"-Version ist das Einstiegsmodell des Mountain 7 Carbon und ist auf maximale Reichweite und Kosteneffizienz ausgelegt.",
            "description_fr": "La version \"Long Range\" est la version d'entrée de gamme du Mountain 7 Carbon. Elle est conçue pour offrir une autonomie maximale et un bon rapport coût-efficacité.",
            "description_fi": "\"Long Range\" -versio on Mountain 7 Carbonin perusmalli, joka on suunniteltu tarjoamaan maksimaalinen kilometrikantama ja optimaalinen kustannustehokkuus.",
            "hide_banner_header_right": true,
            "tab_1_type": "none",
            "tab_2_type": "none",
            "tab_3_type": "none",
            "tab_1_sub_tab_1_bg_color": "",
            "tab_1_sub_tab_1_image": "shopify://shop_images/HEPHA_MY24_Mountain7_Carbon_Performance_1_c6070db7-3117-412a-a369-77a905258b62.png",
            "tab_1_sub_tab_2_bg_color": "",
            "tab_1_sub_tab_3_bg_color": "",
            "tab_1_sub_tab_4_bg_color": "",
            "tab_2_sub_tab_1_bg_color": "",
            "tab_2_sub_tab_2_bg_color": "",
            "tab_2_sub_tab_3_bg_color": "",
            "tab_2_sub_tab_4_bg_color": "",
            "tab_3_sub_tab_1_bg_color": "",
            "tab_3_sub_tab_2_bg_color": "",
            "tab_3_sub_tab_3_bg_color": "",
            "tab_3_sub_tab_4_bg_color": ""
          }
        }
      },
      "block_order": ["bike_tab_twUmHx"],
      "name": "Media & Content Section",
      "settings": {
        "margin_top": "0",
        "margin_bottom": "0",
        "min_section_height": 700,
        "min_column_height": 700,
        "min_section_height_mobile": 400,
        "min_column_height_mobile": 400,
        "show_media_column": true,
        "media_bg_color": "#ffffff",
        "media_bg_image": "shopify://shop_images/RUD7295_SR_2_56c308fc-0e7d-45d6-8620-ddab612f4dc9.jpg",
        "media_bg_video": "",
        "media_position": "center center",
        "media_size": "cover",
        "media_position_setting": "left",
        "mobile_media_position": "below",
        "media_heading": "",
        "media_heading_de": "",
        "media_heading_fr": "",
        "media_heading_fi": "",
        "media_heading_color": "#ffffff",
        "media_desktop_heading_size": 36,
        "media_mobile_heading_size": 24,
        "media_use_h1": false,
        "media_text": "",
        "media_text_de": "",
        "media_text_fr": "",
        "media_text_fi": "",
        "media_text_color": "#ffffff",
        "media_desktop_text_size": 18,
        "media_mobile_text_size": 16,
        "media_enlarge_text": false,
        "media_text_bg_enabled": false,
        "media_text_font_family": "monospace",
        "media_text_alignment": "center",
        "media_button1_label": "Button 1",
        "media_button1_label_de": "",
        "media_button1_label_fr": "",
        "media_button1_label_fi": "",
        "media_button1_link": "",
        "media_button1_text_color": "#ffffff",
        "media_button1_bg_color": "#000000",
        "media_button1_border_color": "#000000",
        "media_button1_style": "primary",
        "media_button2_label": "Button 2",
        "media_button2_label_de": "",
        "media_button2_label_fr": "",
        "media_button2_label_fi": "",
        "media_button2_link": "",
        "media_button2_text_color": "#ffffff",
        "media_button2_bg_color": "#000000",
        "media_button2_border_color": "#000000",
        "media_button2_style": "secondary",
        "media_button_alignment": "center",
        "media_desktop_button_size": 18,
        "media_mobile_button_size": 16,
        "content_text_bg_color": "",
        "content_text_bg_opacity": 100,
        "content_bg_color": "#ecf0f1",
        "content_bg_video": "",
        "content_alignment": "left",
        "content_vertical_alignment": "center"
      }
    },
    "media_content_section_nC6Lhd": {
      "type": "media-content-section",
      "blocks": {
        "bike_tab_DeJT8N": {
          "type": "bike_tab",
          "settings": {
            "selected_product": "mountain-7-carbon-performance",
            "description_en": "The \"Performance\" version of the Mountain 7 Carbon offers our best mix of motor performance, features and price.",
            "description_de": "Die \"Performance\"-Version des Mountain 7 Carbon bietet unsere beste Mischung aus Motorleistung, Ausstattung und Preis.",
            "description_fr": "La version \"Performance\" de la Mountain 7 Carbon offre notre meilleure combinaison de performances moteur, de caractéristiques et de prix.",
            "description_fi": "\"Performanc\\\" -versio Mountain 7 Carbonista tarjoaa parhaan yhdistelmän moottorin suorituskykyä ja teknisiä ominaisuuksia, säilyttäen kuitenkin maltillisen hintatason.",
            "hide_banner_header_right": true,
            "tab_1_type": "none",
            "tab_2_type": "none",
            "tab_3_type": "none",
            "tab_1_sub_tab_1_bg_color": "",
            "tab_1_sub_tab_1_image": "shopify://shop_images/HEPHA_MY24_Mountain7_Carbon_Performance_1_c6070db7-3117-412a-a369-77a905258b62.png",
            "tab_1_sub_tab_2_bg_color": "",
            "tab_1_sub_tab_3_bg_color": "",
            "tab_1_sub_tab_4_bg_color": "",
            "tab_2_sub_tab_1_bg_color": "",
            "tab_2_sub_tab_2_bg_color": "",
            "tab_2_sub_tab_3_bg_color": "",
            "tab_2_sub_tab_4_bg_color": "",
            "tab_3_sub_tab_1_bg_color": "",
            "tab_3_sub_tab_2_bg_color": "",
            "tab_3_sub_tab_3_bg_color": "",
            "tab_3_sub_tab_4_bg_color": ""
          }
        }
      },
      "block_order": ["bike_tab_DeJT8N"],
      "name": "Media & Content Section",
      "settings": {
        "margin_top": "20",
        "margin_bottom": "0",
        "min_section_height": 700,
        "min_column_height": 700,
        "min_section_height_mobile": 400,
        "min_column_height_mobile": 400,
        "show_media_column": true,
        "media_bg_color": "#ffffff",
        "media_bg_image": "shopify://shop_images/RUD4189_2.jpg",
        "media_bg_video": "",
        "media_position": "center center",
        "media_size": "cover",
        "media_position_setting": "left",
        "mobile_media_position": "below",
        "media_heading": "",
        "media_heading_de": "",
        "media_heading_fr": "",
        "media_heading_fi": "",
        "media_heading_color": "#ffffff",
        "media_desktop_heading_size": 36,
        "media_mobile_heading_size": 24,
        "media_use_h1": false,
        "media_text": "",
        "media_text_de": "",
        "media_text_fr": "",
        "media_text_fi": "",
        "media_text_color": "#ffffff",
        "media_desktop_text_size": 18,
        "media_mobile_text_size": 16,
        "media_enlarge_text": false,
        "media_text_bg_enabled": false,
        "media_text_font_family": "monospace",
        "media_text_alignment": "center",
        "media_button1_label": "Button 1",
        "media_button1_label_de": "",
        "media_button1_label_fr": "",
        "media_button1_label_fi": "",
        "media_button1_link": "",
        "media_button1_text_color": "#ffffff",
        "media_button1_bg_color": "#000000",
        "media_button1_border_color": "#000000",
        "media_button1_style": "primary",
        "media_button2_label": "Button 2",
        "media_button2_label_de": "",
        "media_button2_label_fr": "",
        "media_button2_label_fi": "",
        "media_button2_link": "",
        "media_button2_text_color": "#ffffff",
        "media_button2_bg_color": "#000000",
        "media_button2_border_color": "#000000",
        "media_button2_style": "secondary",
        "media_button_alignment": "center",
        "media_desktop_button_size": 18,
        "media_mobile_button_size": 16,
        "content_text_bg_color": "",
        "content_text_bg_opacity": 100,
        "content_bg_color": "#ecf0f1",
        "content_bg_video": "",
        "content_alignment": "left",
        "content_vertical_alignment": "center"
      }
    },
    "media_content_section_A8CHam": {
      "type": "media-content-section",
      "blocks": {
        "bike_tab_UBGiPP": {
          "type": "bike_tab",
          "settings": {
            "selected_product": "mountain-7-carbon-ultra",
            "description_en": "The \"Ultra\" marks the top version of the Mountain 7 Carbon, with maximum motor power, battery size and top equipment.",
            "description_de": "Die \"Ultra\"-Version des Mountain 7 Carbon bietet unsere beste Mischung aus Motorleistung, Ausstattung und Preis.",
            "description_fr": "La version \"Ultra\" est la version la plus aboutie du Mountain 7 Carbon, avec une puissance de moteur, une taille de batterie et un équipement de pointe maximum.",
            "description_fi": "\"Ultra\" on Mountain 7 Carbonin huippuversio, jossa on maksimaalinen moottoriteho, akkukapasiteetti ja huipputason komponentit.",
            "hide_banner_header_right": true,
            "tab_1_type": "none",
            "tab_2_type": "none",
            "tab_3_type": "none",
            "tab_1_sub_tab_1_bg_color": "",
            "tab_1_sub_tab_1_image": "shopify://shop_images/HEPHA_MY24_Mountain7_Carbon_Performance_1_c6070db7-3117-412a-a369-77a905258b62.png",
            "tab_1_sub_tab_2_bg_color": "",
            "tab_1_sub_tab_3_bg_color": "",
            "tab_1_sub_tab_4_bg_color": "",
            "tab_2_sub_tab_1_bg_color": "",
            "tab_2_sub_tab_2_bg_color": "",
            "tab_2_sub_tab_3_bg_color": "",
            "tab_2_sub_tab_4_bg_color": "",
            "tab_3_sub_tab_1_bg_color": "",
            "tab_3_sub_tab_2_bg_color": "",
            "tab_3_sub_tab_3_bg_color": "",
            "tab_3_sub_tab_4_bg_color": ""
          }
        }
      },
      "block_order": ["bike_tab_UBGiPP"],
      "name": "Media & Content Section",
      "settings": {
        "margin_top": "20",
        "margin_bottom": "0",
        "min_section_height": 700,
        "min_column_height": 700,
        "min_section_height_mobile": 400,
        "min_column_height_mobile": 400,
        "show_media_column": true,
        "media_bg_color": "#ffffff",
        "media_bg_image": "shopify://shop_images/HEPHA_Tschugg_action_2024_1.jpg",
        "media_bg_video": "",
        "media_position": "center center",
        "media_size": "cover",
        "media_position_setting": "left",
        "mobile_media_position": "below",
        "media_heading": "",
        "media_heading_de": "",
        "media_heading_fr": "",
        "media_heading_fi": "",
        "media_heading_color": "#ffffff",
        "media_desktop_heading_size": 36,
        "media_mobile_heading_size": 24,
        "media_use_h1": false,
        "media_text": "",
        "media_text_de": "",
        "media_text_fr": "",
        "media_text_fi": "",
        "media_text_color": "#ffffff",
        "media_desktop_text_size": 18,
        "media_mobile_text_size": 16,
        "media_enlarge_text": false,
        "media_text_bg_enabled": false,
        "media_text_font_family": "monospace",
        "media_text_alignment": "center",
        "media_button1_label": "Button 1",
        "media_button1_label_de": "",
        "media_button1_label_fr": "",
        "media_button1_label_fi": "",
        "media_button1_link": "",
        "media_button1_text_color": "#ffffff",
        "media_button1_bg_color": "#000000",
        "media_button1_border_color": "#000000",
        "media_button1_style": "primary",
        "media_button2_label": "Button 2",
        "media_button2_label_de": "",
        "media_button2_label_fr": "",
        "media_button2_label_fi": "",
        "media_button2_link": "",
        "media_button2_text_color": "#ffffff",
        "media_button2_bg_color": "#000000",
        "media_button2_border_color": "#000000",
        "media_button2_style": "secondary",
        "media_button_alignment": "center",
        "media_desktop_button_size": 18,
        "media_mobile_button_size": 16,
        "content_text_bg_color": "",
        "content_text_bg_opacity": 100,
        "content_bg_color": "#ecf0f1",
        "content_bg_video": "",
        "content_alignment": "left",
        "content_vertical_alignment": "center"
      }
    },
    "media_content_section_wxHQFE": {
      "type": "media-content-section",
      "blocks": {
        "bike_tab_Yfk9hd": {
          "type": "bike_tab",
          "settings": {
            "selected_product": "all-mountain-7-carbon-ltd",
            "description_en": "Power meets precision: The All Mountain 7 Carbon LTD is our limited full-suspension e-mountain bike special edition.",
            "description_de": "Power trifft Präzision: Das All Mountain 7 Carbon LTD ist unsere limitierte Full-Suspension E-Mountainbike-Sonderedition.",
            "description_fr": "Puissance et précision : l’All Mountain 7 Carbon LTD est notre édition spéciale limitée du VTT électrique tout-suspendu.",
            "description_fi": "Tehoa ja tarkkuutta: All Mountain 7 Carbon LTD on rajoitetusti saatavilla oleva täysjousitetun sähkömaastopyörämme erikoismalli. ",
            "hide_banner_header_right": true,
            "tab_1_type": "none",
            "tab_2_type": "none",
            "tab_3_type": "none",
            "tab_1_sub_tab_1_bg_color": "",
            "tab_1_sub_tab_1_image": "shopify://shop_images/HEPHA_MY25_All-Mountain-7-Carbon-LTD_Full-Suspension_Black-matt_01.png",
            "tab_1_sub_tab_2_bg_color": "",
            "tab_1_sub_tab_3_bg_color": "",
            "tab_1_sub_tab_4_bg_color": "",
            "tab_2_sub_tab_1_bg_color": "",
            "tab_2_sub_tab_2_bg_color": "",
            "tab_2_sub_tab_3_bg_color": "",
            "tab_2_sub_tab_4_bg_color": "",
            "tab_3_sub_tab_1_bg_color": "",
            "tab_3_sub_tab_2_bg_color": "",
            "tab_3_sub_tab_3_bg_color": "",
            "tab_3_sub_tab_4_bg_color": ""
          }
        }
      },
      "block_order": ["bike_tab_Yfk9hd"],
      "name": "Media & Content Section",
      "settings": {
        "margin_top": "20",
        "margin_bottom": "0",
        "min_section_height": 700,
        "min_column_height": 700,
        "min_section_height_mobile": 400,
        "min_column_height_mobile": 400,
        "show_media_column": true,
        "media_bg_color": "#ffffff",
        "media_bg_image": "shopify://shop_images/HEPHA_All-Mountain-7-Carbon-LTD_gallery-02.png",
        "media_bg_video": "",
        "media_position": "center center",
        "media_size": "cover",
        "media_position_setting": "left",
        "mobile_media_position": "below",
        "media_heading": "",
        "media_heading_de": "",
        "media_heading_fr": "",
        "media_heading_fi": "",
        "media_heading_color": "#ffffff",
        "media_desktop_heading_size": 36,
        "media_mobile_heading_size": 24,
        "media_use_h1": false,
        "media_text": "",
        "media_text_de": "",
        "media_text_fr": "",
        "media_text_fi": "",
        "media_text_color": "#ffffff",
        "media_desktop_text_size": 18,
        "media_mobile_text_size": 16,
        "media_enlarge_text": false,
        "media_text_bg_enabled": false,
        "media_text_font_family": "monospace",
        "media_text_alignment": "center",
        "media_button1_label": "Button 1",
        "media_button1_label_de": "",
        "media_button1_label_fr": "",
        "media_button1_label_fi": "",
        "media_button1_link": "",
        "media_button1_text_color": "#ffffff",
        "media_button1_bg_color": "#000000",
        "media_button1_border_color": "#000000",
        "media_button1_style": "primary",
        "media_button2_label": "Button 2",
        "media_button2_label_de": "",
        "media_button2_label_fr": "",
        "media_button2_label_fi": "",
        "media_button2_link": "",
        "media_button2_text_color": "#ffffff",
        "media_button2_bg_color": "#000000",
        "media_button2_border_color": "#000000",
        "media_button2_style": "secondary",
        "media_button_alignment": "center",
        "media_desktop_button_size": 18,
        "media_mobile_button_size": 16,
        "content_text_bg_color": "",
        "content_text_bg_opacity": 100,
        "content_bg_color": "#ecf0f1",
        "content_bg_video": "",
        "content_alignment": "left",
        "content_vertical_alignment": "center"
      }
    },
    "custom_product_tab_new_XPUMrK": {
      "type": "custom-product-tab-new",
      "blocks": {
        "tab_3YipPV": {
          "type": "tab",
          "settings": {
            "title": "Sale",
            "title_de": "Sale",
            "title_fr": "Sale",
            "title_fi": "Sale",
            "product_source": "collection",
            "collection": "trekking-7-my23",
            "products": []
          }
        },
        "tab_LYWC7Q": {
          "type": "tab",
          "settings": {
            "title": "City",
            "title_de": "City",
            "title_fr": "City",
            "title_fi": "City",
            "product_source": "collection",
            "collection": "city-e-bike",
            "products": []
          }
        },
        "tab_eGfhGA": {
          "type": "tab",
          "settings": {
            "title": "Trekking",
            "title_de": "Trekking",
            "title_fr": "Trekking",
            "title_fi": "Trekking",
            "product_source": "collection",
            "collection": "new-bike-2024",
            "products": []
          }
        },
        "tab_nMM4mN": {
          "type": "tab",
          "settings": {
            "title": "Mountain",
            "title_de": "Mountain",
            "title_fr": "Mountain",
            "title_fi": "Mountain",
            "product_source": "collection",
            "collection": "mountain-7-2024",
            "products": []
          }
        },
        "tab_mkYWf4": {
          "type": "tab",
          "settings": {
            "title": "Mountain Carbon",
            "title_de": "Mountain Carbon",
            "title_fr": "Mountain Carbon",
            "title_fi": "Mountain Carbon",
            "product_source": "collection",
            "collection": "mountain-7-carbon",
            "products": []
          }
        },
        "advertisement_VR9nzH": {
          "type": "advertisement",
          "settings": {
            "ad_link": "shopify://collections/hepha-ebikes",
            "image": "shopify://shop_images/HEPHA-Trekking7_01_grey_7ff138ad-9f41-4981-b752-1bd80fee72c0.jpg",
            "background_color": "#ffffff",
            "background_position": "center center",
            "background_size": "cover",
            "background_align_items": "center",
            "background_padding_top": 20,
            "background_padding_left": 20,
            "background_padding_right": 20,
            "background_padding_bottom": 20,
            "title_1": "<p>Not sure which E-Bike is right for you? Discover and compare our full range of E-Bikes to find the perfect model for your adventures.</p>",
            "title_1_de": "<p>Nicht sicher, welches E-Bike das richtige für Sie ist? Entdecken und vergleichen Sie unser gesamtes Sortiment an E-Bikes, um das perfekte Modell für Ihre Abenteuer zu finden.</p>",
            "title_1_fr": "<p>Vous n’êtes pas sûr de quel vélo électrique est fait pour vous ? Découvrez et comparez notre gamme complète de vélos électriques pour trouver le modèle parfait pour vos aventures.</p>",
            "title_1_fi": "<p>Etkö ole varma, mikä sähköpyörämalli sopii sinulle? Tutustu ja vertaa koko valikoimaamme löytääksesi täydellisen pyörän omaan käyttötarkoitukseesi.</p>",
            "heading_color_1": "#ffffff",
            "heading_size_1": 18,
            "button_label": "Explore all E-Bikes!",
            "button_label_de": "Entdecke alle E-Bikes!",
            "button_label_fr": "Découvrez tous modèles !",
            "button_label_fi": "Tutki koko mallistoa!"
          }
        }
      },
      "block_order": [
        "tab_3YipPV",
        "tab_LYWC7Q",
        "tab_eGfhGA",
        "tab_nMM4mN",
        "tab_mkYWf4",
        "advertisement_VR9nzH"
      ],
      "name": "Custom Product Tabs New",
      "settings": {
        "title": "Explore more HEPHA E-Bikes",
        "title_de": "Entdecken Sie mehr HEPHA E-Bikes",
        "title_fr": "Découvrez d'autres vélos électriques HEPHA",
        "title_fi": "Tutustu lisää HEPHA E-Bike-malleihin"
      }
    }
  },
  "order": [
    "enhance_text_area_Ryerey",
    "media_content_section_XeYtn7",
    "media_content_section_nC6Lhd",
    "media_content_section_A8CHam",
    "media_content_section_wxHQFE",
    "custom_product_tab_new_XPUMrK"
  ]
}
