{
  "sections": {
    "dealer_search_nNkjCJ": {
      "type": "dealer-search",
      "name": "Find a dealer",
      "settings": {
        "section_title_en": "Dealer Search",
        "section_title_de": "Händlersuche",
        "section_title_fr": "Recherche de Revendeur",
        "section_title_fi": "Jälleenmyyjähaku",
        "full_width": true,
        "api_key": "AIzaSyBo8kZy19ByPFrx0XR0jrTR5Z6PO5mlaCU",
        "map_type": "dynamic",
        "map_style": "default"
      }
    }
  },
  "order": [
    "dealer_search_nNkjCJ"
  ]
}