{
  "sections": {
    "main": {
      "type": "main-product",
      "blocks": {
        "title": { "type": "title", "settings": {} },
        "loox_reviews_loox_rating_4LcXpt": {
          "type": "shopify://apps/loox-reviews/blocks/loox-rating/5c3b337f-fd14-4df5-b1d6-80ec13e6e28e",
          "settings": {
            "contentSize": 16,
            "pattern": "",
            "hideText": false,
            "alignment": "",
            "layout": "",
            "textColor": "",
            "starColor": "",
            "showAllReviews": false,
            "looxOpenFloatingWidget": false,
            "emptyRatingWidget": false
          }
        },
        "price": {
          "type": "price",
          "settings": {
            "show_tax_and_shipping": false,
            "enable_product_reviews_by_price": true
          }
        },
        "description_JNVXj3": {
          "type": "description",
          "settings": {
            "show_in_tab": false,
            "open_tab": false,
            "icon": "",
            "show_in_quickbuy": false
          }
        },
        "specification_simple_KR3q47": {
          "type": "specification_simple",
          "settings": {}
        },
        "variant_picker_BNiCD8": {
          "type": "variant-picker",
          "settings": {
            "show_single": false,
            "selector_style": "listed",
            "dynamic_availability": "show",
            "enable_size_chart": false,
            "size_chart_label": "",
            "size_chart_variant": "",
            "size_chart_page": ""
          }
        },
        "variant_metafield_ChHzWM": {
          "type": "variant_metafield",
          "settings": {
            "namespace": "custom",
            "key": "size",
            "fallback": "<p>Information not available for this variant</p>",
            "custom_selector": ""
          }
        },
        "pop_up_AAc34B": {
          "type": "pop-up",
          "settings": {
            "text": "Which frame size fit me?",
            "text_de": "Welche Rahmengröße passt zu mir?",
            "text_fr": "Quelle taille de cadre me convient ?",
            "text_fi": "Millainen rungon koko sopii minulle?",
            "style": "link",
            "page": "trekking2024-sizechart",
            "show_in_quickbuy": false
          }
        },
        "buy_buttons_ieLink": {
          "type": "buy-buttons",
          "settings": {
            "show_quantity_selector": false,
            "show_pickup_availability": false,
            "show_backorder_text": false,
            "enable_payment_button": true,
            "show_gift_card_recipient": false,
            "show_accessories": true,
            "accessories_heading": "Compatible accessories",
            "accessories_heading_de": "Kompatibles Zubehör",
            "accessories_heading_fr": "Accessoires compatibles",
            "accessories_heading_fi": "Yhteensopivat lisävarusteet",
            "accessory_products": [
              "inklusive-e-bike-komfortschutz-nur-gultig-in-deutschland",
              "hepha-708wh-battery-for-trekking-7",
              "4750xl-nr-bk-oe-pro-amparo",
              "xlc-suspension-seatpost-sp-s11",
              "motor-upgrade-20nm"
            ],
            "show_accessory_description": true
          }
        },
        "sharing_Hmw8qb": {
          "type": "sharing",
          "settings": {
            "show_twitter": true,
            "show_facebook": true,
            "show_pinterest": true,
            "show_linkedin": true,
            "show_whatsapp": true,
            "show_snapchat": true,
            "show_threads": true,
            "show_tumblr": true,
            "show_twitch": true
          }
        },
        "finance_leasing_accordion_f9K6qL": {
          "type": "finance-leasing-accordion",
          "settings": {
            "show_in_quickbuy": true,
            "open": false,
            "title": "",
            "title_de": "",
            "title_fr": "",
            "title_fi": "",
            "content": "",
            "content_de": "",
            "content_fr": "",
            "content_fi": "",
            "icon": "",
            "jobrad_url": "",
            "bikeleasing_url": "",
            "deutsche_url": "",
            "businessbike_url": ""
          }
        }
      },
      "block_order": [
        "title",
        "loox_reviews_loox_rating_4LcXpt",
        "price",
        "description_JNVXj3",
        "specification_simple_KR3q47",
        "variant_picker_BNiCD8",
        "variant_metafield_ChHzWM",
        "pop_up_AAc34B",
        "buy_buttons_ieLink",
        "sharing_Hmw8qb",
        "finance_leasing_accordion_f9K6qL"
      ],
      "custom_css": [],
      "settings": {
        "show_breadcrumbs": false,
        "select_first_variant": true,
        "show_location_underneath": false,
        "inventory_transfers_enable": false,
        "enable_sticky_columns": true,
        "enable_sticky_atc": true,
        "sticky_atc_position": "end",
        "sticky_atc_mobile": true,
        "sticky_atc_behavior": "add_to_cart",
        "sticky_atc_button_style": "secondary",
        "gallery_size": "large",
        "gallery_layout": "carousel-under",
        "enable_zoom": true,
        "show_alt_text": false,
        "alt_text_icon": "",
        "enable_video_autoplay": false,
        "enable_video_looping": false,
        "enable_media_grouping": true,
        "media_grouping_option": "Choose from the following colors,Wählen Sie aus den folgenden Rahmenfarben, Choisissez parmi les couleurs suivantes, Valitse seuraavista väreistä",
        "new_label_text": "",
        "new_label_text_de": "",
        "new_label_text_fr": "",
        "new_label_text_fi": ""
      }
    },
    "custom_image_with_text_Pz7TQC": {
      "type": "Custom-Image-with-Text",
      "blocks": {
        "custom_item_Ca79ah": {
          "type": "custom_item",
          "settings": {
            "image": "shopify://shop_images/Group_397_b8830646-d028-408f-8ccd-7df0bd2d4868.jpg",
            "image_link": "",
            "title": "Slide Title",
            "title_de": "Folientitel",
            "title_fr": "Titre de la diapositive",
            "title_fi": "Dian otsikko",
            "title_link": "",
            "text": "<p>Add your custom text here</p>",
            "text_de": "<p>Fügen Sie hier Ihren benutzerdefinierten Text hinzu</p>",
            "text_fr": "<p>Ajoutez votre texte personnalisé ici</p>",
            "text_fi": "<p>Lisää mukautettu teksti tähän</p>",
            "button_link": "",
            "button_text_override": "",
            "button_text_override_de": "",
            "button_text_override_fr": "",
            "button_text_override_fi": ""
          }
        },
        "custom_item_jafT6C": {
          "type": "custom_item",
          "settings": {
            "image": "shopify://shop_images/Group_398_50db55ad-178b-4d8d-851f-88b8c0e47f18.jpg",
            "image_link": "",
            "title": "Slide Title",
            "title_de": "Folientitel",
            "title_fr": "Titre de la diapositive",
            "title_fi": "Dian otsikko",
            "title_link": "",
            "text": "<p>Add your custom text here</p>",
            "text_de": "<p>Fügen Sie hier Ihren benutzerdefinierten Text hinzu</p>",
            "text_fr": "<p>Ajoutez votre texte personnalisé ici</p>",
            "text_fi": "<p>Lisää mukautettu teksti tähän</p>",
            "button_link": "",
            "button_text_override": "",
            "button_text_override_de": "",
            "button_text_override_fr": "",
            "button_text_override_fi": ""
          }
        },
        "custom_item_7RH97V": {
          "type": "custom_item",
          "settings": {
            "image": "shopify://shop_images/Group_395_2cc6c90d-1b30-41a9-adcb-64111b234a69.jpg",
            "image_link": "",
            "title": "Slide Title",
            "title_de": "Folientitel",
            "title_fr": "Titre de la diapositive",
            "title_fi": "Dian otsikko",
            "title_link": "",
            "text": "<p>Add your custom text here</p>",
            "text_de": "<p>Fügen Sie hier Ihren benutzerdefinierten Text hinzu</p>",
            "text_fr": "<p>Ajoutez votre texte personnalisé ici</p>",
            "text_fi": "<p>Lisää mukautettu teksti tähän</p>",
            "button_link": "",
            "button_text_override": "",
            "button_text_override_de": "",
            "button_text_override_fr": "",
            "button_text_override_fi": ""
          }
        },
        "custom_item_MNC88G": {
          "type": "custom_item",
          "settings": {
            "image": "shopify://shop_images/Group_399_3d919bc3-349e-4227-91da-3d052b5053d9.jpg",
            "image_link": "",
            "title": "Slide Title",
            "title_de": "Folientitel",
            "title_fr": "Titre de la diapositive",
            "title_fi": "Dian otsikko",
            "title_link": "",
            "text": "<p>Add your custom text here</p>",
            "text_de": "<p>Fügen Sie hier Ihren benutzerdefinierten Text hinzu</p>",
            "text_fr": "<p>Ajoutez votre texte personnalisé ici</p>",
            "text_fi": "<p>Lisää mukautettu teksti tähän</p>",
            "button_link": "",
            "button_text_override": "",
            "button_text_override_de": "",
            "button_text_override_fr": "",
            "button_text_override_fi": ""
          }
        },
        "custom_item_x83x6e": {
          "type": "custom_item",
          "settings": {
            "image": "shopify://shop_images/Group_400_f93782df-4196-4931-86dd-8b784b6be06e.jpg",
            "image_link": "",
            "title": "Slide Title",
            "title_de": "Folientitel",
            "title_fr": "Titre de la diapositive",
            "title_fi": "Dian otsikko",
            "title_link": "",
            "text": "<p>Add your custom text here</p>",
            "text_de": "<p>Fügen Sie hier Ihren benutzerdefinierten Text hinzu</p>",
            "text_fr": "<p>Ajoutez votre texte personnalisé ici</p>",
            "text_fi": "<p>Lisää mukautettu teksti tähän</p>",
            "button_link": "",
            "button_text_override": "",
            "button_text_override_de": "",
            "button_text_override_fr": "",
            "button_text_override_fi": ""
          }
        }
      },
      "block_order": [
        "custom_item_Ca79ah",
        "custom_item_jafT6C",
        "custom_item_7RH97V",
        "custom_item_MNC88G",
        "custom_item_x83x6e"
      ],
      "name": "Custom Image with Text",
      "settings": {
        "title": "Highlights",
        "title_de": "Highlights",
        "title_fr": "Highlights",
        "title_fi": "Highlights",
        "hide_title": true,
        "image_aspect_ratio": "4/3",
        "show_title_global": false,
        "show_text_global": false,
        "show_button_global": false,
        "button_text": "Learn More",
        "button_text_de": "Mehr erfahren",
        "button_text_fr": "En savoir plus",
        "button_text_fi": "Lue lisää",
        "button_background_color": "#ffffff",
        "button_text_color": "#222222",
        "button_border_color": "#222222",
        "button_hover_background_color": "#222222",
        "button_hover_text_color": "#ffffff",
        "button_hover_border_color": "#222222"
      }
    },
    "enhance_text_area_FXwk4C": {
      "type": "enhance-text-area",
      "blocks": {
        "list_item_UaCWmC": {
          "type": "list_item",
          "settings": {
            "item_text": "Frame with high entry",
            "item_text_de": "Rahmen mit tiefem Einstieg",
            "item_text_fr": "Cadre avec entrée haute",
            "item_text_fi": "Korkea runkomalli"
          }
        },
        "list_item_dPbd8x": {
          "type": "list_item",
          "settings": {
            "item_text": "Powerful 80 Nm motor",
            "item_text_de": "Kraftvoller 80 Nm Motor",
            "item_text_fr": "Moteur puissant de 80 Nm",
            "item_text_fi": "Tehokas 80 Nm moottori"
          }
        },
        "list_item_Mg33QU": {
          "type": "list_item",
          "settings": {
            "item_text": "Battery with 708 Wh capacity",
            "item_text_de": "Akku mit 708 Wh Kapazität",
            "item_text_fr": "Batterie d'une capacité de 708 Wh",
            "item_text_fi": "Akku 708Wh:n kapasiteetilla"
          }
        },
        "list_item_zQwhEi": {
          "type": "list_item",
          "settings": {
            "item_text": "Quick charger",
            "item_text_de": "Schnellladegerät",
            "item_text_fr": "Chargeur rapide",
            "item_text_fi": "Nopea pikalaturi"
          }
        },
        "list_item_awbTm4": {
          "type": "list_item",
          "settings": {
            "item_text": "10-speed Shimano Cues gears",
            "item_text_de": "10-Gang Shimano CUES Schaltung",
            "item_text_fr": "Transmission Shimano CUES à 10 vitesses",
            "item_text_fi": "10-nopeuksinen Shimano Cues-vaihteisto"
          }
        },
        "list_item_GfRpFj": {
          "type": "list_item",
          "settings": {
            "item_text": "Luggage carrier with carry-more interface",
            "item_text_de": "Gepäckträger mit Carry-More-Schnittstelle",
            "item_text_fr": "Porte-bagages avec interface Carry-More",
            "item_text_fi": "Tavarateline Carry-More -liitännällä"
          }
        },
        "list_item_k8QRTR": {
          "type": "list_item",
          "settings": {
            "item_text": "Assembled in Germany",
            "item_text_de": "Montiert in Deutschland",
            "item_text_fr": "Assemblé en Allemagne",
            "item_text_fi": "Kootaan Saksassa"
          }
        }
      },
      "block_order": [
        "list_item_UaCWmC",
        "list_item_dPbd8x",
        "list_item_Mg33QU",
        "list_item_zQwhEi",
        "list_item_awbTm4",
        "list_item_GfRpFj",
        "list_item_k8QRTR"
      ],
      "name": "Enhanced Text Area",
      "settings": {
        "section_title": "Range, comfort - and affordable!",
        "section_title_de": "Reichweite, Komfort – und erschwinglich!",
        "section_title_fr": "Autonomie, confort - et prix abordable !",
        "section_title_fi": "Kantamaa ja mukavuutta - edullisesti!",
        "text_description": "<p>Introducing the \"Long Range\" version, the entry into the Trekking 7 segment, designed for maximum range and cost efficiency. With clean frames featuring visible weld seams and single-color paint, it offers a perfect balance between function and cost.The High-Step frame, ideal for a classic sporty look and added stiffness, boasts a steeply sloping top tube for a dynamic silhouette and excellent standover height, making it a powerful e-bike for leisure and daily use!</p>",
        "text_description_de": "<p>Die \"Long Range\"-Version, der Einstieg in das Trekking 7-Segment, ist auf maximale Reichweite und Kosteneffizienz ausgelegt. Der High-Step-Rahmen, ideal für einen klassisch-sportlichen Look und zusätzliche Steifigkeit, verfügt über ein steil abfallendes Oberrohr für eine dynamische Silhouette und eine hervorragende Überstandshöhe, die es zu einem leistungsstarken E-Bike für Freizeit und Alltag macht!</p>",
        "text_description_fr": "<p>Présentation de la version \"Long Range\", l'entrée dans le segment Trekking 7, conçue pour une autonomie maximale et une efficacité de coût. Avec des cadres épurés présentant des soudures visibles et une peinture monochrome, elle offre un équilibre parfait entre fonctionnalité et coût. Le cadre High-Step, idéal pour un look sportif classique et une rigidité accrue, dispose d'un tube supérieur fortement incliné pour une silhouette dynamique et une excellente hauteur de passage, faisant de ce vélo électrique un puissant allié pour les loisirs et l'utilisation quotidienne !</p>",
        "text_description_fi": "<p>Saanemme esitellä \"Long Range\" -version, joka on Trekking 7 -malliston perusversio, joka on suunniteltu maksimaalista kilometrikantamaa ja kustannustehokkuutta silmällä pitäen. Tehokas 80Nm moottori ja alan standardeihin verraten korkeakapasiteettin akku luovat tehokkaan kokonaispaketin. Selkeälinjaisessa ja yksivärisellä maalauksella toteutetussa \\\"High-Step\\\"-rungossa on jyrkkä yläputki, joka tuo pyörään lisää kiertojäykkyyttä ja klassisen sporttisen ilmeen, tehden tästä mallista vahvan sähköpyörän niin vapaa-aikaan kuin päivittäiseen käyttöön.</p>",
        "title_font_size": 50,
        "text_font_size": 16,
        "show_item_list": true,
        "layout": "title_above",
        "item_font_size": 16,
        "custom_icon": "checkmark",
        "title_color": "#000000",
        "text_color": "#333333",
        "icon_color": "#000000",
        "mobile_title_font_size": 40,
        "mobile_text_font_size": 16,
        "mobile_item_font_size": 14
      }
    },
    "media_content_section_HtL7HR": {
      "type": "media-content-section",
      "blocks": {
        "heading_wk6VHw": {
          "type": "heading",
          "settings": {
            "title": "Multi-awarded.",
            "title_de": "Mehrfach ausgezeichnet.",
            "title_fr": "Plusieurs fois récompensé.",
            "title_fi": "Palkittua muotoilua & suorituskykyä.",
            "heading_color": "#d2ffdb",
            "desktop_font_size": 50,
            "mobile_font_size": 40,
            "use_h1": false,
            "position_mode": "relative",
            "position": "middle-center",
            "offset_x": 0,
            "offset_y": 0,
            "margin_top": 0,
            "margin_right": 0,
            "margin_bottom": 0,
            "margin_left": 0,
            "text_align": "left"
          }
        },
        "text_WKTmK6": {
          "type": "text",
          "settings": {
            "text": "<p>Our aim is to make design, quality and performance accessible to all. We are therefore all the more pleased that this ambition has been recognized with numerous awards!</p>",
            "text_de": "<p>Unser Anspruch ist es, Design, Qualität und Leistung für alle zugänglich zu machen. Umso mehr freuen wir uns, dass dieser Anspruch mit zahlreichen Auszeichnungen gewürdigt wurde!</p>",
            "text_fr": "<p>Notre objectif est de rendre le design, la qualité et la performance accessibles à tous. Nous sommes donc d’autant plus heureux que cette ambition ait été récompensée par de nombreuses récompenses !</p>",
            "text_fi": "<p>Tavoitteenamme on tehdä huippumuotoilusta, laadusta ja suorituskyvystä kaikille saavutettavaa. Tästä syystä olemme erityisen ylpeitä siitä, että tämä tavoite on huomioitu polkupyöräalalla lukuisilla arvostetuilla palkinnoilla!</p>",
            "text_color": "#ffffff",
            "desktop_font_size": 18,
            "mobile_font_size": 16,
            "enlarge_text": false,
            "position_mode": "relative",
            "position": "middle-center",
            "offset_x": 0,
            "offset_y": 0,
            "margin_top": 20,
            "margin_right": 0,
            "margin_bottom": 20,
            "margin_left": 0,
            "text_align": "left"
          }
        },
        "custom_image_QhekX6": {
          "type": "custom_image",
          "settings": {
            "image": "shopify://shop_images/Frame_214.png",
            "image_width": "400",
            "border_radius": 0,
            "alignment": "left",
            "url": "",
            "open_in_new_tab": false,
            "margin_top": 0,
            "margin_right": 0,
            "margin_bottom": 20,
            "margin_left": 0
          }
        }
      },
      "block_order": ["heading_wk6VHw", "text_WKTmK6", "custom_image_QhekX6"],
      "name": "Media & Content Section",
      "settings": {
        "margin_top": "0",
        "margin_bottom": "0",
        "min_section_height": 700,
        "min_column_height": 700,
        "min_section_height_mobile": 400,
        "min_column_height_mobile": 400,
        "show_media_column": true,
        "media_bg_color": "#ffffff",
        "media_bg_image": "shopify://shop_images/RUD1076-wotr_Kopie_1022f914-95d8-40a9-93f1-2bfc2f57f3ae.jpg",
        "media_bg_video": "",
        "media_position": "left top",
        "media_size": "cover",
        "media_position_setting": "right",
        "mobile_media_position": "below",
        "media_heading": "",
        "media_heading_de": "",
        "media_heading_fr": "",
        "media_heading_fi": "",
        "media_heading_color": "#ffffff",
        "media_desktop_heading_size": 36,
        "media_mobile_heading_size": 24,
        "media_use_h1": false,
        "media_text": "",
        "media_text_de": "",
        "media_text_fr": "",
        "media_text_fi": "",
        "media_text_color": "#ffffff",
        "media_desktop_text_size": 18,
        "media_mobile_text_size": 16,
        "media_enlarge_text": false,
        "media_text_bg_enabled": false,
        "media_text_font_family": "monospace",
        "media_text_alignment": "center",
        "media_button1_label": "Button 1",
        "media_button1_label_de": "",
        "media_button1_label_fr": "",
        "media_button1_label_fi": "",
        "media_button1_link": "",
        "media_button1_text_color": "#ffffff",
        "media_button1_bg_color": "#000000",
        "media_button1_border_color": "#000000",
        "media_button1_style": "primary",
        "media_button2_label": "Button 2",
        "media_button2_label_de": "",
        "media_button2_label_fr": "",
        "media_button2_label_fi": "",
        "media_button2_link": "",
        "media_button2_text_color": "#ffffff",
        "media_button2_bg_color": "#000000",
        "media_button2_border_color": "#000000",
        "media_button2_style": "secondary",
        "media_button_alignment": "center",
        "media_desktop_button_size": 18,
        "media_mobile_button_size": 16,
        "content_text_bg_color": "rgba(0,0,0,0)",
        "content_text_bg_opacity": 100,
        "content_bg_color": "#66ad78",
        "content_bg_video": "",
        "content_alignment": "left",
        "content_vertical_alignment": "center"
      }
    },
    "custom_image_with_text_CkUPUM": {
      "type": "Custom-Image-with-Text",
      "blocks": {
        "custom_item_RxkHV6": {
          "type": "custom_item",
          "settings": {
            "image": "shopify://shop_images/Highlight-Gallery_P101C.png",
            "image_link": "",
            "title": "Powerful & efficient 80 Nm Motor",
            "title_de": "Leistungsstarker & effizienter 80 Nm Motor",
            "title_fr": "Moteur puissant et efficace de 80 Nm",
            "title_fi": "Suorituskykyinen 80Nm moottori",
            "title_link": "",
            "text": "<p>With its 80 Nm, the powerful motor of the Long Range offers enough power for practically any situation. It is also particularly efficient for long tours!</p>",
            "text_de": "<p>Der kraftvolle Motor des Long Range bietet mit seinen 80 Nm genügend Power für praktisch jede Situation. Auch auf langen Touren ist er besonders effizient!</p>",
            "text_fr": "<p>Avec ses 80 Nm, le puissant moteur du Long Range offre suffisamment de puissance pour pratiquement toutes les situations. Il est également particulièrement efficace pour les longs trajets !</p>",
            "text_fi": "<p>Voimakas 80 Nm HEPHA P101C -moottori on yksi markkinoiden tehokkaimmista ja energiataloudellisimmista vaihtoehdoista! <strong>Tiesitkö?</strong> Voit ostaa meiltä lisäksi moottoripäivityksen, joka tekee siitä vieläkin voimakkaamman, nostaen väännön huikeaan 100Nm:n tehoon.</p>",
            "button_link": "",
            "button_text_override": "",
            "button_text_override_de": "",
            "button_text_override_fr": "",
            "button_text_override_fi": ""
          }
        },
        "custom_item_WNYMWy": {
          "type": "custom_item",
          "settings": {
            "image": "shopify://shop_images/Frame_372_1_3cb3d463-648a-40ab-a786-f86877a96eb9.jpg",
            "image_link": "",
            "title": "708 Wh battery",
            "title_de": "708 Wh Akku",
            "title_fr": "Batterie de 708 Wh",
            "title_fi": "708Wh akku",
            "title_link": "",
            "text": "<p>The battery of the Long Range is perfectly integrated into the frame. Together with the very efficient motor, its 708 Wh enables above-average ranges. It can be removed or charged on the bike.</p>",
            "text_de": "<p>Der Akku des Long Range ist perfekt in den Rahmen integriert. Zusammen mit dem sehr effizienten Motor ermöglicht er mit 708 Wh überdurchschnittliche Reichweiten. Er kann herausgenommen oder am Fahrrad aufgeladen werden.</p>",
            "text_fr": "<p>La batterie du Long Range est parfaitement intégrée au cadre. Associée au moteur très efficace, ses 708 Wh permettent des autonomies supérieures à la moyenne. Elle peut être retirée ou rechargée sur le vélo.</p>",
            "text_fi": "<p>Long Range-mallin akku on tyylikkäästi runkoon integroitu. Yhdistettynä tehokkaaseen moottoriin, sen 708Wh:n kapasiteetti tarjoaa keskimääräistä pidemmän toimintamatkan. Akku on ladattavissa suoraan pyörässä sijaitsevasta pistokkeesta, tai vaihtoehtoisesti irrotettavissa kotona lataamista varten.</p>",
            "button_link": "",
            "button_text_override": "",
            "button_text_override_de": "",
            "button_text_override_fr": "",
            "button_text_override_fi": ""
          }
        },
        "custom_item_gk8Nrb": {
          "type": "custom_item",
          "settings": {
            "image": "shopify://shop_images/Frame_377_77b0c983-39ff-4d1c-9972-46079a9e94e1.jpg",
            "image_link": "",
            "title": "6 A fast charger",
            "title_de": "6 A Schnellladegerät",
            "title_fr": "Chargeur rapide 6 A",
            "title_fi": "6A nopeasti lataava pikalaturi",
            "title_link": "",
            "text": "<p>Quickly mobile again - no problem with our standard HEPHA quick charger. With its 6 A, it charges almost 1.5 times faster than conventional chargers. It can be used both on the road and as a detachable wallbox at home!</p>",
            "text_de": "<p>Schnell wieder mobil - mit unserem serienmäßigen HEPHA Schnellladegerät kein Problem. Es lädt fast 1,5 mal schneller als herkömmliche Ladegeräte. Es ist sowohl mobil auf der Tour als auch als abnehmbare Wallbox zuhause einsetzbar!</p>",
            "text_fr": "<p>De nouveau rapidement mobile – aucun problème avec notre chargeur rapide HEPHA standard. Avec ses 6 A, il charge presque 1,5 fois plus vite que les chargeurs classiques. Il peut être utilisé aussi bien en déplacement que comme boîtier mural amovible à la maison !</p>",
            "text_fi": "<p>Nopeasti takaisin matkaan – HEPHA-sähköpyörien vakiona mukana toimitettavalla pikalaturilla se onnistuu helposti. Laturin 6A latausvirta tekee siitä lähes 1,5 kertaa nopeampaa kuin tavanomaisilla latureilla. Laturia voidaan käyttää joko tien päällä tai kotona, ja myös seinään asennettavana wallboxina!</p>",
            "button_link": "",
            "button_text_override": "",
            "button_text_override_de": "",
            "button_text_override_fr": "",
            "button_text_override_fi": ""
          }
        },
        "custom_item_PQhkkb": {
          "type": "custom_item",
          "settings": {
            "image": "shopify://shop_images/Frame_376_132dc3eb-7169-45f9-b1b8-484ff6cfbce6.jpg",
            "image_link": "",
            "title": "Crystal clear 1.96\" Display",
            "title_de": "kristallklarer 1.96\" Display",
            "title_fr": "Écran 1.96\" d'une clarté exceptionnelle",
            "title_fi": "Kristallinkirkas 1.96\" näyttö",
            "title_link": "",
            "text": "<p>The compact 1.96\" display sits well protected to the left of the stem. Thanks to the high-quality IPS technology, it is very easy to read even in bright light.</p>",
            "text_de": "<p>Das kompakte 1.96\"-Display sitzt gut geschützt links am Vorbau. Dank hochwertiger IPS-Technologie ist es auch bei hellem Licht sehr gut lesbar.</p>",
            "text_fr": "<p>L'écran compact de 1.96\" est bien protégé à gauche de la tige. Grâce à la technologie IPS de haute qualité, il est très facile à lire même en pleine lumière.</p>",
            "text_fi": "<p>Kompakti 1,96” näyttö sijaitsee ohjainkannattimen vasemmalla puolella, hyvin suojattuna. IPS-tekniikan ansiosta se on helposti luettavissa myös kirkkaassa valossa ja mistä katselukulmasta tahansa.</p>",
            "button_link": "",
            "button_text_override": "",
            "button_text_override_de": "",
            "button_text_override_fr": "",
            "button_text_override_fi": ""
          }
        },
        "custom_item_nNEPyB": {
          "type": "custom_item",
          "settings": {
            "image": "shopify://shop_images/Frame_378_780417fd-5fd7-4d1c-a773-964cf507b6aa.jpg",
            "image_link": "",
            "title": "10-speed gearshift",
            "title_de": "10-Gang Schaltung",
            "title_fr": "Boîte de vitesses à 10 vitesses",
            "title_fi": "10-nopeuksinen vaihteisto",
            "title_link": "",
            "text": "<p>The Shimano Cues U6020 shifting system of the Long Range has been specially developed for e-bikes and is therefore perfect for smooth shifting even under more load.</p>",
            "text_de": "<p>Die Shimano Cues U6020 Schaltung des Long Range wurde speziell für E-Bikes entwickelt und eignet sich daher perfekt für sanfte Schaltvorgänge auch unter mehr Last.</p>",
            "text_fr": "<p>Le système de changement de vitesse Shimano Cues U6020 du Long Range a été spécialement développé pour les vélos électriques et est donc parfait pour un changement de vitesse en douceur même sous une charge plus élevée.</p>",
            "text_fi": "<p>Long Range -mallin Shimano CUES U6020 -vaihteisto on suunniteltu erityisesti sähköpyörien vaatimuksiin. Vaihteisto tarjoaa sulavaa vaihteensiirtoa myös suuremman kuormituksen alla.</p>",
            "button_link": "",
            "button_text_override": "",
            "button_text_override_de": "",
            "button_text_override_fr": "",
            "button_text_override_fi": ""
          }
        },
        "custom_item_GN6Tcg": {
          "type": "custom_item",
          "settings": {
            "image": "shopify://shop_images/Frame_373_465529dc-8a77-4e97-bf68-a5b00643c0a6.jpg",
            "image_link": "",
            "title": "Special e-bike suspension fork",
            "title_de": "Spezielle E-Bike Federgabel",
            "title_fr": "Fourche à suspension spéciale pour vélo électrique",
            "title_fi": "Sähköpyöriin suunniteltu joustohaarukka",
            "title_link": "",
            "text": "<p>The Suntour NEX-25 with its 63 mm suspension travel provides additional comfort, dampens vibrations and compensates for bumps.</p>",
            "text_de": "<p>Die Suntour NEX-25 mit ihren 63 mm Federweg sorgt für zusätzlichen Komfort, dämpft Vibrationen und gleicht Unebenheiten aus..</p>",
            "text_fr": "<p>Le Suntour NEX-25 avec son débattement de suspension de 63 mm offre un confort supplémentaire, amortit les vibrations et compense les bosses.</p>",
            "text_fi": "<p>Suntour NEX-25 63mm joustomatkallaan parantaa ajomukavuutta tehokkaasti, vaimentaa tärinöitä ja tasaa reitin epätasaisuuksia.</p>",
            "button_link": "",
            "button_text_override": "",
            "button_text_override_de": "",
            "button_text_override_fr": "",
            "button_text_override_fi": ""
          }
        },
        "custom_item_gRX6tW": {
          "type": "custom_item",
          "settings": {
            "image": "shopify://shop_images/Frame_381.jpg",
            "image_link": "",
            "title": "Multifunctional luggage carrier",
            "title_de": "Multifunktionaler Gepäckträger",
            "title_fr": "Porte-bagages multifonctionnel",
            "title_fi": "Monitoiminen tavarateline",
            "title_link": "",
            "text": "<p>The robust pannier rack always has a solution at hand: whether for panniers on the side or for quickly clicking in baskets thanks to the universal MIK HD interface.</p>",
            "text_de": "<p>Der robuste Gepäckträger hat immer eine Lösung parat: ob für seitlichen Packtaschen oder für das schnelle Einklicken von Körben dank der universellen MIK HD Schnittstelle..</p>",
            "text_fr": "<p>Le porte-bagages robuste a toujours une solution à portée de main : que ce soit pour les sacoches latérales ou pour cliquer rapidement dans les paniers grâce à l'interface universelle MIK HD.</p>",
            "text_fi": "<p>Tukeva tavarateline taipuu moneen: sivulaukuille tai vaikka kätevästi MIK HD-järjestelmään kiinnityvälle korille.</p>",
            "button_link": "",
            "button_text_override": "",
            "button_text_override_de": "",
            "button_text_override_fr": "",
            "button_text_override_fi": ""
          }
        },
        "custom_item_KnayiQ": {
          "type": "custom_item",
          "settings": {
            "image": "shopify://shop_images/Frame_374.png",
            "image_link": "",
            "title": "Automatic light sensor",
            "title_de": "Automatischer Lichtsensor",
            "title_fr": "Capteur de lumière automatique",
            "title_fi": "Automaattinen valosensori",
            "title_link": "",
            "text": "<p>The light on your Trekking 7 is controlled fully automatically by a light sensor. This is particularly practical in suddenly changing light conditions, such as tunnels!</p>",
            "text_de": "<p>Das Licht an Ihrem Trekking 7 wird vollautomatisch durch einen Lichtsensor gesteuert. Besonders praktisch bei plötzlich wechselnden Lichtverhältnissen, wie Tunneln!.</p>",
            "text_fr": "<p>L'éclairage de votre Trekking 7 est contrôlé de manière entièrement automatique par un capteur de lumière. Cela est particulièrement pratique en cas de changement soudain de la luminosité, comme dans les tunnels !</p>",
            "text_fi": "<p>Valaistus ohjautuu täysin automaattisesti valosensorilla – erityisen hyödyllinen ominaisuus äkillisesti vaihtuvissa valaistusolosuhteissa, kuten tunneliin ajettaessa!</p>",
            "button_link": "",
            "button_text_override": "",
            "button_text_override_de": "",
            "button_text_override_fr": "",
            "button_text_override_fi": ""
          }
        },
        "custom_item_CgLRhU": {
          "type": "custom_item",
          "settings": {
            "image": "shopify://shop_images/app_432ee281-bc29-43b1-9f76-b357a74d18a6.png",
            "image_link": "",
            "title": "Smart APP",
            "title_de": "Smarte App",
            "title_fr": "Application intelligente",
            "title_fi": "Älykäs mobiilisovellus",
            "title_link": "",
            "text": "<p>With the HEPHA APP, you can unlock the full potential of your e-bike: record rides, configure your e-bike, update your system or get help with questions.</p>",
            "text_de": "<p>Mit der HEPHA APP setzen Sie das volle Potenzial Ihres E-Bikes frei: Zeichnen Sie Fahrten auf, konfigurieren Sie Ihr E-Bike, updaten Sie Ihr System oder erhalten Sie Hilfe bei Fragen..</p>",
            "text_fr": "<p>Avec l'application HEPHA, vous pouvez exploiter tout le potentiel de votre vélo électrique : enregistrer des trajets, configurer votre vélo électrique, mettre à jour votre système ou obtenir de l'aide en cas de questions.</p>",
            "text_fi": "<p>HEPHA-sovelluksella valjastat pyöräsi koko potentiaalin käyttöösi: tallenna ajosi, konfiguroi moottorin avustustasot ja löydä apua tukipalvelusta.</p>",
            "button_link": "",
            "button_text_override": "",
            "button_text_override_de": "",
            "button_text_override_fr": "",
            "button_text_override_fi": ""
          }
        }
      },
      "block_order": [
        "custom_item_RxkHV6",
        "custom_item_WNYMWy",
        "custom_item_gk8Nrb",
        "custom_item_PQhkkb",
        "custom_item_nNEPyB",
        "custom_item_GN6Tcg",
        "custom_item_gRX6tW",
        "custom_item_KnayiQ",
        "custom_item_CgLRhU"
      ],
      "name": "Custom Image with Text",
      "settings": {
        "title": "Highlights",
        "title_de": "Highlights",
        "title_fr": "Highlights",
        "title_fi": "Highlights",
        "hide_title": false,
        "image_aspect_ratio": "1/1",
        "show_title_global": true,
        "show_text_global": true,
        "show_button_global": true,
        "button_text": "Learn More",
        "button_text_de": "Mehr erfahren",
        "button_text_fr": "En savoir plus",
        "button_text_fi": "Lue lisää",
        "button_background_color": "#ffffff",
        "button_text_color": "#222222",
        "button_border_color": "#222222",
        "button_hover_background_color": "#222222",
        "button_hover_text_color": "#ffffff",
        "button_hover_border_color": "#222222"
      }
    },
    "custom_specification_DXgxaL": {
      "type": "custom_specification",
      "settings": {}
    },
    "frame_geometry_sheet_UFGJDV": {
      "type": "frame_geometry_sheet",
      "blocks": {
        "step_through_rRTrEE": {
          "type": "step_through",
          "settings": {
            "show_size_s": false,
            "frame_height_low_S": "",
            "frame_height_low": "460 mm",
            "frame_height_low_L": "490 mm",
            "seat_tube_angle_low_S": "",
            "seat_tube_angle_low": "74°",
            "seat_tube_angle_low_L": "74°",
            "fork_offset_low_S": "",
            "fork_offset_low": "43 mm",
            "fork_offset_low_L": "43 mm",
            "seat_angle_low_S": "",
            "seat_angle_low": "74°",
            "seat_angle_low_L": "74°",
            "head_tube_length_low_S": "",
            "head_tube_length_low": "160 mm",
            "head_tube_length_low_L": "170 mm",
            "head_tube_angle_low_S": "",
            "head_tube_angle_low": "68.5°",
            "head_tube_angle_low_L": "68.5°",
            "top_tube_horizontal_low_S": "",
            "top_tube_horizontal_low": "591 mm",
            "top_tube_horizontal_low_L": "629 mm",
            "chain_stay_length_low_S": "",
            "chain_stay_length_low": "484 mm",
            "chain_stay_length_low_L": "484 mm",
            "bottom_bracket_drop_low_S": "",
            "bottom_bracket_drop_low": "60 mm",
            "bottom_bracket_drop_low_L": "60 mm",
            "wheelbase_low_S": "",
            "wheelbase_low": "1162 mm",
            "wheelbase_l": "1201 mm",
            "stack_low_S": "",
            "stack_low": "637 mm",
            "stack_low_L": "647 mm",
            "reach_low_S": "",
            "reach_low": "408 mm",
            "reach_low_L": "443 mm",
            "standover_height_low_S": "",
            "standover_height_low": "720 mm",
            "standover_height_low_L": "720 mm",
            "seat_height_min_low_S": "",
            "seat_height_min_low": "850 mm",
            "seat_height_min_low_L": "850 mm",
            "seat_height_max_low_S": "",
            "seat_height_max_low": "1000 mm",
            "seat_height_max_low_L": "1000 mm"
          }
        },
        "low_step_TmihUT": {
          "type": "low_step",
          "settings": {
            "frame_height_low": "460 mm",
            "frame_height_low_L": "490 mm",
            "seat_tube_angle_low": "74°",
            "seat_tube_angle_low_L": "74°",
            "fork_offset_low": "43 mm",
            "fork_offset_low_L": "43 mm",
            "seat_angle_low": "74°",
            "seat_angle_low_L": "74°",
            "head_tube_length_low": "160 mm",
            "head_tube_length_low_L": "170 mm",
            "head_tube_angle_low": "68.5°",
            "head_tube_angle_low_L": "68.5°",
            "top_tube_horizontal_low": "591 mm",
            "top_tube_horizontal_low_L": "629 mm",
            "chain_stay_length_low": "484 mm",
            "chain_stay_length_low_L": "484 mm",
            "bottom_bracket_drop_low": "60 mm",
            "bottom_bracket_drop_low_L": "60 mm",
            "wheelbase_low": "1162",
            "wheelbase_low_L": "1201",
            "stack_low": "637 mm",
            "stack_low_L": "647 mm",
            "reach_low": "408 mm",
            "reach_low_L": "443 mm",
            "standover_height_low": "720",
            "standover_height_low_L": "720",
            "seat_height_min_low": "850",
            "seat_height_min_low_L": "850",
            "seat_height_max_low": "1000",
            "seat_height_max_low_L": "1000"
          }
        },
        "high_step_KiixTD": {
          "type": "high_step",
          "settings": {
            "show_size_xl": true,
            "frame_height_high": "490 mm",
            "frame_height_high_L": "520 mm",
            "frame_height_high_XL": "560 mm",
            "seat_tube_angle_high": "74°",
            "seat_tube": "74°",
            "seat_tube_angle_high_XL": "74°",
            "fork_offset_high": "43 mm",
            "fork_offset_high_L": "43 mm",
            "fork_offset_high_XL": "43 mm",
            "seat_angle_high": "74°",
            "seat_angle_high_L": "74°",
            "seat_angle_high_XL": "74°",
            "head_tube_length_high": "160 mm",
            "head_tube_length_high_L": "170 mm",
            "head_tube_length_high_XL": "173 mm",
            "head_tube_angle_high": "68.5°",
            "head_tube_angle_high_L": "68.5°",
            "head_tube_angle_high_XL": "68.5°",
            "top_tube_horizontal_high": "591 mm",
            "top_tube_horizontal_high_L": "629 mm",
            "top_tube_horizontal_high_XL": "670 mm",
            "chain_stay_length_high": "484 mm",
            "chain_stay_length_high_L": "484 mm",
            "chain_stay_length_high_XL": "484 mm",
            "bottom_bracket_drop_high": "60 mm",
            "bottom_bracket_drop_high_L": "60 mm",
            "bottom_bracket_drop_high_XL": "60 mm",
            "wheelbase_high": "1162",
            "wheelbase_high_L": "1201",
            "wheelbase_high_XL": "1242",
            "stack_high": "637 mm",
            "stack_high_L": "647 mm",
            "stack_high_XL": "653 mm",
            "reach_high": "408 mm",
            "reach_high_L": "443 mm",
            "reach_high_XL": "482 mm",
            "standover_height_high": "760",
            "standover_height_high_L": "780",
            "standover_height_high_XL": "780",
            "seat_height_min_high": "860",
            "seat_height_min_high_L": "890",
            "seat_height_min_high_XL": "890",
            "seat_height_max_high": "1050",
            "seat_height_max_high_L": "1080",
            "seat_height_max_high_XL": "1080"
          }
        }
      },
      "block_order": [
        "step_through_rRTrEE",
        "low_step_TmihUT",
        "high_step_KiixTD"
      ],
      "name": "Frame geometry sheet",
      "settings": {
        "title": "Frame & Geometry",
        "title_de": "Rahmen & Geometrie",
        "title_fr": "Cadre & Géométrie",
        "title_fi": "Runko & Geometria",
        "geometry_type": "custom",
        "custom_geometry_image": "shopify://shop_images/Group_404.png"
      }
    },
    "173442611857857522": {
      "type": "apps",
      "blocks": {
        "loox_reviews_loox_dynamic_section_p3bDHL": {
          "type": "shopify://apps/loox-reviews/blocks/loox-dynamic-section/5c3b337f-fd14-4df5-b1d6-80ec13e6e28e",
          "settings": {
            "only_photos": false,
            "aggregated": false,
            "limit": 20,
            "hide_thumbnails": false,
            "maxwidth": 1080,
            "is_sample": true
          }
        }
      },
      "block_order": ["loox_reviews_loox_dynamic_section_p3bDHL"],
      "settings": {
        "full_width": false,
        "show_space": true,
        "title": "",
        "title_de": "",
        "title_fr": ""
      }
    },
    "custom_product_tab_new_rQxUg3": {
      "type": "custom-product-tab-new",
      "blocks": {
        "tab_39CEDy": {
          "type": "tab",
          "settings": {
            "title": "Sale",
            "title_de": "Sale",
            "title_fr": "Sale",
            "title_fi": "Sale",
            "product_source": "collection",
            "collection": "trekking-7-my23",
            "products": []
          }
        },
        "tab_y4ggKL": {
          "type": "tab",
          "settings": {
            "title": "City",
            "title_de": "City",
            "title_fr": "City",
            "title_fi": "City",
            "product_source": "collection",
            "collection": "city-e-bike",
            "products": []
          }
        },
        "tab_beHQJn": {
          "type": "tab",
          "settings": {
            "title": "Trekking",
            "title_de": "Trekking",
            "title_fr": "Trekking",
            "title_fi": "Trekking",
            "product_source": "collection",
            "collection": "new-bike-2024",
            "products": []
          }
        },
        "tab_ULRDyp": {
          "type": "tab",
          "settings": {
            "title": "Mountain",
            "title_de": "Mountain",
            "title_fr": "Mountain",
            "title_fi": "Mountain",
            "product_source": "collection",
            "collection": "mountain-7-2024",
            "products": []
          }
        },
        "tab_UBn8dn": {
          "type": "tab",
          "settings": {
            "title": "Mountain Carbon",
            "title_de": "Mountain Carbon",
            "title_fr": "Mountain Carbon",
            "title_fi": "Mountain Carbon",
            "product_source": "collection",
            "collection": "mountain-7-carbon",
            "products": []
          }
        },
        "advertisement_Qr7pXB": {
          "type": "advertisement",
          "settings": {
            "ad_link": "shopify://collections/hepha-ebikes",
            "image": "shopify://shop_images/HEPHA-Trekking7_01_grey_7ff138ad-9f41-4981-b752-1bd80fee72c0.jpg",
            "background_color": "#ffffff",
            "background_position": "center center",
            "background_size": "cover",
            "background_align_items": "center",
            "background_padding_top": 20,
            "background_padding_left": 20,
            "background_padding_right": 20,
            "background_padding_bottom": 20,
            "title_1": "<p>Not sure which E-Bike is right for you? Discover and compare our full range of E-Bikes to find the perfect model for your adventures.</p>",
            "title_1_de": "<p>Nicht sicher, welches E-Bike das richtige für Sie ist? Entdecken und vergleichen Sie unser gesamtes Sortiment an E-Bikes, um das perfekte Modell für Ihre Abenteuer zu finden.</p>",
            "title_1_fr": "<p>Vous n’êtes pas sûr de quel vélo électrique est fait pour vous ? Découvrez et comparez notre gamme complète de vélos électriques pour trouver le modèle parfait pour vos aventures.</p>",
            "title_1_fi": "<p>Etkö ole varma, mikä sähköpyörämalli sopii sinulle? Tutustu ja vertaa koko valikoimaamme löytääksesi täydellisen pyörän omaan käyttötarkoitukseesi.</p>",
            "heading_color_1": "#ffffff",
            "heading_size_1": 18,
            "button_label": "Explore all E-Bikes!",
            "button_label_de": "Entdecke alle E-Bikes!",
            "button_label_fr": "Découvrez tous modèles !",
            "button_label_fi": "Tutki koko mallistoa!"
          }
        }
      },
      "block_order": [
        "tab_39CEDy",
        "tab_y4ggKL",
        "tab_beHQJn",
        "tab_ULRDyp",
        "tab_UBn8dn",
        "advertisement_Qr7pXB"
      ],
      "name": "Custom Product Tabs New",
      "settings": {
        "title": "Explore more HEPHA E-Bikes",
        "title_de": "Entdecken Sie mehr HEPHA E-Bikes",
        "title_fr": "Découvrez d'autres vélos électriques HEPHA",
        "title_fi": "Tutustu lisää HEPHA E-Bike-malleihin"
      }
    },
    "custom_stickybar_VeL9Yn": {
      "type": "custom-stickybar",
      "blocks": {
        "nav_link_Maimx7": {
          "type": "nav_link",
          "settings": {
            "anchor_id": "highlights",
            "text_en": "Highlights",
            "text_de": "Highlights",
            "text_fr": "Points forts",
            "text_fi": "Kohokohdat"
          }
        },
        "nav_link_Hhk6Nb": {
          "type": "nav_link",
          "settings": {
            "anchor_id": "specification",
            "text_en": "Specification",
            "text_de": "Spezifikation",
            "text_fr": "Spécification",
            "text_fi": "Tekniset tiedot"
          }
        },
        "nav_link_i9H34y": {
          "type": "nav_link",
          "settings": {
            "anchor_id": "frame_geometry",
            "text_en": "Frame Geometry",
            "text_de": "Rahmengröße",
            "text_fr": "Géométrie du cadre",
            "text_fi": "Rungon geometria"
          }
        },
        "nav_link_WNiPPd": {
          "type": "nav_link",
          "settings": {
            "anchor_id": "appblock",
            "text_en": "Review",
            "text_de": "Bewertungen",
            "text_fr": "Avis",
            "text_fi": "Arvostelut"
          }
        }
      },
      "block_order": [
        "nav_link_Maimx7",
        "nav_link_Hhk6Nb",
        "nav_link_i9H34y",
        "nav_link_WNiPPd"
      ],
      "name": "Custom Stickybar",
      "settings": {}
    }
  },
  "order": [
    "main",
    "custom_image_with_text_Pz7TQC",
    "enhance_text_area_FXwk4C",
    "media_content_section_HtL7HR",
    "custom_image_with_text_CkUPUM",
    "custom_specification_DXgxaL",
    "frame_geometry_sheet_UFGJDV",
    "173442611857857522",
    "custom_product_tab_new_rQxUg3",
    "custom_stickybar_VeL9Yn"
  ]
}
