{
  "sections": {
    "main": {
      "type": "main-product",
      "blocks": {
        "title": { "type": "title", "settings": {} },
        "loox_reviews_loox_rating_4LcXpt": {
          "type": "shopify://apps/loox-reviews/blocks/loox-rating/5c3b337f-fd14-4df5-b1d6-80ec13e6e28e",
          "settings": {
            "contentSize": 16,
            "pattern": "",
            "hideText": false,
            "alignment": "",
            "layout": "",
            "textColor": "",
            "starColor": "",
            "showAllReviews": false,
            "looxOpenFloatingWidget": false,
            "emptyRatingWidget": false
          }
        },
        "price": {
          "type": "price",
          "settings": {
            "show_tax_and_shipping": false,
            "enable_product_reviews_by_price": true
          }
        },
        "description_JNVXj3": {
          "type": "description",
          "settings": {
            "show_in_tab": false,
            "open_tab": false,
            "icon": "",
            "show_in_quickbuy": false
          }
        },
        "specification_simple_KR3q47": {
          "type": "specification_simple",
          "settings": {}
        },
        "variant_picker_BNiCD8": {
          "type": "variant-picker",
          "settings": {
            "show_single": false,
            "selector_style": "listed",
            "dynamic_availability": "show",
            "enable_size_chart": false,
            "size_chart_label": "",
            "size_chart_variant": "",
            "size_chart_page": ""
          }
        },
        "variant_metafield_qr6LpH": {
          "type": "variant_metafield",
          "settings": {
            "namespace": "custom",
            "key": "size",
            "fallback": "<p>Information not available for this variant</p>",
            "custom_selector": ""
          }
        },
        "pop_up_AAc34B": {
          "type": "pop-up",
          "settings": {
            "text": "Which frame size fit me?",
            "text_de": "Welche Rahmengröße passt zu mir?",
            "text_fr": "Quelle taille de cadre me convient ?",
            "text_fi": "Millainen rungon koko sopii minulle?",
            "style": "link",
            "page": "trekking2024-sizechart",
            "show_in_quickbuy": false
          }
        },
        "buy_buttons_ieLink": {
          "type": "buy-buttons",
          "settings": {
            "show_quantity_selector": false,
            "show_pickup_availability": true,
            "show_backorder_text": false,
            "enable_payment_button": true,
            "show_gift_card_recipient": false,
            "show_accessories": true,
            "accessories_heading": "Compatible accessories",
            "accessories_heading_de": "Kompatibles Zubehör",
            "accessories_heading_fr": "Accessoires compatibles",
            "accessories_heading_fi": "Yhteensopivat lisävarusteet",
            "accessory_products": [
              "inklusive-e-bike-komfortschutz-nur-gultig-in-deutschland",
              "hepha-708wh-battery-for-trekking-7",
              "4750xl-nr-bk-oe-pro-amparo",
              "xlc-suspension-seatpost-sp-s11"
            ],
            "show_accessory_description": true
          }
        },
        "sharing_Hmw8qb": {
          "type": "sharing",
          "settings": {
            "show_twitter": true,
            "show_facebook": true,
            "show_pinterest": true,
            "show_linkedin": true,
            "show_whatsapp": true,
            "show_snapchat": true,
            "show_threads": true,
            "show_tumblr": true,
            "show_twitch": true
          }
        },
        "finance_leasing_accordion_Qga39p": {
          "type": "finance-leasing-accordion",
          "settings": {
            "show_in_quickbuy": true,
            "open": false,
            "title": "",
            "title_de": "",
            "title_fr": "",
            "title_fi": "",
            "content": "",
            "content_de": "",
            "content_fr": "",
            "content_fi": "",
            "icon": "",
            "jobrad_url": "",
            "bikeleasing_url": "",
            "deutsche_url": "",
            "businessbike_url": ""
          }
        }
      },
      "block_order": [
        "title",
        "loox_reviews_loox_rating_4LcXpt",
        "price",
        "description_JNVXj3",
        "specification_simple_KR3q47",
        "variant_picker_BNiCD8",
        "variant_metafield_qr6LpH",
        "pop_up_AAc34B",
        "buy_buttons_ieLink",
        "sharing_Hmw8qb",
        "finance_leasing_accordion_Qga39p"
      ],
      "custom_css": [],
      "settings": {
        "show_breadcrumbs": false,
        "select_first_variant": true,
        "show_location_underneath": false,
        "inventory_transfers_enable": false,
        "enable_sticky_columns": true,
        "enable_sticky_atc": true,
        "sticky_atc_position": "end",
        "sticky_atc_mobile": true,
        "sticky_atc_behavior": "add_to_cart",
        "sticky_atc_button_style": "secondary",
        "gallery_size": "large",
        "gallery_layout": "carousel-under",
        "enable_zoom": true,
        "show_alt_text": false,
        "alt_text_icon": "",
        "enable_video_autoplay": false,
        "enable_video_looping": false,
        "enable_media_grouping": true,
        "media_grouping_option": "Choose from the following colors,Wählen Sie aus den folgenden Rahmenfarben, Choisissez parmi les couleurs suivantes, Valitse seuraavista väreistä",
        "new_label_text": "",
        "new_label_text_de": "",
        "new_label_text_fr": "",
        "new_label_text_fi": ""
      }
    },
    "custom_image_with_text_Pz7TQC": {
      "type": "Custom-Image-with-Text",
      "blocks": {
        "custom_item_CBC7Kr": {
          "type": "custom_item",
          "settings": {
            "image": "shopify://shop_images/Group_397_6ce9d586-a702-4f92-9b82-adbe4567ea34.jpg"
          }
        },
        "custom_item_heWx9W": {
          "type": "custom_item",
          "settings": {
            "image": "shopify://shop_images/Group_398_2b74be99-2dcc-43bf-af7d-97d19c6a489a.jpg"
          }
        },
        "custom_item_DCJR4c": {
          "type": "custom_item",
          "settings": {
            "image": "shopify://shop_images/Group_395_0d8af3c0-0559-4dd8-b5b3-e5563e623edf.jpg"
          }
        },
        "custom_item_H7LtNi": {
          "type": "custom_item",
          "settings": {
            "image": "shopify://shop_images/Group_399_c0912d9b-516f-4b39-9048-a3fdecdf145d.jpg"
          }
        },
        "custom_item_4BT34g": {
          "type": "custom_item",
          "settings": {
            "image": "shopify://shop_images/Group_400_f93782df-4196-4931-86dd-8b784b6be06e.jpg"
          }
        }
      },
      "block_order": [
        "custom_item_CBC7Kr",
        "custom_item_heWx9W",
        "custom_item_DCJR4c",
        "custom_item_H7LtNi",
        "custom_item_4BT34g"
      ],
      "settings": {
         "title": "Highlights",
        "title_de": "Highlights",
        "title_fr": "Highlights",
        "title_fi": "Highlights",
        "hide_title": true,
        "image_aspect_ratio": "4/3",
        "show_title_global": false,
        "show_text_global": false,
        "show_button_global": false,
        "button_text": "Learn More",
        "button_text_de": "Mehr erfahren",
        "button_text_fr": "En savoir plus",
        "button_text_fi": "Lue lisää",
        "button_background_color": "#ffffff",
        "button_text_color": "#222222",
        "button_border_color": "#222222",
        "button_hover_background_color": "#222222",
        "button_hover_text_color": "#ffffff",
        "button_hover_border_color": "#222222"
      }
    },
    "enhance_text_area_FXwk4C": {
      "type": "enhance-text-area",
      "blocks": {
        "list_item_Lg4phj": {
          "type": "list_item",
          "settings": {
            "item_text": "Premium frame with seamless transitions",
            "item_text_de": "Premium-Rahmen mit nahtlosen Übergängen",
            "item_text_fr": "Cadre haut de gamme avec des transitions fluides",
            "item_text_fi": "Saumattomaksi hiottu premium-alumiinirunko"
          }
        },
        "list_item_jamLQc": {
          "type": "list_item",
          "settings": {
            "item_text": "Powerful 90 Nm motor",
            "item_text_de": "Kraftvoller 90 Nm Motor",
            "item_text_fr": "Moteur puissant de 90 Nm",
            "item_text_fi": "Tehokas 90 Nm moottori"
          }
        },
        "list_item_Y3kbmk": {
          "type": "list_item",
          "settings": {
            "item_text": "Battery with 708 Wh capacity",
            "item_text_de": "Akku mit 708 Wh Kapazität",
            "item_text_fr": "Batterie d'une capacité de 708 Wh",
            "item_text_fi": "Akku 708Wh:n kapasiteetilla"
          }
        },
        "list_item_m76YAM": {
          "type": "list_item",
          "settings": {
            "item_text": "6A fast charger",
            "item_text_de": "6A Schnellladegerät",
            "item_text_fr": "Chargeur rapide 6A",
            "item_text_fi": "6A nopea pikalaturi"
          }
        },
        "list_item_AUHbrD": {
          "type": "list_item",
          "settings": {
            "item_text": "10-speed Shimano Cues gears",
            "item_text_de": "10-Gang Shimano CUES Schaltung",
            "item_text_fr": "Transmission Shimano CUES à 10 vitesses",
            "item_text_fi": "10-nopeuksinen Shimano Cues-vaihteisto"
          }
        },
        "list_item_JCBFRx": {
          "type": "list_item",
          "settings": {
            "item_text": "MIK HD luggage carrier, also suitable for child seats!",
            "item_text_de": "MIK HD Gepäckträger, auch für Kindersitze geeignet!",
            "item_text_fr": "Porte-bagages MIK HD, également adapté aux sièges enfants !",
            "item_text_fi": "MIK HD -tavarateline, joka on myös lastenistuimille soveltuva!"
          }
        },
        "list_item_k7VtqG": {
          "type": "list_item",
          "settings": {
            "item_text": "Assembled in Germany",
            "item_text_de": "Montiert in Deutschland",
            "item_text_fr": "Assemblé en Allemagne",
            "item_text_fi": "Kokoonpano Saksassa"
          }
        }
      },
      "block_order": [
        "list_item_Lg4phj",
        "list_item_jamLQc",
        "list_item_Y3kbmk",
        "list_item_m76YAM",
        "list_item_AUHbrD",
        "list_item_JCBFRx",
        "list_item_k7VtqG"
      ],
      "settings": {
        "section_title": "Dynamic and comfortable.",
        "section_title_de": "Dynamisch und komfortabel.",
        "section_title_fr": "Dynamique et confortable.",
        "section_title_fi": "Dynaaminen ja mukava",
        "text_description": "<p>The High-Step frame combines classic sporty aesthetics with high rigidity, offering a dynamic appearance and excellent standover height. This high-performance e-bike, merging features from the Long Range and Ultra versions, boasts a powerful 90 Nm engine for dynamic support in any terrain or urban setting. With its seamlessly welded premium aluminum frame, it's a visual standout for leisure and everyday use.</p>",
        "text_description_de": "<p>Der High-Step-Rahmen kombiniert klassische sportliche Ästhetik mit hoher Steifigkeit und bietet ein dynamisches Erscheinungsbild und eine hervorragende Überstandshöhe. Dieses Hochleistungs-E-Bike, das Funktionen der Versionen Long Range und Ultra vereint, verfügt über einen leistungsstarken 90-Nm-Motor für dynamische Unterstützung in jedem Gelände oder in der städtischen Umgebung. Mit seinem nahtlos geschweißten Premium-Aluminiumrahmen ist es ein optischer Hingucker für die Freizeit und den Alltag.</p>",
        "text_description_fr": "<p>Le cadre High-Step allie une esthétique sportive classique à une grande rigidité, offrant une apparence dynamique et une excellente hauteur de passage. Ce vélo électrique hautes performances, qui fusionne les caractéristiques des versions Long Range et Ultra, est doté d'un puissant moteur de 90 Nm pour une assistance dynamique sur n'importe quel terrain ou en milieu urbain. Avec son cadre en aluminium haut de gamme soudé sans soudure, il se distingue visuellement pour les loisirs et l'utilisation quotidienne.</p>",
        "text_description_fi": "<p>High-Step-runkokonstruktio yhdistää klassisen urheilullisen estetiikan korkeaan jäykkyyteen, tarjoten dynaamisen ulkonäön ja erinomaisen ylityskorkeuden. Tämä huipputason sähköpyörä, joka yhdistää Long Range- ja Ultra-mallien ominaisuuksia, tarjoaa tehokkaan 90 Nm moottorin dynaamiseen tukeen kaikilla maastoilla tai kaupunkialueilla. Sen saumattomasti hitsattu premium-alumiinirunko tekee siitä visuaalisen erottuvan vaihtoehdon vapaa-aikaan ja päivittäiseen käyttöön.</p>",
        "title_font_size": 50,
        "text_font_size": 18,
        "show_item_list": true,
        "layout": "title_above",
        "item_font_size": 16,
        "custom_icon": "checkmark",
        "title_color": "#000000",
        "text_color": "#333333",
        "icon_color": "#000000",
        "mobile_title_font_size": 40,
        "mobile_text_font_size": 16,
        "mobile_item_font_size": 14
      }
    },
    "media_content_section_HtL7HR": {
      "type": "media-content-section",
      "blocks": {
        "heading_H7LKB7": {
          "type": "heading",
          "settings": {
            "heading": "<p>Award-winning<br/>design & performance.</p>",
            "heading_de": "<p>Mehrfach ausgezeichnet.</p>",
            "heading_fr": "<p>Plusieurs fois récompensé.</p>",
            "heading_fi": "<p>Palkittua<br/>muotoilua & suorituskykyä.</p>",
            "heading_color": "#ffffff",
            "desktop_font_size": 50,
            "mobile_font_size": 40,
            "use_h1": false,
            "position_mode": "relative",
            "position": "middle-center",
            "offset_x": 0,
            "offset_y": 0,
            "margin_top": 0,
            "margin_right": 0,
            "margin_bottom": 0,
            "margin_left": 0,
            "text_align": "left"
          }
        },
        "text_M9K3pL": {
          "type": "text",
          "settings": {
            "text": "<p>Our aim is to make design, quality and performance accessible to all. We are therefore all the more pleased that this ambition has been recognized with numerous awards!</p>",
            "text_de": "<p>Unser Anspruch ist es, Design, Qualität und Leistung für alle zugänglich zu machen. Umso mehr freuen wir uns, dass dieser Anspruch mit zahlreichen Auszeichnungen gewürdigt wurde!</p>",
            "text_fr": "<p>Notre objectif est de rendre le design, la qualité et la performance accessibles à tous. Nous sommes donc d'autant plus heureux que cette ambition ait été récompensée par de nombreuses récompenses !</p>",
            "text_fi": "<p>Tavoitteenamme on tehdä huippumuotoilusta, laadusta ja suorituskyvystä kaikille saavutettavaa. Tästä syystä olemme erityisen ylpeitä siitä, että tämä tavoite on huomioitu polkupyöräalalla lukuisilla arvostetuilla palkinnoilla!</p>",
            "text_color": "#ffffff",
            "desktop_font_size": 18,
            "mobile_font_size": 16,
            "enlarge_text": false,
            "position_mode": "relative",
            "position": "middle-center",
            "offset_x": 0,
            "offset_y": 0,
            "margin_top": 20,
            "margin_right": 0,
            "margin_bottom": 20,
            "margin_left": 0,
            "text_align": "left"
          }
        },
        "custom_image_R4T8nX": {
          "type": "custom_image",
          "settings": {
            "image": "shopify://shop_images/Frame_214.png",
            "image_width": "400",
            "image_link": "",
            "image_position": "center"
          }
        }
      },
      "block_order": [
        "heading_H7LKB7",
        "text_M9K3pL",
        "custom_image_R4T8nX",
        "custom_image_Q7W2mY"
      ],
      "settings": {
        "margin_top": "0",
        "margin_bottom": "0",
        "min_section_height": 700,
        "min_column_height": 700,
        "min_section_height_mobile": 400,
        "min_column_height_mobile": 400,
        "show_media_column": true,
        "media_bg_color": "#ffffff",
        "media_bg_image": "shopify://shop_images/Frame_212.jpg",
        "media_bg_video": "",
        "media_position": "left top",
        "media_size": "cover",
        "media_position_setting": "right",
        "mobile_media_position": "below",
        "media_heading": "",
        "media_heading_de": "",
        "media_heading_fr": "",
        "media_heading_fi": "",
        "media_heading_color": "#ffffff",
        "media_desktop_heading_size": 36,
        "media_mobile_heading_size": 24,
        "media_use_h1": false,
        "media_text": "",
        "media_text_de": "",
        "media_text_fr": "",
        "media_text_fi": "",
        "media_text_color": "#ffffff",
        "media_desktop_text_size": 18,
        "media_mobile_text_size": 16,
        "media_enlarge_text": false,
        "media_text_bg_enabled": false,
        "media_text_font_family": "monospace",
        "media_text_alignment": "center",
        "media_button1_label": "Button 1",
        "media_button1_label_de": "",
        "media_button1_label_fr": "",
        "media_button1_label_fi": "",
        "media_button1_link": "",
        "media_button1_text_color": "#ffffff",
        "media_button1_bg_color": "#000000",
        "media_button1_border_color": "#000000",
        "media_button1_style": "primary",
        "media_button2_label": "Button 2",
        "media_button2_label_de": "",
        "media_button2_label_fr": "",
        "media_button2_label_fi": "",
        "media_button2_link": "",
        "media_button2_text_color": "#ffffff",
        "media_button2_bg_color": "#000000",
        "media_button2_border_color": "#000000",
        "media_button2_style": "secondary",
        "media_button_alignment": "center",
        "media_desktop_button_size": 18,
        "media_mobile_button_size": 16,
        "content_text_bg_color": "rgba(0,0,0,0)",
        "content_text_bg_opacity": 100,
        "content_bg_color": "#3C9DCA",
        "content_bg_video": "",
        "content_alignment": "left",
        "content_vertical_alignment": "center"
      }
    },
    "custom_image_with_text_CkUPUM": {
      "type": "Custom-Image-with-Text",
      "blocks": {
        "custom_item_CBC7Kr": {
          "type": "custom_item",
          "settings": {
            "image": "shopify://shop_images/Group_397_6ce9d586-a702-4f92-9b82-adbe4567ea34.jpg"
          }
        },
        "custom_item_heWx9W": {
          "type": "custom_item",
          "settings": {
            "image": "shopify://shop_images/Group_398_2b74be99-2dcc-43bf-af7d-97d19c6a489a.jpg"
          }
        },
        "custom_item_DCJR4c": {
          "type": "custom_item",
          "settings": {
            "image": "shopify://shop_images/Group_395_0d8af3c0-0559-4dd8-b5b3-e5563e623edf.jpg"
          }
        },
        "custom_item_H7LtNi": {
          "type": "custom_item",
          "settings": {
            "image": "shopify://shop_images/Group_399_c0912d9b-516f-4b39-9048-a3fdecdf145d.jpg"
          }
        },
        "custom_item_4BT34g": {
          "type": "custom_item",
          "settings": {
            "image": "shopify://shop_images/Group_400_f93782df-4196-4931-86dd-8b784b6be06e.jpg"
          }
        }
      },
      "block_order": [
        "custom_item_CBC7Kr",
        "custom_item_heWx9W",
        "custom_item_DCJR4c",
        "custom_item_H7LtNi",
        "custom_item_4BT34g"
      ],
      "settings": {}
    },
      "custom_specification_DXgxaL": {
      "type": "custom_specification",
      "settings": {}
    },
    "173442611857857522": {
      "type": "apps",
      "blocks": {
        "loox_reviews_loox_dynamic_section_p3bDHL": {
          "type": "shopify://apps/loox-reviews/blocks/loox-dynamic-section/5c3b337f-fd14-4df5-b1d6-80ec13e6e28e",
          "settings": {
            "only_photos": false,
            "aggregated": false,
            "limit": 20,
            "hide_thumbnails": false,
            "maxwidth": 1080,
            "is_sample": true
          }
        }
      },
      "block_order": ["loox_reviews_loox_dynamic_section_p3bDHL"],
      "settings": {
        "full_width": false,
        "show_space": true,
        "title": "",
        "title_de": "",
        "title_fr": ""
      }
    },
    "frame_geometry_sheet_mtrVtx": {
      "type": "frame_geometry_sheet",
      "blocks": {
        "step_through_iRQCEW": {
          "type": "step_through",
          "settings": {
            "show_size_s": false,
            "frame_height_low_S": "",
            "frame_height_low": "460 mm",
            "frame_height_low_L": "490 mm",
            "seat_tube_angle_low_S": "",
            "seat_tube_angle_low": "74°",
            "seat_tube_angle_low_L": "74°",
            "fork_offset_low_S": "",
            "fork_offset_low": "43 mm",
            "fork_offset_low_L": "43 mm",
            "seat_angle_low_S": "",
            "seat_angle_low": "74°",
            "seat_angle_low_L": "74°",
            "head_tube_length_low_S": "",
            "head_tube_length_low": "160 mm",
            "head_tube_length_low_L": "170 mm",
            "head_tube_angle_low_S": "",
            "head_tube_angle_low": "68.5°",
            "head_tube_angle_low_L": "68.5°",
            "top_tube_horizontal_low_S": "",
            "top_tube_horizontal_low": "591 mm",
            "top_tube_horizontal_low_L": "629 mm",
            "chain_stay_length_low_S": "",
            "chain_stay_length_low": "484 mm",
            "chain_stay_length_low_L": "484 mm",
            "bottom_bracket_drop_low_S": "",
            "bottom_bracket_drop_low": "60 mm",
            "bottom_bracket_drop_low_L": "60 mm",
            "wheelbase_low_S": "",
            "wheelbase_low": "1162 mm",
            "wheelbase_l": "1201 mm",
            "stack_low_S": "",
            "stack_low": "637 mm",
            "stack_low_L": "647 mm",
            "reach_low_S": "",
            "reach_low": "408 mm",
            "reach_low_L": "443 mm",
            "standover_height_low_S": "",
            "standover_height_low": "720 mm",
            "standover_height_low_L": "720 mm",
            "seat_height_min_low_S": "",
            "seat_height_min_low": "850 mm",
            "seat_height_min_low_L": "850 mm",
            "seat_height_max_low_S": "",
            "seat_height_max_low": "1000 mm",
            "seat_height_max_low_L": "1000 mm"
          }
        },
        "low_step_7cbqr8": {
          "type": "low_step",
          "settings": {
            "frame_height_low": "460 mm",
            "frame_height_low_L": "490 mm",
            "seat_tube_angle_low": "74°",
            "seat_tube_angle_low_L": "74°",
            "fork_offset_low": "43 mm",
            "fork_offset_low_L": "43 mm",
            "seat_angle_low": "74°",
            "seat_angle_low_L": "74°",
            "head_tube_length_low": "160 mm",
            "head_tube_length_low_L": "170 mm",
            "head_tube_angle_low": "68.5°",
            "head_tube_angle_low_L": "68.5°",
            "top_tube_horizontal_low": "591 mm",
            "top_tube_horizontal_low_L": "629 mm",
            "chain_stay_length_low": "484 mm",
            "chain_stay_length_low_L": "484 mm",
            "bottom_bracket_drop_low": "60 mm",
            "bottom_bracket_drop_low_L": "60 mm",
            "wheelbase_low": "1162",
            "wheelbase_low_L": "1201",
            "stack_low": "637 mm",
            "stack_low_L": "647 mm",
            "reach_low": "408 mm",
            "reach_low_L": "443 mm",
            "standover_height_low": "720",
            "standover_height_low_L": "720",
            "seat_height_min_low": "850",
            "seat_height_min_low_L": "850",
            "seat_height_max_low": "1000",
            "seat_height_max_low_L": "1000"
          }
        },
        "high_step_rj86hA": {
          "type": "high_step",
          "settings": {
            "show_size_xl": true,
            "frame_height_high": "490 mm",
            "frame_height_high_L": "520 mm",
            "frame_height_high_XL": "560 mm",
            "seat_tube_angle_high": "74°",
            "seat_tube": "74°",
            "seat_tube_angle_high_XL": "74°",
            "fork_offset_high": "43 mm",
            "fork_offset_high_L": "43 mm",
            "fork_offset_high_XL": "43 mm",
            "seat_angle_high": "74°",
            "seat_angle_high_L": "74°",
            "seat_angle_high_XL": "74°",
            "head_tube_length_high": "160 mm",
            "head_tube_length_high_L": "170 mm",
            "head_tube_length_high_XL": "173 mm",
            "head_tube_angle_high": "68.5°",
            "head_tube_angle_high_L": "68.5°",
            "head_tube_angle_high_XL": "68.5°",
            "top_tube_horizontal_high": "591 mm",
            "top_tube_horizontal_high_L": "629 mm",
            "top_tube_horizontal_high_XL": "670 mm",
            "chain_stay_length_high": "484 mm",
            "chain_stay_length_high_L": "484 mm",
            "chain_stay_length_high_XL": "484 mm",
            "bottom_bracket_drop_high": "60 mm",
            "bottom_bracket_drop_high_L": "60 mm",
            "bottom_bracket_drop_high_XL": "60 mm",
            "wheelbase_high": "1162",
            "wheelbase_high_L": "1201",
            "wheelbase_high_XL": "1242",
            "stack_high": "637 mm",
            "stack_high_L": "647 mm",
            "stack_high_XL": "653 mm",
            "reach_high": "408 mm",
            "reach_high_L": "443 mm",
            "reach_high_XL": "482 mm",
            "standover_height_high": "760",
            "standover_height_high_L": "780",
            "standover_height_high_XL": "780",
            "seat_height_min_high": "860",
            "seat_height_min_high_L": "890",
            "seat_height_min_high_XL": "890",
            "seat_height_max_high": "1050",
            "seat_height_max_high_L": "1080",
            "seat_height_max_high_XL": "1080"
          }
        }
      },
      "block_order": [
        "step_through_iRQCEW",
        "low_step_7cbqr8",
        "high_step_rj86hA"
      ],
      "name": "Frame geometry sheet",
      "settings": {
        "title": "Frame & Geometry",
        "title_de": "Rahmen & Geometrie",
        "title_fr": "Cadre & Géométrie",
        "title_fi": "Runko & Geometria",
        "geometry_type": "custom",
        "custom_geometry_image": "shopify://shop_images/Group_404.png"
      }
    },
    "custom_product_tab_new_C7MG3J": {
      "type": "custom-product-tab-new",
      "blocks": {
        "tab_Pi87QA": {
          "type": "tab",
          "settings": {
            "title": "Sale",
            "title_de": "Sale",
            "title_fr": "Sale",
            "title_fi": "Sale",
            "product_source": "collection",
            "collection": "trekking-7-my23",
            "products": []
          }
        },
        "tab_GGHFtG": {
          "type": "tab",
          "settings": {
            "title": "City",
            "title_de": "City",
            "title_fr": "City",
            "title_fi": "City",
            "product_source": "collection",
            "collection": "city-e-bike",
            "products": []
          }
        },
        "tab_XQPnFX": {
          "type": "tab",
          "settings": {
            "title": "Trekking",
            "title_de": "Trekking",
            "title_fr": "Trekking",
            "title_fi": "Trekking",
            "product_source": "collection",
            "collection": "new-bike-2024",
            "products": []
          }
        },
        "tab_cWKiki": {
          "type": "tab",
          "settings": {
            "title": "Mountain",
            "title_de": "Mountain",
            "title_fr": "Mountain",
            "title_fi": "Mountain",
            "product_source": "collection",
            "collection": "mountain-7-2024",
            "products": []
          }
        },
        "tab_pkD3B3": {
          "type": "tab",
          "settings": {
            "title": "Mountain Carbon",
            "title_de": "Mountain Carbon",
            "title_fr": "Mountain Carbon",
            "title_fi": "Mountain Carbon",
            "product_source": "collection",
            "collection": "mountain-7-carbon",
            "products": []
          }
        },
        "advertisement_ACzgAM": {
          "type": "advertisement",
          "settings": {
            "ad_link": "shopify://collections/hepha-ebikes",
            "image": "shopify://shop_images/HEPHA-Trekking7_01_grey_7ff138ad-9f41-4981-b752-1bd80fee72c0.jpg",
            "background_color": "#ffffff",
            "background_position": "center center",
            "background_size": "cover",
            "background_align_items": "center",
            "background_padding_top": 20,
            "background_padding_left": 20,
            "background_padding_right": 20,
            "background_padding_bottom": 20,
            "title_1": "<p>Not sure which E-Bike is right for you? Discover and compare our full range of E-Bikes to find the perfect model for your adventures.</p>",
            "title_1_de": "<p>Nicht sicher, welches E-Bike das richtige für Sie ist? Entdecken und vergleichen Sie unser gesamtes Sortiment an E-Bikes, um das perfekte Modell für Ihre Abenteuer zu finden.</p>",
            "title_1_fr": "<p>Vous n’êtes pas sûr de quel vélo électrique est fait pour vous ? Découvrez et comparez notre gamme complète de vélos électriques pour trouver le modèle parfait pour vos aventures.</p>",
            "title_1_fi": "<p>Etkö ole varma, mikä sähköpyörämalli sopii sinulle? Tutustu ja vertaa koko valikoimaamme löytääksesi täydellisen pyörän omaan käyttötarkoitukseesi.</p>",
            "heading_color_1": "#ffffff",
            "heading_size_1": 18,
            "button_label": "Explore all E-Bikes!",
            "button_label_de": "Entdecke alle E-Bikes!",
            "button_label_fr": "Découvrez tous modèles !",
            "button_label_fi": "Tutki koko mallistoa!"
          }
        }
      },
      "block_order": [
        "tab_Pi87QA",
        "tab_GGHFtG",
        "tab_XQPnFX",
        "tab_cWKiki",
        "tab_pkD3B3",
        "advertisement_ACzgAM"
      ],
      "name": "Custom Product Tabs New",
      "settings": {
        "title": "Explore more HEPHA E-Bikes",
        "title_de": "Entdecken Sie mehr HEPHA E-Bikes",
        "title_fr": "Découvrez d'autres vélos électriques HEPHA",
        "title_fi": "Tutustu lisää HEPHA E-Bike-malleihin"
      }
    },
    "custom_stickybar_iphT7A": {
      "type": "custom-stickybar",
      "blocks": {
        "nav_link_aXeLVB": {
          "type": "nav_link",
          "settings": {
            "anchor_id": "highlights",
            "text_en": "Highlights",
            "text_de": "Highlights",
            "text_fr": "Points forts",
            "text_fi": "Kohokohdat"
          }
        },
        "nav_link_e7Lk3m": {
          "type": "nav_link",
          "settings": {
            "anchor_id": "specification",
            "text_en": "Specification",
            "text_de": "Spezifikation",
            "text_fr": "Spécification",
            "text_fi": "Tekniset tiedot"
          }
        },
        "nav_link_whQhR4": {
          "type": "nav_link",
          "settings": {
            "anchor_id": "frame_geometry",
            "text_en": "Frame Geometry",
            "text_de": "Rahmengröße",
            "text_fr": "Géométrie du cadre",
            "text_fi": "Rungon geometria"
          }
        },
        "nav_link_46Wdd7": {
          "type": "nav_link",
          "settings": {
            "anchor_id": "appblock",
            "text_en": "Review",
            "text_de": "Bewertungen",
            "text_fr": "Avis",
            "text_fi": "Arvostelut"
          }
        }
      },
      "block_order": [
        "nav_link_aXeLVB",
        "nav_link_e7Lk3m",
        "nav_link_whQhR4",
        "nav_link_46Wdd7"
      ],
      "name": "Custom Stickybar",
      "settings": {}
    }
  },
  "order": [
    "main",
    "custom_image_with_text_Pz7TQC",
    "enhance_text_area_FXwk4C",
    "media_content_section_HtL7HR",
    "custom_image_with_text_CkUPUM",
     "custom_specification_DXgxaL",
    "173442611857857522",
    "frame_geometry_sheet_mtrVtx",
    "custom_product_tab_new_C7MG3J",
    "custom_stickybar_iphT7A"
  ]
}
