{
  "sections": {
    "main": {
      "type": "main-product",
      "blocks": {
        "title": { "type": "title", "settings": {} },
        "loox_reviews_loox_rating_4LcXpt": {
          "type": "shopify://apps/loox-reviews/blocks/loox-rating/5c3b337f-fd14-4df5-b1d6-80ec13e6e28e",
          "settings": {
            "contentSize": 16,
            "pattern": "",
            "hideText": false,
            "alignment": "",
            "layout": "",
            "textColor": "",
            "starColor": "",
            "showAllReviews": false,
            "looxOpenFloatingWidget": false,
            "emptyRatingWidget": false
          }
        },
        "price": {
          "type": "price",
          "settings": {
            "show_tax_and_shipping": false,
            "enable_product_reviews_by_price": true
          }
        },
        "description_JNVXj3": {
          "type": "description",
          "settings": {
            "show_in_tab": false,
            "open_tab": false,
            "icon": "",
            "show_in_quickbuy": false
          }
        },
        "specification_simple_KR3q47": {
          "type": "specification_simple",
          "settings": {}
        },
        "variant_picker_BNiCD8": {
          "type": "variant-picker",
          "settings": {
            "show_single": false,
            "selector_style": "listed",
            "dynamic_availability": "show",
            "enable_size_chart": false,
            "size_chart_label": "",
            "size_chart_variant": "",
            "size_chart_page": ""
          }
        },
        "variant_metafield_33LQT7": {
          "type": "variant_metafield",
          "settings": {
            "namespace": "custom",
            "key": "size",
            "fallback": "<p>Information not available for this variant</p>",
            "custom_selector": ""
          }
        },
        "pop_up_AAc34B": {
          "type": "pop-up",
          "settings": {
            "text": "Which frame size fit me?",
            "text_de": "Welche Rahmengröße passt zu mir?",
            "text_fr": "Quelle taille de cadre me convient ?",
            "text_fi": "Millainen rungon koko sopii minulle?",
            "style": "link",
            "page": "trekking-sizechart",
            "show_in_quickbuy": false
          }
        },
        "usedbike_WE76Nm": {
          "type": "usedbike",
          "settings": {
            "text": "Save with Used - Like New",
            "text_de": "Sparen Sie mit gebrauchten Fahrrädern - Wie Neu",
            "text_fr": "Économisez avec des vélos d'occasion - Comme Neuf",
            "text_fi": "Säästä käytetyllä - kuin uusi",
            "currentprice": "From €1,999.00",
            "currentprice_de": "Ab 1.999,00 €",
            "currentprice_fr": "À partir de 1 999,00 €",
            "currentprice_fi": "alkaen 1.999,00 €",
            "wasprice": "",
            "wasprice_de": "",
            "wasprice_fr": "",
            "url": "shopify://collections/used-bikes"
          }
        },
        "buy_buttons_ieLink": {
          "type": "buy-buttons",
          "settings": {
            "show_quantity_selector": false,
            "show_pickup_availability": true,
            "show_backorder_text": false,
            "enable_payment_button": true,
            "show_gift_card_recipient": false,
            "show_accessories": true,
            "accessories_heading": "Compatible accessories",
            "accessories_heading_de": "Kompatibles Zubehör",
            "accessories_heading_fr": "Accessoires compatibles",
            "accessories_heading_fi": "Yhteensopivat lisävarusteet",
            "accessory_products": ["alteos-komfortschutz"],
            "show_accessory_description": true
          }
        },
        "sharing_Hmw8qb": {
          "type": "sharing",
          "settings": {
            "show_twitter": true,
            "show_facebook": true,
            "show_pinterest": true,
            "show_linkedin": true,
            "show_whatsapp": true,
            "show_snapchat": true,
            "show_threads": true,
            "show_tumblr": true,
            "show_twitch": true
          }
        },
        "finance_leasing_accordion_UD7dH3": {
          "type": "finance-leasing-accordion",
          "settings": {
            "show_in_quickbuy": true,
            "open": false,
            "title": "",
            "title_de": "",
            "title_fr": "",
            "title_fi": "",
            "content": "",
            "content_de": "",
            "content_fr": "",
            "content_fi": "",
            "icon": "",
            "jobrad_url": "",
            "bikeleasing_url": "",
            "deutsche_url": "",
            "businessbike_url": ""
          }
        }
      },
      "block_order": [
        "title",
        "loox_reviews_loox_rating_4LcXpt",
        "price",
        "description_JNVXj3",
        "specification_simple_KR3q47",
        "variant_picker_BNiCD8",
        "variant_metafield_33LQT7",
        "pop_up_AAc34B",
        "usedbike_WE76Nm",
        "buy_buttons_ieLink",
        "sharing_Hmw8qb",
        "finance_leasing_accordion_UD7dH3"
      ],
      "custom_css": [],
      "settings": {
        "show_breadcrumbs": false,
        "select_first_variant": true,
        "show_location_underneath": false,
        "inventory_transfers_enable": false,
        "enable_sticky_columns": true,
        "enable_sticky_atc": true,
        "sticky_atc_position": "end",
        "sticky_atc_mobile": true,
        "sticky_atc_behavior": "add_to_cart",
        "sticky_atc_button_style": "secondary",
        "gallery_size": "large",
        "gallery_layout": "carousel-under",
        "enable_zoom": true,
        "show_alt_text": false,
        "alt_text_icon": "",
        "enable_video_autoplay": false,
        "enable_video_looping": false,
        "enable_media_grouping": true,
        "media_grouping_option": "Choose from the following colors,Wählen Sie aus den folgenden Rahmenfarben, Choisissez parmi les couleurs suivantes",
        "new_label_text": "",
        "new_label_text_de": "",
        "new_label_text_fr": "",
        "new_label_text_fi": ""
      }
    },
    "media_content_section_whAgiN": {
      "type": "media-content-section",
      "blocks": {
        "custom_image_kUN4nw": {
          "type": "custom_image",
          "settings": {
            "image": "shopify://shop_images/alteos.png",
            "image_width": "140",
            "border_radius": 10,
            "alignment": "left",
            "url": "",
            "open_in_new_tab": false,
            "margin_top": 0,
            "margin_right": 0,
            "margin_bottom": 20,
            "margin_left": 0
          }
        },
        "heading_HtcPD3": {
          "type": "heading",
          "settings": {
            "title": "All-round carefree travel with the HEPHA Trekking 7 SE",
            "title_de": "Rundum sorglos unterwegs mit dem HEPHA Trekking 7 SE",
            "title_fr": "",
            "title_fi": "",
            "heading_color": "#ffffff",
            "desktop_font_size": 36,
            "mobile_font_size": 24,
            "use_h1": false,
            "position_mode": "relative",
            "position": "middle-center",
            "offset_x": 0,
            "offset_y": 0,
            "margin_top": 0,
            "margin_right": 0,
            "margin_bottom": 0,
            "margin_left": 0,
            "text_align": "left"
          }
        },
        "text_W47zze": {
          "type": "text",
          "settings": {
            "text": "<p>Free insurance cover - Buy Trekking 7 SE and enjoy 3 years of Alteos insurance!</p>",
            "text_de": "<p>Kostenloser Versicherungsschutz - Kaufen Sie Trekking 7 SE und Genießen Sie 3 Jahre Alteos-Versicherung!</p>",
            "text_fr": "",
            "text_fi": "",
            "text_color": "#ffffff",
            "desktop_font_size": 18,
            "mobile_font_size": 16,
            "enlarge_text": false,
            "position_mode": "relative",
            "position": "middle-center",
            "offset_x": 0,
            "offset_y": 0,
            "margin_top": 20,
            "margin_right": 0,
            "margin_bottom": 20,
            "margin_left": 0,
            "text_align": "left"
          }
        },
        "button_NYV6zD": {
          "type": "button",
          "settings": {
            "button_label": "Learn more",
            "button_label_de": "Zu den Konditionen",
            "button_label_fr": "",
            "button_label_fi": "",
            "button_link": "shopify://pages/versicherung",
            "button2_label": "Button 2",
            "button2_label_de": "",
            "button2_label_fr": "",
            "button2_label_fi": "",
            "button2_link": "",
            "button_text_color1": "#ffffff",
            "button_bg_color1": "#000000",
            "button_border_color1": "#000000",
            "button_text_color2": "#ffffff",
            "button_bg_color2": "#000000",
            "button_border_color2": "#000000",
            "button_alignment": "center",
            "desktop_font_size": 18,
            "mobile_font_size": 16,
            "button_style": "primary",
            "button_border_radius": 50,
            "button_height": 30,
            "button_margin_top": 20,
            "button_margin_right": 10,
            "button_margin_bottom": 10,
            "button_margin_left": 0
          }
        }
      },
      "block_order": [
        "custom_image_kUN4nw",
        "heading_HtcPD3",
        "text_W47zze",
        "button_NYV6zD"
      ],
      "name": "Media & Content Section",
      "settings": {
        "margin_top": "0",
        "margin_bottom": "0",
        "min_section_height": 700,
        "min_column_height": 700,
        "min_section_height_mobile": 400,
        "min_column_height_mobile": 400,
        "show_media_column": true,
        "media_bg_color": "rgba(0,0,0,0)",
        "media_bg_image": "shopify://shop_images/HEPHA-Trekking7_Step-Through_warm-grey-black_08.jpg",
        "media_bg_video": "",
        "media_position": "center center",
        "media_size": "cover",
        "media_position_setting": "left",
        "mobile_media_position": "below",
        "media_heading": "",
        "media_heading_de": "",
        "media_heading_fr": "",
        "media_heading_fi": "",
        "media_heading_color": "#ffffff",
        "media_desktop_heading_size": 36,
        "media_mobile_heading_size": 24,
        "media_use_h1": false,
        "media_text": "",
        "media_text_de": "",
        "media_text_fr": "",
        "media_text_fi": "",
        "media_text_color": "#ffffff",
        "media_desktop_text_size": 18,
        "media_mobile_text_size": 16,
        "media_enlarge_text": false,
        "media_text_bg_enabled": false,
        "media_text_font_family": "monospace",
        "media_text_alignment": "left",
        "media_button1_label": "Button 1",
        "media_button1_label_de": "",
        "media_button1_label_fr": "",
        "media_button1_label_fi": "",
        "media_button1_link": "",
        "media_button1_text_color": "#ffffff",
        "media_button1_bg_color": "#000000",
        "media_button1_border_color": "#000000",
        "media_button1_style": "primary",
        "media_button2_label": "Button 2",
        "media_button2_label_de": "",
        "media_button2_label_fr": "",
        "media_button2_label_fi": "",
        "media_button2_link": "",
        "media_button2_text_color": "#ffffff",
        "media_button2_bg_color": "#000000",
        "media_button2_border_color": "#000000",
        "media_button2_style": "secondary",
        "media_button_alignment": "center",
        "media_desktop_button_size": 18,
        "media_mobile_button_size": 16,
        "content_text_bg_color": "",
        "content_text_bg_opacity": 100,
        "content_bg_color": "#2b7dde",
        "content_bg_video": "",
        "content_alignment": "left",
        "content_vertical_alignment": "center"
      }
    },
    "media_content_section_mH4GzR": {
      "type": "media-content-section",
      "blocks": {
        "heading_H7LKB7": {
          "type": "heading",
          "settings": {
            "title": "A real powerhouse",
            "title_de": "Ein echtes Kraftwerk",
            "title_fr": "Une véritable centrale électrique",
            "title_fi": "",
            "heading_color": "#ffffff",
            "desktop_font_size": 36,
            "mobile_font_size": 24,
            "use_h1": false,
            "position_mode": "relative",
            "position": "middle-center",
            "offset_x": 0,
            "offset_y": 0,
            "margin_top": 0,
            "margin_right": 0,
            "margin_bottom": 0,
            "margin_left": 0,
            "text_align": "left"
          }
        },
        "text_PE8YUb": {
          "type": "text",
          "settings": {
            "text": "<p>At its core lies the Hepha P101C motor, offering ample reserves with a maximum torque of up to 100 Nm. Equipped with 4 sensors and rapid motor control, it reacts sensitively in every situation, making it extremely intuitive to handle. Moreover, its subtle noise development seamlessly integrates it into the e-bike experience.</p>",
            "text_de": "<p>Im Zentrum befindet sich der Hepha P101C Motor, der mit einem maximalen Drehmoment von bis zu 100 Nm viel Reserven bietet. Dank seiner 4 Sensoren und der schnellen Motorsteuerung reagiert er in jeder Situation sensibel und lässt sich dadurch äußerst intuitiv steuern. Dank seiner dezenten Geräuschentwicklung fügt er sich darüber hinaus harmonisch in das E-Bike-Erlebnis ein.</p>",
            "text_fr": "<p>Au cœur se trouve le moteur Hepha P101C, offrant des réserves importantes avec un couple maximal pouvant atteindre 100 Nm. Doté de 4 capteurs et d'un contrôle moteur rapide, il réagit de manière sensible dans toutes les situations, le rendant extrêmement intuitif à manipuler. De plus, son développement sonore discret s'intègre harmonieusement à l'expérience du vélo électrique.</p>",
            "text_fi": "",
            "text_color": "#ffffff",
            "desktop_font_size": 18,
            "mobile_font_size": 16,
            "enlarge_text": false,
            "position_mode": "relative",
            "position": "middle-center",
            "offset_x": 0,
            "offset_y": 0,
            "margin_top": 20,
            "margin_right": 0,
            "margin_bottom": 20,
            "margin_left": 0,
            "text_align": "left"
          }
        },
        "feature_column_DeLdjf": {
          "type": "feature_column",
          "settings": {
            "columns_count": 4,
            "column_1_title": "Power",
            "column_1_title_de": "Leistung",
            "column_1_title_fr": "Puissance",
            "column_1_title_fi": "",
            "column_1_description": "250 W",
            "column_1_description_de": "250 W",
            "column_1_description_fr": "250 W",
            "column_1_description_fi": "",
            "column_2_title": "Max. Torque",
            "column_2_title_de": "Max. Drehmoment",
            "column_2_title_fr": "Couple maximal",
            "column_2_title_fi": "",
            "column_2_description": "100 Nm",
            "column_2_description_de": "100 Nm",
            "column_2_description_fr": "100 Nm",
            "column_2_description_fi": "",
            "column_3_title": "Extremely low weight",
            "column_3_title_de": "Extrem niedrige Gewicht",
            "column_3_title_fr": "Poids extrêmement léger",
            "column_3_title_fi": "",
            "column_3_description": "2.8 kg",
            "column_3_description_de": "2,8 kg",
            "column_3_description_fr": "2,8 kg",
            "column_3_description_fi": "",
            "column_4_title": "Maximum speed",
            "column_4_title_de": "Höchstgeschw.",
            "column_4_title_fr": "Vitesse maximale",
            "column_4_title_fi": "",
            "column_4_description": "25 km/h",
            "column_4_description_de": "25 km/h",
            "column_4_description_fr": "25 km/h",
            "column_4_description_fi": "",
            "column_title_color": "#ffffff",
            "column_title_size_desktop": 16,
            "column_title_size_mobile": 14,
            "column_description_color": "#ffffff",
            "column_description_size_desktop": 14,
            "column_description_size_mobile": 12
          }
        }
      },
      "block_order": ["heading_H7LKB7", "text_PE8YUb", "feature_column_DeLdjf"],
      "name": "Media & Content Section",
      "settings": {
        "margin_top": "0",
        "margin_bottom": "0",
        "min_section_height": 700,
        "min_column_height": 700,
        "min_section_height_mobile": 400,
        "min_column_height_mobile": 400,
        "show_media_column": true,
        "media_bg_color": "rgba(0,0,0,0)",
        "media_bg_image": "shopify://shop_images/RUD0593_1.jpg",
        "media_bg_video": "",
        "media_position": "center center",
        "media_size": "cover",
        "media_position_setting": "right",
        "mobile_media_position": "below",
        "media_heading": "",
        "media_heading_de": "",
        "media_heading_fr": "",
        "media_heading_fi": "",
        "media_heading_color": "#ffffff",
        "media_desktop_heading_size": 36,
        "media_mobile_heading_size": 24,
        "media_use_h1": false,
        "media_text": "",
        "media_text_de": "",
        "media_text_fr": "",
        "media_text_fi": "",
        "media_text_color": "#ffffff",
        "media_desktop_text_size": 18,
        "media_mobile_text_size": 16,
        "media_enlarge_text": false,
        "media_text_bg_enabled": false,
        "media_text_font_family": "monospace",
        "media_text_alignment": "center",
        "media_button1_label": "Button 1",
        "media_button1_label_de": "",
        "media_button1_label_fr": "",
        "media_button1_label_fi": "",
        "media_button1_link": "",
        "media_button1_text_color": "#ffffff",
        "media_button1_bg_color": "#000000",
        "media_button1_border_color": "#000000",
        "media_button1_style": "primary",
        "media_button2_label": "Button 2",
        "media_button2_label_de": "",
        "media_button2_label_fr": "",
        "media_button2_label_fi": "",
        "media_button2_link": "",
        "media_button2_text_color": "#ffffff",
        "media_button2_bg_color": "#000000",
        "media_button2_border_color": "#000000",
        "media_button2_style": "secondary",
        "media_button_alignment": "center",
        "media_desktop_button_size": 18,
        "media_mobile_button_size": 16,
        "content_text_bg_color": "",
        "content_text_bg_opacity": 100,
        "content_bg_color": "#f2a112",
        "content_bg_video": "",
        "content_alignment": "left",
        "content_vertical_alignment": "center"
      }
    },
    "media_content_section_68WLPU": {
      "type": "media-content-section",
      "blocks": {
        "heading_Vnrgkq": {
          "type": "heading",
          "settings": {
            "title": "State-of-the-art battery technology",
            "title_de": "Modernste Batterietechnologie",
            "title_fr": "Technologie de batterie de pointe",
            "title_fi": "",
            "heading_color": "#ffffff",
            "desktop_font_size": 36,
            "mobile_font_size": 24,
            "use_h1": false,
            "position_mode": "relative",
            "position": "middle-center",
            "offset_x": 0,
            "offset_y": 0,
            "margin_top": 0,
            "margin_right": 0,
            "margin_bottom": 0,
            "margin_left": 0,
            "text_align": "left"
          }
        },
        "text_Fb4GjC": {
          "type": "text",
          "settings": {
            "text": "<p>With capacities of 708Wh, the HEPHA lithium-ion batteries provide ample range and energy reserves for every situation. Despite their high capacity, they are remarkably compact and comparatively lightweight, placing them at the forefront of energy density in the market.</p>",
            "text_de": "<p>Mit einer Kapazität von 708 Wh bieten die HEPHA Lithium-Ionen-Akkus ausreichend Reichweite und Energiereserven für jede Situation. Trotz ihrer hohen Kapazität sind sie ungewöhnlich kompakt und vergleichsweise leicht, weswegen sie auch aktuell in puncto Energiedichte am obersten Ende im Markt liegen.</p>",
            "text_fr": "<p>Avec des capacités de 708 Wh, les batteries lithium-ion HEPHA offrent une autonomie et des réserves d'énergie suffisantes pour toutes les situations. Malgré leur capacité élevée, elles sont remarquablement compactes et relativement légères, les plaçant en tête de la densité énergétique sur le marché.</p>",
            "text_fi": "",
            "text_color": "#ffffff",
            "desktop_font_size": 18,
            "mobile_font_size": 16,
            "enlarge_text": false,
            "position_mode": "relative",
            "position": "middle-center",
            "offset_x": 0,
            "offset_y": 0,
            "margin_top": 20,
            "margin_right": 0,
            "margin_bottom": 20,
            "margin_left": 0,
            "text_align": "left"
          }
        },
        "feature_column_wN4P6G": {
          "type": "feature_column",
          "settings": {
            "columns_count": 4,
            "column_1_title": "Capacity",
            "column_1_title_de": "Kapazität",
            "column_1_title_fr": "Capacité",
            "column_1_title_fi": "",
            "column_1_description": "804 Wh",
            "column_1_description_de": "804 Wh",
            "column_1_description_fr": "804 Wh",
            "column_1_description_fi": "",
            "column_2_title": "Weight",
            "column_2_title_de": "Gewicht",
            "column_2_title_fr": "Poids",
            "column_2_title_fi": "",
            "column_2_description": "4.03 kg",
            "column_2_description_de": "4,03 kg",
            "column_2_description_fr": "4,03 kg",
            "column_2_description_fi": "",
            "column_3_title": "Size",
            "column_3_title_de": "Größe",
            "column_3_title_fr": "Taille",
            "column_3_title_fi": "",
            "column_3_description": "94 x 68.5 x 367 mm",
            "column_3_description_de": "94 x 68,5 x 367 mm",
            "column_3_description_fr": "94 x 68,5 x 367 mm",
            "column_3_description_fi": "",
            "column_4_title": "Cell type",
            "column_4_title_de": "Zelltyp",
            "column_4_title_fr": "Type de cellule",
            "column_4_title_fi": "",
            "column_4_description": "21700",
            "column_4_description_de": "21700",
            "column_4_description_fr": "21700",
            "column_4_description_fi": "",
            "column_title_color": "#ffffff",
            "column_title_size_desktop": 16,
            "column_title_size_mobile": 14,
            "column_description_color": "#ffffff",
            "column_description_size_desktop": 14,
            "column_description_size_mobile": 12
          }
        }
      },
      "block_order": ["heading_Vnrgkq", "text_Fb4GjC", "feature_column_wN4P6G"],
      "name": "Media & Content Section",
      "settings": {
        "margin_top": "0",
        "margin_bottom": "0",
        "min_section_height": 700,
        "min_column_height": 700,
        "min_section_height_mobile": 400,
        "min_column_height_mobile": 400,
        "show_media_column": true,
        "media_bg_color": "rgba(0,0,0,0)",
        "media_bg_image": "shopify://shop_images/Frame_21_4b06297d-0428-4575-a845-a3b5bfc55f67.jpg",
        "media_bg_video": "",
        "media_position": "center center",
        "media_size": "cover",
        "media_position_setting": "left",
        "mobile_media_position": "below",
        "media_heading": "",
        "media_heading_de": "",
        "media_heading_fr": "",
        "media_heading_fi": "",
        "media_heading_color": "#ffffff",
        "media_desktop_heading_size": 36,
        "media_mobile_heading_size": 24,
        "media_use_h1": false,
        "media_text": "",
        "media_text_de": "",
        "media_text_fr": "",
        "media_text_fi": "",
        "media_text_color": "#ffffff",
        "media_desktop_text_size": 18,
        "media_mobile_text_size": 16,
        "media_enlarge_text": false,
        "media_text_bg_enabled": false,
        "media_text_font_family": "monospace",
        "media_text_alignment": "left",
        "media_button1_label": "Button 1",
        "media_button1_label_de": "",
        "media_button1_label_fr": "",
        "media_button1_label_fi": "",
        "media_button1_link": "",
        "media_button1_text_color": "#ffffff",
        "media_button1_bg_color": "#000000",
        "media_button1_border_color": "#000000",
        "media_button1_style": "primary",
        "media_button2_label": "Button 2",
        "media_button2_label_de": "",
        "media_button2_label_fr": "",
        "media_button2_label_fi": "",
        "media_button2_link": "",
        "media_button2_text_color": "#ffffff",
        "media_button2_bg_color": "#000000",
        "media_button2_border_color": "#000000",
        "media_button2_style": "secondary",
        "media_button_alignment": "center",
        "media_desktop_button_size": 18,
        "media_mobile_button_size": 16,
        "content_text_bg_color": "",
        "content_text_bg_opacity": 100,
        "content_bg_color": "#fa6959",
        "content_bg_video": "",
        "content_alignment": "left",
        "content_vertical_alignment": "center"
      }
    },
    "media_content_section_R9AEB3": {
      "type": "media-content-section",
      "blocks": {
        "heading_zfLyrB": {
          "type": "heading",
          "settings": {
            "title": "Standard rapid charger",
            "title_de": "Serienmäßiges Schnellladegerät",
            "title_fr": "Chargeur rapide standard",
            "title_fi": "",
            "heading_color": "#ffffff",
            "desktop_font_size": 36,
            "mobile_font_size": 24,
            "use_h1": false,
            "position_mode": "relative",
            "position": "middle-center",
            "offset_x": 0,
            "offset_y": 0,
            "margin_top": 0,
            "margin_right": 0,
            "margin_bottom": 0,
            "margin_left": 0,
            "text_align": "left"
          }
        },
        "text_R6ekeN": {
          "type": "text",
          "settings": {
            "text": "<p>To get you back on the move quickly, we provide a standard rapid charger with every HEPHA. With its 6A output, it charges the 708Wh battery fully in 4 hours. The HEPHA Charger is dust and waterproof, making it suitable for any journey. This visually appealing charger can also be installed as a wall box</p>",
            "text_de": "<p>Damit Sie schnell wieder mobil werden, spendieren wir jedem HEPHA serienmäßig ein Schnelladegerät. Mit einer Ausgangsleistung von 6A lädt es den 708Wh-Akku in 4 Stunden vollständig auf. Der HEPHA Charger ist staub- und wassergeschützt und kann somit auf jede Tour mitgenommen werden. Der optisch attraktive Lader kann auch als Wallbox installiert werden.</p>",
            "text_fr": "<p>our vous remettre rapidement en mouvement, nous fournissons un chargeur rapide standard avec chaque HEPHA. Avec sa sortie de 6 A, il charge la batterie de 708 Wh complètement en 4 heures. Le chargeur HEPHA est étanche à la poussière et à l'eau, ce qui le rend adapté à tous les trajets. Ce chargeur visuellement attrayant peut également être installé comme boîtier mural.</p>",
            "text_fi": "",
            "text_color": "#ffffff",
            "desktop_font_size": 18,
            "mobile_font_size": 16,
            "enlarge_text": false,
            "position_mode": "relative",
            "position": "middle-center",
            "offset_x": 0,
            "offset_y": 0,
            "margin_top": 20,
            "margin_right": 0,
            "margin_bottom": 20,
            "margin_left": 0,
            "text_align": "left"
          }
        },
        "feature_column_CzGfbP": {
          "type": "feature_column",
          "settings": {
            "columns_count": 4,
            "column_1_title": "Charging current",
            "column_1_title_de": "Ladestrom",
            "column_1_title_fr": "Courant de charge",
            "column_1_title_fi": "",
            "column_1_description": "6 A",
            "column_1_description_de": "6 A",
            "column_1_description_fr": "6 A",
            "column_1_description_fi": "",
            "column_2_title": "Sealing",
            "column_2_title_de": "Dichtigkeit",
            "column_2_title_fr": "Étanchéité",
            "column_2_title_fi": "",
            "column_2_description": "IP65",
            "column_2_description_de": "IP65",
            "column_2_description_fr": "IP65",
            "column_2_description_fi": "",
            "column_3_title": "Weight",
            "column_3_title_de": "Gewicht",
            "column_3_title_fr": "Poids",
            "column_3_title_fi": "",
            "column_3_description": "800g",
            "column_3_description_de": "800g",
            "column_3_description_fr": "800g",
            "column_3_description_fi": "",
            "column_4_title": "Charging time (804 Wh)",
            "column_4_title_de": "Ladezeit (804 Wh)",
            "column_4_title_fr": "emps de charge (804 Wh)",
            "column_4_title_fi": "",
            "column_4_description": "4.5h (100%)",
            "column_4_description_de": "4.5h (100%)",
            "column_4_description_fr": "4.5h (100%)",
            "column_4_description_fi": "",
            "column_title_color": "#ffffff",
            "column_title_size_desktop": 16,
            "column_title_size_mobile": 14,
            "column_description_color": "#ffffff",
            "column_description_size_desktop": 14,
            "column_description_size_mobile": 12
          }
        }
      },
      "block_order": ["heading_zfLyrB", "text_R6ekeN", "feature_column_CzGfbP"],
      "name": "Media & Content Section",
      "settings": {
        "margin_top": "0",
        "margin_bottom": "0",
        "min_section_height": 700,
        "min_column_height": 700,
        "min_section_height_mobile": 400,
        "min_column_height_mobile": 400,
        "show_media_column": true,
        "media_bg_color": "rgba(0,0,0,0)",
        "media_bg_image": "shopify://shop_images/Frame_284.jpg",
        "media_bg_video": "",
        "media_position": "center center",
        "media_size": "cover",
        "media_position_setting": "right",
        "mobile_media_position": "below",
        "media_heading": "",
        "media_heading_de": "",
        "media_heading_fr": "",
        "media_heading_fi": "",
        "media_heading_color": "#ffffff",
        "media_desktop_heading_size": 36,
        "media_mobile_heading_size": 24,
        "media_use_h1": false,
        "media_text": "",
        "media_text_de": "",
        "media_text_fr": "",
        "media_text_fi": "",
        "media_text_color": "#ffffff",
        "media_desktop_text_size": 18,
        "media_mobile_text_size": 16,
        "media_enlarge_text": false,
        "media_text_bg_enabled": false,
        "media_text_font_family": "monospace",
        "media_text_alignment": "center",
        "media_button1_label": "Button 1",
        "media_button1_label_de": "",
        "media_button1_label_fr": "",
        "media_button1_label_fi": "",
        "media_button1_link": "",
        "media_button1_text_color": "#ffffff",
        "media_button1_bg_color": "#000000",
        "media_button1_border_color": "#000000",
        "media_button1_style": "primary",
        "media_button2_label": "Button 2",
        "media_button2_label_de": "",
        "media_button2_label_fr": "",
        "media_button2_label_fi": "",
        "media_button2_link": "",
        "media_button2_text_color": "#ffffff",
        "media_button2_bg_color": "#000000",
        "media_button2_border_color": "#000000",
        "media_button2_style": "secondary",
        "media_button_alignment": "center",
        "media_desktop_button_size": 18,
        "media_mobile_button_size": 16,
        "content_text_bg_color": "",
        "content_text_bg_opacity": 100,
        "content_bg_color": "#f2a112",
        "content_bg_video": "",
        "content_alignment": "left",
        "content_vertical_alignment": "center"
      }
    },
    "media_content_section_JVkNax": {
      "type": "media-content-section",
      "blocks": {
        "heading_fkkqke": {
          "type": "heading",
          "settings": {
            "title": "High Resolution Display",
            "title_de": "Hochauflösendes Display",
            "title_fr": "Affichage haute résolution",
            "title_fi": "",
            "heading_color": "#ffffff",
            "desktop_font_size": 36,
            "mobile_font_size": 24,
            "use_h1": false,
            "position_mode": "relative",
            "position": "middle-center",
            "offset_x": 0,
            "offset_y": 0,
            "margin_top": 0,
            "margin_right": 0,
            "margin_bottom": 0,
            "margin_left": 0,
            "text_align": "left"
          }
        },
        "text_MTNEwU": {
          "type": "text",
          "settings": {
            "text": "<p>The Trekking 7 SE Long Range is equipped with a 1.96-inch display. It features IPS technology, providing sharp views from any angle, controlled via the accompanying remote, depending on the model.</p>",
            "text_de": "<p>Trekking 7 SE Long Range ist mit einem 1,96 Zoll großen Display ausgestattet. Diese 1,96 Zoll große Anzeige ist mit der IPS-Technologie ausgestattet und liefert daher aus jedem Blickwinkel gestochen scharfe Ansichten, gesteuert über die dazugehörige Fernbedienung, je nach Ausführung möglich.</p>",
            "text_fr": "<p>Le Trekking 7 SE Long Range est équipé d'un écran de 1,96 pouces. Cet écran est doté de la technologie IPS, offrant ainsi des vues nettes sous n'importe quel angle, contrôlées par la télécommande fournie, selon le modèle.</p>",
            "text_fi": "",
            "text_color": "#ffffff",
            "desktop_font_size": 18,
            "mobile_font_size": 16,
            "enlarge_text": false,
            "position_mode": "relative",
            "position": "middle-center",
            "offset_x": 0,
            "offset_y": 0,
            "margin_top": 20,
            "margin_right": 0,
            "margin_bottom": 20,
            "margin_left": 0,
            "text_align": "left"
          }
        }
      },
      "block_order": ["heading_fkkqke", "text_MTNEwU"],
      "name": "Media & Content Section",
      "settings": {
        "margin_top": "0",
        "margin_bottom": "0",
        "min_section_height": 700,
        "min_column_height": 700,
        "min_section_height_mobile": 400,
        "min_column_height_mobile": 400,
        "show_media_column": true,
        "media_bg_color": "rgba(0,0,0,0)",
        "media_bg_image": "shopify://shop_images/Frame_376_132dc3eb-7169-45f9-b1b8-484ff6cfbce6.jpg",
        "media_bg_video": "",
        "media_position": "center center",
        "media_size": "cover",
        "media_position_setting": "left",
        "mobile_media_position": "below",
        "media_heading": "",
        "media_heading_de": "",
        "media_heading_fr": "",
        "media_heading_fi": "",
        "media_heading_color": "#ffffff",
        "media_desktop_heading_size": 36,
        "media_mobile_heading_size": 24,
        "media_use_h1": false,
        "media_text": "",
        "media_text_de": "",
        "media_text_fr": "",
        "media_text_fi": "",
        "media_text_color": "#ffffff",
        "media_desktop_text_size": 18,
        "media_mobile_text_size": 16,
        "media_enlarge_text": false,
        "media_text_bg_enabled": false,
        "media_text_font_family": "monospace",
        "media_text_alignment": "center",
        "media_button1_label": "Button 1",
        "media_button1_label_de": "",
        "media_button1_label_fr": "",
        "media_button1_label_fi": "",
        "media_button1_link": "",
        "media_button1_text_color": "#ffffff",
        "media_button1_bg_color": "#000000",
        "media_button1_border_color": "#000000",
        "media_button1_style": "primary",
        "media_button2_label": "Button 2",
        "media_button2_label_de": "",
        "media_button2_label_fr": "",
        "media_button2_label_fi": "",
        "media_button2_link": "",
        "media_button2_text_color": "#ffffff",
        "media_button2_bg_color": "#000000",
        "media_button2_border_color": "#000000",
        "media_button2_style": "secondary",
        "media_button_alignment": "center",
        "media_desktop_button_size": 18,
        "media_mobile_button_size": 16,
        "content_text_bg_color": "",
        "content_text_bg_opacity": 100,
        "content_bg_color": "#698aa8",
        "content_bg_video": "",
        "content_alignment": "left",
        "content_vertical_alignment": "center"
      }
    },
    "media_content_section_pQxn3t": {
      "type": "media-content-section",
      "blocks": {
        "heading_TUjekr": {
          "type": "heading",
          "settings": {
            "title": "Monitor your e-bike using Hepha’s App",
            "title_de": "Kontrollieren Sie Ihr E-Bike mit der HEPHA-App",
            "title_fr": "Surveillez votre vélo électrique à l'aide de l'application HEPHA",
            "title_fi": "",
            "heading_color": "#ffffff",
            "desktop_font_size": 36,
            "mobile_font_size": 24,
            "use_h1": false,
            "position_mode": "relative",
            "position": "middle-center",
            "offset_x": 0,
            "offset_y": 0,
            "margin_top": 0,
            "margin_right": 0,
            "margin_bottom": 0,
            "margin_left": 0,
            "text_align": "left"
          }
        },
        "text_TBVfxq": {
          "type": "text",
          "settings": {
            "text": "<p>Unlock the full potential of your HEPHA E-Bike with our free app. Record your rides, configure your E-Bike, and get assistance for your queries. Curious?</p>",
            "text_de": "<p>Nutzen Sie das volle Potenzial Ihres HEPHA E-Bikes mit der kostenlosen App: Passen Sie den Antrieb perfekt an sich an, sehen Sie sich Tourenauswertungen an und erhalten Sie Unterstützung bei Service-Themen!</p>",
            "text_fr": "<p>Exploitez tout le potentiel de votre HEPHA E-Bike grâce à notre application gratuite. Enregistrez vos trajets, configurez votre E-Bike et obtenez de l'aide pour vos questions. Vous êtes curieux ?</p>",
            "text_fi": "",
            "text_color": "#ffffff",
            "desktop_font_size": 18,
            "mobile_font_size": 16,
            "enlarge_text": false,
            "position_mode": "relative",
            "position": "middle-center",
            "offset_x": 0,
            "offset_y": 0,
            "margin_top": 20,
            "margin_right": 0,
            "margin_bottom": 20,
            "margin_left": 0,
            "text_align": "left"
          }
        }
      },
      "block_order": ["heading_TUjekr", "text_TBVfxq"],
      "name": "Media & Content Section",
      "settings": {
        "margin_top": "0",
        "margin_bottom": "0",
        "min_section_height": 700,
        "min_column_height": 700,
        "min_section_height_mobile": 400,
        "min_column_height_mobile": 400,
        "show_media_column": true,
        "media_bg_color": "rgba(0,0,0,0)",
        "media_bg_image": "shopify://shop_images/app_432ee281-bc29-43b1-9f76-b357a74d18a6.png",
        "media_bg_video": "",
        "media_position": "center center",
        "media_size": "cover",
        "media_position_setting": "right",
        "mobile_media_position": "below",
        "media_heading": "",
        "media_heading_de": "",
        "media_heading_fr": "",
        "media_heading_fi": "",
        "media_heading_color": "#ffffff",
        "media_desktop_heading_size": 36,
        "media_mobile_heading_size": 24,
        "media_use_h1": false,
        "media_text": "",
        "media_text_de": "",
        "media_text_fr": "",
        "media_text_fi": "",
        "media_text_color": "#ffffff",
        "media_desktop_text_size": 18,
        "media_mobile_text_size": 16,
        "media_enlarge_text": false,
        "media_text_bg_enabled": false,
        "media_text_font_family": "monospace",
        "media_text_alignment": "center",
        "media_button1_label": "Button 1",
        "media_button1_label_de": "",
        "media_button1_label_fr": "",
        "media_button1_label_fi": "",
        "media_button1_link": "",
        "media_button1_text_color": "#ffffff",
        "media_button1_bg_color": "#000000",
        "media_button1_border_color": "#000000",
        "media_button1_style": "primary",
        "media_button2_label": "Button 2",
        "media_button2_label_de": "",
        "media_button2_label_fr": "",
        "media_button2_label_fi": "",
        "media_button2_link": "",
        "media_button2_text_color": "#ffffff",
        "media_button2_bg_color": "#000000",
        "media_button2_border_color": "#000000",
        "media_button2_style": "secondary",
        "media_button_alignment": "center",
        "media_desktop_button_size": 18,
        "media_mobile_button_size": 16,
        "content_text_bg_color": "",
        "content_text_bg_opacity": 100,
        "content_bg_color": "#e391a6",
        "content_bg_video": "",
        "content_alignment": "left",
        "content_vertical_alignment": "center"
      }
    },
    "media_content_section_Ugfqg8": {
      "type": "media-content-section",
      "blocks": {
        "heading_eTkA6N": {
          "type": "heading",
          "settings": {
            "title": "Tough.",
            "title_de": "Stark.",
            "title_fr": "Dur.",
            "title_fi": "",
            "heading_color": "#000000",
            "desktop_font_size": 36,
            "mobile_font_size": 24,
            "use_h1": false,
            "position_mode": "relative",
            "position": "middle-center",
            "offset_x": 0,
            "offset_y": 0,
            "margin_top": 0,
            "margin_right": 0,
            "margin_bottom": 10,
            "margin_left": 0,
            "text_align": "left"
          }
        },
        "heading_e8fQQp": {
          "type": "heading",
          "settings": {
            "title": "The suspension fork.",
            "title_de": "Die federgabel.",
            "title_fr": "La fourche suspendue.",
            "title_fi": "",
            "heading_color": "#000000",
            "desktop_font_size": 36,
            "mobile_font_size": 24,
            "use_h1": false,
            "position_mode": "relative",
            "position": "middle-center",
            "offset_x": 0,
            "offset_y": 0,
            "margin_top": 0,
            "margin_right": 0,
            "margin_bottom": 0,
            "margin_left": 0,
            "text_align": "left"
          }
        },
        "text_VKGnB4": {
          "type": "text",
          "settings": {
            "text": "<p>Every Trekking 7 comes with a suspension fork. Its 63mm travel absorbs bumps and vibrations, protecting you and your hepha. With the lock-out function, you can lock the fork to avoid wasting unnecessary power on flat trails or uphill climbs.</p>",
            "text_de": "<p>Jede Hepha Trekking 7 Varianten ist mit einer Federgabel ausgestattet. Der Federweg von 63mm absorbiert Stöße sowie Vibrationen und schützt Sie und Ihr E-Bike jederzeit. Mit der Lockout Funktion können Sie die Gabel blockieren, um auf flachen Strecken oder beim Bergauffahren keine unnötige Kraft zu verlieren.</p>",
            "text_fr": "<p>Chaque Trekking 7 est équipé d'une fourche suspendue. Son débattement de 63 mm absorbe les chocs et les vibrations, vous protégeant ainsi que votre tête. Grâce à la fonction de blocage, vous pouvez bloquer la fourche pour éviter de gaspiller inutilement de la puissance sur les sentiers plats ou dans les montées.</p>",
            "text_fi": "",
            "text_color": "#333333",
            "desktop_font_size": 18,
            "mobile_font_size": 16,
            "enlarge_text": false,
            "position_mode": "relative",
            "position": "middle-center",
            "offset_x": 0,
            "offset_y": 0,
            "margin_top": 20,
            "margin_right": 0,
            "margin_bottom": 0,
            "margin_left": 0,
            "text_align": "left"
          }
        }
      },
      "block_order": ["heading_eTkA6N", "heading_e8fQQp", "text_VKGnB4"],
      "name": "Media & Content Section",
      "settings": {
        "margin_top": "0",
        "margin_bottom": "0",
        "min_section_height": 700,
        "min_column_height": 700,
        "min_section_height_mobile": 400,
        "min_column_height_mobile": 400,
        "show_media_column": true,
        "media_bg_color": "#ffffff",
        "media_bg_image": "shopify://shop_images/Frame_389.png",
        "media_bg_video": "",
        "media_position": "center center",
        "media_size": "cover",
        "media_position_setting": "left",
        "mobile_media_position": "below",
        "media_heading": "",
        "media_heading_de": "",
        "media_heading_fr": "",
        "media_heading_fi": "",
        "media_heading_color": "#ffffff",
        "media_desktop_heading_size": 36,
        "media_mobile_heading_size": 24,
        "media_use_h1": false,
        "media_text": "",
        "media_text_de": "",
        "media_text_fr": "",
        "media_text_fi": "",
        "media_text_color": "#ffffff",
        "media_desktop_text_size": 18,
        "media_mobile_text_size": 16,
        "media_enlarge_text": false,
        "media_text_bg_enabled": false,
        "media_text_font_family": "monospace",
        "media_text_alignment": "left",
        "media_button1_label": "Button 1",
        "media_button1_label_de": "",
        "media_button1_label_fr": "",
        "media_button1_label_fi": "",
        "media_button1_link": "",
        "media_button1_text_color": "#ffffff",
        "media_button1_bg_color": "#000000",
        "media_button1_border_color": "#000000",
        "media_button1_style": "primary",
        "media_button2_label": "Button 2",
        "media_button2_label_de": "",
        "media_button2_label_fr": "",
        "media_button2_label_fi": "",
        "media_button2_link": "",
        "media_button2_text_color": "#ffffff",
        "media_button2_bg_color": "#000000",
        "media_button2_border_color": "#000000",
        "media_button2_style": "secondary",
        "media_button_alignment": "flex-start",
        "media_desktop_button_size": 18,
        "media_mobile_button_size": 16,
        "content_text_bg_color": "",
        "content_text_bg_opacity": 100,
        "content_bg_color": "#ffffff",
        "content_bg_video": "",
        "content_alignment": "left",
        "content_vertical_alignment": "center"
      }
    },
    "media_content_section_jReier": {
      "type": "media-content-section",
      "blocks": {
        "heading_MHbPGA": {
          "type": "heading",
          "settings": {
            "title": "Powerful.",
            "title_de": "Kraftvoll.",
            "title_fr": "Puissant.",
            "title_fi": "",
            "heading_color": "#000000",
            "desktop_font_size": 36,
            "mobile_font_size": 24,
            "use_h1": false,
            "position_mode": "relative",
            "position": "middle-center",
            "offset_x": 0,
            "offset_y": 0,
            "margin_top": 0,
            "margin_right": 0,
            "margin_bottom": 10,
            "margin_left": 0,
            "text_align": "left"
          }
        },
        "heading_nGxz3e": {
          "type": "heading",
          "settings": {
            "title": "Even when braking.",
            "title_de": "Auch beim bremsen.",
            "title_fr": "Même au freinage..",
            "title_fi": "",
            "heading_color": "#000000",
            "desktop_font_size": 36,
            "mobile_font_size": 24,
            "use_h1": false,
            "position_mode": "relative",
            "position": "middle-center",
            "offset_x": 0,
            "offset_y": 0,
            "margin_top": 0,
            "margin_right": 0,
            "margin_bottom": 10,
            "margin_left": 0,
            "text_align": "left"
          }
        },
        "text_YU4taA": {
          "type": "text",
          "settings": {
            "text": "<p>Everything that drives must also brake. Your Trekking 7 offers two hydraulic disc brakes that powerfully but safely bring you to a halt. And that in any weather and any temperature.</p>",
            "text_de": "<p>Alles, was fährt, muss auch bremsen. Ihr Trekking 7 bietet zwei hydraulische Scheibenbremsen, die Sie kraftvoll aber sicher zum Stillstand bringen. Und das bei jedem Wetter und jeder Temperatur.</p>",
            "text_fr": "<p>Tout ce qui roule doit aussi freiner. Votre Trekking 7 est équipé de deux freins à disque hydrauliques qui vous arrêtent avec puissance mais en toute sécurité. Et ce, par tous les temps et toutes les températures.</p>",
            "text_fi": "",
            "text_color": "#333333",
            "desktop_font_size": 18,
            "mobile_font_size": 16,
            "enlarge_text": false,
            "position_mode": "relative",
            "position": "middle-center",
            "offset_x": 0,
            "offset_y": 0,
            "margin_top": 20,
            "margin_right": 0,
            "margin_bottom": 0,
            "margin_left": 0,
            "text_align": "left"
          }
        }
      },
      "block_order": ["heading_MHbPGA", "heading_nGxz3e", "text_YU4taA"],
      "name": "Media & Content Section",
      "settings": {
        "margin_top": "0",
        "margin_bottom": "0",
        "min_section_height": 700,
        "min_column_height": 700,
        "min_section_height_mobile": 400,
        "min_column_height_mobile": 400,
        "show_media_column": true,
        "media_bg_color": "#ffffff",
        "media_bg_image": "shopify://shop_images/Frame_386_383d519b-5a98-4eb3-89cd-c66bf9427286.png",
        "media_bg_video": "",
        "media_position": "center center",
        "media_size": "cover",
        "media_position_setting": "right",
        "mobile_media_position": "below",
        "media_heading": "",
        "media_heading_de": "",
        "media_heading_fr": "",
        "media_heading_fi": "",
        "media_heading_color": "#ffffff",
        "media_desktop_heading_size": 36,
        "media_mobile_heading_size": 24,
        "media_use_h1": false,
        "media_text": "",
        "media_text_de": "",
        "media_text_fr": "",
        "media_text_fi": "",
        "media_text_color": "#ffffff",
        "media_desktop_text_size": 18,
        "media_mobile_text_size": 16,
        "media_enlarge_text": false,
        "media_text_bg_enabled": false,
        "media_text_font_family": "monospace",
        "media_text_alignment": "left",
        "media_button1_label": "Button 1",
        "media_button1_label_de": "",
        "media_button1_label_fr": "",
        "media_button1_label_fi": "",
        "media_button1_link": "",
        "media_button1_text_color": "#ffffff",
        "media_button1_bg_color": "#000000",
        "media_button1_border_color": "#000000",
        "media_button1_style": "primary",
        "media_button2_label": "Button 2",
        "media_button2_label_de": "",
        "media_button2_label_fr": "",
        "media_button2_label_fi": "",
        "media_button2_link": "",
        "media_button2_text_color": "#ffffff",
        "media_button2_bg_color": "#000000",
        "media_button2_border_color": "#000000",
        "media_button2_style": "secondary",
        "media_button_alignment": "flex-start",
        "media_desktop_button_size": 18,
        "media_mobile_button_size": 16,
        "content_text_bg_color": "",
        "content_text_bg_opacity": 100,
        "content_bg_color": "#ffffff",
        "content_bg_video": "",
        "content_alignment": "left",
        "content_vertical_alignment": "center"
      }
    },
    "media_content_section_3fJ3wK": {
      "type": "media-content-section",
      "blocks": {
        "heading_GcJ97i": {
          "type": "heading",
          "settings": {
            "title": "Very smart.",
            "title_de": "Sehr intelligent.",
            "title_fr": "Très intelligent.",
            "title_fi": "",
            "heading_color": "#000000",
            "desktop_font_size": 36,
            "mobile_font_size": 24,
            "use_h1": false,
            "position_mode": "relative",
            "position": "middle-center",
            "offset_x": 0,
            "offset_y": 0,
            "margin_top": 0,
            "margin_right": 0,
            "margin_bottom": 10,
            "margin_left": 0,
            "text_align": "left"
          }
        },
        "heading_zdbnDN": {
          "type": "heading",
          "settings": {
            "title": "Light sensor.",
            "title_de": "Lichtsensor.",
            "title_fr": "Capteur de lumière.",
            "title_fi": "",
            "heading_color": "#000000",
            "desktop_font_size": 36,
            "mobile_font_size": 24,
            "use_h1": false,
            "position_mode": "relative",
            "position": "middle-center",
            "offset_x": 0,
            "offset_y": 0,
            "margin_top": 0,
            "margin_right": 0,
            "margin_bottom": 10,
            "margin_left": 0,
            "text_align": "left"
          }
        },
        "text_rW7JX9": {
          "type": "text",
          "settings": {
            "text": "<p>A light sensor integrated in the display controls the light system of the Trekking 7 fully automatically. The headlights switch on automatically when driving through tunnels or at dusk.</p>",
            "text_de": "<p>Ein im Display integrierter Lichtsensor steuert die Lichtanlage des Trekking 7 voll automatisch. So schaltet sich das Fahrlicht selbständig bei Fahrten durch Tunnel oder in der Dämmerung ein.</p>",
            "text_fr": "<p>Un capteur de lumière intégré à l'écran permet de contrôler le système d'éclairage du Trekking 7 de manière entièrement automatique. Les feux s'allument automatiquement lors de la traversée de tunnels ou à la tombée de la nuit.</p>",
            "text_fi": "",
            "text_color": "#333333",
            "desktop_font_size": 18,
            "mobile_font_size": 16,
            "enlarge_text": false,
            "position_mode": "relative",
            "position": "middle-center",
            "offset_x": 0,
            "offset_y": 0,
            "margin_top": 20,
            "margin_right": 0,
            "margin_bottom": 0,
            "margin_left": 0,
            "text_align": "left"
          }
        }
      },
      "block_order": ["heading_GcJ97i", "heading_zdbnDN", "text_rW7JX9"],
      "name": "Media & Content Section",
      "settings": {
        "margin_top": "0",
        "margin_bottom": "0",
        "min_section_height": 700,
        "min_column_height": 700,
        "min_section_height_mobile": 400,
        "min_column_height_mobile": 400,
        "show_media_column": true,
        "media_bg_color": "#ffffff",
        "media_bg_image": "shopify://shop_images/Frame_374_ce98c04b-9b1a-4a3c-a60b-bda8078a88af.jpg",
        "media_bg_video": "",
        "media_position": "center center",
        "media_size": "cover",
        "media_position_setting": "left",
        "mobile_media_position": "below",
        "media_heading": "",
        "media_heading_de": "",
        "media_heading_fr": "",
        "media_heading_fi": "",
        "media_heading_color": "#ffffff",
        "media_desktop_heading_size": 36,
        "media_mobile_heading_size": 24,
        "media_use_h1": false,
        "media_text": "",
        "media_text_de": "",
        "media_text_fr": "",
        "media_text_fi": "",
        "media_text_color": "#ffffff",
        "media_desktop_text_size": 18,
        "media_mobile_text_size": 16,
        "media_enlarge_text": false,
        "media_text_bg_enabled": false,
        "media_text_font_family": "monospace",
        "media_text_alignment": "left",
        "media_button1_label": "Button 1",
        "media_button1_label_de": "",
        "media_button1_label_fr": "",
        "media_button1_label_fi": "",
        "media_button1_link": "",
        "media_button1_text_color": "#ffffff",
        "media_button1_bg_color": "#000000",
        "media_button1_border_color": "#000000",
        "media_button1_style": "primary",
        "media_button2_label": "Button 2",
        "media_button2_label_de": "",
        "media_button2_label_fr": "",
        "media_button2_label_fi": "",
        "media_button2_link": "",
        "media_button2_text_color": "#ffffff",
        "media_button2_bg_color": "#000000",
        "media_button2_border_color": "#000000",
        "media_button2_style": "secondary",
        "media_button_alignment": "flex-start",
        "media_desktop_button_size": 18,
        "media_mobile_button_size": 16,
        "content_text_bg_color": "",
        "content_text_bg_opacity": 100,
        "content_bg_color": "#ffffff",
        "content_bg_video": "",
        "content_alignment": "left",
        "content_vertical_alignment": "center"
      }
    },
    "media_content_section_Yhxjp3": {
      "type": "media-content-section",
      "blocks": {
        "heading_R9HBjd": {
          "type": "heading",
          "settings": {
            "title": "10-gears for a hallelujah.",
            "title_de": "10-gänge für ein halleluja.",
            "title_fr": "10-vitesses pour un alléluia.",
            "title_fi": "",
            "heading_color": "#000000",
            "desktop_font_size": 36,
            "mobile_font_size": 24,
            "use_h1": false,
            "position_mode": "relative",
            "position": "middle-center",
            "offset_x": 0,
            "offset_y": 0,
            "margin_top": 0,
            "margin_right": 0,
            "margin_bottom": 10,
            "margin_left": 0,
            "text_align": "left"
          }
        },
        "text_U4WJmn": {
          "type": "text",
          "settings": {
            "text": "<p>With the gear shifting and the powerful motor of the Trekking 7, every mountain, no matter how steep, loses its terror. With it, you can always maintain your ideal pedaling speed. This is not only good for your endurance, it is also easy on your muscles and joints.</p>",
            "text_de": "<p>Mit der Kettenschaltung und dem starken Motor des Trekking 7 verliert jeder noch so steile Berg seinen Schrecken. Mit der Kombination können Sie immer Ihre ideale Tretgeschwindigkeit halten. Das fördert nicht nur den Fahrkomfort, sondern auch Ihre Kondition. Gleichzeitig trainiert es die Muskulatur und Ausdauer.</p>",
            "text_fr": "<p>Avec le changement de vitesse et le puissant moteur du Trekking 7, chaque montagne, aussi raide soit-elle, perd de sa terreur. Grâce à lui, vous pouvez toujours maintenir votre vitesse de pédalage idéale. Ce n'est pas seulement bon pour l'endurance, mais aussi pour les muscles et les articulations.</p>",
            "text_fi": "",
            "text_color": "#333333",
            "desktop_font_size": 18,
            "mobile_font_size": 16,
            "enlarge_text": false,
            "position_mode": "relative",
            "position": "middle-center",
            "offset_x": 0,
            "offset_y": 0,
            "margin_top": 20,
            "margin_right": 0,
            "margin_bottom": 0,
            "margin_left": 0,
            "text_align": "left"
          }
        }
      },
      "block_order": ["heading_R9HBjd", "text_U4WJmn"],
      "name": "Media & Content Section",
      "settings": {
        "margin_top": "0",
        "margin_bottom": "0",
        "min_section_height": 700,
        "min_column_height": 700,
        "min_section_height_mobile": 400,
        "min_column_height_mobile": 400,
        "show_media_column": true,
        "media_bg_color": "#ffffff",
        "media_bg_image": "shopify://shop_images/t7-overview-animation-shifterbanner_derailleur_2.png",
        "media_bg_video": "",
        "media_position": "center center",
        "media_size": "cover",
        "media_position_setting": "right",
        "mobile_media_position": "below",
        "media_heading": "",
        "media_heading_de": "",
        "media_heading_fr": "",
        "media_heading_fi": "",
        "media_heading_color": "#ffffff",
        "media_desktop_heading_size": 36,
        "media_mobile_heading_size": 24,
        "media_use_h1": false,
        "media_text": "",
        "media_text_de": "",
        "media_text_fr": "",
        "media_text_fi": "",
        "media_text_color": "#ffffff",
        "media_desktop_text_size": 18,
        "media_mobile_text_size": 16,
        "media_enlarge_text": false,
        "media_text_bg_enabled": false,
        "media_text_font_family": "monospace",
        "media_text_alignment": "left",
        "media_button1_label": "Button 1",
        "media_button1_label_de": "",
        "media_button1_label_fr": "",
        "media_button1_label_fi": "",
        "media_button1_link": "",
        "media_button1_text_color": "#ffffff",
        "media_button1_bg_color": "#000000",
        "media_button1_border_color": "#000000",
        "media_button1_style": "primary",
        "media_button2_label": "Button 2",
        "media_button2_label_de": "",
        "media_button2_label_fr": "",
        "media_button2_label_fi": "",
        "media_button2_link": "",
        "media_button2_text_color": "#ffffff",
        "media_button2_bg_color": "#000000",
        "media_button2_border_color": "#000000",
        "media_button2_style": "secondary",
        "media_button_alignment": "flex-start",
        "media_desktop_button_size": 18,
        "media_mobile_button_size": 16,
        "content_text_bg_color": "",
        "content_text_bg_opacity": 100,
        "content_bg_color": "#ffffff",
        "content_bg_video": "",
        "content_alignment": "left",
        "content_vertical_alignment": "center"
      }
    },
    "adaptive_content_grid_LQzMDR": {
      "type": "adaptive-content-grid",
      "blocks": {
        "custom_block_RTt9TW": {
          "type": "custom_block",
          "settings": {
            "image": "shopify://shop_images/trekking7-overview-mode-turbo-optimized_215e4830-0309-43f1-934d-c81a43157ae6.jpg",
            "image_background_color": "#eeeeee",
            "image_size": "auto",
            "big_number": "",
            "title": "TURBO",
            "title_de": "TURBO",
            "title_fr": "TURBO",
            "title_fi": "",
            "description": "<p>Complete support for a max boost and expert climbing.</p>",
            "description_de": "<p>Vollständige Unterstützung für maximalen Schub und die problemlose Bewältigung von Anstiegen.</p>",
            "description_fr": "<p>Soutien complet pour une poussée maximale et une montée experte.</p>",
            "description_fi": "",
            "button1_text": "",
            "button1_text_de": "",
            "button1_text_fr": "",
            "button1_text_fi": "",
            "button1_url": "",
            "button2_text": "",
            "button2_text_de": "",
            "button2_text_fr": "",
            "button2_text_fi": "",
            "button2_url": "",
            "background_color": "#ffffff",
            "text_alignment": "center"
          }
        },
        "custom_block_3AfiwV": {
          "type": "custom_block",
          "settings": {
            "image": "shopify://shop_images/trekking7-overview-mode-tour-optimized_4f8055ea-b25e-468d-84c3-c47e2e7cadba.jpg",
            "image_background_color": "#eeeeee",
            "image_size": "auto",
            "big_number": "",
            "title": "TOUR",
            "title_de": "TOUR",
            "title_fr": "TOUR",
            "title_fi": "",
            "description": "<p>Automatically adjusts its level of support based on pedal pressure.</p>",
            "description_de": "<p>Passt die Unterstützungsstufe basierend auf dem Pedaldruck automatisch an.</p>",
            "description_fr": "<p>Ajuste automatiquement son niveau d'assistance en fonction de la pression exercée sur les pédales.</p>",
            "description_fi": "",
            "button1_text": "",
            "button1_text_de": "",
            "button1_text_fr": "",
            "button1_text_fi": "",
            "button1_url": "",
            "button2_text": "",
            "button2_text_de": "",
            "button2_text_fr": "",
            "button2_text_fi": "",
            "button2_url": "",
            "background_color": "#ffffff",
            "text_alignment": "center"
          }
        },
        "custom_block_Xt8kK7": {
          "type": "custom_block",
          "settings": {
            "image": "shopify://shop_images/trekking7-overview-mode-Eco-optimized_a6bb1646-832a-420a-9bd4-e1ab7ab47caa.jpg",
            "image_background_color": "#eeeeee",
            "image_size": "auto",
            "big_number": "",
            "title": "ECO",
            "title_de": "ECO",
            "title_fr": "ECO",
            "title_fi": "",
            "description": "<p>Solid support for those long expeditions.</p>",
            "description_de": "<p>Zuverlässige Unterstützung für lange Ausflüge.</p>",
            "description_fr": "<p>Un soutien solide pour les longues expéditions.</p>",
            "description_fi": "",
            "button1_text": "",
            "button1_text_de": "",
            "button1_text_fr": "",
            "button1_text_fi": "",
            "button1_url": "",
            "button2_text": "",
            "button2_text_de": "",
            "button2_text_fr": "",
            "button2_text_fi": "",
            "button2_url": "",
            "background_color": "#ffffff",
            "text_alignment": "center"
          }
        },
        "custom_block_4Gcf8f": {
          "type": "custom_block",
          "settings": {
            "image": "shopify://shop_images/trekking7-overview-mode-walk-optimized_ecb78fe2-a572-453b-a0c2-c06ab59048c6.jpg",
            "image_background_color": "#eeeeee",
            "image_size": "auto",
            "big_number": "",
            "title": "WALK",
            "title_de": "WALK",
            "title_fr": "WALK",
            "title_fi": "",
            "description": "<p>Assists you when you need to get off the bike and walk it.</p>",
            "description_de": "<p>Unterstützt Sie, wenn Sie absteigen und Ihr Fahrrad schieben müssen.</p>",
            "description_fr": "<p>Vous assiste lorsque vous devez descendre du vélo et marcher.</p>",
            "description_fi": "",
            "button1_text": "",
            "button1_text_de": "",
            "button1_text_fr": "",
            "button1_text_fi": "",
            "button1_url": "",
            "button2_text": "",
            "button2_text_de": "",
            "button2_text_fr": "",
            "button2_text_fi": "",
            "button2_url": "",
            "background_color": "#ffffff",
            "text_alignment": "center"
          }
        }
      },
      "block_order": [
        "custom_block_RTt9TW",
        "custom_block_3AfiwV",
        "custom_block_Xt8kK7",
        "custom_block_4Gcf8f"
      ],
      "name": "Adaptive Content Grid",
      "settings": {
        "section_title": "Support Modes",
        "section_title_de": "Unterstützungsmodi",
        "section_title_fr": "Modes d'assistance",
        "section_title_fi": "",
        "section_subtitle": "All settings (except Walk) offer support up to 25 km/h.",
        "section_subtitle_de": "Alle Einstellungen (außer WALK) bieten Unterstützung bis zu 25 Km/h.",
        "section_subtitle_fr": "Tous les réglages (sauf la marche) offrent une assistance jusqu'à 25 Km/h.",
        "section_subtitle_fi": "",
        "desktop_section_title_size": 40,
        "mobile_section_title_size": 30,
        "desktop_section_subtitle_size": 20,
        "mobile_section_subtitle_size": 16,
        "section_title_color": "#333333",
        "section_subtitle_color": "#666666",
        "section_heading_alignment": "center",
        "block_padding": 0,
        "image_aspect_ratio": "1-1",
        "content_layout": "image-top",
        "desktop_columns": "4",
        "mobile_columns": "1",
        "border_width": 0,
        "border_color": "#cccccc",
        "desktop_title_size": 25,
        "mobile_title_size": 18,
        "desktop_desc_size": 16,
        "mobile_desc_size": 14,
        "desktop_big_title_size": 60,
        "mobile_big_title_size": 35,
        "section_width": 1400,
        "show_buy_button": false,
        "enable_section_container": true
      }
    },
    "custom_specification_DXgxaL": {
      "type": "custom_specification",
      "settings": {}
    },
    "frame_geometry_sheet_r3pdKX": {
      "type": "frame_geometry_sheet",
      "blocks": {
        "low_step_mfWaw8": {
          "type": "low_step",
          "settings": {
            "frame_height_low": "460 mm",
            "frame_height_low_L": "490 mm",
            "seat_tube_angle_low": "74°",
            "seat_tube_angle_low_L": "74°",
            "fork_offset_low": "43 mm",
            "fork_offset_low_L": "43 mm",
            "seat_angle_low": "74°",
            "seat_angle_low_L": "74°",
            "head_tube_length_low": "160 mm",
            "head_tube_length_low_L": "170 mm",
            "head_tube_angle_low": "68.5°",
            "head_tube_angle_low_L": "68.5°",
            "top_tube_horizontal_low": "591 mm",
            "top_tube_horizontal_low_L": "629 mm",
            "chain_stay_length_low": "484 mm",
            "chain_stay_length_low_L": "484 mm",
            "bottom_bracket_drop_low": "60 mm",
            "bottom_bracket_drop_low_L": "60 mm",
            "wheelbase_low": "1162",
            "wheelbase_low_L": "1201",
            "stack_low": "637 mm",
            "stack_low_L": "647 mm",
            "reach_low": "408 mm",
            "reach_low_L": "443 mm",
            "standover_height_low": "720",
            "standover_height_low_L": "720",
            "seat_height_min_low": "850",
            "seat_height_min_low_L": "850",
            "seat_height_max_low": "1000",
            "seat_height_max_low_L": "1000"
          }
        },
        "high_step_KRwnTp": {
          "type": "high_step",
          "settings": {
            "show_size_xl": false,
            "frame_height_high": "490 mm",
            "frame_height_high_L": "520 mm",
            "frame_height_high_XL": "560 mm",
            "seat_tube_angle_high": "74°",
            "seat_tube": "74°",
            "seat_tube_angle_high_XL": "74°",
            "fork_offset_high": "43 mm",
            "fork_offset_high_L": "43 mm",
            "fork_offset_high_XL": "43 mm",
            "seat_angle_high": "74°",
            "seat_angle_high_L": "74°",
            "seat_angle_high_XL": "74°",
            "head_tube_length_high": "160 mm",
            "head_tube_length_high_L": "170 mm",
            "head_tube_length_high_XL": "173 mm",
            "head_tube_angle_high": "68.5°",
            "head_tube_angle_high_L": "68.5°",
            "head_tube_angle_high_XL": "68.5°",
            "top_tube_horizontal_high": "591 mm",
            "top_tube_horizontal_high_L": "629 mm",
            "top_tube_horizontal_high_XL": "670 mm",
            "chain_stay_length_high": "484 mm",
            "chain_stay_length_high_L": "484 mm",
            "chain_stay_length_high_XL": "484 mm",
            "bottom_bracket_drop_high": "60 mm",
            "bottom_bracket_drop_high_L": "60 mm",
            "bottom_bracket_drop_high_XL": "60 mm",
            "wheelbase_high": "1162",
            "wheelbase_high_L": "1201",
            "wheelbase_high_XL": "1242",
            "stack_high": "637 mm",
            "stack_high_L": "647 mm",
            "stack_high_XL": "653 mm",
            "reach_high": "408 mm",
            "reach_high_L": "443 mm",
            "reach_high_XL": "482 mm",
            "standover_height_high": "760",
            "standover_height_high_L": "780",
            "standover_height_high_XL": "780",
            "seat_height_min_high": "860",
            "seat_height_min_high_L": "890",
            "seat_height_min_high_XL": "890",
            "seat_height_max_high": "1050",
            "seat_height_max_high_L": "1080",
            "seat_height_max_high_XL": "1080"
          }
        }
      },
      "block_order": ["low_step_mfWaw8", "high_step_KRwnTp"],
      "name": "Frame geometry sheet",
      "settings": {
        "title": "Frame & Geometry",
        "title_de": "Rahmen & Geometrie",
        "title_fr": "Cadre & Géométrie",
        "title_fi": "Runko & Geometria",
        "geometry_type": "custom",
        "custom_geometry_image": "shopify://shop_images/Frame_143.png"
      }
    },
    "173431823006a348bf": {
      "type": "apps",
      "blocks": {
        "loox_reviews_loox_dynamic_section_WhkNEk": {
          "type": "shopify://apps/loox-reviews/blocks/loox-dynamic-section/5c3b337f-fd14-4df5-b1d6-80ec13e6e28e",
          "settings": {
            "only_photos": false,
            "aggregated": false,
            "limit": 20,
            "hide_thumbnails": false,
            "maxwidth": 1080,
            "is_sample": true
          }
        }
      },
      "block_order": ["loox_reviews_loox_dynamic_section_WhkNEk"],
      "settings": {
        "full_width": true,
        "show_space": true,
        "title": "",
        "title_de": "",
        "title_fr": ""
      }
    },
    "custom_product_tab_new_kiDA37": {
      "type": "custom-product-tab-new",
      "blocks": {
        "tab_jpBWGi": {
          "type": "tab",
          "settings": {
            "title": "Sale",
            "title_de": "Sale",
            "title_fr": "Sale",
            "title_fi": "Sale",
            "product_source": "collection",
            "collection": "trekking-7-my23",
            "products": []
          }
        },
        "tab_7yfRYg": {
          "type": "tab",
          "settings": {
            "title": "City",
            "title_de": "City",
            "title_fr": "City",
            "title_fi": "City",
            "product_source": "collection",
            "collection": "city-e-bike",
            "products": []
          }
        },
        "tab_RzVxE4": {
          "type": "tab",
          "settings": {
            "title": "Trekking",
            "title_de": "Trekking",
            "title_fr": "Trekking",
            "title_fi": "Trekking",
            "product_source": "collection",
            "collection": "new-bike-2024",
            "products": []
          }
        },
        "tab_eEHwAr": {
          "type": "tab",
          "settings": {
            "title": "Mountain",
            "title_de": "Mountain",
            "title_fr": "Mountain",
            "title_fi": "Mountain",
            "product_source": "collection",
            "collection": "mountain-7-2024",
            "products": []
          }
        },
        "tab_qjwnmi": {
          "type": "tab",
          "settings": {
            "title": "Mountain Carbon",
            "title_de": "Mountain Carbon",
            "title_fr": "Mountain Carbon",
            "title_fi": "Mountain Carbon",
            "product_source": "collection",
            "collection": "mountain-7-carbon",
            "products": []
          }
        },
        "advertisement_XBDieF": {
          "type": "advertisement",
          "settings": {
            "ad_link": "shopify://collections/hepha-ebikes",
            "image": "shopify://shop_images/HEPHA-Trekking7_01_grey_7ff138ad-9f41-4981-b752-1bd80fee72c0.jpg",
            "background_color": "#ffffff",
            "background_position": "center center",
            "background_size": "cover",
            "background_align_items": "center",
            "background_padding_top": 20,
            "background_padding_left": 20,
            "background_padding_right": 20,
            "background_padding_bottom": 20,
            "title_1": "<p>Not sure which E-Bike is right for you? Discover and compare our full range of E-Bikes to find the perfect model for your adventures.</p>",
            "title_1_de": "<p>Nicht sicher, welches E-Bike das richtige für Sie ist? Entdecken und vergleichen Sie unser gesamtes Sortiment an E-Bikes, um das perfekte Modell für Ihre Abenteuer zu finden.</p>",
            "title_1_fr": "<p>Vous n’êtes pas sûr de quel vélo électrique est fait pour vous ? Découvrez et comparez notre gamme complète de vélos électriques pour trouver le modèle parfait pour vos aventures.</p>",
            "title_1_fi": "<p>Etkö ole varma, mikä sähköpyörämalli sopii sinulle? Tutustu ja vertaa koko valikoimaamme löytääksesi täydellisen pyörän omaan käyttötarkoitukseesi.</p>",
            "heading_color_1": "#ffffff",
            "heading_size_1": 18,
            "button_label": "Explore all E-Bikes!",
            "button_label_de": "Entdecke alle E-Bikes!",
            "button_label_fr": "Découvrez tous modèles !",
            "button_label_fi": "Tutki koko mallistoa!"
          }
        }
      },
      "block_order": [
        "tab_jpBWGi",
        "tab_7yfRYg",
        "tab_RzVxE4",
        "tab_eEHwAr",
        "tab_qjwnmi",
        "advertisement_XBDieF"
      ],
      "name": "Custom Product Tabs New",
      "settings": {
        "title": "Explore more HEPHA E-Bikes",
        "title_de": "Entdecken Sie mehr HEPHA E-Bikes",
        "title_fr": "Découvrez d'autres vélos électriques HEPHA",
        "title_fi": "Tutustu lisää HEPHA E-Bike-malleihin"
      }
    }
  },
  "order": [
    "main",
    "media_content_section_whAgiN",
    "media_content_section_mH4GzR",
    "media_content_section_68WLPU",
    "media_content_section_R9AEB3",
    "media_content_section_JVkNax",
    "media_content_section_pQxn3t",
    "media_content_section_Ugfqg8",
    "media_content_section_jReier",
    "media_content_section_3fJ3wK",
    "media_content_section_Yhxjp3",
    "adaptive_content_grid_LQzMDR",
    "custom_specification_DXgxaL",
    "frame_geometry_sheet_r3pdKX",
    "173431823006a348bf",
    "custom_product_tab_new_kiDA37"
  ]
}
